{
  "season": 2025,
  "week": 3,
  "metrics": {
    "auc": 0.729167,
    "logloss": 0.929404,
    "brier": 0.252754
  },
  "drift": {
    "qb_ypa_delta": 0.156768,
    "rush_epa_drift": -0.222,
    "turnover_margin_drift": 0.212063,
    "market_shift": 0.006188
  },
  "weights": {
    "logistic": 0.37247801345059495,
    "bt": 0.5804449042938437,
    "ann": 0.04707708225556131,
    "tree": 0
  },
  "calibration": {
    "beta": 1,
    "intercept": 0
  },
  "context_adjustment": 0.105726,
  "fallback_used": true,
  "source": {
    "diagnostics": "diagnostics_2025_W03.json",
    "predictions": "predictions_2025_W03.json",
    "outcomes": "outcomes_2025_W03.json"
  }
}
