{
  "season": 2025,
  "week": 5,
  "weights": {
    "logistic": 0.18450184501845018,
    "tree": 0.5811808118081181,
    "bt": 0.1881918819188192,
    "ann": 0.046125461254612546
  },
  "metrics": {
    "auc": 0.733333,
    "logloss": 0.934564,
    "brier": 0.324545
  },
  "drift": {
    "qb_ypa_delta": -0.48639,
    "rush_epa_drift": -0.033167,
    "turnover_margin_drift": -0.296538,
    "market_shift": 0.001
  },
  "calibration": {
    "beta": 1,
    "intercept": 0
  },
  "context_adjustment": -0.144468,
  "fallback_used": true
}
