{
  "season": 2025,
  "week": 5,
  "weights": {
    "logistic": 0,
    "tree": 0.5499999999999999,
    "bt": 0.44999999999999996,
    "ann": 5.551115123125783e-17
  },
  "source": "fallback"
}