season,week,auc,logloss,brier,qb_ypa_delta,rush_epa_drift,turnover_drift,market_shift,weight_logistic,weight_tree,weight_bt,weight_ann,beta,intercept,context_adjustment,fallback_used
2025,4,0.556818,0.727647,0.267125,0.645567,0.035487,5,0,0,0.5499999999999999,0.44999999999999996,5.551115123125783e-17,0.0014217809223281196,0,0.654294,true
2025,5,0.733333,0.934564,0.324545,-0.48639,-0.025917,-5,0,0,0.5499999999999999,0.44999999999999996,5.551115123125783e-17,0.0014217809223281196,0,-0.616414,true
2025,4,0.556818,0.727647,0.267125,0.645567,0.035487,5,0,0,0.5499999999999999,0.44999999999999996,5.551115123125783e-17,0.0014217809223281196,0,0.654294,true
