{"season":2023,"week":2,"metrics":{"logistic":{"logloss":0.13619076651376172,"brier":0.04589509897010417,"auc":1,"accuracy":0.9375},"tree":{"logloss":0.673088511553927,"brier":0.24000000000000007,"auc":0.5,"accuracy":0.625},"bt":{"logloss":0.7751832269370326,"brier":0.2886516586363199,"auc":0.3333333333333333,"accuracy":0.5},"ann":{"logloss":0.6014274364476815,"brier":0.2053562398805517,"auc":0.8166666666666667,"accuracy":0.75},"ensemble":{"logloss":0.10195593327492623,"brier":0.020832045599614712,"auc":1,"accuracy":1}},"blend_weights":{"logistic":0.9350649350649352,"tree":0,"bt":0,"ann":0.06493506493506492},"calibration_beta":-1.315805640504524,"calibration_bins":[{"bin":0,"lower":0,"upper":0.1,"p_mean":0.02332287317818919,"y_rate":0,"n":9},{"bin":4,"lower":0.4,"upper":0.5,"p_mean":0.48898851529506665,"y_rate":0,"n":1},{"bin":8,"lower":0.8,"upper":0.9,"p_mean":0.8772189066653713,"y_rate":1,"n":5},{"bin":9,"lower":0.9,"upper":1,"p_mean":0.9150110927438295,"y_rate":1,"n":1}],"n_train_rows":16,"weeks_seen":1,"training_weeks":[1],"ann_details":{"committee_size":1,"seeds":[1]},"oof_variance":{"ann":{"mean":0.46264723367347094,"var":0.0069878900087159326}},"hyperparams":{"ann":{"epochs":15,"dropout":0.5},"bt":{"learningRate":0.001,"l2":0.00001,"steps":1200}},"error_notes":"No standout feature-level errors detected for the latest completed week."}