{"season":2023,"week":2,"metrics":{"logistic":{"logloss":0.13432533796674553,"brier":0.04539059585528568,"auc":1,"accuracy":0.9375},"tree":{"logloss":0.673088511553927,"brier":0.24000000000000007,"auc":0.5,"accuracy":0.625},"bt":{"logloss":0.7747274058079807,"brier":0.288384450366164,"auc":0.3333333333333333,"accuracy":0.5},"ann":{"logloss":0.6826101844401853,"brier":0.24510837694599563,"auc":0.5666666666666667,"accuracy":0.625},"ensemble":{"logloss":0.10190062779559697,"brier":0.020420218359476792,"auc":1,"accuracy":1}},"blend_weights":{"logistic":0.9350649350649352,"tree":0,"bt":0,"ann":0.06493506493506492},"calibration_beta":-1.3367752254541345,"calibration_bins":[{"bin":0,"lower":0,"upper":0.1,"p_mean":0.02458612600663261,"y_rate":0,"n":9},{"bin":4,"lower":0.4,"upper":0.5,"p_mean":0.4806877079906667,"y_rate":0,"n":1},{"bin":8,"lower":0.8,"upper":0.9,"p_mean":0.8766956394683827,"y_rate":1,"n":5},{"bin":9,"lower":0.9,"upper":1,"p_mean":0.9145589605995887,"y_rate":1,"n":1}],"n_train_rows":16,"weeks_seen":1,"training_weeks":[1],"ann_details":{"committee_size":1,"seeds":[1]},"oof_variance":{"ann":{"mean":0.516175535553744,"var":0.0024072508041447257}},"hyperparams":{"ann":{"epochs":15,"dropout":0.5},"bt":{"learningRate":0.001,"l2":0.00001,"steps":1200}},"error_notes":"No standout feature-level errors detected for the latest completed week."}