{
  "season": 2023,
  "week": 3,
  "metrics": {
    "logistic": {
      "logloss": 2.2849846122627007,
      "brier": 0.806807022111916,
      "auc": 0,
      "accuracy": 0
    },
    "tree": {
      "logloss": 0.8472978603872037,
      "brier": 0.32653061224489793,
      "auc": 0,
      "accuracy": 0
    },
    "bt": {
      "logloss": 2.285057417326332,
      "brier": 0.8068203329741873,
      "auc": 0,
      "accuracy": 0
    },
    "ann": {
      "logloss": 0.6865570745273629,
      "brier": 0.2467057680046103,
      "auc": 0.75,
      "accuracy": 0.75
    },
    "ensemble": {
      "logloss": 0.6863661886398156,
      "brier": 0.24661121772150585,
      "auc": 0.75,
      "accuracy": 0.5
    }
  },
  "blend_weights": {
    "logistic": 0,
    "tree": 0,
    "bt": 0,
    "ann": 1
  },
  "calibration_beta": -0.039089652678112194,
  "calibration_bins": [
    {
      "bin": 4,
      "lower": 0.4,
      "upper": 0.5,
      "p_mean": 0.48928225109768203,
      "y_rate": 0.5,
      "n": 2
    },
    {
      "bin": 5,
      "lower": 0.5,
      "upper": 0.6,
      "p_mean": 0.5107177489023178,
      "y_rate": 0.5,
      "n": 2
    }
  ],
  "n_train_rows": 4,
  "weeks_seen": 2,
  "training_weeks": [
    1,
    2
  ],
  "ann_details": {
    "committee_size": 3,
    "seeds": [
      2,
      3,
      1
    ]
  },
  "oof_variance": {
    "ann": {
      "mean": 0.5097659476049088,
      "var": 0.00013356331516258443
    }
  },
  "error_notes": "Top features associated with errors this week were wins_s2d, RB rush share (exp), offensive EPA/play (exp)."
}