{
  "season": 2024,
  "week": 4,
  "per_model": {
    "logistic": {
      "logloss": 0.9210852954568897,
      "brier": 0.3163795625,
      "auc": 0.5873015873015873,
      "accuracy": 0.5625,
      "n": 16
    },
    "decision_tree": {
      "logloss": 1.1407202032378154,
      "brier": 0.4309685625000001,
      "auc": 0.35714285714285715,
      "accuracy": 0.3125,
      "n": 16
    },
    "bt": {
      "logloss": 5.656453521607256,
      "brier": 0.3425345,
      "auc": 0.6111111111111112,
      "accuracy": 0.5625,
      "n": 16
    },
    "ann": {
      "logloss": 0.6931471805599453,
      "brier": 0.25,
      "auc": 0.5,
      "accuracy": 0.5625,
      "n": 16
    },
    "blended": {
      "logloss": 0.8848431433549239,
      "brier": 0.327412625,
      "auc": 0.4603174603174603,
      "accuracy": 0.4375,
      "n": 16
    }
  },
  "calibration_bins": [
    {
      "bin": 1,
      "lower": 0.1,
      "upper": 0.2,
      "p_mean": 0.137,
      "y_rate": 0.6666666666666666,
      "n": 3
    },
    {
      "bin": 2,
      "lower": 0.2,
      "upper": 0.3,
      "p_mean": 0.236,
      "y_rate": 0.6666666666666666,
      "n": 3
    },
    {
      "bin": 3,
      "lower": 0.3,
      "upper": 0.4,
      "p_mean": 0.34075,
      "y_rate": 0.5,
      "n": 4
    },
    {
      "bin": 4,
      "lower": 0.4,
      "upper": 0.5,
      "p_mean": 0.43733333333333335,
      "y_rate": 0.5,
      "n": 6
    }
  ]
}