{"season":2015,"week":2,"per_model":{"logistic":{"logloss":11.512925464970808,"brier":0.4166666666666667,"auc":0.5,"accuracy":0.5833333333333334,"n":12},"decision_tree":{"logloss":0.5179614283475008,"brier":0.1653456666666667,"auc":0.8571428571428571,"accuracy":0.8333333333333334,"n":12},"bt":{"logloss":0.9753900598356277,"brier":0.35007041666666666,"auc":0.42857142857142855,"accuracy":0.5,"n":12},"ann":{"logloss":0.8241632603885006,"brier":0.31168875000000007,"auc":0.5142857142857142,"accuracy":0.4166666666666667,"n":12},"blended":{"logloss":1.1856390353255348,"brier":0.3675631666666666,"auc":0.4857142857142857,"accuracy":0.5833333333333334,"n":12}},"calibration_bins":[{"bin":0,"lower":0,"upper":0.1,"p_mean":0.06366666666666669,"y_rate":0.4166666666666667,"n":12}]}