{"season":2025,"week":4,"per_model":{"logistic":{"logloss":0.25601986388263354,"brier":0.07654084615384617,"auc":1,"accuracy":0.9230769230769231,"n":13},"decision_tree":{"logloss":0.5614391284659069,"brier":0.19150492307692307,"auc":0.6333333333333333,"accuracy":0.6153846153846154,"n":13},"bt":{"logloss":0.7037769957976778,"brier":0.25177230769230774,"auc":0.5666666666666667,"accuracy":0.46153846153846156,"n":13},"ann":{"logloss":0.6278625085380451,"brier":0.21818761538461542,"auc":0.8333333333333334,"accuracy":0.6153846153846154,"n":13},"blended":{"logloss":0.3313559782935615,"brier":0.09731407692307692,"auc":1,"accuracy":0.9230769230769231,"n":13}},"calibration_bins":[{"bin":3,"lower":0.3,"upper":0.4,"p_mean":0.329,"y_rate":0,"n":1},{"bin":4,"lower":0.4,"upper":0.5,"p_mean":0.495,"y_rate":0,"n":1},{"bin":9,"lower":0.9,"upper":1,"p_mean":0.9806363636363638,"y_rate":0.9090909090909091,"n":11}]}