{"season":2023,"week":20,"per_model":{"logistic":{"logloss":1.756157618712448,"brier":0.5061625,"auc":0.3333333333333333,"accuracy":0.5,"n":4},"decision_tree":{"logloss":1.117235043712422,"brier":0.41625100000000004,"auc":0.3333333333333333,"accuracy":0.25,"n":4},"bt":{"logloss":0.7585953575991758,"brier":0.28086325,"auc":0.3333333333333333,"accuracy":0.25,"n":4},"ann":{"logloss":0.6151737909286444,"brier":0.20241949999999997,"auc":0.6666666666666666,"accuracy":0.75,"n":4},"blended":{"logloss":1.4617278296722203,"brier":0.44951149999999995,"auc":0.3333333333333333,"accuracy":0.5,"n":4}},"calibration_bins":[{"bin":1,"lower":0.1,"upper":0.2,"p_mean":0.16,"y_rate":1,"n":1},{"bin":6,"lower":0.6,"upper":0.7,"p_mean":0.611,"y_rate":1,"n":1},{"bin":9,"lower":0.9,"upper":1,"p_mean":0.9775,"y_rate":0.5,"n":2}]}