{"season":2001,"week":12,"per_model":{"logistic":{"logloss":0.636110055732868,"brier":0.17903072727272729,"auc":0.7666666666666667,"accuracy":0.8181818181818182,"n":11},"decision_tree":{"logloss":1.0555604493020363,"brier":0.367417,"auc":0.4166666666666667,"accuracy":0.5454545454545454,"n":11},"bt":{"logloss":0.6119895659914939,"brier":0.2104699090909091,"auc":0.8,"accuracy":0.7272727272727273,"n":11},"ann":{"logloss":0.6428204492684008,"brier":0.22542700000000002,"auc":0.6666666666666666,"accuracy":0.6363636363636364,"n":11},"blended":{"logloss":0.5121971994082689,"brier":0.16787436363636365,"auc":0.8166666666666667,"accuracy":0.8181818181818182,"n":11}},"calibration_bins":[{"bin":0,"lower":0,"upper":0.1,"p_mean":0.056666666666666664,"y_rate":0,"n":3},{"bin":5,"lower":0.5,"upper":0.6,"p_mean":0.518,"y_rate":1,"n":1},{"bin":8,"lower":0.8,"upper":0.9,"p_mean":0.8426666666666666,"y_rate":0.6666666666666666,"n":3},{"bin":9,"lower":0.9,"upper":1,"p_mean":0.921,"y_rate":0.75,"n":4}]}