{"season":2016,"week":18,"per_model":{"logistic":{"logloss":0.4084111257027739,"brier":0.143087,"auc":null,"accuracy":0.6666666666666666,"n":3},"decision_tree":{"logloss":0.4128386470278873,"brier":0.13551533333333332,"auc":null,"accuracy":0.6666666666666666,"n":3},"bt":{"logloss":0.5005656058682427,"brier":0.16026066666666663,"auc":null,"accuracy":0.6666666666666666,"n":3},"ann":{"logloss":0.3957031314202106,"brier":0.112659,"auc":null,"accuracy":1,"n":3},"blended":{"logloss":0.3265849834272022,"brier":0.09400333333333333,"auc":null,"accuracy":1,"n":3}},"calibration_bins":[{"bin":5,"lower":0.5,"upper":0.6,"p_mean":0.507,"y_rate":1,"n":1},{"bin":8,"lower":0.8,"upper":0.9,"p_mean":0.8605,"y_rate":1,"n":2}]}