{"season":2022,"week":21,"per_model":{"logistic":{"logloss":2.6606906530732943,"brier":0.6979985,"auc":null,"accuracy":0,"n":2},"decision_tree":{"logloss":0.057629112836636416,"brier":0.0031360000000000055,"auc":null,"accuracy":1,"n":2},"bt":{"logloss":0.43534687787277465,"brier":0.138461,"auc":null,"accuracy":0.5,"n":2},"ann":{"logloss":0.18147227847616387,"brier":0.028824999999999993,"auc":null,"accuracy":1,"n":2},"blended":{"logloss":1.5165301894099952,"brier":0.5512900000000001,"auc":null,"accuracy":0,"n":2}},"calibration_bins":[{"bin":1,"lower":0.1,"upper":0.2,"p_mean":0.108,"y_rate":1,"n":1},{"bin":4,"lower":0.4,"upper":0.5,"p_mean":0.446,"y_rate":1,"n":1}]}