{"season":2022,"week":19,"per_model":{"logistic":{"logloss":0.5761825325174705,"brier":0.17718440000000002,"auc":0.6666666666666666,"accuracy":0.8,"n":5},"decision_tree":{"logloss":0.8030264466274915,"brier":0.25456580000000006,"auc":0.6666666666666666,"accuracy":0.6,"n":5},"bt":{"logloss":0.6474075515566975,"brier":0.22719239999999993,"auc":0.6666666666666666,"accuracy":0.6,"n":5},"ann":{"logloss":0.5309943908765444,"brier":0.17308279999999998,"auc":1,"accuracy":0.8,"n":5},"blended":{"logloss":0.5580350033182699,"brier":0.17311100000000001,"auc":0.6666666666666666,"accuracy":0.8,"n":5}},"calibration_bins":[{"bin":0,"lower":0,"upper":0.1,"p_mean":0.065,"y_rate":0,"n":1},{"bin":8,"lower":0.8,"upper":0.9,"p_mean":0.899,"y_rate":1,"n":1},{"bin":9,"lower":0.9,"upper":1,"p_mean":0.9356666666666666,"y_rate":0.6666666666666666,"n":3}]}