{"season":2001,"week":1,"per_model":{"logistic":{"logloss":0.6931471805599453,"brier":0.25,"auc":0.5,"accuracy":0.45454545454545453,"n":11},"decision_tree":{"logloss":0.6931471805599453,"brier":0.25,"auc":0.5,"accuracy":0.45454545454545453,"n":11},"bt":{"logloss":0.6931471805599453,"brier":0.25,"auc":0.5,"accuracy":0.45454545454545453,"n":11},"ann":{"logloss":0.6931471805599453,"brier":0.25,"auc":0.5,"accuracy":0.45454545454545453,"n":11},"blended":{"logloss":0.6949457472076155,"brier":0.2508991818181818,"auc":0.5,"accuracy":0.45454545454545453,"n":11}},"calibration_bins":[{"bin":5,"lower":0.5,"upper":0.6,"p_mean":0.5090000000000001,"y_rate":0.45454545454545453,"n":11}]}