{"season":2012,"week":2,"per_model":{"logistic":{"logloss":4.605172029485993,"brier":0.16666666666666666,"auc":0.45454545454545453,"accuracy":0.8333333333333334,"n":12},"decision_tree":{"logloss":0.4131132459358637,"brier":0.11746266666666666,"auc":0.5,"accuracy":0.9166666666666666,"n":12},"bt":{"logloss":0.6926402148948066,"brier":0.2508290833333333,"auc":0.2727272727272727,"accuracy":0.4166666666666667,"n":12},"ann":{"logloss":0.6241868364216286,"brier":0.2155423333333333,"auc":0.9090909090909091,"accuracy":0.9166666666666666,"n":12},"blended":{"logloss":0.5994635688472066,"brier":0.1569831666666667,"auc":0.9090909090909091,"accuracy":0.8333333333333334,"n":12}},"calibration_bins":[{"bin":0,"lower":0,"upper":0.1,"p_mean":0.03,"y_rate":1,"n":1},{"bin":9,"lower":0.9,"upper":1,"p_mean":0.975090909090909,"y_rate":0.9090909090909091,"n":11}]}