{"season":1999,"week":1,"per_model":{"logistic":{"logloss":0.6931471805599453,"brier":0.25,"auc":0.5,"accuracy":0.3333333333333333,"n":12},"decision_tree":{"logloss":0.6931471805599453,"brier":0.25,"auc":0.5,"accuracy":0.3333333333333333,"n":12},"bt":{"logloss":0.6931471805599453,"brier":0.25,"auc":0.5,"accuracy":0.3333333333333333,"n":12},"ann":{"logloss":0.6931471805599453,"brier":0.25,"auc":0.5,"accuracy":0.3333333333333333,"n":12},"blended":{"logloss":0.6993098549356157,"brier":0.25308100000000006,"auc":0.5,"accuracy":0.3333333333333333,"n":12}},"calibration_bins":[{"bin":5,"lower":0.5,"upper":0.6,"p_mean":0.5090000000000001,"y_rate":0.3333333333333333,"n":12}]}