{"season":2010,"week":19,"per_model":{"logistic":{"logloss":7.677533749605897,"brier":0.477529,"auc":0.75,"accuracy":0.5,"n":4},"decision_tree":{"logloss":0.14801155708131672,"brier":0.02973174999999999,"auc":1,"accuracy":1,"n":4},"bt":{"logloss":1.0112436354932832,"brier":0.39809475,"auc":0,"accuracy":0.25,"n":4},"ann":{"logloss":0.768475443350576,"brier":0.283995,"auc":0.25,"accuracy":0.25,"n":4},"blended":{"logloss":1.3077843163642384,"brier":0.42615125000000004,"auc":0.75,"accuracy":0.5,"n":4}},"calibration_bins":[{"bin":0,"lower":0,"upper":0.1,"p_mean":0.07024999999999999,"y_rate":0.5,"n":4}]}