{"season":2024,"week":22,"per_model":{"logistic":{"logloss":9.999778782803785e-13,"brier":0,"auc":null,"accuracy":1,"n":1},"decision_tree":{"logloss":2.4534079827286295,"brier":0.835396,"auc":null,"accuracy":0,"n":1},"bt":{"logloss":0.4541302800894454,"brier":0.13322499999999998,"auc":null,"accuracy":1,"n":1},"ann":{"logloss":0.14502577205025774,"brier":0.018225,"auc":null,"accuracy":1,"n":1},"blended":{"logloss":0.012072581234269249,"brier":0.00014400000000000025,"auc":null,"accuracy":1,"n":1}},"calibration_bins":[{"bin":9,"lower":0.9,"upper":1,"p_mean":0.988,"y_rate":1,"n":1}]}