{
  "season": 2022,
  "week": 22,
  "per_model": {
    "logistic": {
      "logloss": 3.912023005428145,
      "brier": 0.9603999999999999,
      "auc": null,
      "accuracy": 0,
      "n": 1
    },
    "decision_tree": {
      "logloss": 0.12783337150988489,
      "brier": 0.0144,
      "auc": null,
      "accuracy": 1,
      "n": 1
    },
    "bt": {
      "logloss": 6.907755278982136,
      "brier": 0.998001,
      "auc": null,
      "accuracy": 0,
      "n": 1
    },
    "ann": {
      "logloss": 0.7011793522572096,
      "brier": 0.254016,
      "auc": null,
      "accuracy": 0,
      "n": 1
    },
    "blended": {
      "logloss": 1.1647520911726545,
      "brier": 0.47334399999999993,
      "auc": null,
      "accuracy": 0,
      "n": 1
    }
  },
  "calibration_bins": [
    {
      "bin": 6,
      "lower": 0.6,
      "upper": 0.7,
      "p_mean": 0.688,
      "y_rate": 0,
      "n": 1
    }
  ]
}