{"season":2008,"week":13,"per_model":{"logistic":{"logloss":0.5161575883594048,"brier":0.11853133333333332,"auc":0.9375,"accuracy":0.8333333333333334,"n":12},"decision_tree":{"logloss":0.7217988849990685,"brier":0.23979933333333328,"auc":0.90625,"accuracy":0.6666666666666666,"n":12},"bt":{"logloss":0.7562890400763024,"brier":0.27856433333333336,"auc":0.34375,"accuracy":0.3333333333333333,"n":12},"ann":{"logloss":0.4912584179186439,"brier":0.15694183333333334,"auc":1,"accuracy":0.75,"n":12},"blended":{"logloss":0.4019657986775256,"brier":0.11158408333333332,"auc":0.9375,"accuracy":0.8333333333333334,"n":12}},"calibration_bins":[{"bin":0,"lower":0,"upper":0.1,"p_mean":0.04820000000000001,"y_rate":0,"n":5},{"bin":2,"lower":0.2,"upper":0.3,"p_mean":0.232,"y_rate":0,"n":1},{"bin":5,"lower":0.5,"upper":0.6,"p_mean":0.581,"y_rate":0,"n":1},{"bin":9,"lower":0.9,"upper":1,"p_mean":0.959,"y_rate":0.8,"n":5}]}