{"season":2011,"week":21,"per_model":{"logistic":{"logloss":9.999778782803785e-13,"brier":0,"auc":null,"accuracy":1,"n":1},"decision_tree":{"logloss":1.9805015938249322,"brier":0.7430439999999999,"auc":null,"accuracy":0,"n":1},"bt":{"logloss":0.9364934391916745,"brier":0.369664,"auc":null,"accuracy":0,"n":1},"ann":{"logloss":1.4024237430497744,"brier":0.568516,"auc":null,"accuracy":0,"n":1},"blended":{"logloss":0.08446915662644996,"brier":0.006561,"auc":null,"accuracy":1,"n":1}},"calibration_bins":[{"bin":0,"lower":0,"upper":0.1,"p_mean":0.081,"y_rate":0,"n":1}]}