{
  "season": 2023,
  "week": 0,
  "aggregation_scope": "season",
  "latest_completed_week": 3,
  "per_model": {
    "logistic": {
      "logloss": 14.851258304962009,
      "brier": 0.881938,
      "auc": 0,
      "accuracy": 0,
      "n": 2
    },
    "decision_tree": {
      "logloss": 0.6931471805599453,
      "brier": 0.25,
      "auc": 0.5,
      "accuracy": 0.5,
      "n": 2
    },
    "bt": {
      "logloss": 0.7051480562049484,
      "brier": 0.25592899999999996,
      "auc": 0.5,
      "accuracy": 0.5,
      "n": 2
    },
    "ann": {
      "logloss": 1.190489580211029,
      "brier": 0.475252,
      "auc": 0,
      "accuracy": 0,
      "n": 2
    },
    "blended": {
      "logloss": 1.1892473435471977,
      "brier": 0.4746545,
      "auc": 0,
      "accuracy": 0,
      "n": 2
    }
  },
  "weeks": [
    {
      "week": 3,
      "per_model": {
        "logistic": {
          "logloss": 14.851258304962009,
          "brier": 0.881938,
          "auc": 0,
          "accuracy": 0,
          "n": 2
        },
        "decision_tree": {
          "logloss": 0.6931471805599453,
          "brier": 0.25,
          "auc": 0.5,
          "accuracy": 0.5,
          "n": 2
        },
        "bt": {
          "logloss": 0.7051480562049484,
          "brier": 0.25592899999999996,
          "auc": 0.5,
          "accuracy": 0.5,
          "n": 2
        },
        "ann": {
          "logloss": 1.190489580211029,
          "brier": 0.475252,
          "auc": 0,
          "accuracy": 0,
          "n": 2
        },
        "blended": {
          "logloss": 1.1892473435471977,
          "brier": 0.4746545,
          "auc": 0,
          "accuracy": 0,
          "n": 2
        }
      }
    }
  ]
}