{"season":2024,"week":2,"per_model":{"logistic":{"logloss":11.841872513102748,"brier":0.42857142857142855,"auc":0.5777777777777777,"accuracy":0.5714285714285714,"n":14},"decision_tree":{"logloss":0.7121497918851316,"brier":0.2549747142857143,"auc":0.7222222222222222,"accuracy":0.6428571428571429,"n":14},"bt":{"logloss":0.9535415436540202,"brier":0.34323192857142854,"auc":0.6,"accuracy":0.5714285714285714,"n":14},"ann":{"logloss":0.6948829251250148,"brier":0.25086785714285714,"auc":0.5,"accuracy":0.35714285714285715,"n":14},"blended":{"logloss":1.6089667687849702,"brier":0.40256250000000005,"auc":0.5777777777777777,"accuracy":0.5714285714285714,"n":14}},"calibration_bins":[{"bin":0,"lower":0,"upper":0.1,"p_mean":0.07,"y_rate":0.2857142857142857,"n":7},{"bin":9,"lower":0.9,"upper":1,"p_mean":0.9850000000000001,"y_rate":0.42857142857142855,"n":7}]}