{"season":2005,"week":19,"per_model":{"logistic":{"logloss":3.1797250679919595,"brier":0.4980035,"auc":0.75,"accuracy":0.5,"n":4},"decision_tree":{"logloss":1.185075714994897,"brier":0.42657025000000004,"auc":0.25,"accuracy":0.25,"n":4},"bt":{"logloss":0.8668353859799482,"brier":0.32536750000000003,"auc":0.5,"accuracy":0.5,"n":4},"ann":{"logloss":0.5538305851598376,"brier":0.184933,"auc":1,"accuracy":0.75,"n":4},"blended":{"logloss":1.3774743197973185,"brier":0.4360962500000001,"auc":1,"accuracy":0.5,"n":4}},"calibration_bins":[{"bin":0,"lower":0,"upper":0.1,"p_mean":0.058750000000000004,"y_rate":0.5,"n":4}]}