{
  "season": 2023,
  "week": 20,
  "per_model": {
    "logistic": {
      "logloss": 0.704125995326772,
      "brier": 0.2505965,
      "auc": 0.6666666666666666,
      "accuracy": 0.5,
      "n": 4
    },
    "decision_tree": {
      "logloss": 0.9947551227555786,
      "brier": 0.25101249999999997,
      "auc": 0.16666666666666666,
      "accuracy": 0.75,
      "n": 4
    },
    "bt": {
      "logloss": 0.594078588370867,
      "brier": 0.21715225,
      "auc": 0.6666666666666666,
      "accuracy": 0.5,
      "n": 4
    },
    "ann": {
      "logloss": 0.6881970163834445,
      "brier": 0.247525,
      "auc": 0.5,
      "accuracy": 0.75,
      "n": 4
    },
    "blended": {
      "logloss": 0.6937805548086887,
      "brier": 0.24157774999999998,
      "auc": 0.6666666666666666,
      "accuracy": 0.75,
      "n": 4
    }
  },
  "calibration_bins": [
    {
      "bin": 5,
      "lower": 0.5,
      "upper": 0.6,
      "p_mean": 0.546,
      "y_rate": 1,
      "n": 1
    },
    {
      "bin": 8,
      "lower": 0.8,
      "upper": 0.9,
      "p_mean": 0.863,
      "y_rate": 0,
      "n": 1
    },
    {
      "bin": 9,
      "lower": 0.9,
      "upper": 1,
      "p_mean": 0.913,
      "y_rate": 1,
      "n": 2
    }
  ]
}