{"season":2006,"week":21,"per_model":{"logistic":{"logloss":1.1301029557594806,"brier":0.45832900000000004,"auc":null,"accuracy":0,"n":1},"decision_tree":{"logloss":0.6674794338113675,"brier":0.237169,"auc":null,"accuracy":1,"n":1},"bt":{"logloss":0.560366069326127,"brier":0.18404099999999998,"auc":null,"accuracy":1,"n":1},"ann":{"logloss":1.546463113272712,"brier":0.6193690000000001,"auc":null,"accuracy":0,"n":1},"blended":{"logloss":1.0936247471570706,"brier":0.44222500000000003,"auc":null,"accuracy":0,"n":1}},"calibration_bins":[{"bin":6,"lower":0.6,"upper":0.7,"p_mean":0.665,"y_rate":0,"n":1}]}