{"season":2022,"week":19,"per_model":{"logistic":{"logloss":0.5671239424945398,"brier":0.17608120000000002,"auc":0.6666666666666666,"accuracy":0.8,"n":5},"decision_tree":{"logloss":0.8030264466274915,"brier":0.25456580000000006,"auc":0.6666666666666666,"accuracy":0.6,"n":5},"bt":{"logloss":0.648111667077286,"brier":0.22756859999999998,"auc":0.6666666666666666,"accuracy":0.6,"n":5},"ann":{"logloss":0.5452207605091669,"brier":0.1802172,"auc":1,"accuracy":0.8,"n":5},"blended":{"logloss":0.5557041271687523,"brier":0.1728936,"auc":0.6666666666666666,"accuracy":0.8,"n":5}},"calibration_bins":[{"bin":0,"lower":0,"upper":0.1,"p_mean":0.061,"y_rate":0,"n":1},{"bin":8,"lower":0.8,"upper":0.9,"p_mean":0.893,"y_rate":1,"n":1},{"bin":9,"lower":0.9,"upper":1,"p_mean":0.9319999999999999,"y_rate":0.6666666666666666,"n":3}]}