{"season":2006,"week":1,"per_model":{"logistic":{"logloss":0.6931471805599453,"brier":0.25,"auc":0.5,"accuracy":0.23076923076923078,"n":13},"decision_tree":{"logloss":0.6931471805599453,"brier":0.25,"auc":0.5,"accuracy":0.23076923076923078,"n":13},"bt":{"logloss":0.6931471805599453,"brier":0.25,"auc":0.5,"accuracy":0.23076923076923078,"n":13},"ann":{"logloss":0.6931471805599453,"brier":0.25,"auc":0.5,"accuracy":0.23076923076923078,"n":13},"blended":{"logloss":0.7030025614746929,"brier":0.2549271538461539,"auc":0.5,"accuracy":0.23076923076923078,"n":13}},"calibration_bins":[{"bin":5,"lower":0.5,"upper":0.6,"p_mean":0.5090000000000001,"y_rate":0.23076923076923078,"n":13}]}