{"season":2023,"week":11,"per_model":{"logistic":{"logloss":0.587851997056084,"brier":0.11760958333333334,"auc":0.9259259259259259,"accuracy":0.9166666666666666,"n":12},"decision_tree":{"logloss":0.44277694454236943,"brier":0.15760733333333338,"auc":0.8518518518518519,"accuracy":0.75,"n":12},"bt":{"logloss":0.7192065355217307,"brier":0.25590825,"auc":0.5555555555555556,"accuracy":0.5833333333333334,"n":12},"ann":{"logloss":0.49965438431692916,"brier":0.1559445,"auc":1,"accuracy":0.9166666666666666,"n":12},"blended":{"logloss":0.4021868561285427,"brier":0.11286208333333335,"auc":0.9259259259259259,"accuracy":0.9166666666666666,"n":12}},"calibration_bins":[{"bin":0,"lower":0,"upper":0.1,"p_mean":0.0535,"y_rate":0.5,"n":2},{"bin":4,"lower":0.4,"upper":0.5,"p_mean":0.4265,"y_rate":0,"n":2},{"bin":8,"lower":0.8,"upper":0.9,"p_mean":0.847,"y_rate":1,"n":4},{"bin":9,"lower":0.9,"upper":1,"p_mean":0.94225,"y_rate":1,"n":4}]}