{
  "season": 2025,
  "week": 5,
  "per_model": {
    "logistic": {
      "logloss": 3.9633162998156957,
      "brier": 0.962361,
      "auc": null,
      "accuracy": 0,
      "n": 1
    },
    "decision_tree": {
      "logloss": 0.6198967188203526,
      "brier": 0.21344400000000002,
      "auc": null,
      "accuracy": 1,
      "n": 1
    },
    "bt": {
      "logloss": 0.006018072325563021,
      "brier": 0.000036,
      "auc": null,
      "accuracy": 1,
      "n": 1
    },
    "ann": {
      "logloss": 0.6991652528855083,
      "brier": 0.253009,
      "auc": null,
      "accuracy": 0,
      "n": 1
    },
    "blended": {
      "logloss": 0.6386589952758756,
      "brier": 0.22278399999999998,
      "auc": null,
      "accuracy": 1,
      "n": 1
    }
  },
  "calibration_bins": [
    {
      "bin": 4,
      "lower": 0.4,
      "upper": 0.5,
      "p_mean": 0.472,
      "y_rate": 0,
      "n": 1
    }
  ]
}