{"season":2007,"week":12,"per_model":{"logistic":{"logloss":0.9274644384716741,"brier":0.27259558333333334,"auc":0.8571428571428571,"accuracy":0.6666666666666666,"n":12},"decision_tree":{"logloss":0.44136754593033195,"brier":0.14033708333333336,"auc":0.8428571428571429,"accuracy":0.8333333333333334,"n":12},"bt":{"logloss":0.7010025889670445,"brier":0.2491243333333333,"auc":0.5142857142857142,"accuracy":0.75,"n":12},"ann":{"logloss":0.4865375505513305,"brier":0.15532933333333332,"auc":0.8285714285714286,"accuracy":0.8333333333333334,"n":12},"blended":{"logloss":0.7053434369345224,"brier":0.24389499999999997,"auc":0.8571428571428571,"accuracy":0.6666666666666666,"n":12}},"calibration_bins":[{"bin":0,"lower":0,"upper":0.1,"p_mean":0.05525,"y_rate":0.25,"n":4},{"bin":2,"lower":0.2,"upper":0.3,"p_mean":0.268,"y_rate":1,"n":1},{"bin":8,"lower":0.8,"upper":0.9,"p_mean":0.829,"y_rate":0,"n":1},{"bin":9,"lower":0.9,"upper":1,"p_mean":0.9473333333333334,"y_rate":0.8333333333333334,"n":6}]}