{"season":2016,"week":4,"per_model":{"logistic":{"logloss":0.04317639758552236,"brier":0.004449454545454547,"auc":1,"accuracy":1,"n":11},"decision_tree":{"logloss":0.7950744807331841,"brier":0.2997159090909091,"auc":0.5,"accuracy":0.36363636363636365,"n":11},"bt":{"logloss":0.7240068731035624,"brier":0.26494172727272725,"auc":0.39285714285714285,"accuracy":0.5454545454545454,"n":11},"ann":{"logloss":0.6028900342563608,"brier":0.20987363636363635,"auc":0.7857142857142857,"accuracy":0.6363636363636364,"n":11},"blended":{"logloss":0.08301651226009783,"brier":0.01194009090909091,"auc":1,"accuracy":1,"n":11}},"calibration_bins":[{"bin":0,"lower":0,"upper":0.1,"p_mean":0.021249999999999998,"y_rate":0,"n":4},{"bin":7,"lower":0.7,"upper":0.8,"p_mean":0.775,"y_rate":1,"n":2},{"bin":8,"lower":0.8,"upper":0.9,"p_mean":0.866,"y_rate":1,"n":1},{"bin":9,"lower":0.9,"upper":1,"p_mean":0.958,"y_rate":1,"n":4}]}