{
  "season": 2021,
  "week": 20,
  "per_model": {
    "logistic": {
      "logloss": 1.020374106536063,
      "brier": 0.36258550000000006,
      "auc": 0.6666666666666666,
      "accuracy": 0.25,
      "n": 4
    },
    "decision_tree": {
      "logloss": 1.188658476697033,
      "brier": 0.35282024999999995,
      "auc": 0.8333333333333334,
      "accuracy": 0.5,
      "n": 4
    },
    "bt": {
      "logloss": 13.992327614690588,
      "brier": 0.5642622500000001,
      "auc": 0.16666666666666666,
      "accuracy": 0.25,
      "n": 4
    },
    "ann": {
      "logloss": 0.6931471805599453,
      "brier": 0.25,
      "auc": 0.5,
      "accuracy": 0.25,
      "n": 4
    },
    "blended": {
      "logloss": 1.0161486465638543,
      "brier": 0.36337250000000004,
      "auc": 0.6666666666666666,
      "accuracy": 0.25,
      "n": 4
    }
  },
  "calibration_bins": [
    {
      "bin": 5,
      "lower": 0.5,
      "upper": 0.6,
      "p_mean": 0.562,
      "y_rate": 0,
      "n": 2
    },
    {
      "bin": 8,
      "lower": 0.8,
      "upper": 0.9,
      "p_mean": 0.883,
      "y_rate": 0.5,
      "n": 2
    }
  ]
}