{"season":2022,"week":20,"per_model":{"logistic":{"logloss":0.16688253202214673,"brier":0.03340166666666667,"auc":1,"accuracy":1,"n":3},"decision_tree":{"logloss":0.7712858362054207,"brier":0.26320566666666667,"auc":0.25,"accuracy":0.6666666666666666,"n":3},"bt":{"logloss":0.6151892573402042,"brier":0.218903,"auc":0.5,"accuracy":0.6666666666666666,"n":3},"ann":{"logloss":0.504572151193412,"brier":0.176315,"auc":1,"accuracy":0.6666666666666666,"n":3},"blended":{"logloss":0.18901942992404552,"brier":0.03944866666666667,"auc":1,"accuracy":1,"n":3}},"calibration_bins":[{"bin":2,"lower":0.2,"upper":0.3,"p_mean":0.26,"y_rate":0,"n":1},{"bin":7,"lower":0.7,"upper":0.8,"p_mean":0.775,"y_rate":1,"n":1},{"bin":9,"lower":0.9,"upper":1,"p_mean":0.989,"y_rate":1,"n":1}]}