{
  "season": 2024,
  "week": 22,
  "per_model": {
    "logistic": {
      "logloss": 0.0010005003335835344,
      "brier": 0.0000010000000000000019,
      "auc": null,
      "accuracy": 1,
      "n": 1
    },
    "decision_tree": {
      "logloss": 1.5050778971098575,
      "brier": 0.605284,
      "auc": null,
      "accuracy": 0,
      "n": 1
    },
    "bt": {
      "logloss": 0.23698895813626275,
      "brier": 0.044520999999999984,
      "auc": null,
      "accuracy": 1,
      "n": 1
    },
    "ann": {
      "logloss": 0.6871651088823978,
      "brier": 0.247009,
      "auc": null,
      "accuracy": 1,
      "n": 1
    },
    "blended": {
      "logloss": 0.09541018480465818,
      "brier": 0.008280999999999995,
      "auc": null,
      "accuracy": 1,
      "n": 1
    }
  },
  "calibration_bins": [
    {
      "bin": 9,
      "lower": 0.9,
      "upper": 1,
      "p_mean": 0.909,
      "y_rate": 1,
      "n": 1
    }
  ]
}