{"season":2015,"week":20,"per_model":{"logistic":{"logloss":3.170085660698769,"brier":0.9113765,"auc":null,"accuracy":0,"n":2},"decision_tree":{"logloss":0.03252319170556006,"brier":0.001024000000000002,"auc":null,"accuracy":1,"n":2},"bt":{"logloss":0.6484590579849501,"brier":0.22808499999999998,"auc":null,"accuracy":0.5,"n":2},"ann":{"logloss":0.28720230270443103,"brier":0.0624605,"auc":null,"accuracy":1,"n":2},"blended":{"logloss":1.3233129495576055,"brier":0.5381545,"auc":null,"accuracy":0,"n":2}},"calibration_bins":[{"bin":2,"lower":0.2,"upper":0.3,"p_mean":0.2665,"y_rate":1,"n":2}]}