{"season":2000,"week":18,"per_model":{"logistic":{"logloss":2.3370451781426262,"brier":0.7456860000000001,"auc":null,"accuracy":0,"n":3},"decision_tree":{"logloss":0.06931570147764249,"brier":0.005000000000000001,"auc":null,"accuracy":1,"n":3},"bt":{"logloss":0.5778418526476256,"brier":0.19345133333333334,"auc":null,"accuracy":0.6666666666666666,"n":3},"ann":{"logloss":0.4592133645187972,"brier":0.139283,"auc":null,"accuracy":1,"n":3},"blended":{"logloss":1.1016860303732319,"brier":0.43818566666666664,"auc":null,"accuracy":0,"n":3}},"calibration_bins":[{"bin":2,"lower":0.2,"upper":0.3,"p_mean":0.245,"y_rate":1,"n":1},{"bin":3,"lower":0.3,"upper":0.4,"p_mean":0.316,"y_rate":1,"n":1},{"bin":4,"lower":0.4,"upper":0.5,"p_mean":0.474,"y_rate":1,"n":1}]}