{"season":2013,"week":3,"per_model":{"logistic":{"logloss":0.02877971793831205,"brier":0.003691333333333333,"auc":1,"accuracy":1,"n":12},"decision_tree":{"logloss":0.4023675433820919,"brier":0.11926433333333332,"auc":0.9428571428571428,"accuracy":0.8333333333333334,"n":12},"bt":{"logloss":0.6721208291511577,"brier":0.24037983333333335,"auc":0.4857142857142857,"accuracy":0.5,"n":12},"ann":{"logloss":0.5792058319009386,"brier":0.19471341666666667,"auc":0.8571428571428571,"accuracy":0.8333333333333334,"n":12},"blended":{"logloss":0.05326934272494202,"brier":0.003961333333333333,"auc":1,"accuracy":1,"n":12}},"calibration_bins":[{"bin":0,"lower":0,"upper":0.1,"p_mean":0.08374999999999999,"y_rate":0,"n":4},{"bin":1,"lower":0.1,"upper":0.2,"p_mean":0.101,"y_rate":0,"n":1},{"bin":9,"lower":0.9,"upper":1,"p_mean":0.9745714285714285,"y_rate":1,"n":7}]}