{"season":2017,"week":19,"per_model":{"logistic":{"logloss":4.672950493994101,"brier":0.9314746666666668,"auc":null,"accuracy":0,"n":3},"decision_tree":{"logloss":0.22819464996648586,"brier":0.042433333333333344,"auc":null,"accuracy":1,"n":3},"bt":{"logloss":0.8932995081066121,"brier":0.3454986666666666,"auc":null,"accuracy":0.3333333333333333,"n":3},"ann":{"logloss":0.18183717248007056,"brier":0.02799,"auc":null,"accuracy":1,"n":3},"blended":{"logloss":2.131830762907494,"brier":0.7655163333333332,"auc":null,"accuracy":0,"n":3}},"calibration_bins":[{"bin":0,"lower":0,"upper":0.1,"p_mean":0.093,"y_rate":1,"n":2},{"bin":1,"lower":0.1,"upper":0.2,"p_mean":0.193,"y_rate":1,"n":1}]}