{"season":2014,"week":18,"per_model":{"logistic":{"logloss":0.055918652962974595,"brier":0.0086095,"auc":1,"accuracy":1,"n":4},"decision_tree":{"logloss":1.2626461361421035,"brier":0.46050525,"auc":0.16666666666666666,"accuracy":0.25,"n":4},"bt":{"logloss":0.5048905487897785,"brier":0.16215525,"auc":1,"accuracy":0.75,"n":4},"ann":{"logloss":0.552537447823629,"brier":0.18443750000000003,"auc":0.6666666666666666,"accuracy":0.75,"n":4},"blended":{"logloss":0.08690449805697961,"brier":0.013839250000000003,"auc":1,"accuracy":1,"n":4}},"calibration_bins":[{"bin":2,"lower":0.2,"upper":0.3,"p_mean":0.23,"y_rate":0,"n":1},{"bin":9,"lower":0.9,"upper":1,"p_mean":0.9716666666666667,"y_rate":1,"n":3}]}