{"season":2010,"week":5,"per_model":{"logistic":{"logloss":0.05169021081748,"brier":0.007370181818181817,"auc":1,"accuracy":1,"n":11},"decision_tree":{"logloss":0.4733138338883437,"brier":0.15099045454545457,"auc":0.9,"accuracy":0.7272727272727273,"n":11},"bt":{"logloss":0.6626080009529347,"brier":0.235801,"auc":0.6,"accuracy":0.6363636363636364,"n":11},"ann":{"logloss":0.7193827213153011,"brier":0.262599,"auc":0.48333333333333334,"accuracy":0.5454545454545454,"n":11},"blended":{"logloss":0.10721131539913098,"brier":0.015685181818181817,"auc":1,"accuracy":1,"n":11}},"calibration_bins":[{"bin":0,"lower":0,"upper":0.1,"p_mean":0.06525,"y_rate":0,"n":4},{"bin":2,"lower":0.2,"upper":0.3,"p_mean":0.26149999999999995,"y_rate":0,"n":2},{"bin":9,"lower":0.9,"upper":1,"p_mean":0.9414,"y_rate":1,"n":5}]}