{"season":2007,"week":20,"per_model":{"logistic":{"logloss":0.011060947359424948,"brier":0.00012099999999999999,"auc":null,"accuracy":1,"n":1},"decision_tree":{"logloss":2.864704011147586,"brier":0.889249,"auc":null,"accuracy":0,"n":1},"bt":{"logloss":0.916290731874155,"brier":0.36,"auc":null,"accuracy":0,"n":1},"ann":{"logloss":1.1239300966523997,"brier":0.45562500000000006,"auc":null,"accuracy":0,"n":1},"blended":{"logloss":0.08229524272683017,"brier":0.006241,"auc":null,"accuracy":1,"n":1}},"calibration_bins":[{"bin":0,"lower":0,"upper":0.1,"p_mean":0.079,"y_rate":0,"n":1}]}