{"season":2003,"week":19,"per_model":{"logistic":{"logloss":2.806116118926701,"brier":0.5349476666666667,"auc":0.75,"accuracy":0.3333333333333333,"n":3},"decision_tree":{"logloss":0.051721693385782086,"brier":0.0026723333333333356,"auc":1,"accuracy":1,"n":3},"bt":{"logloss":0.47485517753019946,"brier":0.143433,"auc":1,"accuracy":1,"n":3},"ann":{"logloss":0.587454569801139,"brier":0.20226566666666668,"auc":1,"accuracy":0.6666666666666666,"n":3},"blended":{"logloss":1.2745974573445957,"brier":0.4517643333333334,"auc":1,"accuracy":0.3333333333333333,"n":3}},"calibration_bins":[{"bin":0,"lower":0,"upper":0.1,"p_mean":0.0785,"y_rate":0.5,"n":2},{"bin":2,"lower":0.2,"upper":0.3,"p_mean":0.288,"y_rate":1,"n":1}]}