{
  "season": 2025,
  "week": 6,
  "per_model": {
    "logistic": {
      "logloss": 0.9519179095173061,
      "brier": 0.376996,
      "auc": null,
      "accuracy": 0,
      "n": 1
    },
    "decision_tree": {
      "logloss": 0.6198967188203526,
      "brier": 0.21344399999999997,
      "auc": null,
      "accuracy": 1,
      "n": 1
    },
    "bt": {
      "logloss": 5.521460917862246,
      "brier": 0.992016,
      "auc": null,
      "accuracy": 0,
      "n": 1
    },
    "ann": {
      "logloss": 0.6911491778972723,
      "brier": 0.249001,
      "auc": null,
      "accuracy": 1,
      "n": 1
    },
    "blended": {
      "logloss": 0.860383099935859,
      "brier": 0.332929,
      "auc": null,
      "accuracy": 0,
      "n": 1
    }
  },
  "calibration_bins": [
    {
      "bin": 4,
      "lower": 0.4,
      "upper": 0.5,
      "p_mean": 0.423,
      "y_rate": 1,
      "n": 1
    }
  ]
}