{
  "season": 2024,
  "week": 19,
  "per_model": {
    "logistic": {
      "logloss": 0.39529019284169653,
      "brier": 0.13287333333333332,
      "auc": 0.6,
      "accuracy": 0.8333333333333334,
      "n": 6
    },
    "decision_tree": {
      "logloss": 0.8808271980351678,
      "brier": 0.2835801666666667,
      "auc": 0.4,
      "accuracy": 0.6666666666666666,
      "n": 6
    },
    "bt": {
      "logloss": 0.9451341073880899,
      "brier": 0.3513661666666667,
      "auc": 0.4,
      "accuracy": 0.3333333333333333,
      "n": 6
    },
    "ann": {
      "logloss": 0.6918158454528299,
      "brier": 0.24933433333333332,
      "auc": 0.5,
      "accuracy": 0.8333333333333334,
      "n": 6
    },
    "blended": {
      "logloss": 0.41346881549155673,
      "brier": 0.13335316666666666,
      "auc": 0.6,
      "accuracy": 0.8333333333333334,
      "n": 6
    }
  },
  "calibration_bins": [
    {
      "bin": 7,
      "lower": 0.7,
      "upper": 0.8,
      "p_mean": 0.792,
      "y_rate": 1,
      "n": 1
    },
    {
      "bin": 8,
      "lower": 0.8,
      "upper": 0.9,
      "p_mean": 0.8434999999999999,
      "y_rate": 0.5,
      "n": 2
    },
    {
      "bin": 9,
      "lower": 0.9,
      "upper": 1,
      "p_mean": 0.9393333333333334,
      "y_rate": 1,
      "n": 3
    }
  ]
}