{"season":2008,"week":4,"per_model":{"logistic":{"logloss":0.04035834243808083,"brier":0.004205800000000002,"auc":1,"accuracy":1,"n":10},"decision_tree":{"logloss":0.6927702199489593,"brier":0.24744359999999999,"auc":0.5625,"accuracy":0.6,"n":10},"bt":{"logloss":0.8805568666986707,"brier":0.3283802,"auc":0.4375,"accuracy":0.5,"n":10},"ann":{"logloss":0.76860165187551,"brier":0.28717390000000004,"auc":0.625,"accuracy":0.4,"n":10},"blended":{"logloss":0.0659459032420973,"brier":0.008573100000000002,"auc":1,"accuracy":1,"n":10}},"calibration_bins":[{"bin":0,"lower":0,"upper":0.1,"p_mean":0.095,"y_rate":0,"n":1},{"bin":2,"lower":0.2,"upper":0.3,"p_mean":0.258,"y_rate":0,"n":1},{"bin":9,"lower":0.9,"upper":1,"p_mean":0.9679999999999999,"y_rate":1,"n":8}]}