{"season":2002,"week":7,"per_model":{"logistic":{"logloss":0.30209102274093735,"brier":0.10441627272727273,"auc":0.8888888888888888,"accuracy":0.9090909090909091,"n":11},"decision_tree":{"logloss":0.2822116924940776,"brier":0.06320581818181817,"auc":1,"accuracy":1,"n":11},"bt":{"logloss":0.6938936970090585,"brier":0.25037618181818183,"auc":0.16666666666666666,"accuracy":0.45454545454545453,"n":11},"ann":{"logloss":0.6057858325601801,"brier":0.20786609090909092,"auc":0.3888888888888889,"accuracy":0.6363636363636364,"n":11},"blended":{"logloss":0.3228910751205415,"brier":0.10400554545454545,"auc":0.8888888888888888,"accuracy":0.9090909090909091,"n":11}},"calibration_bins":[{"bin":4,"lower":0.4,"upper":0.5,"p_mean":0.473,"y_rate":0,"n":1},{"bin":6,"lower":0.6,"upper":0.7,"p_mean":0.619,"y_rate":1,"n":1},{"bin":8,"lower":0.8,"upper":0.9,"p_mean":0.8374999999999999,"y_rate":0.5,"n":2},{"bin":9,"lower":0.9,"upper":1,"p_mean":0.9557142857142857,"y_rate":1,"n":7}]}