{"season":2003,"week":20,"per_model":{"logistic":{"logloss":1.7799793370235486,"brier":0.647978,"auc":0,"accuracy":0,"n":2},"decision_tree":{"logloss":0.6223973994230956,"brier":0.24579999999999996,"auc":1,"accuracy":0.5,"n":2},"bt":{"logloss":0.8376099364944037,"brier":0.321445,"auc":0,"accuracy":0,"n":2},"ann":{"logloss":0.6970342507969727,"brier":0.25607650000000004,"auc":1,"accuracy":0.5,"n":2},"blended":{"logloss":1.4942095401298832,"brier":0.5890249999999999,"auc":0,"accuracy":0,"n":2}},"calibration_bins":[{"bin":1,"lower":0.1,"upper":0.2,"p_mean":0.163,"y_rate":1,"n":1},{"bin":6,"lower":0.6,"upper":0.7,"p_mean":0.691,"y_rate":0,"n":1}]}