{
  "season": 2022,
  "week": 20,
  "per_model": {
    "logistic": {
      "logloss": 0.24663187261342545,
      "brier": 0.08118225000000001,
      "auc": 1,
      "accuracy": 0.75,
      "n": 4
    },
    "decision_tree": {
      "logloss": 0.6138552682345123,
      "brier": 0.20176025,
      "auc": 0.3333333333333333,
      "accuracy": 0.75,
      "n": 4
    },
    "bt": {
      "logloss": 1.2879749274050298,
      "brier": 0.3984215,
      "auc": 0.3333333333333333,
      "accuracy": 0.5,
      "n": 4
    },
    "ann": {
      "logloss": 0.6881970163834445,
      "brier": 0.247525,
      "auc": 0.5,
      "accuracy": 0.75,
      "n": 4
    },
    "blended": {
      "logloss": 0.3429427428920194,
      "brier": 0.11899550000000002,
      "auc": 1,
      "accuracy": 0.75,
      "n": 4
    }
  },
  "calibration_bins": [
    {
      "bin": 6,
      "lower": 0.6,
      "upper": 0.7,
      "p_mean": 0.675,
      "y_rate": 0,
      "n": 1
    },
    {
      "bin": 8,
      "lower": 0.8,
      "upper": 0.9,
      "p_mean": 0.898,
      "y_rate": 1,
      "n": 1
    },
    {
      "bin": 9,
      "lower": 0.9,
      "upper": 1,
      "p_mean": 0.9325,
      "y_rate": 1,
      "n": 2
    }
  ]
}