{
  "season": 2025,
  "week": 0,
  "aggregation_scope": "season",
  "latest_completed_week": 6,
  "per_model": {
    "logistic": {
      "logloss": 1.9565850106023686,
      "brier": 0.21532946250000012,
      "auc": 0.7784126984126984,
      "accuracy": 0.725,
      "n": 80
    },
    "decision_tree": {
      "logloss": 0.6654971085192407,
      "brier": 0.23136800000000016,
      "auc": 0.653015873015873,
      "accuracy": 0.6125,
      "n": 80
    },
    "bt": {
      "logloss": 1.8831656971883555,
      "brier": 0.29148671249999997,
      "auc": 0.6111111111111112,
      "accuracy": 0.5875,
      "n": 80
    },
    "ann": {
      "logloss": 0.6750423002130626,
      "brier": 0.23898748749999998,
      "auc": 0.6384126984126984,
      "accuracy": 0.6,
      "n": 80
    },
    "blended": {
      "logloss": 0.6683667867489878,
      "brier": 0.2092642875000001,
      "auc": 0.7603174603174603,
      "accuracy": 0.675,
      "n": 80
    }
  },
  "weeks": [
    {
      "week": 1,
      "per_model": {
        "logistic": {
          "logloss": 0.6931471805599453,
          "brier": 0.25,
          "auc": 0.5,
          "accuracy": 0.5,
          "n": 14
        },
        "decision_tree": {
          "logloss": 0.6931471805599453,
          "brier": 0.25,
          "auc": 0.5,
          "accuracy": 0.5,
          "n": 14
        },
        "bt": {
          "logloss": 0.6931471805599453,
          "brier": 0.25,
          "auc": 0.5,
          "accuracy": 0.5,
          "n": 14
        },
        "ann": {
          "logloss": 0.6931471805599453,
          "brier": 0.25,
          "auc": 0.5,
          "accuracy": 0.5,
          "n": 14
        },
        "blended": {
          "logloss": 0.6931471805599453,
          "brier": 0.25,
          "auc": 0.5,
          "accuracy": 0.5,
          "n": 14
        }
      }
    },
    {
      "week": 2,
      "per_model": {
        "logistic": {
          "logloss": 6.366131553274475,
          "brier": 0.2854435714285714,
          "auc": 0.7604166666666666,
          "accuracy": 0.7142857142857143,
          "n": 14
        },
        "decision_tree": {
          "logloss": 0.5482507936528644,
          "brier": 0.1799602857142857,
          "auc": 0.8125,
          "accuracy": 0.7857142857142857,
          "n": 14
        },
        "bt": {
          "logloss": 4.278278713916612,
          "brier": 0.2615222142857143,
          "auc": 0.75,
          "accuracy": 0.6428571428571429,
          "n": 14
        },
        "ann": {
          "logloss": 0.6770086944872415,
          "brier": 0.24195007142857142,
          "auc": 0.7708333333333334,
          "accuracy": 0.5714285714285714,
          "n": 14
        },
        "blended": {
          "logloss": 0.9908728591184831,
          "brier": 0.24653092857142858,
          "auc": 0.7708333333333334,
          "accuracy": 0.6428571428571429,
          "n": 14
        }
      }
    },
    {
      "week": 3,
      "per_model": {
        "logistic": {
          "logloss": 0.5757213489772859,
          "brier": 0.18483321428571428,
          "auc": 0.9,
          "accuracy": 0.7142857142857143,
          "n": 14
        },
        "decision_tree": {
          "logloss": 0.4492505566602264,
          "brier": 0.13844914285714283,
          "auc": 0.825,
          "accuracy": 0.7857142857142857,
          "n": 14
        },
        "bt": {
          "logloss": 2.7398609864229586,
          "brier": 0.2722718571428572,
          "auc": 0.7875,
          "accuracy": 0.7142857142857143,
          "n": 14
        },
        "ann": {
          "logloss": 0.6646498435735808,
          "brier": 0.23540857142857138,
          "auc": 0.7375,
          "accuracy": 0.6428571428571429,
          "n": 14
        },
        "blended": {
          "logloss": 0.5974223976700342,
          "brier": 0.19292135714285713,
          "auc": 0.9,
          "accuracy": 0.7142857142857143,
          "n": 14
        }
      }
    },
    {
      "week": 4,
      "per_model": {
        "logistic": {
          "logloss": 2.7523328682905635,
          "brier": 0.2424549230769231,
          "auc": 0.5833333333333334,
          "accuracy": 0.7692307692307693,
          "n": 13
        },
        "decision_tree": {
          "logloss": 0.5614391284659069,
          "brier": 0.19150492307692307,
          "auc": 0.6333333333333333,
          "accuracy": 0.6153846153846154,
          "n": 13
        },
        "bt": {
          "logloss": 1.0960136837043521,
          "brier": 0.3243556923076923,
          "auc": 0.6,
          "accuracy": 0.46153846153846156,
          "n": 13
        },
        "ann": {
          "logloss": 0.6078461794755776,
          "brier": 0.21013984615384615,
          "auc": 0.7,
          "accuracy": 0.6153846153846154,
          "n": 13
        },
        "blended": {
          "logloss": 0.6050845148608756,
          "brier": 0.1973744615384615,
          "auc": 0.6333333333333333,
          "accuracy": 0.7692307692307693,
          "n": 13
        }
      }
    },
    {
      "week": 5,
      "per_model": {
        "logistic": {
          "logloss": 0.9533219150214588,
          "brier": 0.26560025000000004,
          "auc": 0.8888888888888888,
          "accuracy": 0.75,
          "n": 12
        },
        "decision_tree": {
          "logloss": 1.081129208587823,
          "brier": 0.39747366666666656,
          "auc": 0.6666666666666666,
          "accuracy": 0.4166666666666667,
          "n": 12
        },
        "bt": {
          "logloss": 1.4839295027661743,
          "brier": 0.3679385,
          "auc": 0.5925925925925926,
          "accuracy": 0.5833333333333334,
          "n": 12
        },
        "ann": {
          "logloss": 0.8943819667900365,
          "brier": 0.33183883333333336,
          "auc": 0.7037037037037037,
          "accuracy": 0.4166666666666667,
          "n": 12
        },
        "blended": {
          "logloss": 0.90072446106939,
          "brier": 0.306156,
          "auc": 0.9259259259259259,
          "accuracy": 0.5,
          "n": 12
        }
      }
    },
    {
      "week": 6,
      "per_model": {
        "logistic": {
          "logloss": 0.18589303236852442,
          "brier": 0.0617973076923077,
          "auc": 1,
          "accuracy": 0.9230769230769231,
          "n": 13
        },
        "decision_tree": {
          "logloss": 0.7152638520158524,
          "brier": 0.2532661538461538,
          "auc": 0.5,
          "accuracy": 0.5384615384615384,
          "n": 13
        },
        "bt": {
          "logloss": 0.8184544247018888,
          "brier": 0.28568723076923075,
          "auc": 0.4166666666666667,
          "accuracy": 0.6153846153846154,
          "n": 13
        },
        "ann": {
          "logloss": 0.5293476939762535,
          "brier": 0.17093030769230771,
          "auc": 0.8888888888888888,
          "accuracy": 0.8461538461538461,
          "n": 13
        },
        "blended": {
          "logloss": 0.2195658916166524,
          "brier": 0.06531315384615385,
          "auc": 1,
          "accuracy": 0.9230769230769231,
          "n": 13
        }
      }
    }
  ]
}