{"season":1999,"week":19,"per_model":{"logistic":{"logloss":1.2795393119949048,"brier":0.425074,"auc":1,"accuracy":0.5,"n":2},"decision_tree":{"logloss":0.06625167490654688,"brier":0.004291999999999997,"auc":1,"accuracy":1,"n":2},"bt":{"logloss":0.9067817289562741,"brier":0.3546,"auc":0,"accuracy":0,"n":2},"ann":{"logloss":0.4994599532857793,"brier":0.160045,"auc":1,"accuracy":0.5,"n":2},"blended":{"logloss":0.9582907351887718,"brier":0.357309,"auc":1,"accuracy":0.5,"n":2}},"calibration_bins":[{"bin":0,"lower":0,"upper":0.1,"p_mean":0.063,"y_rate":0,"n":1},{"bin":1,"lower":0.1,"upper":0.2,"p_mean":0.157,"y_rate":1,"n":1}]}