{"season":2006,"week":3,"per_model":{"logistic":{"logloss":0.05428019364638286,"brier":0.009837083333333333,"auc":1,"accuracy":1,"n":12},"decision_tree":{"logloss":0.8057271652860624,"brier":0.2919326666666667,"auc":0.7222222222222222,"accuracy":0.5833333333333334,"n":12},"bt":{"logloss":0.6959379608410542,"brier":0.25137858333333335,"auc":0.4074074074074074,"accuracy":0.5,"n":12},"ann":{"logloss":0.6561402119794545,"brier":0.2316708333333333,"auc":0.7777777777777778,"accuracy":0.6666666666666666,"n":12},"blended":{"logloss":0.0736492490256989,"brier":0.009509833333333332,"auc":1,"accuracy":1,"n":12}},"calibration_bins":[{"bin":0,"lower":0,"upper":0.1,"p_mean":0.045000000000000005,"y_rate":0,"n":8},{"bin":2,"lower":0.2,"upper":0.3,"p_mean":0.285,"y_rate":0,"n":1},{"bin":9,"lower":0.9,"upper":1,"p_mean":0.943,"y_rate":1,"n":3}]}