{"season":2000,"week":7,"per_model":{"logistic":{"logloss":0.24813785568334473,"brier":0.0817103,"auc":1,"accuracy":0.9,"n":10},"decision_tree":{"logloss":0.7610618422213618,"brier":0.2752578,"auc":0.5416666666666666,"accuracy":0.5,"n":10},"bt":{"logloss":0.6232947953885482,"brier":0.2155434,"auc":0.8333333333333334,"accuracy":0.6,"n":10},"ann":{"logloss":0.6029494805215039,"brier":0.20629369999999997,"auc":0.7916666666666666,"accuracy":0.7,"n":10},"blended":{"logloss":0.2837595426752089,"brier":0.0837408,"auc":1,"accuracy":0.9,"n":10}},"calibration_bins":[{"bin":0,"lower":0,"upper":0.1,"p_mean":0.05825,"y_rate":0,"n":4},{"bin":1,"lower":0.1,"upper":0.2,"p_mean":0.108,"y_rate":1,"n":1},{"bin":9,"lower":0.9,"upper":1,"p_mean":0.9286,"y_rate":1,"n":5}]}