{"season":2016,"week":9,"per_model":{"logistic":{"logloss":0.589019595983742,"brier":0.13206622222222222,"auc":0.9,"accuracy":0.8888888888888888,"n":9},"decision_tree":{"logloss":0.42257082063317297,"brier":0.13697277777777778,"auc":0.95,"accuracy":0.7777777777777778,"n":9},"bt":{"logloss":0.6924702126485829,"brier":0.24965288888888887,"auc":0.5,"accuracy":0.6666666666666666,"n":9},"ann":{"logloss":0.5403361558799645,"brier":0.17710666666666666,"auc":0.95,"accuracy":0.7777777777777778,"n":9},"blended":{"logloss":0.4772208930857138,"brier":0.1353858888888889,"auc":0.9,"accuracy":0.7777777777777778,"n":9}},"calibration_bins":[{"bin":0,"lower":0,"upper":0.1,"p_mean":0.06733333333333334,"y_rate":0,"n":3},{"bin":5,"lower":0.5,"upper":0.6,"p_mean":0.514,"y_rate":0,"n":1},{"bin":8,"lower":0.8,"upper":0.9,"p_mean":0.8755,"y_rate":1,"n":2},{"bin":9,"lower":0.9,"upper":1,"p_mean":0.964,"y_rate":0.6666666666666666,"n":3}]}