{"season":2015,"week":4,"per_model":{"logistic":{"logloss":0.028083770892838037,"brier":0.0017179090909090913,"auc":1,"accuracy":1,"n":11},"decision_tree":{"logloss":0.8069363530610411,"brier":0.298872,"auc":0.43333333333333335,"accuracy":0.45454545454545453,"n":11},"bt":{"logloss":0.6688154130594026,"brier":0.2378874545454546,"auc":0.6666666666666666,"accuracy":0.7272727272727273,"n":11},"ann":{"logloss":0.6896678099216316,"brier":0.2482545454545454,"auc":0.6333333333333333,"accuracy":0.5454545454545454,"n":11},"blended":{"logloss":0.06398356303855343,"brier":0.005528454545454545,"auc":1,"accuracy":1,"n":11}},"calibration_bins":[{"bin":0,"lower":0,"upper":0.1,"p_mean":0.028600000000000004,"y_rate":0,"n":5},{"bin":8,"lower":0.8,"upper":0.9,"p_mean":0.8755,"y_rate":1,"n":2},{"bin":9,"lower":0.9,"upper":1,"p_mean":0.93025,"y_rate":1,"n":4}]}