{
  "season": 2025,
  "week": 6,
  "per_model": {
    "logistic": {
      "logloss": 0.17017602170480114,
      "brier": 0.0541924,
      "auc": 1,
      "accuracy": 0.9333333333333333,
      "n": 15
    },
    "decision_tree": {
      "logloss": 0.7127011455284555,
      "brier": 0.25302319999999995,
      "auc": 0.5555555555555556,
      "accuracy": 0.5333333333333333,
      "n": 15
    },
    "bt": {
      "logloss": 0.8467251658603185,
      "brier": 0.28378153333333334,
      "auc": 0.5277777777777778,
      "accuracy": 0.5333333333333333,
      "n": 15
    },
    "ann": {
      "logloss": 0.6754549744379859,
      "brier": 0.2411598,
      "auc": 0.7777777777777778,
      "accuracy": 0.8,
      "n": 15
    },
    "blended": {
      "logloss": 0.2073469672302352,
      "brier": 0.05682206666666667,
      "auc": 1,
      "accuracy": 0.9333333333333333,
      "n": 15
    }
  },
  "calibration_bins": [
    {
      "bin": 0,
      "lower": 0,
      "upper": 0.1,
      "p_mean": 0.05433333333333334,
      "y_rate": 0,
      "n": 6
    },
    {
      "bin": 1,
      "lower": 0.1,
      "upper": 0.2,
      "p_mean": 0.126,
      "y_rate": 1,
      "n": 1
    },
    {
      "bin": 8,
      "lower": 0.8,
      "upper": 0.9,
      "p_mean": 0.864,
      "y_rate": 1,
      "n": 3
    },
    {
      "bin": 9,
      "lower": 0.9,
      "upper": 1,
      "p_mean": 0.9486000000000001,
      "y_rate": 1,
      "n": 5
    }
  ]
}