{"season":2023,"week":0,"aggregation_scope":"season","latest_completed_week":22,"per_model":{"logistic":{"logloss":1.2361545892572443,"brier":0.16683636000000004,"auc":0.8285180817610063,"accuracy":0.776,"n":250},"decision_tree":{"logloss":0.7216838251330585,"brier":0.24320300799999997,"auc":0.6752817085953878,"accuracy":0.648,"n":250},"bt":{"logloss":0.7196162324498907,"brier":0.26124214,"auc":0.50687893081761,"accuracy":0.492,"n":250},"ann":{"logloss":0.6474658415312322,"brier":0.227639524,"auc":0.6525157232704403,"accuracy":0.612,"n":250},"blended":{"logloss":0.4978382922543805,"brier":0.16088352399999994,"auc":0.8535115303983228,"accuracy":0.776,"n":250}},"weeks":[{"week":1,"per_model":{"logistic":{"logloss":0.6931471805599453,"brier":0.25,"auc":0.5,"accuracy":0.42857142857142855,"n":14},"decision_tree":{"logloss":0.6931471805599453,"brier":0.25,"auc":0.5,"accuracy":0.42857142857142855,"n":14},"bt":{"logloss":0.6931471805599453,"brier":0.25,"auc":0.5,"accuracy":0.42857142857142855,"n":14},"ann":{"logloss":0.6931471805599453,"brier":0.25,"auc":0.5,"accuracy":0.42857142857142855,"n":14},"blended":{"logloss":0.6931471805599453,"brier":0.25,"auc":0.5,"accuracy":0.42857142857142855,"n":14}}},{"week":2,"per_model":{"logistic":{"logloss":13.815521618947175,"brier":0.5,"auc":0.5,"accuracy":0.5,"n":14},"decision_tree":{"logloss":0.4176673020827852,"brier":0.11916328571428574,"auc":0.9285714285714286,"accuracy":0.9285714285714286,"n":14},"bt":{"logloss":0.8419793965673132,"brier":0.30984114285714276,"auc":0.4489795918367347,"accuracy":0.5,"n":14},"ann":{"logloss":0.77328276226134,"brier":0.28660478571428577,"auc":0.35714285714285715,"accuracy":0.5,"n":14},"blended":{"logloss":1.33911893878538,"brier":0.4309632142857143,"auc":0.35714285714285715,"accuracy":0.5,"n":14}}},{"week":3,"per_model":{"logistic":{"logloss":0.083319430262961,"brier":0.015483642857142859,"auc":1,"accuracy":1,"n":14},"decision_tree":{"logloss":0.7165908761148035,"brier":0.26098542857142853,"auc":0.5729166666666666,"accuracy":0.5,"n":14},"bt":{"logloss":0.6867231503383481,"brier":0.24652314285714286,"auc":0.6041666666666666,"accuracy":0.5714285714285714,"n":14},"ann":{"logloss":0.6934514518062459,"brier":0.2501521428571428,"auc":0.5,"accuracy":0.5,"n":14},"blended":{"logloss":0.13611083227435058,"brier":0.028027714285714288,"auc":1,"accuracy":1,"n":14}}},{"week":4,"per_model":{"logistic":{"logloss":0.031797637852262486,"brier":0.004702,"auc":1,"accuracy":1,"n":14},"decision_tree":{"logloss":0.7139563346452997,"brier":0.2533526428571428,"auc":0.5408163265306123,"accuracy":0.6428571428571429,"n":14},"bt":{"logloss":0.6078332386068148,"brier":0.20868164285714283,"auc":0.7346938775510204,"accuracy":0.7142857142857143,"n":14},"ann":{"logloss":0.6546655655108179,"brier":0.23261214285714282,"auc":0.7755102040816326,"accuracy":0.5,"n":14},"blended":{"logloss":0.052229803758763085,"brier":0.005573428571428572,"auc":1,"accuracy":1,"n":14}}},{"week":5,"per_model":{"logistic":{"logloss":0.2879972397974395,"brier":0.10219316666666667,"auc":0.9714285714285714,"accuracy":0.8333333333333334,"n":12},"decision_tree":{"logloss":0.7187431361873933,"brier":0.25738333333333335,"auc":0.5857142857142857,"accuracy":0.5833333333333334,"n":12},"bt":{"logloss":0.7483881136008167,"brier":0.2771799166666667,"auc":0.42857142857142855,"accuracy":0.25,"n":12},"ann":{"logloss":0.5506706975899628,"brier":0.17979725000000002,"auc":0.8571428571428571,"accuracy":0.8333333333333334,"n":12},"blended":{"logloss":0.3203609550358093,"brier":0.10710791666666668,"auc":0.9714285714285714,"accuracy":0.8333333333333334,"n":12}}},{"week":6,"per_model":{"logistic":{"logloss":0.32023619942391895,"brier":0.10270200000000002,"auc":0.95,"accuracy":0.8461538461538461,"n":13},"decision_tree":{"logloss":0.7596089044695034,"brier":0.2769836923076924,"auc":0.5625,"accuracy":0.6153846153846154,"n":13},"bt":{"logloss":0.7164886936094005,"brier":0.2608753846153846,"auc":0.475,"accuracy":0.5384615384615384,"n":13},"ann":{"logloss":0.6440596504338907,"brier":0.22478161538461544,"auc":0.825,"accuracy":0.6153846153846154,"n":13},"blended":{"logloss":0.3684278312255463,"brier":0.11722684615384617,"auc":0.95,"accuracy":0.8461538461538461,"n":13}}},{"week":7,"per_model":{"logistic":{"logloss":0.4405932151185706,"brier":0.15722727272727274,"auc":0.8333333333333334,"accuracy":0.8181818181818182,"n":11},"decision_tree":{"logloss":0.4364848372525296,"brier":0.13448763636363636,"auc":0.6666666666666666,"accuracy":0.8181818181818182,"n":11},"bt":{"logloss":0.6901848874864234,"brier":0.24861918181818182,"auc":0.3888888888888889,"accuracy":0.45454545454545453,"n":11},"ann":{"logloss":0.6797046878629744,"brier":0.24324081818181814,"auc":0.5555555555555556,"accuracy":0.6363636363636364,"n":11},"blended":{"logloss":0.46736589711103527,"brier":0.161735,"auc":0.8333333333333334,"accuracy":0.8181818181818182,"n":11}}},{"week":8,"per_model":{"logistic":{"logloss":0.4945957277422626,"brier":0.15654035714285713,"auc":0.9583333333333334,"accuracy":0.7857142857142857,"n":14},"decision_tree":{"logloss":0.5722588125502586,"brier":0.19887485714285716,"auc":0.7604166666666666,"accuracy":0.5714285714285714,"n":14},"bt":{"logloss":0.7314856159643774,"brier":0.2684772857142857,"auc":0.4583333333333333,"accuracy":0.5714285714285714,"n":14},"ann":{"logloss":0.6857591097666912,"brier":0.24622300000000003,"auc":0.5208333333333334,"accuracy":0.5,"n":14},"blended":{"logloss":0.4525928363010599,"brier":0.1486107142857143,"auc":0.9583333333333334,"accuracy":0.7857142857142857,"n":14}}},{"week":9,"per_model":{"logistic":{"logloss":0.25830443573557893,"brier":0.0853347692307692,"auc":0.9444444444444444,"accuracy":0.8461538461538461,"n":13},"decision_tree":{"logloss":1.1597474187409635,"brier":0.4107122307692308,"auc":0.5,"accuracy":0.46153846153846156,"n":13},"bt":{"logloss":0.6628521324259182,"brier":0.23483807692307693,"auc":0.6527777777777778,"accuracy":0.6153846153846154,"n":13},"ann":{"logloss":0.6192917569686424,"brier":0.21384176923076922,"auc":0.7222222222222222,"accuracy":0.6153846153846154,"n":13},"blended":{"logloss":0.28146928066322796,"brier":0.0859986923076923,"auc":0.9444444444444444,"accuracy":0.8461538461538461,"n":13}}},{"week":10,"per_model":{"logistic":{"logloss":0.8457369357349056,"brier":0.2380857692307693,"auc":0.8,"accuracy":0.6153846153846154,"n":13},"decision_tree":{"logloss":1.1548337408588656,"brier":0.3435141538461538,"auc":0.4,"accuracy":0.6153846153846154,"n":13},"bt":{"logloss":0.6046238458490596,"brier":0.20852992307692306,"auc":0.65,"accuracy":0.6153846153846154,"n":13},"ann":{"logloss":0.703797585191547,"brier":0.25478776923076923,"auc":0.525,"accuracy":0.6153846153846154,"n":13},"blended":{"logloss":0.6952579539127105,"brier":0.2249186153846154,"auc":0.775,"accuracy":0.6153846153846154,"n":13}}},{"week":11,"per_model":{"logistic":{"logloss":0.6233975579528707,"brier":0.12641141666666664,"auc":0.9259259259259259,"accuracy":0.8333333333333334,"n":12},"decision_tree":{"logloss":0.44277694454236943,"brier":0.15760733333333338,"auc":0.8518518518518519,"accuracy":0.75,"n":12},"bt":{"logloss":0.7200887398711102,"brier":0.2561510833333333,"auc":0.5555555555555556,"accuracy":0.5833333333333334,"n":12},"ann":{"logloss":0.6010840051952165,"brier":0.20514975000000002,"auc":0.6851851851851852,"accuracy":0.8333333333333334,"n":12},"blended":{"logloss":0.43201727703283793,"brier":0.12435216666666667,"auc":0.9259259259259259,"accuracy":0.8333333333333334,"n":12}}},{"week":12,"per_model":{"logistic":{"logloss":0.6290717906942422,"brier":0.14323342857142857,"auc":0.8571428571428571,"accuracy":0.8571428571428571,"n":14},"decision_tree":{"logloss":0.8001682140465451,"brier":0.2725807142857143,"auc":0.6836734693877551,"accuracy":0.6428571428571429,"n":14},"bt":{"logloss":0.7190337805721974,"brier":0.2628995,"auc":0.4387755102040816,"accuracy":0.42857142857142855,"n":14},"ann":{"logloss":0.6269120156805688,"brier":0.22033728571428574,"auc":0.7755102040816326,