{"season":2019,"week":13,"per_model":{"logistic":{"logloss":0.7609273118780157,"brier":0.15184284615384616,"auc":0.8809523809523809,"accuracy":0.8461538461538461,"n":13},"decision_tree":{"logloss":0.44531488583515877,"brier":0.13548746153846153,"auc":0.8214285714285714,"accuracy":0.8461538461538461,"n":13},"bt":{"logloss":0.7734819178978832,"brier":0.28239669230769227,"auc":0.47619047619047616,"accuracy":0.46153846153846156,"n":13},"ann":{"logloss":0.5998339754275809,"brier":0.20502653846153848,"auc":0.8095238095238095,"accuracy":0.6923076923076923,"n":13},"blended":{"logloss":0.45545184532287486,"brier":0.13709538461538465,"auc":0.9285714285714286,"accuracy":0.8461538461538461,"n":13}},"calibration_bins":[{"bin":0,"lower":0,"upper":0.1,"p_mean":0.0645,"y_rate":0.16666666666666666,"n":6},{"bin":7,"lower":0.7,"upper":0.8,"p_mean":0.764,"y_rate":1,"n":1},{"bin":9,"lower":0.9,"upper":1,"p_mean":0.9451666666666666,"y_rate":0.8333333333333334,"n":6}]}