{
  "season": 2025,
  "latest_completed_week": 5,
  "cumulative": {
    "logistic": {
      "logloss": 0.7640778717925106,
      "brier": 0.21120515584415583,
      "auc": 0.7606019151846786,
      "accuracy": 0.6883116883116883,
      "n": 77
    },
    "decision_tree": {
      "logloss": 0.6252154752911518,
      "brier": 0.21332228571428585,
      "auc": 0.698358413132695,
      "accuracy": 0.6753246753246753,
      "n": 77
    },
    "bt": {
      "logloss": 4.790296392071745,
      "brier": 0.3913477922077922,
      "auc": 0.536593707250342,
      "accuracy": 0.5064935064935064,
      "n": 77
    },
    "ann": {
      "logloss": 0.6933082752816078,
      "brier": 0.25008054545454517,
      "auc": 0.39808481532147744,
      "accuracy": 0.5584415584415584,
      "n": 77
    },
    "blended": {
      "logloss": 0.9072835633778581,
      "brier": 0.2818888961038961,
      "auc": 0.6289329685362517,
      "accuracy": 0.5844155844155844,
      "n": 77
    }
  },
  "weeks": [
    {
      "week": 1,
      "per_model": {
        "logistic": {
          "logloss": 0.6931471805599453,
          "brier": 0.25,
          "auc": 0.5,
          "accuracy": 0.5625,
          "n": 16
        },
        "decision_tree": {
          "logloss": 0.6931471805599453,
          "brier": 0.25,
          "auc": 0.5,
          "accuracy": 0.5625,
          "n": 16
        },
        "bt": {
          "logloss": 0.6931471805599453,
          "brier": 0.25,
          "auc": 0.5,
          "accuracy": 0.5625,
          "n": 16
        },
        "ann": {
          "logloss": 0.6931471805599453,
          "brier": 0.25,
          "auc": 0.5,
          "accuracy": 0.5625,
          "n": 16
        },
        "blended": {
          "logloss": 0.6931471805599453,
          "brier": 0.25,
          "auc": 0.5,
          "accuracy": 0.5625,
          "n": 16
        }
      }
    },
    {
      "week": 2,
      "per_model": {
        "logistic": {
          "logloss": 0.14400910621774088,
          "brier": 0.040550375000000013,
          "auc": 1,
          "accuracy": 0.9375,
          "n": 16
        },
        "decision_tree": {
          "logloss": 0.5245112993213901,
          "brier": 0.16881849999999998,
          "auc": 0.8333333333333334,
          "accuracy": 0.8125,
          "n": 16
        },
        "bt": {
          "logloss": 5.672403545421614,
          "brier": 0.33560637499999996,
          "auc": 0.6984126984126984,
          "accuracy": 0.625,
          "n": 16
        },
        "ann": {
          "logloss": 0.6933991808972795,
          "brier": 0.25012599999999996,
          "auc": 0.5,
          "accuracy": 0.4375,
          "n": 16
        },
        "blended": {
          "logloss": 1.283207046500026,
          "brier": 0.33207718750000004,
          "auc": 0.6984126984126984,
          "accuracy": 0.625,
          "n": 16
        }
      }
    },
    {
      "week": 3,
      "per_model": {
        "logistic": {
          "logloss": 0.766038618779521,
          "brier": 0.1971481875,
          "auc": 0.7604166666666666,
          "accuracy": 0.6875,
          "n": 16
        },
        "decision_tree": {
          "logloss": 0.46037955729078783,
          "brier": 0.1439635,
          "auc": 0.8125,
          "accuracy": 0.75,
          "n": 16
        },
        "bt": {
          "logloss": 5.918664043696197,
          "brier": 0.3673840625,
          "auc": 0.65625,
          "accuracy": 0.5625,
          "n": 16
        },
        "ann": {
          "logloss": 0.6931471805599453,
          "brier": 0.25,
          "auc": 0.5,
          "accuracy": 0.75,
          "n": 16
        },
        "blended": {
          "logloss": 0.9299910116412953,
          "brier": 0.25275131250000005,
          "auc": 0.7291666666666666,
          "accuracy": 0.625,
          "n": 16
        }
      }
    },
    {
      "week": 4,
      "per_model": {
        "logistic": {
          "logloss": 0.9310999510164951,
          "brier": 0.24553346666666667,
          "auc": 0.6818181818181818,
          "accuracy": 0.6666666666666666,
          "n": 15
        },
        "decision_tree": {
          "logloss": 0.6210562787167847,
          "brier": 0.21489946666666668,
          "auc": 0.5681818181818182,
          "accuracy": 0.6,
          "n": 15
        },
        "bt": {
          "logloss": 4.854443443961298,
          "brier": 0.45638053333333345,
          "auc": 0.4772727272727273,
          "accuracy": 0.4,
          "n": 15
        },
        "ann": {
          "logloss": 0.6912885040016282,
          "brier": 0.24907066666666658,
          "auc": 0.5,
          "accuracy": 0.7333333333333333,
          "n": 15
        },
        "blended": {
          "logloss": 0.7276467990426589,
          "brier": 0.26712539999999996,
          "auc": 0.5568181818181818,
          "accuracy": 0.5333333333333333,
          "n": 15
        }
      }
    },
    {
      "week": 5,
      "per_model": {
        "logistic": {
          "logloss": 1.3725984552757564,
          "brier": 0.3411870000000001,
          "auc": 0.825,
          "accuracy": 0.5714285714285714,
          "n": 14
        },
        "decision_tree": {
          "logloss": 0.8555099158509271,
          "brier": 0.2998437142857143,
          "auc": 0.65,
          "accuracy": 0.6428571428571429,
          "n": 14
        },
        "bt": {
          "logloss": 7.106338158232911,
          "brier": 0.5743017857142857,
          "auc": 0.275,
          "accuracy": 0.35714285714285715,
          "n": 14
        },
        "ann": {
          "logloss": 0.6957366403131913,
          "brier": 0.2512947142857143,
          "auc": 0.5,
          "accuracy": 0.2857142857142857,
          "n": 14
        },
        "blended": {
          "logloss": 0.88890061251678,
          "brier": 0.3100934285714286,
          "auc": 0.7125,
          "accuracy": 0.5714285714285714,
          "n": 14
        }
      }
    }
  ]
}