{
  "season": 2025,
  "week": 3,
  "per_model": {
    "logistic": {
      "logloss": 20.723265836946663,
      "brier": 0.75,
      "auc": 0.5,
      "accuracy": 0.25,
      "n": 16
    },
    "decision_tree": {
      "logloss": 20.723265836946663,
      "brier": 0.75,
      "auc": 0.5,
      "accuracy": 0.25,
      "n": 16
    },
    "bt": {
      "logloss": 20.723265836946663,
      "brier": 0.75,
      "auc": 0.5,
      "accuracy": 0.25,
      "n": 16
    },
    "ann": {
      "logloss": 20.723265836946663,
      "brier": 0.75,
      "auc": 0.5,
      "accuracy": 0.25,
      "n": 16
    },
    "blended": {
      "logloss": 20.723265836946663,
      "brier": 0.75,
      "auc": 0.5,
      "accuracy": 0.25,
      "n": 16
    }
  },
  "calibration_bins": [
    {
      "bin": 0,
      "lower": 0,
      "upper": 0.1,
      "p_mean": 0,
      "y_rate": 0.75,
      "n": 16
    }
  ]
}