{"season":2008,"week":16,"per_model":{"logistic":{"logloss":1.1884640437191505,"brier":0.3097841666666667,"auc":0.75,"accuracy":0.6666666666666666,"n":12},"decision_tree":{"logloss":0.7830833620656897,"brier":0.25764675000000004,"auc":0.7083333333333334,"accuracy":0.6666666666666666,"n":12},"bt":{"logloss":0.7483580191796969,"brier":0.277599,"auc":0.4444444444444444,"accuracy":0.4166666666666667,"n":12},"ann":{"logloss":0.608041613976155,"brier":0.2071174166666667,"auc":0.7222222222222222,"accuracy":0.75,"n":12},"blended":{"logloss":0.9310077064886665,"brier":0.2913193333333333,"auc":0.7777777777777778,"accuracy":0.6666666666666666,"n":12}},"calibration_bins":[{"bin":0,"lower":0,"upper":0.1,"p_mean":0.04857142857142858,"y_rate":0.42857142857142855,"n":7},{"bin":1,"lower":0.1,"upper":0.2,"p_mean":0.12,"y_rate":0,"n":1},{"bin":8,"lower":0.8,"upper":0.9,"p_mean":0.865,"y_rate":1,"n":1},{"bin":9,"lower":0.9,"upper":1,"p_mean":0.9463333333333334,"y_rate":0.6666666666666666,"n":3}]}