{"season":2021,"week":19,"per_model":{"logistic":{"logloss":1.351533913234758,"brier":0.3423478,"auc":1,"accuracy":0.6,"n":5},"decision_tree":{"logloss":0.9705110403350667,"brier":0.28311839999999994,"auc":0.125,"accuracy":0.6,"n":5},"bt":{"logloss":0.7485057782985891,"brier":0.2628522,"auc":0.75,"accuracy":0.8,"n":5},"ann":{"logloss":0.6126258507880074,"brier":0.217745,"auc":0.75,"accuracy":0.6,"n":5},"blended":{"logloss":0.9686005869060402,"brier":0.3087488,"auc":0.75,"accuracy":0.6,"n":5}},"calibration_bins":[{"bin":0,"lower":0,"upper":0.1,"p_mean":0.057499999999999996,"y_rate":0.5,"n":2},{"bin":2,"lower":0.2,"upper":0.3,"p_mean":0.213,"y_rate":1,"n":1},{"bin":9,"lower":0.9,"upper":1,"p_mean":0.975,"y_rate":1,"n":2}]}