{"season":2022,"week":19,"per_model":{"logistic":{"logloss":0.574207074396098,"brier":0.17699380000000003,"auc":0.6666666666666666,"accuracy":0.8,"n":5},"decision_tree":{"logloss":0.8030264466274915,"brier":0.25456580000000006,"auc":0.6666666666666666,"accuracy":0.6,"n":5},"bt":{"logloss":0.6476371710065598,"brier":0.22733719999999996,"auc":0.6666666666666666,"accuracy":0.6,"n":5},"ann":{"logloss":0.4462435768252062,"brier":0.14167819999999998,"auc":1,"accuracy":0.8,"n":5},"blended":{"logloss":0.5688395928723095,"brier":0.17507940000000002,"auc":0.6666666666666666,"accuracy":0.8,"n":5}},"calibration_bins":[{"bin":0,"lower":0,"upper":0.1,"p_mean":0.044,"y_rate":0,"n":1},{"bin":9,"lower":0.9,"upper":1,"p_mean":0.93475,"y_rate":0.75,"n":4}]}