{"season":2020,"week":21,"per_model":{"logistic":{"logloss":27.631021115928547,"brier":1,"auc":null,"accuracy":0,"n":1},"decision_tree":{"logloss":0.038740828316430595,"brier":0.0014440000000000026,"auc":null,"accuracy":1,"n":1},"bt":{"logloss":1.7957674906255938,"brier":0.695556,"auc":null,"accuracy":0,"n":1},"ann":{"logloss":0.1743533871447778,"brier":0.02560000000000001,"auc":null,"accuracy":1,"n":1},"blended":{"logloss":2.4651040224918206,"brier":0.8372250000000001,"auc":null,"accuracy":0,"n":1}},"calibration_bins":[{"bin":0,"lower":0,"upper":0.1,"p_mean":0.085,"y_rate":1,"n":1}]}