{
  "season": 2020,
  "week": 21,
  "per_model": {
    "logistic": {
      "logloss": 0.3696154552144672,
      "brier": 0.09548100000000004,
      "auc": null,
      "accuracy": 1,
      "n": 1
    },
    "decision_tree": {
      "logloss": 0.038740828316430595,
      "brier": 0.0014440000000000026,
      "auc": null,
      "accuracy": 1,
      "n": 1
    },
    "bt": {
      "logloss": 0.0010005003335835344,
      "brier": 0.0000010000000000000019,
      "auc": null,
      "accuracy": 1,
      "n": 1
    },
    "ann": {
      "logloss": 0.6931471805599453,
      "brier": 0.25,
      "auc": null,
      "accuracy": 1,
      "n": 1
    },
    "blended": {
      "logloss": 0.24590053843682594,
      "brier": 0.04752399999999999,
      "auc": null,
      "accuracy": 1,
      "n": 1
    }
  },
  "calibration_bins": [
    {
      "bin": 7,
      "lower": 0.7,
      "upper": 0.8,
      "p_mean": 0.782,
      "y_rate": 1,
      "n": 1
    }
  ]
}