{"season":2023,"week":4,"per_model":{"logistic":{"logloss":0.03209118861836082,"brier":0.005026357142857143,"auc":1,"accuracy":1,"n":14},"decision_tree":{"logloss":0.7139563346452997,"brier":0.2533526428571428,"auc":0.5408163265306123,"accuracy":0.6428571428571429,"n":14},"bt":{"logloss":0.6086567090217321,"brier":0.20905192857142854,"auc":0.7346938775510204,"accuracy":0.7142857142857143,"n":14},"ann":{"logloss":0.5850741782254486,"brier":0.19929842857142854,"auc":0.8163265306122449,"accuracy":0.6428571428571429,"n":14},"blended":{"logloss":0.05052599986769619,"brier":0.005663500000000002,"auc":1,"accuracy":1,"n":14}},"calibration_bins":[{"bin":0,"lower":0,"upper":0.1,"p_mean":0.043333333333333335,"y_rate":0,"n":6},{"bin":2,"lower":0.2,"upper":0.3,"p_mean":0.25,"y_rate":0,"n":1},{"bin":9,"lower":0.9,"upper":1,"p_mean":0.9784285714285714,"y_rate":1,"n":7}]}