{"season":2002,"week":9,"per_model":{"logistic":{"logloss":0.7939969343770755,"brier":0.1587093,"auc":0.75,"accuracy":0.7,"n":10},"decision_tree":{"logloss":0.5577872545567065,"brier":0.1886876,"auc":0.75,"accuracy":0.7,"n":10},"bt":{"logloss":0.684196522270116,"brier":0.2455581,"auc":0.6666666666666666,"accuracy":0.5,"n":10},"ann":{"logloss":0.5116772257143644,"brier":0.1611868,"auc":1,"accuracy":1,"n":10},"blended":{"logloss":0.4736972522095678,"brier":0.148687,"auc":0.8333333333333334,"accuracy":0.7,"n":10}},"calibration_bins":[{"bin":0,"lower":0,"upper":0.1,"p_mean":0.06125,"y_rate":0.25,"n":4},{"bin":1,"lower":0.1,"upper":0.2,"p_mean":0.124,"y_rate":0,"n":1},{"bin":5,"lower":0.5,"upper":0.6,"p_mean":0.538,"y_rate":0,"n":2},{"bin":9,"lower":0.9,"upper":1,"p_mean":0.955,"y_rate":1,"n":3}]}