{"season":2003,"week":5,"per_model":{"logistic":{"logloss":0.08533587805212128,"brier":0.022720416666666663,"auc":1,"accuracy":0.9166666666666666,"n":12},"decision_tree":{"logloss":0.40339283251188296,"brier":0.11681766666666665,"auc":0.921875,"accuracy":0.9166666666666666,"n":12},"bt":{"logloss":0.7120086489364473,"brier":0.2565786666666667,"auc":0.59375,"accuracy":0.5833333333333334,"n":12},"ann":{"logloss":0.6220889110322397,"brier":0.21551958333333332,"auc":0.65625,"accuracy":0.75,"n":12},"blended":{"logloss":0.14819613315353017,"brier":0.034461666666666675,"auc":1,"accuracy":0.9166666666666666,"n":12}},"calibration_bins":[{"bin":0,"lower":0,"upper":0.1,"p_mean":0.05075,"y_rate":0,"n":4},{"bin":4,"lower":0.4,"upper":0.5,"p_mean":0.43,"y_rate":1,"n":1},{"bin":8,"lower":0.8,"upper":0.9,"p_mean":0.8394999999999999,"y_rate":1,"n":2},{"bin":9,"lower":0.9,"upper":1,"p_mean":0.9276,"y_rate":1,"n":5}]}