{"season":2023,"week":22,"per_model":{"logistic":{"logloss":0.37542098675978763,"brier":0.09796899999999996,"auc":null,"accuracy":1,"n":1},"decision_tree":{"logloss":0.0650719967437148,"brier":0.003968999999999993,"auc":null,"accuracy":1,"n":1},"bt":{"logloss":0.8486320834003402,"brier":0.3271840000000001,"auc":null,"accuracy":0,"n":1},"ann":{"logloss":0.4668087383492163,"brier":0.139129,"auc":null,"accuracy":1,"n":1},"blended":{"logloss":0.3523983871714722,"brier":0.08820900000000002,"auc":null,"accuracy":1,"n":1}},"calibration_bins":[{"bin":7,"lower":0.7,"upper":0.8,"p_mean":0.703,"y_rate":1,"n":1}]}