{"season":2015,"week":19,"per_model":{"logistic":{"logloss":11.064985597663215,"brier":0.9925282500000001,"auc":null,"accuracy":0,"n":4},"decision_tree":{"logloss":0.03459144476961909,"brier":0.001156000000000002,"auc":null,"accuracy":1,"n":4},"bt":{"logloss":0.9406306397991596,"brier":0.36887274999999997,"auc":null,"accuracy":0.25,"n":4},"ann":{"logloss":0.31737686745153326,"brier":0.07560449999999999,"auc":null,"accuracy":1,"n":4},"blended":{"logloss":1.5020505675343392,"brier":0.60415125,"auc":null,"accuracy":0,"n":4}},"calibration_bins":[{"bin":2,"lower":0.2,"upper":0.3,"p_mean":0.22275,"y_rate":1,"n":4}]}