{"season":2020,"week":4,"per_model":{"logistic":{"logloss":0.5392217392799186,"brier":0.07693938461538462,"auc":0.9444444444444444,"accuracy":0.9230769230769231,"n":13},"decision_tree":{"logloss":0.5453591571319972,"brier":0.18209561538461536,"auc":0.7083333333333334,"accuracy":0.7692307692307693,"n":13},"bt":{"logloss":0.6986054876687859,"brier":0.2523093076923077,"auc":0.6111111111111112,"accuracy":0.5384615384615384,"n":13},"ann":{"logloss":0.5134608315740937,"brier":0.17109738461538462,"auc":0.8888888888888888,"accuracy":0.6923076923076923,"n":13},"blended":{"logloss":0.36814377834284034,"brier":0.07613600000000001,"auc":0.9444444444444444,"accuracy":0.9230769230769231,"n":13}},"calibration_bins":[{"bin":0,"lower":0,"upper":0.1,"p_mean":0.036375,"y_rate":0,"n":8},{"bin":9,"lower":0.9,"upper":1,"p_mean":0.9846,"y_rate":0.8,"n":5}]}