{"season":2022,"week":22,"per_model":{"logistic":{"logloss":0.7360546815712219,"brier":0.27144100000000004,"auc":null,"accuracy":0,"n":1},"decision_tree":{"logloss":2.234926444520231,"brier":0.7974490000000001,"auc":null,"accuracy":0,"n":1},"bt":{"logloss":1.1907275775759152,"brier":0.48441599999999996,"auc":null,"accuracy":0,"n":1},"ann":{"logloss":1.6245515502441488,"brier":0.6448090000000001,"auc":null,"accuracy":0,"n":1},"blended":{"logloss":0.9238189982949466,"brier":0.36360899999999996,"auc":null,"accuracy":0,"n":1}},"calibration_bins":[{"bin":6,"lower":0.6,"upper":0.7,"p_mean":0.603,"y_rate":0,"n":1}]}