{"season":2001,"week":20,"per_model":{"logistic":{"logloss":0.004008021397538822,"brier":0.000016,"auc":null,"accuracy":1,"n":1},"decision_tree":{"logloss":1.737271283943985,"brier":0.6789759999999999,"auc":null,"accuracy":0,"n":1},"bt":{"logloss":1.2140231401794372,"brier":0.49420899999999995,"auc":null,"accuracy":0,"n":1},"ann":{"logloss":1.826350913997674,"brier":0.7039209999999999,"auc":null,"accuracy":0,"n":1},"blended":{"logloss":0.09321238172217869,"brier":0.007921,"auc":null,"accuracy":1,"n":1}},"calibration_bins":[{"bin":0,"lower":0,"upper":0.1,"p_mean":0.089,"y_rate":0,"n":1}]}