{
  "season": 2025,
  "latest_completed_week": 6,
  "cumulative": {
    "logistic": {
      "logloss": 2.3748987158607697,
      "brier": 0.23005654347826077,
      "auc": 0.7521634615384616,
      "accuracy": 0.717391304347826,
      "n": 92
    },
    "decision_tree": {
      "logloss": 0.6394794432646252,
      "brier": 0.2197952608695653,
      "auc": 0.6778846153846154,
      "accuracy": 0.6521739130434783,
      "n": 92
    },
    "bt": {
      "logloss": 1.2653949107309008,
      "brier": 0.28787041304347827,
      "auc": 0.6045673076923077,
      "accuracy": 0.5760869565217391,
      "n": 92
    },
    "ann": {
      "logloss": 0.6857288930893226,
      "brier": 0.24629589130434776,
      "auc": 0.5805288461538461,
      "accuracy": 0.6195652173913043,
      "n": 92
    },
    "blended": {
      "logloss": 0.6708410151324911,
      "brier": 0.2065669565217392,
      "auc": 0.7663461538461539,
      "accuracy": 0.7282608695652174,
      "n": 92
    }
  },
  "weeks": [
    {
      "week": 1,
      "per_model": {
        "logistic": {
          "logloss": 0.6931471805599453,
          "brier": 0.25,
          "auc": 0.5,
          "accuracy": 0.5625,
          "n": 16
        },
        "decision_tree": {
          "logloss": 0.6931471805599453,
          "brier": 0.25,
          "auc": 0.5,
          "accuracy": 0.5625,
          "n": 16
        },
        "bt": {
          "logloss": 0.6931471805599453,
          "brier": 0.25,
          "auc": 0.5,
          "accuracy": 0.5625,
          "n": 16
        },
        "ann": {
          "logloss": 0.6931471805599453,
          "brier": 0.25,
          "auc": 0.5,
          "accuracy": 0.5625,
          "n": 16
        },
        "blended": {
          "logloss": 0.6931471805599453,
          "brier": 0.25,
          "auc": 0.5,
          "accuracy": 0.5625,
          "n": 16
        }
      }
    },
    {
      "week": 2,
      "per_model": {
        "logistic": {
          "logloss": 8.658778906769989,
          "brier": 0.3187815625,
          "auc": 0.6904761904761905,
          "accuracy": 0.6875,
          "n": 16
        },
        "decision_tree": {
          "logloss": 0.5245112993213901,
          "brier": 0.16881849999999998,
          "auc": 0.8333333333333334,
          "accuracy": 0.8125,
          "n": 16
        },
        "bt": {
          "logloss": 2.39175978984456,
          "brier": 0.20781937500000003,
          "auc": 0.7936507936507936,
          "accuracy": 0.6875,
          "n": 16
        },
        "ann": {
          "logloss": 0.6985535620806975,
          "brier": 0.252702,
          "auc": 0.5,
          "accuracy": 0.4375,
          "n": 16
        },
        "blended": {
          "logloss": 0.8142156594018382,
          "brier": 0.200936125,
          "auc": 0.7777777777777778,
          "accuracy": 0.8125,
          "n": 16
        }
      }
    },
    {
      "week": 3,
      "per_model": {
        "logistic": {
          "logloss": 0.6457358817760338,
          "brier": 0.2027506875,
          "auc": 0.8958333333333334,
          "accuracy": 0.75,
          "n": 16
        },
        "decision_tree": {
          "logloss": 0.46037955729078783,
          "brier": 0.1439635,
          "auc": 0.8125,
          "accuracy": 0.75,
          "n": 16
        },
        "bt": {
          "logloss": 1.2085232168086142,
          "brier": 0.30138262499999996,
          "auc": 0.8125,
          "accuracy": 0.6875,
          "n": 16
        },
        "ann": {
          "logloss": 0.6787690775814306,
          "brier": 0.2428251875,
          "auc": 0.7291666666666666,
          "accuracy": 0.75,
          "n": 16
        },
        "blended": {
          "logloss": 0.6445694107036803,
          "brier": 0.20760768749999997,
          "auc": 0.8958333333333334,
          "accuracy": 0.75,
          "n": 16
        }
      }
    },
    {
      "week": 4,
      "per_model": {
        "logistic": {
          "logloss": 2.4533613449846308,
          "brier": 0.25156480000000003,
          "auc": 0.6477272727272727,
          "accuracy": 0.7333333333333333,
          "n": 15
        },
        "decision_tree": {
          "logloss": 0.6210562787167847,
          "brier": 0.21489946666666668,
          "auc": 0.5681818181818182,
          "accuracy": 0.6,
          "n": 15
        },
        "bt": {
          "logloss": 1.0213850798856687,
          "brier": 0.3287808,
          "auc": 0.5454545454545454,
          "accuracy": 0.4,
          "n": 15
        },
        "ann": {
          "logloss": 0.6685335555859775,
          "brier": 0.23770673333333334,
          "auc": 0.7954545454545454,
          "accuracy": 0.7333333333333333,
          "n": 15
        },
        "blended": {
          "logloss": 0.6380212063572994,
          "brier": 0.21715573333333335,
          "auc": 0.5681818181818182,
          "accuracy": 0.6666666666666666,
          "n": 15
        }
      }
    },
    {
      "week": 5,
      "per_model": {
        "logistic": {
          "logloss": 1.3696449895109912,
          "brier": 0.302452,
          "auc": 0.9,
          "accuracy": 0.6428571428571429,
          "n": 14
        },
        "decision_tree": {
          "logloss": 0.8555099158509271,
          "brier": 0.2998437142857143,
          "auc": 0.65,
          "accuracy": 0.6428571428571429,
          "n": 14
        },
        "bt": {
          "logloss": 1.4071282218316539,
          "brier": 0.36774364285714284,
          "auc": 0.55,
          "accuracy": 0.5714285714285714,
          "n": 14
        },
        "ann": {
          "logloss": 0.6999795064503623,
          "brier": 0.2534135,
          "auc": 0.725,
          "accuracy": 0.42857142857142855,
          "n": 14
        },
        "blended": {
          "logloss": 1.043281055552054,
          "brier": 0.3112708571428571,
          "auc": 0.8375,
          "accuracy": 0.6428571428571429,
          "n": 14
        }
      }
    },
    {
      "week": 6,
      "per_model": {
        "logistic": {
          "logloss": 0.17017602170480114,
          "brier": 0.0541924,
          "auc": 1,
          "accuracy": 0.9333333333333333,
          "n": 15
        },
        "decision_tree": {
          "logloss": 0.7127011455284555,
          "brier": 0.25302319999999995,
          "auc": 0.5555555555555556,
          "accuracy": 0.5333333333333333,
          "n": 15
        },
        "bt": {
          "logloss": 0.8467251658603185,
          "brier": 0.28378153333333334,
          "auc": 0.5277777777777778,
          "accuracy": 0.5333333333333333,
          "n": 15
        },
        "ann": {
          "logloss": 0.6754549744379859,
          "brier": 0.2411598,
          "auc": 0.7777777777777778,
          "accuracy": 0.8,
          "n": 15
        },
        "blended": {
          "logloss": 0.2073469672302352,
          "brier": 0.05682206666666667,
          "auc": 1,
          "accuracy": 0.9333333333333333,
          "n": 15
        }
      }
    }
  ]
}