{
  "season": 2025,
  "week": 0,
  "aggregation_scope": "season",
  "latest_completed_week": 6,
  "per_model": {
    "logistic": {
      "logloss": 1.9564586192323143,
      "brier": 0.21532671250000016,
      "auc": 0.7784126984126984,
      "accuracy": 0.725,
      "n": 80
    },
    "decision_tree": {
      "logloss": 0.6654971085192407,
      "brier": 0.23136800000000016,
      "auc": 0.653015873015873,
      "accuracy": 0.6125,
      "n": 80
    },
    "bt": {
      "logloss": 1.88288893098708,
      "brier": 0.29142464999999995,
      "auc": 0.6104761904761905,
      "accuracy": 0.5875,
      "n": 80
    },
    "ann": {
      "logloss": 0.682566478399151,
      "brier": 0.24169136249999998,
      "auc": 0.6387301587301587,
      "accuracy": 0.6125,
      "n": 80
    },
    "blended": {
      "logloss": 0.6690302410752439,
      "brier": 0.20936700000000008,
      "auc": 0.7609523809523809,
      "accuracy": 0.675,
      "n": 80
    }
  },
  "weeks": [
    {
      "week": 1,
      "per_model": {
        "logistic": {
          "logloss": 0.6931471805599453,
          "brier": 0.25,
          "auc": 0.5,
          "accuracy": 0.5,
          "n": 14
        },
        "decision_tree": {
          "logloss": 0.6931471805599453,
          "brier": 0.25,
          "auc": 0.5,
          "accuracy": 0.5,
          "n": 14
        },
        "bt": {
          "logloss": 0.6931471805599453,
          "brier": 0.25,
          "auc": 0.5,
          "accuracy": 0.5,
          "n": 14
        },
        "ann": {
          "logloss": 0.6931471805599453,
          "brier": 0.25,
          "auc": 0.5,
          "accuracy": 0.5,
          "n": 14
        },
        "blended": {
          "logloss": 0.6931471805599453,
          "brier": 0.25,
          "auc": 0.5,
          "accuracy": 0.5,
          "n": 14
        }
      }
    },
    {
      "week": 2,
      "per_model": {
        "logistic": {
          "logloss": 6.366131553274475,
          "brier": 0.2854435714285714,
          "auc": 0.7604166666666666,
          "accuracy": 0.7142857142857143,
          "n": 14
        },
        "decision_tree": {
          "logloss": 0.5482507936528644,
          "brier": 0.1799602857142857,
          "auc": 0.8125,
          "accuracy": 0.7857142857142857,
          "n": 14
        },
        "bt": {
          "logloss": 4.2786916127695935,
          "brier": 0.2614593571428571,
          "auc": 0.75,
          "accuracy": 0.6428571428571429,
          "n": 14
        },
        "ann": {
          "logloss": 0.6761188683035778,
          "brier": 0.24150042857142853,
          "auc": 0.8333333333333334,
          "accuracy": 0.5714285714285714,
          "n": 14
        },
        "blended": {
          "logloss": 0.9897705701180415,
          "brier": 0.2459845714285714,
          "auc": 0.7708333333333334,
          "accuracy": 0.6428571428571429,
          "n": 14
        }
      }
    },
    {
      "week": 3,
      "per_model": {
        "logistic": {
          "logloss": 0.5757213489772859,
          "brier": 0.18483321428571428,
          "auc": 0.9,
          "accuracy": 0.7142857142857143,
          "n": 14
        },
        "decision_tree": {
          "logloss": 0.4492505566602264,
          "brier": 0.13844914285714283,
          "auc": 0.825,
          "accuracy": 0.7857142857142857,
          "n": 14
        },
        "bt": {
          "logloss": 2.7393841064787803,
          "brier": 0.272107,
          "auc": 0.7875,
          "accuracy": 0.7142857142857143,
          "n": 14
        },
        "ann": {
          "logloss": 0.6694101940915406,
          "brier": 0.23553514285714286,
          "auc": 0.75,
          "accuracy": 0.7142857142857143,
          "n": 14
        },
        "blended": {
          "logloss": 0.6007730617242123,
          "brier": 0.1936457857142857,
          "auc": 0.9,
          "accuracy": 0.7142857142857143,
          "n": 14
        }
      }
    },
    {
      "week": 4,
      "per_model": {
        "logistic": {
          "logloss": 2.7523328682905635,
          "brier": 0.2424549230769231,
          "auc": 0.5833333333333334,
          "accuracy": 0.7692307692307693,
          "n": 13
        },
        "decision_tree": {
          "logloss": 0.5614391284659069,
          "brier": 0.19150492307692307,
          "auc": 0.6333333333333333,
          "accuracy": 0.6153846153846154,
          "n": 13
        },
        "bt": {
          "logloss": 1.0959905943968369,
          "brier": 0.32434892307692303,
          "auc": 0.6,
          "accuracy": 0.46153846153846156,
          "n": 13
        },
        "ann": {
          "logloss": 0.6183781749623518,
          "brier": 0.214572,
          "auc": 0.7,
          "accuracy": 0.6153846153846154,
          "n": 13
        },
        "blended": {
          "logloss": 0.6049927759389431,
          "brier": 0.19734961538461537,
          "auc": 0.6333333333333333,
          "accuracy": 0.7692307692307693,
          "n": 13
        }
      }
    },
    {
      "week": 5,
      "per_model": {
        "logistic": {
          "logloss": 0.9533219150214588,
          "brier": 0.26560025000000004,
          "auc": 0.8888888888888888,
          "accuracy": 0.75,
          "n": 12
        },
        "decision_tree": {
          "logloss": 1.081129208587823,
          "brier": 0.39747366666666656,
          "auc": 0.6666666666666666,
          "accuracy": 0.4166666666666667,
          "n": 12
        },
        "bt": {
          "logloss": 1.4831506627893318,
          "brier": 0.367886,
          "auc": 0.5925925925925926,
          "accuracy": 0.5833333333333334,
          "n": 12
        },
        "ann": {
          "logloss": 0.9290773040601388,
          "brier": 0.34533450000000004,
          "auc": 0.6666666666666666,
          "accuracy": 0.4166666666666667,
          "n": 12
        },
        "blended": {
          "logloss": 0.90072446106939,
          "brier": 0.306156,
          "auc": 0.9259259259259259,
          "accuracy": 0.5,
          "n": 12
        }
      }
    },
    {
      "week": 6,
      "per_model": {
        "logistic": {
          "logloss": 0.18511523932203822,
          "brier": 0.061780384615384626,
          "auc": 1,
          "accuracy": 0.9230769230769231,
          "n": 13
        },
        "decision_tree": {
          "logloss": 0.7152638520158524,
          "brier": 0.2532661538461538,
          "auc": 0.5,
          "accuracy": 0.5384615384615384,
          "n": 13
        },
        "bt": {
          "logloss": 0.8175621693091595,
          "brier": 0.28560576923076925,
          "auc": 0.4166666666666667,
          "accuracy": 0.6153846153846154,
          "n": 13
        },
        "ann": {
          "logloss": 0.5289236113329963,
          "brier": 0.1710277692307692,
          "auc": 0.9166666666666666,
          "accuracy": 0.8461538461538461,
          "n": 13
        },
        "blended": {
          "logloss": 0.221319099411522,
          "brier": 0.0657783076923077,
          "auc": 1,
          "accuracy": 0.9230769230769231,
          "n": 13
        }
      }
    }
  ]
}