{"season":2019,"week":20,"per_model":{"logistic":{"logloss":1.4462269620502446,"brier":0.44561799999999996,"auc":null,"accuracy":0.5,"n":2},"decision_tree":{"logloss":0.1972321695297089,"brier":0.032041000000000014,"auc":null,"accuracy":1,"n":2},"bt":{"logloss":0.6016598421609566,"brier":0.204804,"auc":null,"accuracy":1,"n":2},"ann":{"logloss":0.3194431469167542,"brier":0.080698,"auc":null,"accuracy":1,"n":2},"blended":{"logloss":0.8043990585733806,"brier":0.31204000000000004,"auc":null,"accuracy":0.5,"n":2}},"calibration_bins":[{"bin":2,"lower":0.2,"upper":0.3,"p_mean":0.212,"y_rate":1,"n":1},{"bin":9,"lower":0.9,"upper":1,"p_mean":0.944,"y_rate":1,"n":1}]}