{"season":2009,"week":5,"per_model":{"logistic":{"logloss":0.12170714296651824,"brier":0.04421527272727273,"auc":1,"accuracy":0.9090909090909091,"n":11},"decision_tree":{"logloss":0.9454068883341208,"brier":0.3392924545454546,"auc":0.55,"accuracy":0.45454545454545453,"n":11},"bt":{"logloss":0.7654688310420745,"brier":0.2820958181818182,"auc":0.43333333333333335,"accuracy":0.45454545454545453,"n":11},"ann":{"logloss":0.5484741210372827,"brier":0.17911036363636362,"auc":0.8333333333333334,"accuracy":0.8181818181818182,"n":11},"blended":{"logloss":0.17077673066032714,"brier":0.05298409090909091,"auc":1,"accuracy":0.9090909090909091,"n":11}},"calibration_bins":[{"bin":0,"lower":0,"upper":0.1,"p_mean":0.042749999999999996,"y_rate":0,"n":4},{"bin":2,"lower":0.2,"upper":0.3,"p_mean":0.238,"y_rate":0,"n":1},{"bin":7,"lower":0.7,"upper":0.8,"p_mean":0.716,"y_rate":0,"n":1},{"bin":9,"lower":0.9,"upper":1,"p_mean":0.966,"y_rate":1,"n":5}]}