{"season":2011,"week":10,"per_model":{"logistic":{"logloss":1.3867424343892405,"brier":0.2953993076923077,"auc":0.6666666666666666,"accuracy":0.6923076923076923,"n":13},"decision_tree":{"logloss":0.8397465888652343,"brier":0.2323503846153846,"auc":0.6785714285714286,"accuracy":0.7692307692307693,"n":13},"bt":{"logloss":0.573519261891619,"brier":0.1950712307692308,"auc":0.7619047619047619,"accuracy":0.6153846153846154,"n":13},"ann":{"logloss":0.6954980392779722,"brier":0.2510801538461539,"auc":0.6904761904761905,"accuracy":0.6153846153846154,"n":13},"blended":{"logloss":0.841677891019599,"brier":0.2647494615384615,"auc":0.7380952380952381,"accuracy":0.6923076923076923,"n":13}},"calibration_bins":[{"bin":0,"lower":0,"upper":0.1,"p_mean":0.07025,"y_rate":0.25,"n":4},{"bin":1,"lower":0.1,"upper":0.2,"p_mean":0.127,"y_rate":0.3333333333333333,"n":3},{"bin":8,"lower":0.8,"upper":0.9,"p_mean":0.894,"y_rate":1,"n":1},{"bin":9,"lower":0.9,"upper":1,"p_mean":0.945,"y_rate":0.6,"n":5}]}