{"season":2007,"week":10,"per_model":{"logistic":{"logloss":3.122004287670866,"brier":0.22496899999999997,"auc":0.8333333333333334,"accuracy":0.7,"n":10},"decision_tree":{"logloss":0.2944930013446959,"brier":0.09412120000000002,"auc":0.9375,"accuracy":0.8,"n":10},"bt":{"logloss":0.9463399453047796,"brier":0.3479997,"auc":0.375,"accuracy":0.5,"n":10},"ann":{"logloss":0.6612625006744387,"brier":0.23647809999999997,"auc":0.875,"accuracy":0.6,"n":10},"blended":{"logloss":0.6192427811900785,"brier":0.19915500000000003,"auc":0.875,"accuracy":0.7,"n":10}},"calibration_bins":[{"bin":0,"lower":0,"upper":0.1,"p_mean":0.07625,"y_rate":0,"n":4},{"bin":1,"lower":0.1,"upper":0.2,"p_mean":0.16599999999999998,"y_rate":0.5,"n":2},{"bin":3,"lower":0.3,"upper":0.4,"p_mean":0.394,"y_rate":1,"n":1},{"bin":9,"lower":0.9,"upper":1,"p_mean":0.9416666666666668,"y_rate":0.6666666666666666,"n":3}]}