{"season":2009,"week":20,"per_model":{"logistic":{"logloss":3.702667837999053,"brier":0.74021,"auc":null,"accuracy":0,"n":2},"decision_tree":{"logloss":0.1935847490726654,"brier":0.030976000000000017,"auc":null,"accuracy":1,"n":2},"bt":{"logloss":0.6128059584647095,"brier":0.21132250000000002,"auc":null,"accuracy":0.5,"n":2},"ann":{"logloss":0.4885248688598596,"brier":0.149572,"auc":null,"accuracy":1,"n":2},"blended":{"logloss":1.9874814026010101,"brier":0.6777845,"auc":null,"accuracy":0,"n":2}},"calibration_bins":[{"bin":0,"lower":0,"upper":0.1,"p_mean":0.06,"y_rate":1,"n":1},{"bin":3,"lower":0.3,"upper":0.4,"p_mean":0.313,"y_rate":1,"n":1}]}