{"season":2014,"week":16,"per_model":{"logistic":{"logloss":0.4549180267101233,"brier":0.15304816666666668,"auc":0.8857142857142857,"accuracy":0.8333333333333334,"n":12},"decision_tree":{"logloss":0.6178198634044697,"brier":0.19054916666666669,"auc":0.8285714285714286,"accuracy":0.75,"n":12},"bt":{"logloss":0.6030969540806318,"brier":0.20816016666666667,"auc":0.8,"accuracy":0.5833333333333334,"n":12},"ann":{"logloss":0.550745341925459,"brier":0.18683933333333336,"auc":0.8571428571428571,"accuracy":0.6666666666666666,"n":12},"blended":{"logloss":0.40050645857535744,"brier":0.13251566666666667,"auc":0.8857142857142857,"accuracy":0.8333333333333334,"n":12}},"calibration_bins":[{"bin":0,"lower":0,"upper":0.1,"p_mean":0.051333333333333335,"y_rate":0,"n":3},{"bin":1,"lower":0.1,"upper":0.2,"p_mean":0.1735,"y_rate":0.5,"n":2},{"bin":6,"lower":0.6,"upper":0.7,"p_mean":0.6755,"y_rate":0.75,"n":4},{"bin":9,"lower":0.9,"upper":1,"p_mean":0.957,"y_rate":1,"n":3}]}