{"season":2022,"week":20,"per_model":{"logistic":{"logloss":0.1619012783310703,"brier":0.03145733333333333,"auc":1,"accuracy":1,"n":3},"decision_tree":{"logloss":0.7712858362054207,"brier":0.26320566666666667,"auc":0.25,"accuracy":0.6666666666666666,"n":3},"bt":{"logloss":0.6154350683227068,"brier":0.21885466666666667,"auc":0.5,"accuracy":0.6666666666666666,"n":3},"ann":{"logloss":0.5970343215914234,"brier":0.20277766666666666,"auc":1,"accuracy":0.6666666666666666,"n":3},"blended":{"logloss":0.19450915499511526,"brier":0.03880933333333333,"auc":1,"accuracy":1,"n":3}},"calibration_bins":[{"bin":2,"lower":0.2,"upper":0.3,"p_mean":0.246,"y_rate":0,"n":1},{"bin":7,"lower":0.7,"upper":0.8,"p_mean":0.766,"y_rate":1,"n":1},{"bin":9,"lower":0.9,"upper":1,"p_mean":0.966,"y_rate":1,"n":1}]}