{"season":2014,"week":6,"per_model":{"logistic":{"logloss":0.3468540147848443,"brier":0.08679945454545455,"auc":1,"accuracy":0.9090909090909091,"n":11},"decision_tree":{"logloss":0.7292163139385089,"brier":0.25966463636363635,"auc":0.75,"accuracy":0.45454545454545453,"n":11},"bt":{"logloss":0.6918281442476562,"brier":0.24935863636363634,"auc":0.75,"accuracy":0.45454545454545453,"n":11},"ann":{"logloss":0.48204120985016446,"brier":0.15237999999999996,"auc":0.9583333333333334,"accuracy":0.8181818181818182,"n":11},"blended":{"logloss":0.26353339846778884,"brier":0.07778463636363636,"auc":1,"accuracy":0.9090909090909091,"n":11}},"calibration_bins":[{"bin":0,"lower":0,"upper":0.1,"p_mean":0.047888888888888884,"y_rate":0.1111111111111111,"n":9},{"bin":9,"lower":0.9,"upper":1,"p_mean":0.955,"y_rate":1,"n":2}]}