{"season":2019,"week":19,"per_model":{"logistic":{"logloss":2.299494278248446,"brier":0.49970225,"auc":1,"accuracy":0.5,"n":4},"decision_tree":{"logloss":0.16572293535364876,"brier":0.026244750000000015,"auc":1,"accuracy":1,"n":4},"bt":{"logloss":0.9073273206652046,"brier":0.35046875,"auc":0.3333333333333333,"accuracy":0.25,"n":4},"ann":{"logloss":0.5290656995422689,"brier":0.17649550000000003,"auc":0.6666666666666666,"accuracy":0.75,"n":4},"blended":{"logloss":1.3643754254973932,"brier":0.441399,"auc":1,"accuracy":0.5,"n":4}},"calibration_bins":[{"bin":0,"lower":0,"upper":0.1,"p_mean":0.07466666666666667,"y_rate":0.6666666666666666,"n":3},{"bin":7,"lower":0.7,"upper":0.8,"p_mean":0.746,"y_rate":1,"n":1}]}