{"season":2020,"week":20,"per_model":{"logistic":{"logloss":6.561181688702163,"brier":0.9970025,"auc":0,"accuracy":0,"n":2},"decision_tree":{"logloss":1.4881020968732226,"brier":0.44912649999999993,"auc":1,"accuracy":0.5,"n":2},"bt":{"logloss":0.5899117143464698,"brier":0.199165,"auc":1,"accuracy":1,"n":2},"ann":{"logloss":0.974469866807839,"brier":0.367657,"auc":0,"accuracy":0.5,"n":2},"blended":{"logloss":3.239286822128328,"brier":0.9143359999999999,"auc":0,"accuracy":0,"n":2}},"calibration_bins":[{"bin":0,"lower":0,"upper":0.1,"p_mean":0.064,"y_rate":1,"n":1},{"bin":9,"lower":0.9,"upper":1,"p_mean":0.976,"y_rate":0,"n":1}]}