{"season":2023,"week":0,"aggregation_scope":"season","latest_completed_week":22,"per_model":{"logistic":{"logloss":1.2357582649839092,"brier":0.1669178479999999,"auc":0.8291077044025157,"accuracy":0.776,"n":250},"decision_tree":{"logloss":0.7216838251330585,"brier":0.24320300799999997,"auc":0.6752817085953878,"accuracy":0.648,"n":250},"bt":{"logloss":0.7189215530072807,"brier":0.260941296,"auc":0.5083202306079665,"accuracy":0.492,"n":250},"ann":{"logloss":0.6300314857773504,"brier":0.21971459200000013,"auc":0.6959840146750524,"accuracy":0.644,"n":250},"blended":{"logloss":0.48665369057123803,"brier":0.15931647200000013,"auc":0.8573768343815513,"accuracy":0.772,"n":250}},"weeks":[{"week":1,"per_model":{"logistic":{"logloss":0.6931471805599453,"brier":0.25,"auc":0.5,"accuracy":0.42857142857142855,"n":14},"decision_tree":{"logloss":0.6931471805599453,"brier":0.25,"auc":0.5,"accuracy":0.42857142857142855,"n":14},"bt":{"logloss":0.6931471805599453,"brier":0.25,"auc":0.5,"accuracy":0.42857142857142855,"n":14},"ann":{"logloss":0.6931471805599453,"brier":0.25,"auc":0.5,"accuracy":0.42857142857142855,"n":14},"blended":{"logloss":0.6931471805599453,"brier":0.25,"auc":0.5,"accuracy":0.42857142857142855,"n":14}}},{"week":2,"per_model":{"logistic":{"logloss":13.815521618947175,"brier":0.5,"auc":0.5,"accuracy":0.5,"n":14},"decision_tree":{"logloss":0.4176673020827852,"brier":0.11916328571428574,"auc":0.9285714285714286,"accuracy":0.9285714285714286,"n":14},"bt":{"logloss":0.8344977558557521,"brier":0.30665835714285716,"auc":0.4489795918367347,"accuracy":0.5,"n":14},"ann":{"logloss":0.693596198806205,"brier":0.2502245,"auc":0.3673469387755102,"accuracy":0.5,"n":14},"blended":{"logloss":1.1603666239729542,"brier":0.4017977142857143,"auc":0.35714285714285715,"accuracy":0.5,"n":14}}},{"week":3,"per_model":{"logistic":{"logloss":0.08373271435047351,"brier":0.01599792857142857,"auc":1,"accuracy":1,"n":14},"decision_tree":{"logloss":0.7165908761148035,"brier":0.26098542857142853,"auc":0.5729166666666666,"accuracy":0.5,"n":14},"bt":{"logloss":0.6856147552451933,"brier":0.24597942857142857,"auc":0.625,"accuracy":0.5714285714285714,"n":14},"ann":{"logloss":0.6934514518062459,"brier":0.2501521428571428,"auc":0.5,"accuracy":0.5,"n":14},"blended":{"logloss":0.13895598159663144,"brier":0.029576928571428577,"auc":1,"accuracy":1,"n":14}}},{"week":4,"per_model":{"logistic":{"logloss":0.03209118861836082,"brier":0.005026357142857143,"auc":1,"accuracy":1,"n":14},"decision_tree":{"logloss":0.7139563346452997,"brier":0.2533526428571428,"auc":0.5408163265306123,"accuracy":0.6428571428571429,"n":14},"bt":{"logloss":0.6086567090217321,"brier":0.20905192857142854,"auc":0.7346938775510204,"accuracy":0.7142857142857143,"n":14},"ann":{"logloss":0.5850741782254486,"brier":0.19929842857142854,"auc":0.8163265306122449,"accuracy":0.6428571428571429,"n":14},"blended":{"logloss":0.05052599986769619,"brier":0.005663500000000002,"auc":1,"accuracy":1,"n":14}}},{"week":5,"per_model":{"logistic":{"logloss":0.2875020840454763,"brier":0.09913683333333334,"auc":0.9714285714285714,"accuracy":0.8333333333333334,"n":12},"decision_tree":{"logloss":0.7187431361873933,"brier":0.25738333333333335,"auc":0.5857142857142857,"accuracy":0.5833333333333334,"n":12},"bt":{"logloss":0.7490727441586026,"brier":0.27746416666666673,"auc":0.42857142857142855,"accuracy":0.25,"n":12},"ann":{"logloss":0.554261218301424,"brier":0.18185475000000004,"auc":0.8571428571428571,"accuracy":0.8333333333333334,"n":12},"blended":{"logloss":0.31201469298398626,"brier":0.10258308333333332,"auc":0.9714285714285714,"accuracy":0.8333333333333334,"n":12}}},{"week":6,"per_model":{"logistic":{"logloss":0.3260300557096586,"brier":0.10659161538461538,"auc":0.975,"accuracy":0.8461538461538461,"n":13},"decision_tree":{"logloss":0.7596089044695034,"brier":0.2769836923076924,"auc":0.5625,"accuracy":0.6153846153846154,"n":13},"bt":{"logloss":0.7161703807677979,"brier":0.26076646153846156,"auc":0.4625,"accuracy":0.5384615384615384,"n":13},"ann":{"logloss":0.661223226725012,"brier":0.2336901538461539,"auc":0.775,"accuracy":0.6153846153846154,"n":13},"blended":{"logloss":0.38670198781678644,"brier":0.1261296153846154,"auc":0.975,"accuracy":0.7692307692307693,"n":13}}},{"week":7,"per_model":{"logistic":{"logloss":0.45695567565619266,"brier":0.16530727272727275,"auc":0.8333333333333334,"accuracy":0.7272727272727273,"n":11},"decision_tree":{"logloss":0.4364848372525296,"brier":0.13448763636363636,"auc":0.6666666666666666,"accuracy":0.8181818181818182,"n":11},"bt":{"logloss":0.690472718458672,"brier":0.24876381818181814,"auc":0.3888888888888889,"accuracy":0.45454545454545453,"n":11},"ann":{"logloss":0.6481153488032884,"brier":0.22868900000000003,"auc":0.5,"accuracy":0.7272727272727273,"n":11},"blended":{"logloss":0.4801587491870134,"brier":0.1693938181818182,"auc":0.8333333333333334,"accuracy":0.6363636363636364,"n":11}}},{"week":8,"per_model":{"logistic":{"logloss":0.49705421338967437,"brier":0.15672000000000003,"auc":0.9583333333333334,"accuracy":0.7857142857142857,"n":14},"decision_tree":{"logloss":0.5722588125502586,"brier":0.19887485714285716,"auc":0.7604166666666666,"accuracy":0.5714285714285714,"n":14},"bt":{"logloss":0.7316296974311959,"brier":0.2685490714285715,"auc":0.4583333333333333,"accuracy":0.5714285714285714,"n":14},"ann":{"logloss":0.7132591848085728,"brier":0.25993814285714284,"auc":0.5833333333333334,"accuracy":0.5,"n":14},"blended":{"logloss":0.47198322803216003,"brier":0.1518185714285714,"auc":0.8958333333333334,"accuracy":0.7857142857142857,"n":14}}},{"week":9,"per_model":{"logistic":{"logloss":0.26282162962052397,"brier":0.08694523076923075,"auc":0.9722222222222222,"accuracy":0.8461538461538461,"n":13},"decision_tree":{"logloss":1.1597474187409635,"brier":0.4107122307692308,"auc":0.5,"accuracy":0.46153846153846156,"n":13},"bt":{"logloss":0.6617514800717198,"brier":0.23433061538461536,"auc":0.6388888888888888,"accuracy":0.6153846153846154,"n":13},"ann":{"logloss":0.4557417944377417,"brier":0.1408140769230769,"auc":0.8888888888888888,"accuracy":0.8461538461538461,"n":13},"blended":{"logloss":0.2693473026713288,"brier":0.08357738461538461,"auc":0.9722222222222222,"accuracy":0.8461538461538461,"n":13}}},{"week":10,"per_model":{"logistic":{"logloss":0.8418719894428196,"brier":0.23709638461538463,"auc":0.8,"accuracy":0.6153846153846154,"n":13},"decision_tree":{"logloss":1.1548337408588656,"brier":0.3435141538461538,"auc":0.4,"accuracy":0.6153846153846154,"n":13},"bt":{"logloss":0.6037182848617976,"brier":0.2081583076923077,"auc":0.675,"accuracy":0.6153846153846154,"n":13},"ann":{"logloss":0.6919970050927013,"brier":0.24968392307692305,"auc":0.55,"accuracy":0.38461538461538464,"n":13},"blended":{"logloss":0.6746098980108939,"brier":0.2226353076923077,"auc":0.8,"accuracy":0.6923076923076923,"n":13}}},{"week":11,"per_model":{"logistic":{"logloss":0.587851997056084,"brier":0.11760958333333334,"auc":0.9259259259259259,"accuracy":0.9166666666666666,"n":12},"decision_tree":{"logloss":0.44277694454236943,"brier":0.15760733333333338,"auc":0.8518518518518519,"accuracy":0.75,"n":12},"bt":{"logloss":0.7192065355217307,"brier":0.25590825,"auc":0.5555555555555556,"accuracy":0.5833333333333334,"n":12},"ann":{"logloss":0.49965438431692916,"brier":0.1559445,"auc":1,"accuracy":0.9166666666666666,"n":12},"blended":{"logloss":0.4021868561285427,"brier":0.11286208333333335,"auc":0.9259259259259259,"accuracy":0.9166666666666666,"n":12}}},{"week":12,"per_model":{"logistic":{"logloss":0.6327285895732571,"brier":0.14351478571428572,"auc":0.8673469387755102,"accuracy":0.8571428571428571,"n":14},"decision_tree":{"logloss":0.8001682140465451,"brier":0.2725807142857143,"auc":0.6836734693877551,"accuracy":0.6428571428571429,"n":14},"bt":{"logloss":0.7175991483638243,"brier":0.2621515714285715,"auc":0.4387755102040816,"accuracy":0.42857142857142855,"n":14},"ann":{"logloss":0.648459414502657,"brier":0.22787349999999998,"auc":0.8367346938775511,