{
  "season": 2025,
  "latest_completed_week": 4,
  "cumulative": {
    "logistic": {
      "logloss": 0.4577921261723148,
      "brier": 0.15276039682539677,
      "auc": 0.8685897435897436,
      "accuracy": 0.7777777777777778,
      "n": 63
    },
    "decision_tree": {
      "logloss": 0.5660990017528319,
      "brier": 0.19226925396825406,
      "auc": 0.7628205128205128,
      "accuracy": 0.6666666666666666,
      "n": 63
    },
    "bt": {
      "logloss": 3.9578759142574045,
      "brier": 0.37903479365079346,
      "auc": 0.5219017094017094,
      "accuracy": 0.47619047619047616,
      "n": 63
    },
    "ann": {
      "logloss": 0.693020958169934,
      "brier": 0.2499368888888889,
      "auc": 0.5384615384615384,
      "accuracy": 0.5714285714285714,
      "n": 63
    },
    "blended": {
      "logloss": 0.8718472088984056,
      "brier": 0.2656241428571429,
      "auc": 0.6522435897435898,
      "accuracy": 0.6190476190476191,
      "n": 63
    }
  },
  "weeks": [
    {
      "week": 1,
      "per_model": {
        "logistic": {
          "logloss": 0.6931471805599453,
          "brier": 0.25,
          "auc": 0.5,
          "accuracy": 0.5625,
          "n": 16
        },
        "decision_tree": {
          "logloss": 0.6931471805599453,
          "brier": 0.25,
          "auc": 0.5,
          "accuracy": 0.5625,
          "n": 16
        },
        "bt": {
          "logloss": 0.6931471805599453,
          "brier": 0.25,
          "auc": 0.5,
          "accuracy": 0.5625,
          "n": 16
        },
        "ann": {
          "logloss": 0.6931471805599453,
          "brier": 0.25,
          "auc": 0.5,
          "accuracy": 0.5625,
          "n": 16
        },
        "blended": {
          "logloss": 0.6931471805599453,
          "brier": 0.25,
          "auc": 0.5,
          "accuracy": 0.5625,
          "n": 16
        }
      }
    },
    {
      "week": 2,
      "per_model": {
        "logistic": {
          "logloss": 0.2592618072973773,
          "brier": 0.08414837499999998,
          "auc": 0.9841269841269841,
          "accuracy": 0.875,
          "n": 16
        },
        "decision_tree": {
          "logloss": 0.5245112993213901,
          "brier": 0.16881849999999998,
          "auc": 0.8333333333333334,
          "accuracy": 0.8125,
          "n": 16
        },
        "bt": {
          "logloss": 5.672403545421614,
          "brier": 0.33560637499999996,
          "auc": 0.6984126984126984,
          "accuracy": 0.625,
          "n": 16
        },
        "ann": {
          "logloss": 0.6932728057278624,
          "brier": 0.2500628125,
          "auc": 0.3968253968253968,
          "accuracy": 0.375,
          "n": 16
        },
        "blended": {
          "logloss": 1.283207046500026,
          "brier": 0.33207718750000004,
          "auc": 0.6984126984126984,
          "accuracy": 0.625,
          "n": 16
        }
      }
    },
    {
      "week": 3,
      "per_model": {
        "logistic": {
          "logloss": 0.5167378767136439,
          "brier": 0.16086749999999997,
          "auc": 0.9270833333333334,
          "accuracy": 0.8125,
          "n": 16
        },
        "decision_tree": {
          "logloss": 0.46037955729078783,
          "brier": 0.1439635,
          "auc": 0.8125,
          "accuracy": 0.75,
          "n": 16
        },
        "bt": {
          "logloss": 6.121867601788012,
          "brier": 0.4443935625000001,
          "auc": 0.4791666666666667,
          "accuracy": 0.375,
          "n": 16
        },
        "ann": {
          "logloss": 0.6933976808942793,
          "brier": 0.25012524999999997,
          "auc": 0.5,
          "accuracy": 0.625,
          "n": 16
        },
        "blended": {
          "logloss": 0.9586557057300242,
          "brier": 0.2983551875,
          "auc": 0.625,
          "accuracy": 0.5625,
          "n": 16
        }
      }
    },
    {
      "week": 4,
      "per_model": {
        "logistic": {
          "logloss": 0.3556369410480254,
          "brier": 0.11357673333333333,
          "auc": 0.9318181818181818,
          "accuracy": 0.8666666666666667,
          "n": 15
        },
        "decision_tree": {
          "logloss": 0.5877085677116299,
          "brier": 0.20723006666666668,
          "auc": 0.6818181818181818,
          "accuracy": 0.5333333333333333,
          "n": 15
        },
        "bt": {
          "logloss": 3.303165956926889,
          "brier": 0.4932795333333334,
          "auc": 0.4090909090909091,
          "accuracy": 0.3333333333333333,
          "n": 15
        },
        "ann": {
          "logloss": 0.6922158459861646,
          "brier": 0.24953433333333327,
          "auc": 0.5,
          "accuracy": 0.7333333333333333,
          "n": 15
        },
        "blended": {
          "logloss": 0.5310810157306413,
          "brier": 0.17649353333333334,
          "auc": 0.8409090909090909,
          "accuracy": 0.7333333333333333,
          "n": 15
        }
      }
    }
  ]
}