{"season":2010,"week":3,"per_model":{"logistic":{"logloss":0.04434974032031195,"brier":0.012400083333333334,"auc":1,"accuracy":1,"n":12},"decision_tree":{"logloss":0.681474145829254,"brier":0.2425545,"auc":0.6857142857142857,"accuracy":0.5,"n":12},"bt":{"logloss":0.7115980399774441,"brier":0.258457,"auc":0.6,"accuracy":0.4166666666666667,"n":12},"ann":{"logloss":0.685971782191666,"brier":0.246606,"auc":0.5142857142857142,"accuracy":0.4166666666666667,"n":12},"blended":{"logloss":0.06836194767128503,"brier":0.007911916666666668,"auc":1,"accuracy":1,"n":12}},"calibration_bins":[{"bin":0,"lower":0,"upper":0.1,"p_mean":0.05928571428571428,"y_rate":0,"n":7},{"bin":7,"lower":0.7,"upper":0.8,"p_mean":0.74,"y_rate":1,"n":1},{"bin":9,"lower":0.9,"upper":1,"p_mean":0.9774999999999999,"y_rate":1,"n":4}]}