{"season":2011,"week":1,"per_model":{"logistic":{"logloss":0.6931471805599453,"brier":0.25,"auc":0.5,"accuracy":0.6666666666666666,"n":12},"decision_tree":{"logloss":0.6931471805599453,"brier":0.25,"auc":0.5,"accuracy":0.6666666666666666,"n":12},"bt":{"logloss":0.6931471805599453,"brier":0.25,"auc":0.5,"accuracy":0.6666666666666666,"n":12},"ann":{"logloss":0.6931471805599453,"brier":0.25,"auc":0.5,"accuracy":0.6666666666666666,"n":12},"blended":{"logloss":0.6873085586836151,"brier":0.247081,"auc":0.5,"accuracy":0.6666666666666666,"n":12}},"calibration_bins":[{"bin":5,"lower":0.5,"upper":0.6,"p_mean":0.5090000000000001,"y_rate":0.6666666666666666,"n":12}]}