{
  "season": 2025,
  "latest_completed_week": 4,
  "cumulative": {
    "logistic": {
      "logloss": 0.6266943473304017,
      "brier": 0.18178530158730158,
      "auc": 0.7895299145299145,
      "accuracy": 0.7142857142857143,
      "n": 63
    },
    "decision_tree": {
      "logloss": 0.5740389329445353,
      "brier": 0.1940953015873017,
      "auc": 0.7339743589743589,
      "accuracy": 0.6825396825396826,
      "n": 63
    },
    "bt": {
      "logloss": 4.275620444035931,
      "brier": 0.35069134920634915,
      "auc": 0.5913461538461539,
      "accuracy": 0.5396825396825397,
      "n": 63
    },
    "ann": {
      "logloss": 0.6928320672638806,
      "brier": 0.24984244444444434,
      "auc": 0.47649572649572647,
      "accuracy": 0.6190476190476191,
      "n": 63
    },
    "blended": {
      "logloss": 0.9112194327108943,
      "brier": 0.27562187301587304,
      "auc": 0.6415598290598291,
      "accuracy": 0.5873015873015873,
      "n": 63
    }
  },
  "weeks": [
    {
      "week": 1,
      "per_model": {
        "logistic": {
          "logloss": 0.6931471805599453,
          "brier": 0.25,
          "auc": 0.5,
          "accuracy": 0.5625,
          "n": 16
        },
        "decision_tree": {
          "logloss": 0.6931471805599453,
          "brier": 0.25,
          "auc": 0.5,
          "accuracy": 0.5625,
          "n": 16
        },
        "bt": {
          "logloss": 0.6931471805599453,
          "brier": 0.25,
          "auc": 0.5,
          "accuracy": 0.5625,
          "n": 16
        },
        "ann": {
          "logloss": 0.6931471805599453,
          "brier": 0.25,
          "auc": 0.5,
          "accuracy": 0.5625,
          "n": 16
        },
        "blended": {
          "logloss": 0.6931471805599453,
          "brier": 0.25,
          "auc": 0.5,
          "accuracy": 0.5625,
          "n": 16
        }
      }
    },
    {
      "week": 2,
      "per_model": {
        "logistic": {
          "logloss": 0.13853721606145386,
          "brier": 0.039093125,
          "auc": 1,
          "accuracy": 0.9375,
          "n": 16
        },
        "decision_tree": {
          "logloss": 0.5245112993213901,
          "brier": 0.16881849999999998,
          "auc": 0.8333333333333334,
          "accuracy": 0.8125,
          "n": 16
        },
        "bt": {
          "logloss": 5.672403545421614,
          "brier": 0.33560637499999996,
          "auc": 0.6984126984126984,
          "accuracy": 0.625,
          "n": 16
        },
        "ann": {
          "logloss": 0.6936489312301136,
          "brier": 0.250250875,
          "auc": 0.35714285714285715,
          "accuracy": 0.4375,
          "n": 16
        },
        "blended": {
          "logloss": 1.283207046500026,
          "brier": 0.33207718750000004,
          "auc": 0.6984126984126984,
          "accuracy": 0.625,
          "n": 16
        }
      }
    },
    {
      "week": 3,
      "per_model": {
        "logistic": {
          "logloss": 0.7652954547037562,
          "brier": 0.196971125,
          "auc": 0.7291666666666666,
          "accuracy": 0.6875,
          "n": 16
        },
        "decision_tree": {
          "logloss": 0.46037955729078783,
          "brier": 0.1439635,
          "auc": 0.8125,
          "accuracy": 0.75,
          "n": 16
        },
        "bt": {
          "logloss": 5.918664043696197,
          "brier": 0.3673840625,
          "auc": 0.65625,
          "accuracy": 0.5625,
          "n": 16
        },
        "ann": {
          "logloss": 0.6931471805599453,
          "brier": 0.25,
          "auc": 0.5,
          "accuracy": 0.75,
          "n": 16
        },
        "blended": {
          "logloss": 0.9294034151366821,
          "brier": 0.252753875,
          "auc": 0.7291666666666666,
          "accuracy": 0.625,
          "n": 16
        }
      }
    },
    {
      "week": 4,
      "per_model": {
        "logistic": {
          "logloss": 0.9286710840408562,
          "brier": 0.24502973333333336,
          "auc": 0.6818181818181818,
          "accuracy": 0.6666666666666666,
          "n": 15
        },
        "decision_tree": {
          "logloss": 0.6210562787167847,
          "brier": 0.21489946666666668,
          "auc": 0.5681818181818182,
          "accuracy": 0.6,
          "n": 15
        },
        "bt": {
          "logloss": 4.854443443961298,
          "brier": 0.45638053333333345,
          "auc": 0.4772727272727273,
          "accuracy": 0.4,
          "n": 15
        },
        "ann": {
          "logloss": 0.6912885040016282,
          "brier": 0.24907066666666658,
          "auc": 0.5,
          "accuracy": 0.7333333333333333,
          "n": 15
        },
        "blended": {
          "logloss": 0.7276467990426589,
          "brier": 0.26712539999999996,
          "auc": 0.5568181818181818,
          "accuracy": 0.5333333333333333,
          "n": 15
        }
      }
    }
  ]
}