{
  "season": 2025,
  "week": 6,
  "per_model": {
    "logistic": {
      "logloss": 0.18589303236852442,
      "brier": 0.0617973076923077,
      "auc": 1,
      "accuracy": 0.9230769230769231,
      "n": 13
    },
    "decision_tree": {
      "logloss": 0.7152638520158524,
      "brier": 0.2532661538461538,
      "auc": 0.5,
      "accuracy": 0.5384615384615384,
      "n": 13
    },
    "bt": {
      "logloss": 0.8184544247018888,
      "brier": 0.28568723076923075,
      "auc": 0.4166666666666667,
      "accuracy": 0.6153846153846154,
      "n": 13
    },
    "ann": {
      "logloss": 0.5293476939762535,
      "brier": 0.17093030769230771,
      "auc": 0.8888888888888888,
      "accuracy": 0.8461538461538461,
      "n": 13
    },
    "blended": {
      "logloss": 0.2195658916166524,
      "brier": 0.06531315384615385,
      "auc": 1,
      "accuracy": 0.9230769230769231,
      "n": 13
    }
  },
  "calibration_bins": [
    {
      "bin": 0,
      "lower": 0,
      "upper": 0.1,
      "p_mean": 0.034800000000000005,
      "y_rate": 0.2,
      "n": 5
    },
    {
      "bin": 8,
      "lower": 0.8,
      "upper": 0.9,
      "p_mean": 0.899,
      "y_rate": 1,
      "n": 1
    },
    {
      "bin": 9,
      "lower": 0.9,
      "upper": 1,
      "p_mean": 0.9580000000000001,
      "y_rate": 1,
      "n": 7
    }
  ]
}