{"season":2012,"week":10,"per_model":{"logistic":{"logloss":0.3001074298741118,"brier":0.11117160000000001,"auc":0.9583333333333334,"accuracy":0.8,"n":10},"decision_tree":{"logloss":0.30598788904829655,"brier":0.09199710000000001,"auc":0.9791666666666666,"accuracy":0.9,"n":10},"bt":{"logloss":0.5124847415841084,"brier":0.166732,"auc":0.875,"accuracy":0.9,"n":10},"ann":{"logloss":0.6342929905407316,"brier":0.2254523,"auc":0.7708333333333334,"accuracy":0.6,"n":10},"blended":{"logloss":0.31402842481266535,"brier":0.10983669999999998,"auc":0.9583333333333334,"accuracy":0.8,"n":10}},"calibration_bins":[{"bin":0,"lower":0,"upper":0.1,"p_mean":0.0645,"y_rate":0,"n":2},{"bin":6,"lower":0.6,"upper":0.7,"p_mean":0.6415,"y_rate":0.5,"n":2},{"bin":7,"lower":0.7,"upper":0.8,"p_mean":0.761,"y_rate":0,"n":1},{"bin":9,"lower":0.9,"upper":1,"p_mean":0.9632,"y_rate":1,"n":5}]}