{
  "season": 2025,
  "latest_completed_week": 3,
  "cumulative": {
    "logistic": {
      "logloss": 16.405918787582983,
      "brier": 0.59375,
      "auc": 0.5,
      "accuracy": 0.40625,
      "n": 32
    },
    "decision_tree": {
      "logloss": 16.405918787582983,
      "brier": 0.59375,
      "auc": 0.5,
      "accuracy": 0.40625,
      "n": 32
    },
    "bt": {
      "logloss": 16.405918787582983,
      "brier": 0.59375,
      "auc": 0.5,
      "accuracy": 0.40625,
      "n": 32
    },
    "ann": {
      "logloss": 16.405918787582983,
      "brier": 0.59375,
      "auc": 0.5,
      "accuracy": 0.40625,
      "n": 32
    },
    "blended": {
      "logloss": 16.405918787582983,
      "brier": 0.59375,
      "auc": 0.5,
      "accuracy": 0.40625,
      "n": 32
    }
  },
  "weeks": [
    {
      "week": 2,
      "per_model": {
        "logistic": {
          "logloss": 12.088571738219299,
          "brier": 0.4375,
          "auc": 0.5,
          "accuracy": 0.5625,
          "n": 16
        },
        "decision_tree": {
          "logloss": 12.088571738219299,
          "brier": 0.4375,
          "auc": 0.5,
          "accuracy": 0.5625,
          "n": 16
        },
        "bt": {
          "logloss": 12.088571738219299,
          "brier": 0.4375,
          "auc": 0.5,
          "accuracy": 0.5625,
          "n": 16
        },
        "ann": {
          "logloss": 12.088571738219299,
          "brier": 0.4375,
          "auc": 0.5,
          "accuracy": 0.5625,
          "n": 16
        },
        "blended": {
          "logloss": 12.088571738219299,
          "brier": 0.4375,
          "auc": 0.5,
          "accuracy": 0.5625,
          "n": 16
        }
      }
    },
    {
      "week": 3,
      "per_model": {
        "logistic": {
          "logloss": 20.723265836946663,
          "brier": 0.75,
          "auc": 0.5,
          "accuracy": 0.25,
          "n": 16
        },
        "decision_tree": {
          "logloss": 20.723265836946663,
          "brier": 0.75,
          "auc": 0.5,
          "accuracy": 0.25,
          "n": 16
        },
        "bt": {
          "logloss": 20.723265836946663,
          "brier": 0.75,
          "auc": 0.5,
          "accuracy": 0.25,
          "n": 16
        },
        "ann": {
          "logloss": 20.723265836946663,
          "brier": 0.75,
          "auc": 0.5,
          "accuracy": 0.25,
          "n": 16
        },
        "blended": {
          "logloss": 20.723265836946663,
          "brier": 0.75,
          "auc": 0.5,
          "accuracy": 0.25,
          "n": 16
        }
      }
    }
  ]
}