{"season":2006,"week":5,"per_model":{"logistic":{"logloss":0.41060673684183674,"brier":0.1490485,"auc":1,"accuracy":0.8,"n":10},"decision_tree":{"logloss":0.4586197600893196,"brier":0.14298760000000005,"auc":0.4444444444444444,"accuracy":0.9,"n":10},"bt":{"logloss":0.5866807608969667,"brier":0.19879860000000002,"auc":0.8888888888888888,"accuracy":0.8,"n":10},"ann":{"logloss":0.462338198940676,"brier":0.144041,"auc":1,"accuracy":0.8,"n":10},"blended":{"logloss":0.4142987413124991,"brier":0.1443088,"auc":1,"accuracy":0.8,"n":10}},"calibration_bins":[{"bin":0,"lower":0,"upper":0.1,"p_mean":0.064,"y_rate":0,"n":1},{"bin":1,"lower":0.1,"upper":0.2,"p_mean":0.157,"y_rate":1,"n":2},{"bin":9,"lower":0.9,"upper":1,"p_mean":0.9554285714285714,"y_rate":1,"n":7}]}