{"season":2011,"week":4,"per_model":{"logistic":{"logloss":0.03712655075493302,"brier":0.004296,"auc":1,"accuracy":1,"n":12},"decision_tree":{"logloss":0.6579033665549393,"brier":0.2311963333333333,"auc":0.6142857142857143,"accuracy":0.5,"n":12},"bt":{"logloss":0.702101391655328,"brier":0.2542109166666667,"auc":0.45714285714285713,"accuracy":0.5,"n":12},"ann":{"logloss":0.6495659645821606,"brier":0.22919808333333339,"auc":0.6571428571428571,"accuracy":0.5833333333333334,"n":12},"blended":{"logloss":0.08554729916526171,"brier":0.015634416666666668,"auc":1,"accuracy":1,"n":12}},"calibration_bins":[{"bin":0,"lower":0,"upper":0.1,"p_mean":0.0655,"y_rate":0,"n":2},{"bin":1,"lower":0.1,"upper":0.2,"p_mean":0.14100000000000001,"y_rate":0,"n":2},{"bin":3,"lower":0.3,"upper":0.4,"p_mean":0.369,"y_rate":0,"n":1},{"bin":9,"lower":0.9,"upper":1,"p_mean":0.9821428571428571,"y_rate":1,"n":7}]}