{"season":2018,"week":3,"per_model":{"logistic":{"logloss":0.1410841144237195,"brier":0.0500843076923077,"auc":1,"accuracy":0.9230769230769231,"n":13},"decision_tree":{"logloss":0.543663193913583,"brier":0.18086307692307696,"auc":0.7875,"accuracy":0.6923076923076923,"n":13},"bt":{"logloss":0.6699736807033605,"brier":0.23747653846153843,"auc":0.675,"accuracy":0.6923076923076923,"n":13},"ann":{"logloss":0.6913123759130085,"brier":0.24908261538461535,"auc":0.7,"accuracy":0.6923076923076923,"n":13},"blended":{"logloss":0.18556415189385997,"brier":0.05735384615384615,"auc":1,"accuracy":0.9230769230769231,"n":13}},"calibration_bins":[{"bin":0,"lower":0,"upper":0.1,"p_mean":0.0525,"y_rate":0,"n":4},{"bin":8,"lower":0.8,"upper":0.9,"p_mean":0.849,"y_rate":0,"n":1},{"bin":9,"lower":0.9,"upper":1,"p_mean":0.962625,"y_rate":1,"n":8}]}