{
  "season": 2022,
  "week": 19,
  "per_model": {
    "logistic": {
      "logloss": 0.39435012693647037,
      "brier": 0.13180833333333333,
      "auc": 0.9375,
      "accuracy": 0.8333333333333334,
      "n": 6
    },
    "decision_tree": {
      "logloss": 0.8174423405015889,
      "brier": 0.263604,
      "auc": 0.75,
      "accuracy": 0.6666666666666666,
      "n": 6
    },
    "bt": {
      "logloss": 1.7527787385356726,
      "brier": 0.38369616666666667,
      "auc": 0.125,
      "accuracy": 0.5,
      "n": 6
    },
    "ann": {
      "logloss": 0.6911651568834346,
      "brier": 0.249009,
      "auc": 0.5,
      "accuracy": 0.6666666666666666,
      "n": 6
    },
    "blended": {
      "logloss": 0.42556556749892954,
      "brier": 0.13580766666666663,
      "auc": 0.9375,
      "accuracy": 0.8333333333333334,
      "n": 6
    }
  },
  "calibration_bins": [
    {
      "bin": 1,
      "lower": 0.1,
      "upper": 0.2,
      "p_mean": 0.138,
      "y_rate": 0,
      "n": 1
    },
    {
      "bin": 8,
      "lower": 0.8,
      "upper": 0.9,
      "p_mean": 0.877,
      "y_rate": 0.5,
      "n": 2
    },
    {
      "bin": 9,
      "lower": 0.9,
      "upper": 1,
      "p_mean": 0.9426666666666667,
      "y_rate": 1,
      "n": 3
    }
  ]
}