{"season":2011,"week":18,"per_model":{"logistic":{"logloss":0.6264940486853863,"brier":0.24348325,"auc":null,"accuracy":0.5,"n":4},"decision_tree":{"logloss":0.7193978140285167,"brier":0.26965275,"auc":null,"accuracy":0.5,"n":4},"bt":{"logloss":0.6857074898134637,"brier":0.24940049999999997,"auc":null,"accuracy":0.5,"n":4},"ann":{"logloss":0.5598600781264135,"brier":0.19121375000000002,"auc":null,"accuracy":0.75,"n":4},"blended":{"logloss":0.5542216454088691,"brier":0.2080615,"auc":null,"accuracy":0.5,"n":4}},"calibration_bins":[{"bin":3,"lower":0.3,"upper":0.4,"p_mean":0.368,"y_rate":1,"n":2},{"bin":8,"lower":0.8,"upper":0.9,"p_mean":0.822,"y_rate":1,"n":1},{"bin":9,"lower":0.9,"upper":1,"p_mean":0.984,"y_rate":1,"n":1}]}