{"season":2001,"week":5,"per_model":{"logistic":{"logloss":0.06795563758750164,"brier":0.010029909090909095,"auc":1,"accuracy":1,"n":11},"decision_tree":{"logloss":0.5636780273316653,"brier":0.19476545454545455,"auc":0.75,"accuracy":0.6363636363636364,"n":11},"bt":{"logloss":0.6526497882195185,"brier":0.23048127272727273,"auc":0.5416666666666666,"accuracy":0.6363636363636364,"n":11},"ann":{"logloss":0.7426751634101343,"brier":0.2677510909090909,"auc":0.5833333333333334,"accuracy":0.6363636363636364,"n":11},"blended":{"logloss":0.10385169788246601,"brier":0.013913363636363635,"auc":1,"accuracy":1,"n":11}},"calibration_bins":[{"bin":0,"lower":0,"upper":0.1,"p_mean":0.055,"y_rate":0,"n":3},{"bin":7,"lower":0.7,"upper":0.8,"p_mean":0.752,"y_rate":1,"n":1},{"bin":8,"lower":0.8,"upper":0.9,"p_mean":0.8526666666666666,"y_rate":1,"n":3},{"bin":9,"lower":0.9,"upper":1,"p_mean":0.95,"y_rate":1,"n":4}]}