{"season":2022,"week":1,"per_model":{"logistic":{"logloss":0.6931471805599453,"brier":0.25,"auc":0.5,"accuracy":0.38461538461538464,"n":13},"decision_tree":{"logloss":0.6931471805599453,"brier":0.25,"auc":0.5,"accuracy":0.38461538461538464,"n":13},"bt":{"logloss":0.6931471805599453,"brier":0.25,"auc":0.5,"accuracy":0.38461538461538464,"n":13},"ann":{"logloss":0.6931471805599453,"brier":0.25,"auc":0.5,"accuracy":0.38461538461538464,"n":13},"blended":{"logloss":0.6931471805599453,"brier":0.25,"auc":0.5,"accuracy":0.38461538461538464,"n":13}},"calibration_bins":[{"bin":5,"lower":0.5,"upper":0.6,"p_mean":0.5,"y_rate":0.38461538461538464,"n":13}]}