{"season":2014,"week":2,"per_model":{"logistic":{"logloss":13.918751972822939,"brier":0.5420084166666667,"auc":0.45714285714285713,"accuracy":0.4166666666666667,"n":12},"decision_tree":{"logloss":0.5780485439720735,"brier":0.19408899999999996,"auc":0.7,"accuracy":0.75,"n":12},"bt":{"logloss":0.7634644478932433,"brier":0.2821015,"auc":0.4,"accuracy":0.4166666666666667,"n":12},"ann":{"logloss":0.674817781861325,"brier":0.24088416666666668,"auc":0.5142857142857142,"accuracy":0.5833333333333334,"n":12},"blended":{"logloss":1.3033160402821793,"brier":0.39573224999999995,"auc":0.5571428571428572,"accuracy":0.5,"n":12}},"calibration_bins":[{"bin":1,"lower":0.1,"upper":0.2,"p_mean":0.15611111111111112,"y_rate":0.5555555555555556,"n":9},{"bin":6,"lower":0.6,"upper":0.7,"p_mean":0.67,"y_rate":1,"n":1},{"bin":9,"lower":0.9,"upper":1,"p_mean":0.995,"y_rate":0.5,"n":2}]}