{"season":2004,"week":18,"per_model":{"logistic":{"logloss":0.569517181583519,"brier":0.22608000000000003,"auc":1,"accuracy":0.5,"n":2},"decision_tree":{"logloss":1.7401202945013043,"brier":0.6059645,"auc":0,"accuracy":0,"n":2},"bt":{"logloss":0.8938996604882083,"brier":0.3464499999999999,"auc":0,"accuracy":0,"n":2},"ann":{"logloss":0.6662062100854241,"brier":0.24288800000000002,"auc":1,"accuracy":0.5,"n":2},"blended":{"logloss":0.5659004955164845,"brier":0.22018000000000001,"auc":1,"accuracy":0.5,"n":2}},"calibration_bins":[{"bin":6,"lower":0.6,"upper":0.7,"p_mean":0.662,"y_rate":0,"n":1},{"bin":9,"lower":0.9,"upper":1,"p_mean":0.954,"y_rate":1,"n":1}]}