{"season":2004,"week":20,"per_model":{"logistic":{"logloss":2.3025850929945455,"brier":0.49005,"auc":1,"accuracy":0.5,"n":2},"decision_tree":{"logloss":0.45983321155703566,"brier":0.17091249999999997,"auc":1,"accuracy":0.5,"n":2},"bt":{"logloss":0.9023372552476511,"brier":0.35240000000000005,"auc":0,"accuracy":0,"n":2},"ann":{"logloss":0.9839500834734644,"brier":0.39026250000000007,"auc":0,"accuracy":0,"n":2},"blended":{"logloss":0.8963259336483954,"brier":0.33424250000000005,"auc":1,"accuracy":0.5,"n":2}},"calibration_bins":[{"bin":1,"lower":0.1,"upper":0.2,"p_mean":0.1785,"y_rate":0.5,"n":2}]}