{"season":2017,"week":18,"per_model":{"logistic":{"logloss":0.28381793146582934,"brier":0.093314,"auc":1,"accuracy":1,"n":2},"decision_tree":{"logloss":2.0062532720032342,"brier":0.7490924999999999,"auc":0,"accuracy":0,"n":2},"bt":{"logloss":0.8284141533693187,"brier":0.31082499999999996,"auc":0,"accuracy":0.5,"n":2},"ann":{"logloss":0.9319135314160415,"brier":0.3461225,"auc":0,"accuracy":0.5,"n":2},"blended":{"logloss":0.3488648320590173,"brier":0.1198985,"auc":1,"accuracy":1,"n":2}},"calibration_bins":[{"bin":4,"lower":0.4,"upper":0.5,"p_mean":0.489,"y_rate":0,"n":1},{"bin":9,"lower":0.9,"upper":1,"p_mean":0.974,"y_rate":1,"n":1}]}