{"season":2022,"week":0,"aggregation_scope":"season","latest_completed_week":22,"per_model":{"logistic":{"logloss":0.5877527470512357,"brier":0.18522113821138209,"auc":0.8166811759191054,"accuracy":0.7195121951219512,"n":246},"decision_tree":{"logloss":0.6787602194867327,"brier":0.23006206910569107,"auc":0.693999866068439,"accuracy":0.6178861788617886,"n":246},"bt":{"logloss":0.6860435961605776,"brier":0.24616545934959344,"auc":0.5762405410835063,"accuracy":0.5691056910569106,"n":246},"ann":{"logloss":0.6238647302683613,"brier":0.21752648373983738,"auc":0.702571485970669,"accuracy":0.6300813008130082,"n":246},"blended":{"logloss":0.5303842106585956,"brier":0.17800419512195118,"auc":0.821201366101922,"accuracy":0.7276422764227642,"n":246}},"weeks":[{"week":1,"per_model":{"logistic":{"logloss":0.6931471805599453,"brier":0.25,"auc":0.5,"accuracy":0.38461538461538464,"n":13},"decision_tree":{"logloss":0.6931471805599453,"brier":0.25,"auc":0.5,"accuracy":0.38461538461538464,"n":13},"bt":{"logloss":0.6931471805599453,"brier":0.25,"auc":0.5,"accuracy":0.38461538461538464,"n":13},"ann":{"logloss":0.6931471805599453,"brier":0.25,"auc":0.5,"accuracy":0.38461538461538464,"n":13},"blended":{"logloss":0.6931471805599453,"brier":0.25,"auc":0.5,"accuracy":0.38461538461538464,"n":13}}},{"week":2,"per_model":{"logistic":{"logloss":0.7873036154429063,"brier":0.2852039285714286,"auc":0.6222222222222222,"accuracy":0.5714285714285714,"n":14},"decision_tree":{"logloss":0.5985721835891391,"brier":0.20423949999999993,"auc":0.6,"accuracy":0.7142857142857143,"n":14},"bt":{"logloss":0.7051570119404289,"brier":0.25426371428571426,"auc":0.5333333333333333,"accuracy":0.6428571428571429,"n":14},"ann":{"logloss":0.6523262680381351,"brier":0.22977621428571432,"auc":0.4888888888888889,"accuracy":0.6428571428571429,"n":14},"blended":{"logloss":0.7709432432638231,"brier":0.28124400000000005,"auc":0.6222222222222222,"accuracy":0.5714285714285714,"n":14}}},{"week":3,"per_model":{"logistic":{"logloss":0.6566421683776087,"brier":0.23165335714285712,"auc":0.7291666666666666,"accuracy":0.6428571428571429,"n":14},"decision_tree":{"logloss":0.7187008230983004,"brier":0.26270114285714297,"auc":0.5,"accuracy":0.42857142857142855,"n":14},"bt":{"logloss":0.7009988719327875,"brier":0.2536660714285714,"auc":0.5416666666666666,"accuracy":0.5,"n":14},"ann":{"logloss":0.690597362008148,"brier":0.24872514285714284,"auc":0.8333333333333334,"accuracy":0.5,"n":14},"blended":{"logloss":0.6427085441554053,"brier":0.22654514285714292,"auc":0.7291666666666666,"accuracy":0.6428571428571429,"n":14}}},{"week":4,"per_model":{"logistic":{"logloss":0.606188519912635,"brier":0.15931985714285715,"auc":0.8125,"accuracy":0.7142857142857143,"n":14},"decision_tree":{"logloss":0.7449081979441987,"brier":0.2759977142857143,"auc":0.40625,"accuracy":0.35714285714285715,"n":14},"bt":{"logloss":0.7620311882665544,"brier":0.28361021428571426,"auc":0.2916666666666667,"accuracy":0.42857142857142855,"n":14},"ann":{"logloss":0.7006434285856471,"brier":0.25373985714285713,"auc":0.4166666666666667,"accuracy":0.35714285714285715,"n":14},"blended":{"logloss":0.48255485026451883,"brier":0.15545514285714285,"auc":0.8333333333333334,"accuracy":0.7142857142857143,"n":14}}},{"week":5,"per_model":{"logistic":{"logloss":0.4699053027843036,"brier":0.1640444285714286,"auc":0.8958333333333334,"accuracy":0.7857142857142857,"n":14},"decision_tree":{"logloss":0.5707238583938705,"brier":0.1907921428571429,"auc":0.8333333333333334,"accuracy":0.7857142857142857,"n":14},"bt":{"logloss":0.687761942038297,"brier":0.24726442857142855,"auc":0.5833333333333334,"accuracy":0.5714285714285714,"n":14},"ann":{"logloss":0.684343586437446,"brier":0.24503807142857142,"auc":0.6875,"accuracy":0.7142857142857143,"n":14},"blended":{"logloss":0.47559042057783457,"brier":0.1620195,"auc":0.875,"accuracy":0.7857142857142857,"n":14}}},{"week":6,"per_model":{"logistic":{"logloss":0.8480460098896327,"brier":0.24926649999999995,"auc":0.8333333333333334,"accuracy":0.5833333333333334,"n":12},"decision_tree":{"logloss":0.5350970684847628,"brier":0.17514200000000002,"auc":0.8194444444444444,"accuracy":0.75,"n":12},"bt":{"logloss":0.7190020052234369,"brier":0.26286366666666666,"auc":0.4166666666666667,"accuracy":0.4166666666666667,"n":12},"ann":{"logloss":0.6244001690200435,"brier":0.21708516666666666,"auc":0.75,"accuracy":0.6666666666666666,"n":12},"blended":{"logloss":0.6633594412463869,"brier":0.23550516666666668,"auc":0.8333333333333334,"accuracy":0.5833333333333334,"n":12}}},{"week":7,"per_model":{"logistic":{"logloss":0.45035364559670776,"brier":0.1556998461538462,"auc":0.9166666666666666,"accuracy":0.6923076923076923,"n":13},"decision_tree":{"logloss":0.657193186543274,"brier":0.23257892307692307,"auc":0.6111111111111112,"accuracy":0.5384615384615384,"n":13},"bt":{"logloss":0.7514847266039476,"brier":0.2791421538461539,"auc":0.19444444444444445,"accuracy":0.3076923076923077,"n":13},"ann":{"logloss":0.6218928405884269,"brier":0.21549000000000001,"auc":0.6944444444444444,"accuracy":0.6923076923076923,"n":13},"blended":{"logloss":0.46001004200226236,"brier":0.15604469230769233,"auc":0.9166666666666666,"accuracy":0.7692307692307693,"n":13}}},{"week":8,"per_model":{"logistic":{"logloss":1.0688308584274948,"brier":0.36749069230769227,"auc":0.55,"accuracy":0.5384615384615384,"n":13},"decision_tree":{"logloss":0.3401903280914333,"brier":0.09974700000000003,"auc":0.95,"accuracy":0.8461538461538461,"n":13},"bt":{"logloss":0.6586214605212136,"brier":0.23302530769230767,"auc":0.65,"accuracy":0.6923076923076923,"n":13},"ann":{"logloss":0.6429695455167581,"brier":0.22600746153846155,"auc":0.65,"accuracy":0.6153846153846154,"n":13},"blended":{"logloss":0.9098381418717507,"brier":0.33082138461538463,"auc":0.55,"accuracy":0.46153846153846156,"n":13}}},{"week":9,"per_model":{"logistic":{"logloss":0.25716627690655547,"brier":0.06871836363636363,"auc":1,"accuracy":0.9090909090909091,"n":11},"decision_tree":{"logloss":0.8549461261594192,"brier":0.31350327272727274,"auc":0.5666666666666667,"accuracy":0.36363636363636365,"n":11},"bt":{"logloss":0.6832733042827749,"brier":0.24493418181818186,"auc":0.5666666666666667,"accuracy":0.6363636363636364,"n":11},"ann":{"logloss":0.625836780693708,"brier":0.21733700000000003,"auc":0.7833333333333333,"accuracy":0.6363636363636364,"n":11},"blended":{"logloss":0.29425077308570385,"brier":0.0783,"auc":1,"accuracy":1,"n":11}}},{"week":10,"per_model":{"logistic":{"logloss":0.35422362309767946,"brier":0.11114824999999999,"auc":0.90625,"accuracy":0.8333333333333334,"n":12},"decision_tree":{"logloss":0.9785830845137613,"brier":0.31258341666666667,"auc":0.578125,"accuracy":0.5833333333333334,"n":12},"bt":{"logloss":0.9777334801877641,"brier":0.37381175,"auc":0.03125,"accuracy":0.4166666666666667,"n":12},"ann":{"logloss":0.6002549883848926,"brier":0.20361116666666668,"auc":0.625,"accuracy":0.75,"n":12},"blended":{"logloss":0.3646944725975037,"brier":0.10965308333333335,"auc":0.90625,"accuracy":0.9166666666666666,"n":12}}},{"week":11,"per_model":{"logistic":{"logloss":0.37774102764017575,"brier":0.14074599999999998,"auc":0.9166666666666666,"accuracy":0.6923076923076923,"n":13},"decision_tree":{"logloss":1.2517502563511533,"brier":0.4336647692307692,"auc":0.6944444444444444,"accuracy":0.46153846153846156,"n":13},"bt":{"logloss":0.7373454438771954,"brier":0.27185846153846155,"auc":0.4444444444444444,"accuracy":0.3076923076923077,"n":13},"ann":{"logloss":0.5817239927049825,"brier":0.1967032307692308,"auc":0.7777777777777778,"accuracy":0.6923076923076923,"n":13},"blended":{"logloss":0.375799635470418,"brier":0.13018876923076925,"auc":0.9166666666666666,"accuracy":0.7692307692307693,"n":13}}},{"week":12,"per_model":{"logistic":{"logloss":0.7249555630833902,"brier":0.17772364285714287,"auc":0.6444444444444445,"accuracy":0.8571428571428571,"n":14},"decision_tree":{"logloss":1.1434135645516896,"brier":0.3708423571428572,"auc":0.4777777777777778,"accuracy":0.5,"n":14},