{"season":2019,"week":7,"per_model":{"logistic":{"logloss":0.3280818604510279,"brier":0.09428927272727274,"auc":1,"accuracy":0.9090909090909091,"n":11},"decision_tree":{"logloss":0.43660606938068725,"brier":0.14330299999999999,"auc":0.8571428571428571,"accuracy":0.8181818181818182,"n":11},"bt":{"logloss":0.5663727351866165,"brier":0.18997400000000003,"auc":0.8928571428571429,"accuracy":0.8181818181818182,"n":11},"ann":{"logloss":0.5254706636278071,"brier":0.17669654545454547,"auc":0.8571428571428571,"accuracy":0.8181818181818182,"n":11},"blended":{"logloss":0.359772742298231,"brier":0.10893236363636366,"auc":1,"accuracy":0.9090909090909091,"n":11}},"calibration_bins":[{"bin":0,"lower":0,"upper":0.1,"p_mean":0.022125,"y_rate":0.125,"n":8},{"bin":5,"lower":0.5,"upper":0.6,"p_mean":0.519,"y_rate":1,"n":1},{"bin":7,"lower":0.7,"upper":0.8,"p_mean":0.761,"y_rate":1,"n":1},{"bin":8,"lower":0.8,"upper":0.9,"p_mean":0.807,"y_rate":1,"n":1}]}