{"season":2000,"week":19,"per_model":{"logistic":{"logloss":3.3755437012837795,"brier":0.657372,"auc":1,"accuracy":0.3333333333333333,"n":3},"decision_tree":{"logloss":0.05306420925943364,"brier":0.0026963333333333357,"auc":1,"accuracy":1,"n":3},"bt":{"logloss":0.8727224560636508,"brier":0.33864466666666665,"auc":0,"accuracy":0,"n":3},"ann":{"logloss":0.76951829224903,"brier":0.2864176666666667,"auc":0,"accuracy":0.6666666666666666,"n":3},"blended":{"logloss":1.0197488930922722,"brier":0.4012900000000001,"auc":1,"accuracy":0.3333333333333333,"n":3}},"calibration_bins":[{"bin":0,"lower":0,"upper":0.1,"p_mean":0.085,"y_rate":0,"n":1},{"bin":2,"lower":0.2,"upper":0.3,"p_mean":0.2265,"y_rate":1,"n":2}]}