{"season":2012,"week":18,"per_model":{"logistic":{"logloss":2.4549113380214083,"brier":0.6285812499999999,"auc":0,"accuracy":0.25,"n":4},"decision_tree":{"logloss":1.5726784062438257,"brier":0.54374625,"auc":0,"accuracy":0.25,"n":4},"bt":{"logloss":0.8374970687165703,"brier":0.32119825,"auc":0.3333333333333333,"accuracy":0.25,"n":4},"ann":{"logloss":0.6728736003878111,"brier":0.23646375000000003,"auc":0.3333333333333333,"accuracy":0.75,"n":4},"blended":{"logloss":1.8162254406624205,"brier":0.5781815000000001,"auc":0,"accuracy":0.25,"n":4}},"calibration_bins":[{"bin":0,"lower":0,"upper":0.1,"p_mean":0.074,"y_rate":1,"n":1},{"bin":3,"lower":0.3,"upper":0.4,"p_mean":0.305,"y_rate":1,"n":1},{"bin":7,"lower":0.7,"upper":0.8,"p_mean":0.775,"y_rate":1,"n":1},{"bin":9,"lower":0.9,"upper":1,"p_mean":0.96,"y_rate":0,"n":1}]}