{"season":2001,"week":18,"per_model":{"logistic":{"logloss":0.4620063463414991,"brier":0.18072066666666664,"auc":1,"accuracy":0.6666666666666666,"n":3},"decision_tree":{"logloss":0.8243466132410554,"brier":0.277897,"auc":0.25,"accuracy":0.6666666666666666,"n":3},"bt":{"logloss":1.0417395793140136,"brier":0.4177846666666667,"auc":0,"accuracy":0,"n":3},"ann":{"logloss":0.5813338392022483,"brier":0.19538133333333332,"auc":1,"accuracy":1,"n":3},"blended":{"logloss":0.4680705606412438,"brier":0.17550833333333335,"auc":1,"accuracy":0.6666666666666666,"n":3}},"calibration_bins":[{"bin":7,"lower":0.7,"upper":0.8,"p_mean":0.72,"y_rate":0,"n":1},{"bin":9,"lower":0.9,"upper":1,"p_mean":0.9365,"y_rate":1,"n":2}]}