{
  "season": 2025,
  "latest_completed_week": 6,
  "cumulative": {
    "logistic": {
      "logloss": 0.7631450388593981,
      "brier": 0.22582333870967736,
      "auc": 0.7536458333333333,
      "accuracy": 0.6612903225806451,
      "n": 62
    },
    "decision_tree": {
      "logloss": 0.6746632827484692,
      "brier": 0.23452943548387106,
      "auc": 0.6723958333333333,
      "accuracy": 0.6612903225806451,
      "n": 62
    },
    "bt": {
      "logloss": 4.510897716262054,
      "brier": 0.4072201774193549,
      "auc": 0.490625,
      "accuracy": 0.4838709677419355,
      "n": 62
    },
    "ann": {
      "logloss": 0.6932499916165257,
      "brier": 0.2500514032258065,
      "auc": 0.46041666666666664,
      "accuracy": 0.5161290322580645,
      "n": 62
    },
    "blended": {
      "logloss": 0.8929948233220334,
      "brier": 0.28489958064516135,
      "auc": 0.6114583333333333,
      "accuracy": 0.6129032258064516,
      "n": 62
    }
  },
  "weeks": [
    {
      "week": 1,
      "per_model": {
        "logistic": {
          "logloss": 0.6931471805599453,
          "brier": 0.25,
          "auc": 0.5,
          "accuracy": 0.5625,
          "n": 16
        },
        "decision_tree": {
          "logloss": 0.6931471805599453,
          "brier": 0.25,
          "auc": 0.5,
          "accuracy": 0.5625,
          "n": 16
        },
        "bt": {
          "logloss": 0.6931471805599453,
          "brier": 0.25,
          "auc": 0.5,
          "accuracy": 0.5625,
          "n": 16
        },
        "ann": {
          "logloss": 0.6931471805599453,
          "brier": 0.25,
          "auc": 0.5,
          "accuracy": 0.5625,
          "n": 16
        },
        "blended": {
          "logloss": 0.6931471805599453,
          "brier": 0.25,
          "auc": 0.5,
          "accuracy": 0.5625,
          "n": 16
        }
      }
    },
    {
      "week": 2,
      "per_model": {
        "logistic": {
          "logloss": 0.2514102654266419,
          "brier": 0.07315200000000001,
          "auc": 0.9682539682539683,
          "accuracy": 0.9375,
          "n": 16
        },
        "decision_tree": {
          "logloss": 0.5245112993213901,
          "brier": 0.16881849999999998,
          "auc": 0.8333333333333334,
          "accuracy": 0.8125,
          "n": 16
        },
        "bt": {
          "logloss": 5.672403545421614,
          "brier": 0.33560637499999996,
          "auc": 0.6984126984126984,
          "accuracy": 0.625,
          "n": 16
        },
        "ann": {
          "logloss": 0.6931471805599453,
          "brier": 0.25,
          "auc": 0.5,
          "accuracy": 0.4375,
          "n": 16
        },
        "blended": {
          "logloss": 1.283207046500026,
          "brier": 0.33207718750000004,
          "auc": 0.6984126984126984,
          "accuracy": 0.625,
          "n": 16
        }
      }
    },
    {
      "week": 4,
      "per_model": {
        "logistic": {
          "logloss": 0.8589647363363679,
          "brier": 0.2046414666666667,
          "auc": 0.7045454545454546,
          "accuracy": 0.6666666666666666,
          "n": 15
        },
        "decision_tree": {
          "logloss": 0.6543723316481689,
          "brier": 0.2295178666666667,
          "auc": 0.5454545454545454,
          "accuracy": 0.6,
          "n": 15
        },
        "bt": {
          "logloss": 4.854443443961298,
          "brier": 0.45638053333333345,
          "auc": 0.4772727272727273,
          "accuracy": 0.4,
          "n": 15
        },
        "ann": {
          "logloss": 0.6912885040016282,
          "brier": 0.24907066666666658,
          "auc": 0.5,
          "accuracy": 0.7333333333333333,
          "n": 15
        },
        "blended": {
          "logloss": 0.7041555729846954,
          "brier": 0.25177486666666665,
          "auc": 0.5,
          "accuracy": 0.7333333333333333,
          "n": 15
        }
      }
    },
    {
      "week": 5,
      "per_model": {
        "logistic": {
          "logloss": 1.3118345942096035,
          "brier": 0.3845712142857142,
          "auc": 0.95,
          "accuracy": 0.5,
          "n": 14
        },
        "decision_tree": {
          "logloss": 0.8507932970543465,
          "brier": 0.2988226428571429,
          "auc": 0.65,
          "accuracy": 0.6428571428571429,
          "n": 14
        },
        "bt": {
          "logloss": 7.106338158232911,
          "brier": 0.5743017857142857,
          "auc": 0.275,
          "accuracy": 0.35714285714285715,
          "n": 14
        },
        "ann": {
          "logloss": 0.6957366403131913,
          "brier": 0.2512947142857143,
          "auc": 0.5,
          "accuracy": 0.2857142857142857,
          "n": 14
        },
        "blended": {
          "logloss": 0.8800924798785893,
          "brier": 0.30292764285714285,
          "auc": 0.8125,
          "accuracy": 0.5714285714285714,
          "n": 14
        }
      }
    },
    {
      "week": 6,
      "per_model": {
        "logistic": {
          "logloss": 0.9519179095173061,
          "brier": 0.376996,
          "auc": null,
          "accuracy": 0,
          "n": 1
        },
        "decision_tree": {
          "logloss": 0.6198967188203526,
          "brier": 0.21344399999999997,
          "auc": null,
          "accuracy": 1,
          "n": 1
        },
        "bt": {
          "logloss": 5.521460917862246,
          "brier": 0.992016,
          "auc": null,
          "accuracy": 0,
          "n": 1
        },
        "ann": {
          "logloss": 0.6911491778972723,
          "brier": 0.249001,
          "auc": null,
          "accuracy": 1,
          "n": 1
        },
        "blended": {
          "logloss": 0.860383099935859,
          "brier": 0.332929,
          "auc": null,
          "accuracy": 0,
          "n": 1
        }
      }
    }
  ]
}