{"season":2005,"week":10,"per_model":{"logistic":{"logloss":0.8460315436386604,"brier":0.21156209090909092,"auc":0.8214285714285714,"accuracy":0.7272727272727273,"n":11},"decision_tree":{"logloss":0.8685085466085746,"brier":0.31656181818181817,"auc":0.5357142857142857,"accuracy":0.5454545454545454,"n":11},"bt":{"logloss":1.0630870548369726,"brier":0.38398590909090907,"auc":0.21428571428571427,"accuracy":0.36363636363636365,"n":11},"ann":{"logloss":0.6197366820076354,"brier":0.21577672727272726,"auc":0.6785714285714286,"accuracy":0.6363636363636364,"n":11},"blended":{"logloss":0.6311710415683224,"brier":0.19801118181818184,"auc":0.8571428571428571,"accuracy":0.7272727272727273,"n":11}},"calibration_bins":[{"bin":0,"lower":0,"upper":0.1,"p_mean":0.057800000000000004,"y_rate":0.4,"n":5},{"bin":6,"lower":0.6,"upper":0.7,"p_mean":0.621,"y_rate":0,"n":1},{"bin":8,"lower":0.8,"upper":0.9,"p_mean":0.828,"y_rate":1,"n":1},{"bin":9,"lower":0.9,"upper":1,"p_mean":0.94025,"y_rate":1,"n":4}]}