{"season":2004,"week":21,"per_model":{"logistic":{"logloss":0.0010005003335835344,"brier":0.000001,"auc":null,"accuracy":1,"n":1},"decision_tree":{"logloss":2.5010360317178844,"brier":0.842724,"auc":null,"accuracy":0,"n":1},"bt":{"logloss":0.8119307165499124,"brier":0.3091360000000001,"auc":null,"accuracy":0,"n":1},"ann":{"logloss":0.9339456671128757,"brier":0.36844899999999997,"auc":null,"accuracy":0,"n":1},"blended":{"logloss":0.2231435513142097,"brier":0.04000000000000001,"auc":null,"accuracy":1,"n":1}},"calibration_bins":[{"bin":2,"lower":0.2,"upper":0.3,"p_mean":0.2,"y_rate":0,"n":1}]}