{
  "season": 2025,
  "latest_completed_week": 6,
  "cumulative": {
    "logistic": {
      "logloss": 0.4128763618152484,
      "brier": 0.14039280645161292,
      "auc": 0.8880208333333334,
      "accuracy": 0.7903225806451613,
      "n": 62
    },
    "decision_tree": {
      "logloss": 0.4531557291882512,
      "brier": 0.13975611290322582,
      "auc": 0.8921875,
      "accuracy": 0.8387096774193549,
      "n": 62
    },
    "bt": {
      "logloss": 4.510897716262054,
      "brier": 0.4072201774193549,
      "auc": 0.490625,
      "accuracy": 0.4838709677419355,
      "n": 62
    },
    "ann": {
      "logloss": 0.6932177657671278,
      "brier": 0.2500352903225807,
      "auc": 0.46875,
      "accuracy": 0.5161290322580645,
      "n": 62
    },
    "blended": {
      "logloss": 0.666242235951798,
      "brier": 0.19477749999999994,
      "auc": 0.7848958333333333,
      "accuracy": 0.7419354838709677,
      "n": 62
    }
  },
  "weeks": [
    {
      "week": 1,
      "per_model": {
        "logistic": {
          "logloss": 0.6931471805599453,
          "brier": 0.25,
          "auc": 0.5,
          "accuracy": 0.5625,
          "n": 16
        },
        "decision_tree": {
          "logloss": 0.6931471805599453,
          "brier": 0.25,
          "auc": 0.5,
          "accuracy": 0.5625,
          "n": 16
        },
        "bt": {
          "logloss": 0.6931471805599453,
          "brier": 0.25,
          "auc": 0.5,
          "accuracy": 0.5625,
          "n": 16
        },
        "ann": {
          "logloss": 0.6931471805599453,
          "brier": 0.25,
          "auc": 0.5,
          "accuracy": 0.5625,
          "n": 16
        },
        "blended": {
          "logloss": 0.6931471805599453,
          "brier": 0.25,
          "auc": 0.5,
          "accuracy": 0.5625,
          "n": 16
        }
      }
    },
    {
      "week": 2,
      "per_model": {
        "logistic": {
          "logloss": 0.3031370834389576,
          "brier": 0.09903675,
          "auc": 0.9365079365079365,
          "accuracy": 0.875,
          "n": 16
        },
        "decision_tree": {
          "logloss": 0.3610176542958843,
          "brier": 0.09195474999999997,
          "auc": 1,
          "accuracy": 1,
          "n": 16
        },
        "bt": {
          "logloss": 5.672403545421614,
          "brier": 0.33560637499999996,
          "auc": 0.6984126984126984,
          "accuracy": 0.625,
          "n": 16
        },
        "ann": {
          "logloss": 0.6930223053935283,
          "brier": 0.2499375625,
          "auc": 0.5714285714285714,
          "accuracy": 0.4375,
          "n": 16
        },
        "blended": {
          "logloss": 1.283207046500026,
          "brier": 0.33207718750000004,
          "auc": 0.6984126984126984,
          "accuracy": 0.625,
          "n": 16
        }
      }
    },
    {
      "week": 4,
      "per_model": {
        "logistic": {
          "logloss": 0.45369763024096094,
          "brier": 0.15911233333333333,
          "auc": 0.8863636363636364,
          "accuracy": 0.7333333333333333,
          "n": 15
        },
        "decision_tree": {
          "logloss": 0.399897204792547,
          "brier": 0.11754586666666665,
          "auc": 0.75,
          "accuracy": 0.8666666666666667,
          "n": 15
        },
        "bt": {
          "logloss": 4.854443443961298,
          "brier": 0.45638053333333345,
          "auc": 0.4772727272727273,
          "accuracy": 0.4,
          "n": 15
        },
        "ann": {
          "logloss": 0.6912885040016282,
          "brier": 0.24907066666666658,
          "auc": 0.5,
          "accuracy": 0.7333333333333333,
          "n": 15
        },
        "blended": {
          "logloss": 0.36743150911067013,
          "brier": 0.107784,
          "auc": 0.8863636363636364,
          "accuracy": 0.8666666666666667,
          "n": 15
        }
      }
    },
    {
      "week": 5,
      "per_model": {
        "logistic": {
          "logloss": 0.20082141145916355,
          "brier": 0.05224864285714286,
          "auc": 1,
          "accuracy": 1,
          "n": 14
        },
        "decision_tree": {
          "logloss": 0.36536778061276903,
          "brier": 0.10132385714285712,
          "auc": 0.95,
          "accuracy": 0.9285714285714286,
          "n": 14
        },
        "bt": {
          "logloss": 7.106338158232911,
          "brier": 0.5743017857142857,
          "auc": 0.275,
          "accuracy": 0.35714285714285715,
          "n": 14
        },
        "ann": {
          "logloss": 0.6957366403131913,
          "brier": 0.2512947142857143,
          "auc": 0.5,
          "accuracy": 0.2857142857142857,
          "n": 14
        },
        "blended": {
          "logloss": 0.29401780332537614,
          "brier": 0.08164814285714285,
          "auc": 1,
          "accuracy": 0.9285714285714286,
          "n": 14
        }
      }
    },
    {
      "week": 6,
      "per_model": {
        "logistic": {
          "logloss": 0.040821994520255166,
          "brier": 0.001600000000000003,
          "auc": null,
          "accuracy": 1,
          "n": 1
        },
        "decision_tree": {
          "logloss": 0.11541085151132773,
          "brier": 0.011880999999999997,
          "auc": null,
          "accuracy": 1,
          "n": 1
        },
        "bt": {
          "logloss": 5.521460917862246,
          "brier": 0.992016,
          "auc": null,
          "accuracy": 0,
          "n": 1
        },
        "ann": {
          "logloss": 0.6911491778972723,
          "brier": 0.249001,
          "auc": null,
          "accuracy": 1,
          "n": 1
        },
        "blended": {
          "logloss": 0.057629112836636416,
          "brier": 0.0031360000000000055,
          "auc": null,
          "accuracy": 1,
          "n": 1
        }
      }
    }
  ]
}