{
  "season": 2025,
  "week": 2,
  "per_model": {
    "logistic": {
      "logloss": 0.13853721606145386,
      "brier": 0.039093125,
      "auc": 1,
      "accuracy": 0.9375,
      "n": 16
    },
    "decision_tree": {
      "logloss": 0.5245112993213901,
      "brier": 0.16881849999999998,
      "auc": 0.8333333333333334,
      "accuracy": 0.8125,
      "n": 16
    },
    "bt": {
      "logloss": 5.672403545421614,
      "brier": 0.33560637499999996,
      "auc": 0.6984126984126984,
      "accuracy": 0.625,
      "n": 16
    },
    "ann": {
      "logloss": 0.6931471805599453,
      "brier": 0.25,
      "auc": 0.5,
      "accuracy": 0.4375,
      "n": 16
    },
    "blended": {
      "logloss": 1.283207046500026,
      "brier": 0.33207718750000004,
      "auc": 0.6984126984126984,
      "accuracy": 0.625,
      "n": 16
    }
  },
  "calibration_bins": [
    {
      "bin": 0,
      "lower": 0,
      "upper": 0.1,
      "p_mean": 0.022125000000000006,
      "y_rate": 0.375,
      "n": 8
    },
    {
      "bin": 2,
      "lower": 0.2,
      "upper": 0.3,
      "p_mean": 0.211,
      "y_rate": 0,
      "n": 1
    },
    {
      "bin": 7,
      "lower": 0.7,
      "upper": 0.8,
      "p_mean": 0.746,
      "y_rate": 0,
      "n": 1
    },
    {
      "bin": 9,
      "lower": 0.9,
      "upper": 1,
      "p_mean": 0.9848333333333333,
      "y_rate": 0.6666666666666666,
      "n": 6
    }
  ]
}