{"season":2004,"week":2,"per_model":{"logistic":{"logloss":11.512934682456148,"brier":0.4166666666666667,"auc":0.5,"accuracy":0.5833333333333334,"n":12},"decision_tree":{"logloss":0.5000854364084332,"brier":0.1576443333333333,"auc":0.8,"accuracy":0.8333333333333334,"n":12},"bt":{"logloss":0.5944804682338397,"brier":0.20242833333333332,"auc":0.9,"accuracy":0.75,"n":12},"ann":{"logloss":0.7031231383184285,"brier":0.2538925833333333,"auc":0.32857142857142857,"accuracy":0.5833333333333334,"n":12},"blended":{"logloss":1.694836333624375,"brier":0.40231949999999994,"auc":0.4142857142857143,"accuracy":0.5833333333333334,"n":12}},"calibration_bins":[{"bin":9,"lower":0.9,"upper":1,"p_mean":0.9821666666666666,"y_rate":0.5833333333333334,"n":12}]}