{"season":2021,"week":20,"per_model":{"logistic":{"logloss":0.7991777794351873,"brier":0.28644166666666665,"auc":0.5,"accuracy":0.6666666666666666,"n":3},"decision_tree":{"logloss":0.7629687356661052,"brier":0.28455566666666665,"auc":0.5,"accuracy":0.3333333333333333,"n":3},"bt":{"logloss":0.6968156343740345,"brier":0.251852,"auc":0.5,"accuracy":0.3333333333333333,"n":3},"ann":{"logloss":0.8016640359552683,"brier":0.3020186666666667,"auc":0.5,"accuracy":0.3333333333333333,"n":3},"blended":{"logloss":0.7065404141716165,"brier":0.2617046666666667,"auc":0.5,"accuracy":0.6666666666666666,"n":3}},"calibration_bins":[{"bin":0,"lower":0,"upper":0.1,"p_mean":0.067,"y_rate":0,"n":1},{"bin":2,"lower":0.2,"upper":0.3,"p_mean":0.22,"y_rate":1,"n":1},{"bin":4,"lower":0.4,"upper":0.5,"p_mean":0.415,"y_rate":0,"n":1}]}