{"season":2018,"week":15,"per_model":{"logistic":{"logloss":0.9870498414583445,"brier":0.24338915384615384,"auc":0.75,"accuracy":0.6923076923076923,"n":13},"decision_tree":{"logloss":1.0827807882134415,"brier":0.33413692307692305,"auc":0.425,"accuracy":0.6153846153846154,"n":13},"bt":{"logloss":0.7139915453401472,"brier":0.2601840769230769,"auc":0.475,"accuracy":0.46153846153846156,"n":13},"ann":{"logloss":0.6298591268506825,"brier":0.22006915384615386,"auc":0.7,"accuracy":0.6923076923076923,"n":13},"blended":{"logloss":0.7054762747062202,"brier":0.22435815384615382,"auc":0.75,"accuracy":0.6923076923076923,"n":13}},"calibration_bins":[{"bin":1,"lower":0.1,"upper":0.2,"p_mean":0.108,"y_rate":0,"n":2},{"bin":2,"lower":0.2,"upper":0.3,"p_mean":0.261,"y_rate":0.6666666666666666,"n":3},{"bin":8,"lower":0.8,"upper":0.9,"p_mean":0.839,"y_rate":0,"n":1},{"bin":9,"lower":0.9,"upper":1,"p_mean":0.9585714285714285,"y_rate":0.8571428571428571,"n":7}]}