{"season":2022,"week":20,"per_model":{"logistic":{"logloss":0.17232482978462293,"brier":0.03552166666666667,"auc":1,"accuracy":1,"n":3},"decision_tree":{"logloss":0.7712858362054207,"brier":0.26320566666666667,"auc":0.25,"accuracy":0.6666666666666666,"n":3},"bt":{"logloss":0.6150384789441771,"brier":0.21874833333333332,"auc":0.5,"accuracy":0.6666666666666666,"n":3},"ann":{"logloss":0.5629526696567275,"brier":0.18736299999999995,"auc":1,"accuracy":0.6666666666666666,"n":3},"blended":{"logloss":0.20086313183860796,"brier":0.04135466666666667,"auc":1,"accuracy":1,"n":3}},"calibration_bins":[{"bin":2,"lower":0.2,"upper":0.3,"p_mean":0.244,"y_rate":0,"n":1},{"bin":7,"lower":0.7,"upper":0.8,"p_mean":0.748,"y_rate":1,"n":1},{"bin":9,"lower":0.9,"upper":1,"p_mean":0.968,"y_rate":1,"n":1}]}