{
  "season": 2020,
  "week": 19,
  "per_model": {
    "logistic": {
      "logloss": 1.0561363976050724,
      "brier": 0.31261449999999996,
      "auc": 0.3333333333333333,
      "accuracy": 0.5,
      "n": 4
    },
    "decision_tree": {
      "logloss": 0.11843316344624791,
      "brier": 0.022869749999999998,
      "auc": 1,
      "accuracy": 1,
      "n": 4
    },
    "bt": {
      "logloss": 8.209372207211926,
      "brier": 0.5082845,
      "auc": 0.8333333333333334,
      "accuracy": 0.5,
      "n": 4
    },
    "ann": {
      "logloss": 0.6931471805599453,
      "brier": 0.25,
      "auc": 0.5,
      "accuracy": 0.75,
      "n": 4
    },
    "blended": {
      "logloss": 0.46885439083553293,
      "brier": 0.1700395,
      "auc": 0.6666666666666666,
      "accuracy": 0.75,
      "n": 4
    }
  },
  "calibration_bins": [
    {
      "bin": 6,
      "lower": 0.6,
      "upper": 0.7,
      "p_mean": 0.618,
      "y_rate": 1,
      "n": 1
    },
    {
      "bin": 7,
      "lower": 0.7,
      "upper": 0.8,
      "p_mean": 0.728,
      "y_rate": 0,
      "n": 1
    },
    {
      "bin": 9,
      "lower": 0.9,
      "upper": 1,
      "p_mean": 0.955,
      "y_rate": 1,
      "n": 2
    }
  ]
}