{"season":2006,"week":8,"per_model":{"logistic":{"logloss":0.33914547495389386,"brier":0.08641109090909091,"auc":0.9666666666666667,"accuracy":0.9090909090909091,"n":11},"decision_tree":{"logloss":0.6230475958639531,"brier":0.21098009090909092,"auc":0.8,"accuracy":0.7272727272727273,"n":11},"bt":{"logloss":0.6815345721656175,"brier":0.2449912727272727,"auc":0.5333333333333333,"accuracy":0.5454545454545454,"n":11},"ann":{"logloss":0.4962714703156262,"brier":0.15996309090909092,"auc":0.9,"accuracy":0.7272727272727273,"n":11},"blended":{"logloss":0.244049575960615,"brier":0.0741739090909091,"auc":1,"accuracy":0.9090909090909091,"n":11}},"calibration_bins":[{"bin":0,"lower":0,"upper":0.1,"p_mean":0.064,"y_rate":0,"n":5},{"bin":1,"lower":0.1,"upper":0.2,"p_mean":0.112,"y_rate":1,"n":1},{"bin":9,"lower":0.9,"upper":1,"p_mean":0.9677999999999999,"y_rate":1,"n":5}]}