{"season":2011,"week":20,"per_model":{"logistic":{"logloss":1.017781232400642,"brier":0.377585,"auc":1,"accuracy":0.5,"n":2},"decision_tree":{"logloss":1.7849441298432371,"brier":0.47184099999999995,"auc":0.5,"accuracy":0.5,"n":2},"bt":{"logloss":0.7236085136735744,"brier":0.2648365,"auc":1,"accuracy":0.5,"n":2},"ann":{"logloss":0.908338678595509,"brier":0.33743700000000004,"auc":0,"accuracy":0.5,"n":2},"blended":{"logloss":0.805870280748388,"brier":0.30852450000000003,"auc":1,"accuracy":0.5,"n":2}},"calibration_bins":[{"bin":0,"lower":0,"upper":0.1,"p_mean":0.093,"y_rate":0,"n":1},{"bin":2,"lower":0.2,"upper":0.3,"p_mean":0.22,"y_rate":1,"n":1}]}