{"season":2024,"week":20,"per_model":{"logistic":{"logloss":1.7662391488567921,"brier":0.3559483333333333,"auc":1,"accuracy":0.6666666666666666,"n":3},"decision_tree":{"logloss":1.0086617722416706,"brier":0.35200800000000004,"auc":0.5,"accuracy":0.3333333333333333,"n":3},"bt":{"logloss":0.6162206887933728,"brier":0.2120226666666667,"auc":1,"accuracy":0.6666666666666666,"n":3},"ann":{"logloss":0.46845936762540363,"brier":0.14621133333333336,"auc":1,"accuracy":0.6666666666666666,"n":3},"blended":{"logloss":0.9272800294885494,"brier":0.299238,"auc":1,"accuracy":0.6666666666666666,"n":3}},"calibration_bins":[{"bin":0,"lower":0,"upper":0.1,"p_mean":0.0755,"y_rate":0.5,"n":2},{"bin":7,"lower":0.7,"upper":0.8,"p_mean":0.751,"y_rate":1,"n":1}]}