{"season":2000,"week":3,"per_model":{"logistic":{"logloss":0.29278233537973036,"brier":0.106457,"auc":1,"accuracy":0.8,"n":10},"decision_tree":{"logloss":0.6299746387082946,"brier":0.22109539999999997,"auc":0.7,"accuracy":0.5,"n":10},"bt":{"logloss":0.7472816688829883,"brier":0.27462980000000003,"auc":0.44,"accuracy":0.4,"n":10},"ann":{"logloss":0.6759984690799097,"brier":0.241763,"auc":0.6,"accuracy":0.4,"n":10},"blended":{"logloss":0.3217470433671998,"brier":0.11187040000000001,"auc":1,"accuracy":0.8,"n":10}},"calibration_bins":[{"bin":0,"lower":0,"upper":0.1,"p_mean":0.043333333333333335,"y_rate":0,"n":3},{"bin":1,"lower":0.1,"upper":0.2,"p_mean":0.15,"y_rate":0,"n":2},{"bin":2,"lower":0.2,"upper":0.3,"p_mean":0.275,"y_rate":1,"n":2},{"bin":9,"lower":0.9,"upper":1,"p_mean":0.9453333333333335,"y_rate":1,"n":3}]}