{"season":2023,"week":2,"per_model":{"logistic":{"logloss":13.815521618947175,"brier":0.5,"auc":0.5,"accuracy":0.5,"n":14},"decision_tree":{"logloss":0.4176673020827852,"brier":0.11916328571428574,"auc":0.9285714285714286,"accuracy":0.9285714285714286,"n":14},"bt":{"logloss":0.8344977558557521,"brier":0.30665835714285716,"auc":0.4489795918367347,"accuracy":0.5,"n":14},"ann":{"logloss":0.693596198806205,"brier":0.2502245,"auc":0.3673469387755102,"accuracy":0.5,"n":14},"blended":{"logloss":1.1603666239729542,"brier":0.4017977142857143,"auc":0.35714285714285715,"accuracy":0.5,"n":14}},"calibration_bins":[{"bin":8,"lower":0.8,"upper":0.9,"p_mean":0.8894285714285715,"y_rate":0.5,"n":14}]}