{"season":2011,"week":3,"per_model":{"logistic":{"logloss":0.022577766972927567,"brier":0.0013951666666666672,"auc":1,"accuracy":1,"n":12},"decision_tree":{"logloss":0.739087192652668,"brier":0.26310483333333334,"auc":0.5714285714285714,"accuracy":0.5,"n":12},"bt":{"logloss":0.7076939478587043,"brier":0.25592433333333336,"auc":0.5428571428571428,"accuracy":0.5833333333333334,"n":12},"ann":{"logloss":0.5902699235693256,"brier":0.2009091666666667,"auc":0.8857142857142857,"accuracy":0.75,"n":12},"blended":{"logloss":0.07993086263409173,"brier":0.012543916666666667,"auc":1,"accuracy":1,"n":12}},"calibration_bins":[{"bin":0,"lower":0,"upper":0.1,"p_mean":0.088,"y_rate":0,"n":1},{"bin":1,"lower":0.1,"upper":0.2,"p_mean":0.12566666666666668,"y_rate":0,"n":3},{"bin":3,"lower":0.3,"upper":0.4,"p_mean":0.305,"y_rate":0,"n":1},{"bin":9,"lower":0.9,"upper":1,"p_mean":0.985857142857143,"y_rate":1,"n":7}]}