{"season":2005,"week":20,"per_model":{"logistic":{"logloss":1.7897793951022358,"brier":0.4724,"auc":1,"accuracy":0.5,"n":2},"decision_tree":{"logloss":0.6518965698040734,"brier":0.24951249999999997,"auc":1,"accuracy":0.5,"n":2},"bt":{"logloss":0.9176362907799005,"brier":0.35009049999999997,"auc":0,"accuracy":0.5,"n":2},"ann":{"logloss":1.0067594893850516,"brier":0.36670249999999993,"auc":1,"accuracy":0.5,"n":2},"blended":{"logloss":1.1739167682336071,"brier":0.40468850000000006,"auc":1,"accuracy":0.5,"n":2}},"calibration_bins":[{"bin":0,"lower":0,"upper":0.1,"p_mean":0.081,"y_rate":0,"n":1},{"bin":1,"lower":0.1,"upper":0.2,"p_mean":0.104,"y_rate":1,"n":1}]}