{"season":2020,"week":19,"per_model":{"logistic":{"logloss":2.087472314747338,"brier":0.5924619999999999,"auc":0,"accuracy":0.3333333333333333,"n":3},"decision_tree":{"logloss":0.19818467732112946,"brier":0.05445400000000001,"auc":1,"accuracy":1,"n":3},"bt":{"logloss":2.918798753071599,"brier":0.7861263333333334,"auc":0,"accuracy":0,"n":3},"ann":{"logloss":0.7306451465062912,"brier":0.2534126666666667,"auc":1,"accuracy":0.6666666666666666,"n":3},"blended":{"logloss":1.5362803049591847,"brier":0.5370416666666666,"auc":0,"accuracy":0.3333333333333333,"n":3}},"calibration_bins":[{"bin":1,"lower":0.1,"upper":0.2,"p_mean":0.111,"y_rate":1,"n":1},{"bin":8,"lower":0.8,"upper":0.9,"p_mean":0.889,"y_rate":0.5,"n":2}]}