{"season":2012,"week":8,"per_model":{"logistic":{"logloss":0.2885119065909413,"brier":0.0891812,"auc":0.875,"accuracy":0.9,"n":10},"decision_tree":{"logloss":0.8074669563072806,"brier":0.30579569999999995,"auc":0.625,"accuracy":0.4,"n":10},"bt":{"logloss":0.6712176876364743,"brier":0.23908769999999996,"auc":0.9166666666666666,"accuracy":0.6,"n":10},"ann":{"logloss":0.545052111244299,"brier":0.1774159,"auc":0.875,"accuracy":0.9,"n":10},"blended":{"logloss":0.28098737371822036,"brier":0.08410400000000003,"auc":0.9166666666666666,"accuracy":0.9,"n":10}},"calibration_bins":[{"bin":0,"lower":0,"upper":0.1,"p_mean":0.06366666666666666,"y_rate":0,"n":3},{"bin":1,"lower":0.1,"upper":0.2,"p_mean":0.17200000000000001,"y_rate":0.3333333333333333,"n":3},{"bin":2,"lower":0.2,"upper":0.3,"p_mean":0.281,"y_rate":0,"n":1},{"bin":9,"lower":0.9,"upper":1,"p_mean":0.9486666666666667,"y_rate":1,"n":3}]}