{"season":2023,"week":22,"per_model":{"logistic":{"logloss":0.36096986822161325,"brier":0.09180900000000003,"auc":null,"accuracy":1,"n":1},"decision_tree":{"logloss":0.0650719967437148,"brier":0.003968999999999993,"auc":null,"accuracy":1,"n":1},"bt":{"logloss":0.8416471888783893,"brier":0.32376099999999997,"auc":null,"accuracy":0,"n":1},"ann":{"logloss":0.4780358009429998,"brier":0.1444,"auc":null,"accuracy":1,"n":1},"blended":{"logloss":0.34955747616986843,"brier":0.08702500000000002,"auc":null,"accuracy":1,"n":1}},"calibration_bins":[{"bin":7,"lower":0.7,"upper":0.8,"p_mean":0.705,"y_rate":1,"n":1}]}