{"season":2002,"week":19,"per_model":{"logistic":{"logloss":3.0269289602402947,"brier":0.7055186666666667,"auc":null,"accuracy":0.3333333333333333,"n":3},"decision_tree":{"logloss":0.07149600170506992,"brier":0.0047609999999999935,"auc":null,"accuracy":1,"n":3},"bt":{"logloss":0.5741517780628765,"brier":0.19388333333333338,"auc":null,"accuracy":0.6666666666666666,"n":3},"ann":{"logloss":0.2736594173574917,"brier":0.05773366666666666,"auc":null,"accuracy":1,"n":3},"blended":{"logloss":1.7188833700008248,"brier":0.5972446666666668,"auc":null,"accuracy":0.3333333333333333,"n":3}},"calibration_bins":[{"bin":0,"lower":0,"upper":0.1,"p_mean":0.087,"y_rate":1,"n":1},{"bin":1,"lower":0.1,"upper":0.2,"p_mean":0.113,"y_rate":1,"n":1},{"bin":5,"lower":0.5,"upper":0.6,"p_mean":0.586,"y_rate":1,"n":1}]}