{
  "season": 2025,
  "week": 6,
  "per_model": {
    "logistic": {
      "logloss": 0.18511523932203822,
      "brier": 0.061780384615384626,
      "auc": 1,
      "accuracy": 0.9230769230769231,
      "n": 13
    },
    "decision_tree": {
      "logloss": 0.7152638520158524,
      "brier": 0.2532661538461538,
      "auc": 0.5,
      "accuracy": 0.5384615384615384,
      "n": 13
    },
    "bt": {
      "logloss": 0.8187511421830975,
      "brier": 0.2858476153846154,
      "auc": 0.4166666666666667,
      "accuracy": 0.6153846153846154,
      "n": 13
    },
    "ann": {
      "logloss": 0.5180675520579782,
      "brier": 0.16584738461538462,
      "auc": 0.9722222222222222,
      "accuracy": 0.8461538461538461,
      "n": 13
    },
    "blended": {
      "logloss": 0.21765841638116526,
      "brier": 0.06514030769230769,
      "auc": 1,
      "accuracy": 0.9230769230769231,
      "n": 13
    }
  },
  "calibration_bins": [
    {
      "bin": 0,
      "lower": 0,
      "upper": 0.1,
      "p_mean": 0.032,
      "y_rate": 0.2,
      "n": 5
    },
    {
      "bin": 8,
      "lower": 0.8,
      "upper": 0.9,
      "p_mean": 0.899,
      "y_rate": 1,
      "n": 1
    },
    {
      "bin": 9,
      "lower": 0.9,
      "upper": 1,
      "p_mean": 0.9578571428571429,
      "y_rate": 1,
      "n": 7
    }
  ]
}