{"season":2008,"week":3,"per_model":{"logistic":{"logloss":0.15957560314713917,"brier":0.05616283333333333,"auc":0.9629629629629629,"accuracy":0.9166666666666666,"n":12},"decision_tree":{"logloss":0.6898343121847644,"brier":0.25014000000000003,"auc":0.5555555555555556,"accuracy":0.3333333333333333,"n":12},"bt":{"logloss":0.5475985445703576,"brier":0.182635,"auc":0.7777777777777778,"accuracy":0.5833333333333334,"n":12},"ann":{"logloss":0.631231034706553,"brier":0.21980825000000004,"auc":0.7407407407407407,"accuracy":0.6666666666666666,"n":12},"blended":{"logloss":0.17658055509768078,"brier":0.05485758333333334,"auc":0.9629629629629629,"accuracy":0.9166666666666666,"n":12}},"calibration_bins":[{"bin":0,"lower":0,"upper":0.1,"p_mean":0.0385,"y_rate":0,"n":2},{"bin":2,"lower":0.2,"upper":0.3,"p_mean":0.249,"y_rate":0.5,"n":2},{"bin":9,"lower":0.9,"upper":1,"p_mean":0.96025,"y_rate":1,"n":8}]}