{
  "season": 2024,
  "week": 21,
  "per_model": {
    "logistic": {
      "logloss": 0.5297154996844308,
      "brier": 0.213205,
      "auc": null,
      "accuracy": 0.5,
      "n": 2
    },
    "decision_tree": {
      "logloss": 0.14278282349715565,
      "brier": 0.017789000000000003,
      "auc": null,
      "accuracy": 1,
      "n": 2
    },
    "bt": {
      "logloss": 0.29795942079985827,
      "brier": 0.06899399999999997,
      "auc": null,
      "accuracy": 1,
      "n": 2
    },
    "ann": {
      "logloss": 0.6891551592904078,
      "brier": 0.248004,
      "auc": null,
      "accuracy": 1,
      "n": 2
    },
    "blended": {
      "logloss": 0.430063906687655,
      "brier": 0.15850000000000003,
      "auc": null,
      "accuracy": 0.5,
      "n": 2
    }
  },
  "calibration_bins": [
    {
      "bin": 4,
      "lower": 0.4,
      "upper": 0.5,
      "p_mean": 0.438,
      "y_rate": 1,
      "n": 1
    },
    {
      "bin": 9,
      "lower": 0.9,
      "upper": 1,
      "p_mean": 0.966,
      "y_rate": 1,
      "n": 1
    }
  ]
}