{"season":2023,"week":19,"per_model":{"logistic":{"logloss":0.4812203642947219,"brier":0.1750218,"auc":0.5,"accuracy":0.8,"n":5},"decision_tree":{"logloss":0.9524154241923231,"brier":0.3024832,"auc":0.25,"accuracy":0.6,"n":5},"bt":{"logloss":0.8984238721942617,"brier":0.347969,"auc":0,"accuracy":0.2,"n":5},"ann":{"logloss":0.5832345550196213,"brier":0.19806220000000002,"auc":0.5,"accuracy":0.6,"n":5},"blended":{"logloss":0.48681049236119966,"brier":0.17376300000000003,"auc":0.5,"accuracy":0.8,"n":5}},"calibration_bins":[{"bin":5,"lower":0.5,"upper":0.6,"p_mean":0.508,"y_rate":1,"n":1},{"bin":6,"lower":0.6,"upper":0.7,"p_mean":0.689,"y_rate":1,"n":1},{"bin":7,"lower":0.7,"upper":0.8,"p_mean":0.725,"y_rate":0,"n":1},{"bin":9,"lower":0.9,"upper":1,"p_mean":0.9544999999999999,"y_rate":1,"n":2}]}