{"season":2022,"week":22,"per_model":{"logistic":{"logloss":0.6424540662444271,"brier":0.224676,"auc":null,"accuracy":1,"n":1},"decision_tree":{"logloss":2.234926444520231,"brier":0.7974490000000001,"auc":null,"accuracy":0,"n":1},"bt":{"logloss":1.1841701770297561,"brier":0.48163599999999995,"auc":null,"accuracy":0,"n":1},"ann":{"logloss":1.7316055464083075,"brier":0.677329,"auc":null,"accuracy":0,"n":1},"blended":{"logloss":0.8187104035352912,"brier":0.31248100000000006,"auc":null,"accuracy":0,"n":1}},"calibration_bins":[{"bin":5,"lower":0.5,"upper":0.6,"p_mean":0.559,"y_rate":0,"n":1}]}