{"season":2020,"week":2,"per_model":{"logistic":{"logloss":18.141252109419554,"brier":0.7135732142857142,"auc":0.375,"accuracy":0.2857142857142857,"n":14},"decision_tree":{"logloss":0.41719621968067555,"brier":0.11857142857142859,"auc":0.875,"accuracy":0.9285714285714286,"n":14},"bt":{"logloss":0.6661251664016792,"brier":0.23997935714285715,"auc":0.75,"accuracy":0.5,"n":14},"ann":{"logloss":0.5973832400313928,"brier":0.20331478571428568,"auc":0.55,"accuracy":0.7142857142857143,"n":14},"blended":{"logloss":2.3073344090609815,"brier":0.6575935714285713,"auc":0.3,"accuracy":0.2857142857142857,"n":14}},"calibration_bins":[{"bin":0,"lower":0,"upper":0.1,"p_mean":0.04429999999999999,"y_rate":0.8,"n":10},{"bin":9,"lower":0.9,"upper":1,"p_mean":0.9742500000000001,"y_rate":0.5,"n":4}]}