{"season":2019,"week":18,"per_model":{"logistic":{"logloss":2.032123563327576,"brier":0.5664715,"auc":0,"accuracy":0.25,"n":4},"decision_tree":{"logloss":1.1492168701588892,"brier":0.43056249999999996,"auc":0.3333333333333333,"accuracy":0.25,"n":4},"bt":{"logloss":0.6834714896459503,"brier":0.24558874999999997,"auc":0.3333333333333333,"accuracy":0.5,"n":4},"ann":{"logloss":1.4514539714839685,"brier":0.57070025,"auc":0,"accuracy":0,"n":4},"blended":{"logloss":1.7810283756965837,"brier":0.5444152499999999,"auc":0,"accuracy":0.25,"n":4}},"calibration_bins":[{"bin":0,"lower":0,"upper":0.1,"p_mean":0.058499999999999996,"y_rate":0.5,"n":2},{"bin":5,"lower":0.5,"upper":0.6,"p_mean":0.596,"y_rate":0,"n":1},{"bin":9,"lower":0.9,"upper":1,"p_mean":0.946,"y_rate":0,"n":1}]}