{"season":2009,"week":4,"per_model":{"logistic":{"logloss":0.3677905595733999,"brier":0.13666170000000002,"auc":0.875,"accuracy":0.8,"n":10},"decision_tree":{"logloss":0.4374167744782354,"brier":0.131994,"auc":1,"accuracy":0.8,"n":10},"bt":{"logloss":0.600638106952879,"brier":0.20511859999999998,"auc":0.9375,"accuracy":0.7,"n":10},"ann":{"logloss":0.3667612150861113,"brier":0.1018521,"auc":1,"accuracy":0.9,"n":10},"blended":{"logloss":0.3945827282317821,"brier":0.140555,"auc":0.9375,"accuracy":0.8,"n":10}},"calibration_bins":[{"bin":0,"lower":0,"upper":0.1,"p_mean":0.008,"y_rate":0,"n":1},{"bin":1,"lower":0.1,"upper":0.2,"p_mean":0.131,"y_rate":1,"n":1},{"bin":2,"lower":0.2,"upper":0.3,"p_mean":0.21300000000000002,"y_rate":0.5,"n":2},{"bin":9,"lower":0.9,"upper":1,"p_mean":0.9708333333333332,"y_rate":1,"n":6}]}