{
  "season": 2025,
  "week": 3,
  "per_model": {
    "logistic": {
      "logloss": 3.6662016032535374,
      "brier": 0.8909585,
      "auc": 0,
      "accuracy": 0,
      "n": 2
    },
    "decision_tree": {
      "logloss": 0.6931471805599453,
      "brier": 0.25,
      "auc": 0.5,
      "accuracy": 0.5,
      "n": 2
    },
    "bt": {
      "logloss": 0.6931471805599453,
      "brier": 0.25,
      "auc": 0.5,
      "accuracy": 0.5,
      "n": 2
    },
    "ann": {
      "logloss": 0.6931471805599453,
      "brier": 0.25,
      "auc": 0.5,
      "accuracy": 0.5,
      "n": 2
    },
    "blended": {
      "logloss": 0.6931471805599453,
      "brier": 0.25,
      "auc": 0.5,
      "accuracy": 0.5,
      "n": 2
    }
  },
  "calibration_bins": [
    {
      "bin": 5,
      "lower": 0.5,
      "upper": 0.6,
      "p_mean": 0.5,
      "y_rate": 0.5,
      "n": 2
    }
  ]
}