{"season":2022,"week":21,"per_model":{"logistic":{"logloss":2.7537790063466274,"brier":0.707194,"auc":null,"accuracy":0,"n":2},"decision_tree":{"logloss":0.057629112836636416,"brier":0.0031360000000000055,"auc":null,"accuracy":1,"n":2},"bt":{"logloss":0.4333468752061016,"brier":0.137461,"auc":null,"accuracy":1,"n":2},"ann":{"logloss":0.21280584727575497,"brier":0.0394505,"auc":null,"accuracy":1,"n":2},"blended":{"logloss":1.5794668944508334,"brier":0.568921,"auc":null,"accuracy":0,"n":2}},"calibration_bins":[{"bin":0,"lower":0,"upper":0.1,"p_mean":0.099,"y_rate":1,"n":1},{"bin":4,"lower":0.4,"upper":0.5,"p_mean":0.429,"y_rate":1,"n":1}]}