{
  "season": 2023,
  "week": 0,
  "aggregation_scope": "season",
  "latest_completed_week": 3,
  "per_model": {
    "logistic": {
      "logloss": 14.851258304962009,
      "brier": 0.881938,
      "auc": 0,
      "accuracy": 0,
      "n": 2
    },
    "decision_tree": {
      "logloss": 0.6931471805599453,
      "brier": 0.25,
      "auc": 0.5,
      "accuracy": 0.5,
      "n": 2
    },
    "bt": {
      "logloss": 0.6932751969467421,
      "brier": 0.250064,
      "auc": 0.5,
      "accuracy": 0.5,
      "n": 2
    },
    "ann": {
      "logloss": 1.174639228493115,
      "brier": 0.46972250000000004,
      "auc": 0,
      "accuracy": 0,
      "n": 2
    },
    "blended": {
      "logloss": 1.1733938978368892,
      "brier": 0.469124,
      "auc": 0,
      "accuracy": 0,
      "n": 2
    }
  },
  "weeks": [
    {
      "week": 3,
      "per_model": {
        "logistic": {
          "logloss": 14.851258304962009,
          "brier": 0.881938,
          "auc": 0,
          "accuracy": 0,
          "n": 2
        },
        "decision_tree": {
          "logloss": 0.6931471805599453,
          "brier": 0.25,
          "auc": 0.5,
          "accuracy": 0.5,
          "n": 2
        },
        "bt": {
          "logloss": 0.6932751969467421,
          "brier": 0.250064,
          "auc": 0.5,
          "accuracy": 0.5,
          "n": 2
        },
        "ann": {
          "logloss": 1.174639228493115,
          "brier": 0.46972250000000004,
          "auc": 0,
          "accuracy": 0,
          "n": 2
        },
        "blended": {
          "logloss": 1.1733938978368892,
          "brier": 0.469124,
          "auc": 0,
          "accuracy": 0,
          "n": 2
        }
      }
    }
  ]
}