{"season":2007,"week":3,"per_model":{"logistic":{"logloss":0.01868267351671938,"brier":0.0009861666666666658,"auc":1,"accuracy":1,"n":12},"decision_tree":{"logloss":0.6798798906381404,"brier":0.23786033333333334,"auc":0.6142857142857143,"accuracy":0.5833333333333334,"n":12},"bt":{"logloss":0.7355641636695451,"brier":0.27100816666666666,"auc":0.3142857142857143,"accuracy":0.3333333333333333,"n":12},"ann":{"logloss":0.6556286342330695,"brier":0.23152225000000004,"auc":0.6571428571428571,"accuracy":0.5833333333333334,"n":12},"blended":{"logloss":0.04736380603501481,"brier":0.0026121666666666685,"auc":1,"accuracy":1,"n":12}},"calibration_bins":[{"bin":0,"lower":0,"upper":0.1,"p_mean":0.0666,"y_rate":0,"n":5},{"bin":9,"lower":0.9,"upper":1,"p_mean":0.9687142857142856,"y_rate":1,"n":7}]}