{"season":2003,"week":3,"per_model":{"logistic":{"logloss":0.024264853600203487,"brier":0.0012693999999999997,"auc":1,"accuracy":1,"n":10},"decision_tree":{"logloss":0.6549011794375276,"brier":0.2321893,"auc":0.5,"accuracy":0.6,"n":10},"bt":{"logloss":0.6253105924118193,"brier":0.220775,"auc":0.6666666666666666,"accuracy":0.5,"n":10},"ann":{"logloss":0.6484341660764809,"brier":0.22783579999999998,"auc":0.6666666666666666,"accuracy":0.7,"n":10},"blended":{"logloss":0.05564688686347167,"brier":0.0036735000000000005,"auc":1,"accuracy":1,"n":10}},"calibration_bins":[{"bin":0,"lower":0,"upper":0.1,"p_mean":0.0424,"y_rate":0,"n":5},{"bin":1,"lower":0.1,"upper":0.2,"p_mean":0.113,"y_rate":0,"n":1},{"bin":9,"lower":0.9,"upper":1,"p_mean":0.9469999999999998,"y_rate":1,"n":4}]}