{"season":2008,"week":6,"per_model":{"logistic":{"logloss":0.02770443594059365,"brier":0.0017167999999999992,"auc":1,"accuracy":1,"n":10},"decision_tree":{"logloss":0.6634328721546171,"brier":0.24154789999999995,"auc":0.9375,"accuracy":0.4,"n":10},"bt":{"logloss":0.8284609069223933,"brier":0.31186539999999996,"auc":0.25,"accuracy":0.5,"n":10},"ann":{"logloss":0.7581211920847685,"brier":0.2816971,"auc":0.5,"accuracy":0.3,"n":10},"blended":{"logloss":0.0783475816441663,"brier":0.006604000000000001,"auc":1,"accuracy":1,"n":10}},"calibration_bins":[{"bin":0,"lower":0,"upper":0.1,"p_mean":0.07050000000000001,"y_rate":0,"n":2},{"bin":8,"lower":0.8,"upper":0.9,"p_mean":0.873,"y_rate":1,"n":2},{"bin":9,"lower":0.9,"upper":1,"p_mean":0.9411666666666666,"y_rate":1,"n":6}]}