{"season":2007,"week":18,"per_model":{"logistic":{"logloss":0.05569376528376395,"brier":0.0032399999999999964,"auc":1,"accuracy":1,"n":2},"decision_tree":{"logloss":0.37697965997835137,"brier":0.1267405,"auc":1,"accuracy":0.5,"n":2},"bt":{"logloss":0.6478887344839173,"brier":0.22849299999999997,"auc":1,"accuracy":0.5,"n":2},"ann":{"logloss":0.38494932182954233,"brier":0.10210049999999998,"auc":1,"accuracy":1,"n":2},"blended":{"logloss":0.12442174179036788,"brier":0.014442499999999997,"auc":1,"accuracy":1,"n":2}},"calibration_bins":[{"bin":1,"lower":0.1,"upper":0.2,"p_mean":0.146,"y_rate":0,"n":1},{"bin":9,"lower":0.9,"upper":1,"p_mean":0.913,"y_rate":1,"n":1}]}