{"season":2003,"week":5,"generated_at":"2025-11-07T00:11:49.464Z","feature_hash":"311195485621a24dfcf1c4bb8711c2e5646f03c7","logistic":{"weights":[-0.6279406989753491,-0.2830149846963995,-0.5359635111058483,-0.14473955172021613,1.0846197028753515,0.5208868015974203,0.12392983510662323,0.3140449198810377,0.02198534202315941,-0.3878033467174774,2.785593443778032,-2.7527404316414077,0,0,0,0,0.8966694605145148,-0.8799123420139837,-0.4886182404479936,0.06266359686113676,-2.937015787858953,-0.35996738498012054,0,0,0,0,0,0,0,0,0,0,0,0,0,0,0,0,0,0,-0.08331633798426537,0.09100901371707931,0.2256994661745603,0.20115099060115538,-0.2915388938620457,-0.24898551484316064,-1.0172355303303655,0,0,0.8831252256667412,0.4927170083892985,0.4421436791652971,0.10805475629333447,0.3337985259094251,0.0650141341158853,-0.22798974059589458,-0.17633056579332906,-0.6335459540231505,-0.92794111823736,-0.6038113379277334,-0.19774255064748883,-0.004899840073999233,0.10180063966033003,0.4466960051188003,-0.09189840498296835,-0.07715991313428858,0.33994018946648796,0.15104897523371083,0.21188383215724382,-0.38731238127345363,-0.23079283207926546,0.06820223390480638,-0.19315692527266423,-0.1147483674349248,0.04948465598208073,-0.35207414181797375,-0.34162934379585486,-0.055446224189531,0.45893406778561063,-0.24931698176254805,0.05542015319131009,0,0,0,0,0.10421105701519943,0.1250413277206037,0.10421105701520038,-0.10421105701519962,0,0,0],"bias":0.907218354471186,"scaler":{"mu":[65.3,771.7333333333333,253.83333333333334,517.9,4.1,62.15,749.3333333333334,251.31666666666666,498.01666666666665,3.1666666666666665,1.2,1.1333333333333333,1,0,0,0,21.599288205172936,-10.65987128376214,0.1716733582851707,-0.20550350207997053,1449.9992493948898,0.08198310700925428,0,0,0,0,0,0,0,0,0,0,0,0,0,0,0,0,0,0,236.39444444444445,236.39444444444445,238.85833333333332,238.85833333333332,-2.463888888888888,-2.463888888888888,4.777578895373283,0,0,-0.022169175307394737,-0.02145420452557399,-0.022169175307394737,-0.023649659912782936,0.43086241718842916,0.4313695196217519,0.43086241718842916,0.4304623329629786,-0.022558553507950933,-0.01977931873228655,-0.022558553507950933,-0.03055302709107706,0.42905476352232924,0.42950542835101996,0.42905476352232924,0.42847221978925204,0.830730165000941,0.8305853379282456,0.830730165000941,0.8209999544443123,0,0,0,0,0,0,0,0,6.52776416894969,6.558449292574266,6.52776416894969,6.59787900142248,0,0,0,0,0.2,0.7833333333333333,66,4,0,0,0],"sd":[32.802083267174766,383.17858615649294,152.47296663853416,277.5371866975667,2.6057628441590768,31.426541330537795,373.5928562248243,154.52426903959852,243.77814310465888,2.3178054754923294,0.9966610925150701,0.9910712498212334,1,1,1,1,274.1932753843659,347.6784944328815,3.2673944340730023,2.761370273625738,1.5095038478092864,2.1834374421822487,1,1,1,1,1,1,1,1,1,1,1,1,1,1,1,1,1,1,151.67436172990094,151.67436172990094,151.15057437621354,151.15057437621354,85.70430480818521,85.70430480818521,3.1333174875149123,1,1,0.08818631313699463,0.0897124751774158,0.08818631313699463,0.09964144524997691,0.03324690403161585,0.033487120713717775,0.03324690403161585,0.039501529294569376,0.10308193120017822,0.10368495427956453,0.10308193120017822,0.10623877681137944,0.04095407688401824,0.041262200249452576,0.04095407688401824,0.04181842685116024,0.09890264616635808,0.09761869498077526,0.09890264616635808,0.10446283465587253,1,1,1,1,1,1,1,1,1.185152825479384,1.2185944670224984,1.185152825479384,1.3432459338529354,1,1,1,1,0.3999999999999999,0.41197356981027583,2,2,1,1,1]},"features":["off_1st_down_s2d","off_total_yds_s2d","off_rush_yds_s2d","off_pass_yds_s2d","off_turnovers_s2d","def_1st_down_s2d","def_total_yds_s2d","def_rush_yds_s2d","def_pass_yds_s2d","def_turnovers_s2d","wins_s2d","losses_s2d","home","sim_winrate_same_loc_s2d","sim_pointdiff_same_loc_s2d","sim_count_same_loc_s2d","off_total_yds_s2d_minus_opp","def_total_yds_s2d_minus_opp","off_turnovers_s2d_minus_opp","def_turnovers_s2d_minus_opp","elo_pre","elo_diff","rest_days","rest_diff","off_third_down_att_s2d","off_third_down_conv_s2d","off_third_down_pct_s2d","off_red_zone_att_s2d","off_red_zone_td_s2d","off_red_zone_td_pct_s2d","off_dropbacks_s2d","off_sacks_taken_s2d","off_sack_rate_s2d","off_pass_att_s2d","off_rush_att_s2d","off_neutral_pass_rate_s2d","off_third_down_pct_s2d_minus_opp","off_red_zone_td_pct_s2d_minus_opp","off_sack_rate_s2d_minus_opp","off_neutral_pass_rate_s2d_minus_opp","off_yds_for_3g","off_yds_for_5g","def_yds_against_3g","def_yds_against_5g","net_yds_3g","net_yds_5g","qb_ypa_3g","qb_sack_rate_3g","qb_qbr","off_epa_per_play_s2d","off_epa_per_play_w3","off_epa_per_play_w5","off_epa_per_play_exp","off_success_rate_s2d","off_success_rate_w3","off_success_rate_w5","off_success_rate_exp","def_epa_per_play_allowed_s2d","def_epa_per_play_allowed_w3","def_epa_per_play_allowed_w5","def_epa_per_play_allowed_exp","def_success_rate_allowed_s2d","def_success_rate_allowed_w3","def_success_rate_allowed_w5","def_success_rate_allowed_exp","rb_rush_share_s2d","rb_rush_share_w3","rb_rush_share_w5","rb_rush_share_exp","wr_target_share_s2d","wr_target_share_w3","wr_target_share_w5","wr_target_share_exp","te_target_share_s2d","te_target_share_w3","te_target_share_w5","te_target_share_exp","qb_aypa_s2d","qb_aypa_w3","qb_aypa_w5","qb_aypa_exp","qb_sack_rate_s2d","qb_sack_rate_w3","qb_sack_rate_w5","qb_sack_rate_exp","roof_dome","roof_outdoor","weather_temp_f","weather_wind_mph","weather_precip_pct","weather_impact_score","weather_extreme_flag"]},"decision_tree":{"params":{"depth":6,"minSamples":8},"alpha":6},"bt":{"coefficients":[0.17245519748485255,0.08963823574347515,0.0892495948373069,-0.001621312263865539,-0.06884320944703622,0.0029106230853823403,-0.0028046312833790304,-0.002616579352803461,0.0031610667882645397,-0.00003312241218782763],"intercept":0.03458925841771547,"scaler":{"mu":[2.606182705538352,-36.8539704449031,0.37576016225203596,0,-0.005511470855196364,0,0,0,0,0],"sd":[49.202368792888706,467.45117131723634,16.941049059641653,1,0.07838221567009256,1,1,1,1,1]},"features":["diff_total_yards","diff_turnovers","diff_penalty_yards","diff_possession_seconds","diff_r_ratio","diff_elo_pre","diff_inj_out","diff_inj_skill_out","diff_inj_practice_dnp","diff_inj_out_trend"],"hyperparams":{"steps":1200,"learningRate":0.001,"l2":0.00001}},"ann":{"seeds":[1],"architecture":[92,128,64,32,1],"committee_size":1,"max_epochs":15,"dropout":0.5},"ensemble":{"weights":{"logistic":0.9,"tree":0,"bt":0,"ann":0.09999999999999998},"calibration":{"type":"platt","beta":-0.3091757787863543,"source":"platt"},"calibration_beta":-0.3091757787863543,"calibration_hash":"55f07bbc2726088253a1bee7e1cd8842d7b78cbf3070eb3167bad6cae5696c9a","oof_variance":{"ann":{"mean":0.49994790786995474,"var":0.02852462925937438}}},"pca":[{"component":1,"explained_variance":0.23044288352314576,"top_loadings":[{"feature":"off_total_yds_s2d","loading":-0.2638518240644925},{"feature":"off_1st_down_s2d","loading":-0.2618231119434119},{"feature":"def_pass_yds_s2d","loading":-0.25309595690430675},{"feature":"def_total_yds_s2d","loading":-0.2524480319657281},{"feature":"off_pass_yds_s2d","loading":-0.2523138257742921},{"feature":"def_1st_down_s2d","loading":-0.2519813508832032},{"feature":"qb_ypa_3g","loading":-0.2356109560218869},{"feature":"off_yds_for_3g","loading":-0.2355335919508365},{"feature":"off_yds_for_5g","loading":-0.2355335919508365},{"feature":"def_rush_yds_s2d","loading":-0.21105758410431932}]},{"component":2,"explained_variance":0.20549875146628607,"top_loadings":[{"feature":"off_epa_per_play_s2d","loading":-0.23281999063988432},{"feature":"off_epa_per_play_w5","loading":-0.23281999063988432},{"feature":"off_epa_per_play_w3","loading":-0.22988112786048137},{"feature":"losses_s2d","loading":0.22471955428844315},{"feature":"def_epa_per_play_allowed_s2d","loading":0.22047491397082972},{"feature":"def_epa_per_play_allowed_w5","loading":0.22047491397082972},{"feature":"def_epa_per_play_allowed_w3",