{"season":2014,"week":1,"generated_at":"2025-11-07T00:32:17.833Z","feature_hash":"e72f81bd368ed620ef105219c3c0b9239a232868","logistic":{"weights":[-0.28086677089005346,-0.7794824636794242,-0.7305762376715198,-0.7087514570310943,1.737602227159096,0.8776847308753046,-0.07282471771005407,0.4838436975292152,-0.39253341218904075,-0.612115722682555,2.988964728784567,-2.709877263986223,0,0,0,0,1.0958076247063497,-0.8679269448563163,-0.9304347414628908,0.987727316350769,-3.3542775486132412,-0.14149171198029234,0,0,0,0,0,0,0,0,0,0,0,0,0,0,0,0,0,0,-0.18981369298398448,-0.24168181401871816,-0.025037584811687663,0.24394844184263326,-0.00825682886824501,-0.6143540168200363,0.3964234419818936,0,0,1.9880228074218378,1.1356607308159479,-0.0880219371979777,0.06525616799276109,0.6808848156865924,0.0321203018878689,-0.32262554991465037,0.5075890387105552,-2.0281553526600877,-1.1868231571856052,0.2906490394527621,0.4933352520111403,-0.8338466315698807,0.06233141147718704,0.22703529596404462,-0.430143862775208,-0.43660557583839005,-0.15142888278833505,-0.47757987176475963,0.6471811998180989,-0.5359394950452664,0.18968961277662108,-0.2473376249374011,-0.345470755490795,0.38384744852871,0.0653479313311551,-0.09233512364485007,-0.2431424422346524,0.3731157500456277,-0.3616677580459619,0.3238395325405322,-0.20145546029850137,0,0,0,0,-0.04113723977906508,-0.009306375154361751,-0.04113723977906412,0.041137239779065346,0,0,0],"bias":1.2986414660114463,"scaler":{"mu":[0,0,0,0,0,0,0,0,0,0,0,0,0,0,0,0,0,0,0,0,0,0,0,0,0,0,0,0,0,0,0,0,0,0,0,0,0,0,0,0,0,0,0,0,0,0,0,0,0,0,0,0,0,0,0,0,0,0,0,0,0,0,0,0,0,0,0,0,0,0,0,0,0,0,0,0,0,0,0,0,0,0,0,0,0,0,0,0,0,0,0,0],"sd":[1,1,1,1,1,1,1,1,1,1,1,1,1,1,1,1,1,1,1,1,1,1,1,1,1,1,1,1,1,1,1,1,1,1,1,1,1,1,1,1,1,1,1,1,1,1,1,1,1,1,1,1,1,1,1,1,1,1,1,1,1,1,1,1,1,1,1,1,1,1,1,1,1,1,1,1,1,1,1,1,1,1,1,1,1,1,1,1,1,1,1,1]},"features":["off_1st_down_s2d","off_total_yds_s2d","off_rush_yds_s2d","off_pass_yds_s2d","off_turnovers_s2d","def_1st_down_s2d","def_total_yds_s2d","def_rush_yds_s2d","def_pass_yds_s2d","def_turnovers_s2d","wins_s2d","losses_s2d","home","sim_winrate_same_loc_s2d","sim_pointdiff_same_loc_s2d","sim_count_same_loc_s2d","off_total_yds_s2d_minus_opp","def_total_yds_s2d_minus_opp","off_turnovers_s2d_minus_opp","def_turnovers_s2d_minus_opp","elo_pre","elo_diff","rest_days","rest_diff","off_third_down_att_s2d","off_third_down_conv_s2d","off_third_down_pct_s2d","off_red_zone_att_s2d","off_red_zone_td_s2d","off_red_zone_td_pct_s2d","off_dropbacks_s2d","off_sacks_taken_s2d","off_sack_rate_s2d","off_pass_att_s2d","off_rush_att_s2d","off_neutral_pass_rate_s2d","off_third_down_pct_s2d_minus_opp","off_red_zone_td_pct_s2d_minus_opp","off_sack_rate_s2d_minus_opp","off_neutral_pass_rate_s2d_minus_opp","off_yds_for_3g","off_yds_for_5g","def_yds_against_3g","def_yds_against_5g","net_yds_3g","net_yds_5g","qb_ypa_3g","qb_sack_rate_3g","qb_qbr","off_epa_per_play_s2d","off_epa_per_play_w3","off_epa_per_play_w5","off_epa_per_play_exp","off_success_rate_s2d","off_success_rate_w3","off_success_rate_w5","off_success_rate_exp","def_epa_per_play_allowed_s2d","def_epa_per_play_allowed_w3","def_epa_per_play_allowed_w5","def_epa_per_play_allowed_exp","def_success_rate_allowed_s2d","def_success_rate_allowed_w3","def_success_rate_allowed_w5","def_success_rate_allowed_exp","rb_rush_share_s2d","rb_rush_share_w3","rb_rush_share_w5","rb_rush_share_exp","wr_target_share_s2d","wr_target_share_w3","wr_target_share_w5","wr_target_share_exp","te_target_share_s2d","te_target_share_w3","te_target_share_w5","te_target_share_exp","qb_aypa_s2d","qb_aypa_w3","qb_aypa_w5","qb_aypa_exp","qb_sack_rate_s2d","qb_sack_rate_w3","qb_sack_rate_w5","qb_sack_rate_exp","roof_dome","roof_outdoor","weather_temp_f","weather_wind_mph","weather_precip_pct","weather_impact_score","weather_extreme_flag"]},"decision_tree":{"params":{"depth":6,"minSamples":8},"alpha":6},"bt":{"coefficients":[0.0025819989363724226,-0.004405227243300713,-0.0018652431800896486,-0.00013595922146550254,0.004602945863421193,-0.001300122924606002,-0.003984190591668348,-0.0021248578411885055,-0.0019528113417326698,0.0026997742174302507],"intercept":0,"scaler":{"mu":[],"sd":[]},"features":["diff_total_yards","diff_turnovers","diff_penalty_yards","diff_possession_seconds","diff_r_ratio","diff_elo_pre","diff_inj_out","diff_inj_skill_out","diff_inj_practice_dnp","diff_inj_out_trend"],"hyperparams":{"steps":1200,"learningRate":0.001,"l2":0.00001}},"ann":{"seeds":[],"architecture":[0,1],"committee_size":0,"max_epochs":15,"dropout":0.5},"ensemble":{"weights":{"logistic":0,"tree":0,"bt":0,"ann":1},"calibration":{"type":"league_prior","lambda":0.85,"mean":0.56,"source":"league_prior"},"calibration_beta":0,"calibration_hash":"729bd80641a1693082e28166f0bc44dbe300221d0d4bf4256b7f485c2cf5cc29","oof_variance":{"ann":null}},"pca":[],"feature_enrichment":{"appended_features":["off_epa_per_play_s2d","off_epa_per_play_w3","off_epa_per_play_w5","off_epa_per_play_exp","off_success_rate_s2d","off_success_rate_w3","off_success_rate_w5","off_success_rate_exp","def_epa_per_play_allowed_s2d","def_epa_per_play_allowed_w3","def_epa_per_play_allowed_w5","def_epa_per_play_allowed_exp","def_success_rate_allowed_s2d","def_success_rate_allowed_w3","def_success_rate_allowed_w5","def_success_rate_allowed_exp","rb_rush_share_s2d","rb_rush_share_w3","rb_rush_share_w5","rb_rush_share_exp","wr_target_share_s2d","wr_target_share_w3","wr_target_share_w5","wr_target_share_exp","te_target_share_s2d","te_target_share_w3","te_target_share_w5","te_target_share_exp","qb_aypa_s2d","qb_aypa_w3","qb_aypa_w5","qb_aypa_exp","qb_sack_rate_s2d","qb_sack_rate_w3","qb_sack_rate_w5","qb_sack_rate_exp","roof_dome","roof_outdoor","weather_temp_f","weather_wind_mph","weather_precip_pct","weather_impact_score","weather_extreme_flag"],"pbp_rows":47629,"player_weekly_rows":17622}}