{
  "season": 2025,
  "week": 4,
  "features": [
    "off_1st_down_s2d",
    "off_total_yds_s2d",
    "off_rush_yds_s2d",
    "off_pass_yds_s2d",
    "off_turnovers_s2d",
    "def_1st_down_s2d",
    "def_total_yds_s2d",
    "def_rush_yds_s2d",
    "def_pass_yds_s2d",
    "def_turnovers_s2d",
    "wins_s2d",
    "losses_s2d",
    "home",
    "sim_winrate_same_loc_s2d",
    "sim_pointdiff_same_loc_s2d",
    "sim_count_same_loc_s2d",
    "off_total_yds_s2d_minus_opp",
    "def_total_yds_s2d_minus_opp",
    "off_turnovers_s2d_minus_opp",
    "def_turnovers_s2d_minus_opp",
    "elo_pre",
    "elo_diff",
    "rest_days",
    "rest_diff"
  ],
  "hybrid_weight": 1,
  "logistic": {
    "weights": [
      0,
      0,
      0,
      0,
      0,
      0,
      0,
      0,
      0,
      0,
      0,
      0.07638016517337666,
      0.3529521794963949,
      0.1429779969899708,
      0,
      -0.05144987488621753,
      0,
      0,
      0,
      0,
      0.053157418474759376,
      0.34697872217015874,
      0,
      0
    ],
    "intercept": -0.00006221001294067969
  },
  "scaler": {
    "mu": [
      0,
      0,
      0,
      0,
      0,
      0,
      0,
      0,
      0,
      0,
      0,
      4.916666666666667,
      0.5,
      0.16666666666666666,
      0,
      0.3333333333333333,
      0,
      0,
      0,
      0,
      1450,
      0,
      0,
      0
    ],
    "sd": [
      1,
      1,
      1,
      1,
      1,
      1,
      1,
      1,
      1,
      1,
      1,
      1.9930434571835658,
      0.5,
      0.37267799624996506,
      1,
      0.4714045207910314,
      1,
      1,
      1,
      1,
      1.3480759255350732,
      1.9745307262421132,
      1,
      1
    ]
  }
}