{"season":2000,"week":13,"generated_at":"2025-11-07T00:06:47.363Z","feature_hash":"8d4656ea97a6171122fd6171e76e5f112b1b6794","logistic":{"weights":[-0.24877981435379262,0.10144092035073772,0.03514132631604426,0.1080994571703364,0.06429156698511755,-0.009686807987547999,-0.03463708118180308,0.30817644190088517,-0.20790033193113286,-0.32551725292981787,2.982699244832018,-2.5271870594129893,0,0,0,0,0.9510162405923419,-0.46890920335981595,-0.841215784845427,0.031137527406518036,-2.495393936840337,0.09153248199997738,0,0,0,0,0,0,0,0,0,0,0,0,0,0,0,0,0,0,0.08849153534055891,0.09208677299478647,-0.06273865226416452,0.2667339049147462,0.07490351346321125,-0.42017175548767416,-0.5872914286149689,0,0,0,0,0,0,0,0,0,0,0,0,0,0,0,0,0,0,-0.15712771426218902,0.16697658814720523,0.0325396971177243,-0.2732966461986332,-0.017788682836493677,0.12735356612344334,-0.11528206785066913,-0.29960292274970896,-0.04387641159658602,-0.44180160787479833,-0.08599661062517289,-0.10691242936527388,-0.09168003642921631,0.5833437279557647,-0.06236120720132201,-0.16410436328051528,0,0,0,0,0.05290411916908139,-0.05290411916908144,0.05290411916908221,-0.05290411916908143,0,0,0],"bias":0.2972938040754397,"scaler":{"mu":[122.65895953757226,1461.9653179190752,493.1734104046243,968.7919075144508,7.127167630057803,122.90173410404624,1460.5549132947976,481.67630057803467,978.878612716763,5.485549132947977,2.1734104046242773,2.2196531791907512,1,0,0,0,3.1199694086214596,-14.784230969517596,-0.07447614585837234,0.09089694175104866,1449.9632899360827,-0.08705013047397371,0,0,0,0,0,0,0,0,0,0,0,0,0,0,0,0,0,0,297.06551059730225,297.93718689788057,301.349710982659,299.29595375722556,-4.284200385356455,-1.3587668593448934,2.9394946926789296,0,0,0,0,0,0,0,0,0,0,0,0,0,0,0,0,0,0,0.7884258361284618,0.7930941761092721,0.7930267622025905,0.7787785227673919,0.6070685695471075,0.5995748488644819,0.6056371340715764,0.6048382396408318,0.1552599478940221,0.1601585963821903,0.15680558103663164,0.1529140932144553,3.2321661674761377,3.1227671520817113,3.162645540814744,3.419098384869832,0,0,0,0,0.19653179190751446,0.8034682080924855,65.98265895953757,4.017341040462428,0,0,0],"sd":[81.08066627037591,959.1972251399752,349.8974151700816,645.6684868009328,5.122320143644001,82.08248105664723,985.2672790397436,345.44418814940093,664.6011905575865,4.133057114853117,1.8036534661036459,2.0139013688971867,1,1,1,1,1050.6786458908578,1204.3645571856648,6.502475440957372,4.907807830698598,3.6339191477981148,5.121177007615584,1,1,1,1,1,1,1,1,1,1,1,1,1,1,1,1,1,1,115.0716995159627,113.12648300586353,110.63995061478633,108.14682151083196,74.94846438048347,69.28279124273438,2.189649530051293,1,1,1,1,1,1,1,1,1,1,1,1,1,1,1,1,1,1,0.12344239195870993,0.1299213769186085,0.12329177071833644,0.1347289001158172,0.08375089600184307,0.09636074750713572,0.0881903598971621,0.08470988664846042,0.07613617706661638,0.08261229689208759,0.07764756623319015,0.08081984539978271,1.614059527212471,1.9821070084059789,1.727444134666355,1.9234408824474527,1,1,1,1,0.39737519635369334,0.39737519635369334,1.9868759817684627,1.9868759817684625,1,1,1]},"features":["off_1st_down_s2d","off_total_yds_s2d","off_rush_yds_s2d","off_pass_yds_s2d","off_turnovers_s2d","def_1st_down_s2d","def_total_yds_s2d","def_rush_yds_s2d","def_pass_yds_s2d","def_turnovers_s2d","wins_s2d","losses_s2d","home","sim_winrate_same_loc_s2d","sim_pointdiff_same_loc_s2d","sim_count_same_loc_s2d","off_total_yds_s2d_minus_opp","def_total_yds_s2d_minus_opp","off_turnovers_s2d_minus_opp","def_turnovers_s2d_minus_opp","elo_pre","elo_diff","rest_days","rest_diff","off_third_down_att_s2d","off_third_down_conv_s2d","off_third_down_pct_s2d","off_red_zone_att_s2d","off_red_zone_td_s2d","off_red_zone_td_pct_s2d","off_dropbacks_s2d","off_sacks_taken_s2d","off_sack_rate_s2d","off_pass_att_s2d","off_rush_att_s2d","off_neutral_pass_rate_s2d","off_third_down_pct_s2d_minus_opp","off_red_zone_td_pct_s2d_minus_opp","off_sack_rate_s2d_minus_opp","off_neutral_pass_rate_s2d_minus_opp","off_yds_for_3g","off_yds_for_5g","def_yds_against_3g","def_yds_against_5g","net_yds_3g","net_yds_5g","qb_ypa_3g","qb_sack_rate_3g","qb_qbr","off_epa_per_play_s2d","off_epa_per_play_w3","off_epa_per_play_w5","off_epa_per_play_exp","off_success_rate_s2d","off_success_rate_w3","off_success_rate_w5","off_success_rate_exp","def_epa_per_play_allowed_s2d","def_epa_per_play_allowed_w3","def_epa_per_play_allowed_w5","def_epa_per_play_allowed_exp","def_success_rate_allowed_s2d","def_success_rate_allowed_w3","def_success_rate_allowed_w5","def_success_rate_allowed_exp","rb_rush_share_s2d","rb_rush_share_w3","rb_rush_share_w5","rb_rush_share_exp","wr_target_share_s2d","wr_target_share_w3","wr_target_share_w5","wr_target_share_exp","te_target_share_s2d","te_target_share_w3","te_target_share_w5","te_target_share_exp","qb_aypa_s2d","qb_aypa_w3","qb_aypa_w5","qb_aypa_exp","qb_sack_rate_s2d","qb_sack_rate_w3","qb_sack_rate_w5","qb_sack_rate_exp","roof_dome","roof_outdoor","weather_temp_f","weather_wind_mph","weather_precip_pct","weather_impact_score","weather_extreme_flag"]},"decision_tree":{"params":{"depth":6,"minSamples":9},"alpha":2},"bt":{"coefficients":[0.1750265798408948,-0.0997081680041884,0.12005973784826972,-0.0023884678468704037,-0.15102480455867628,-0.0032150270645181713,0.0045409336790773105,-0.0007197365820298917,0.00051275820556206,0.004597921982556353],"intercept":0.07972362422461397,"scaler":{"mu":[-1.0446287853028753,-6.396671381812494,-0.20392421077732217,0,0.0015883119771435336,0,0,0,0,0],"sd":[73.98796995385398,529.2108123792758,15.680709741174535,1,0.0951236370602044,1,1,1,1,1]},"features":["diff_total_yards","diff_turnovers","diff_penalty_yards","diff_possession_seconds","diff_r_ratio","diff_elo_pre","diff_inj_out","diff_inj_skill_out","diff_inj_practice_dnp","diff_inj_out_trend"],"hyperparams":{"steps":1200,"learningRate":0.001,"l2":0.00001}},"ann":{"seeds":[1],"architecture":[92,128,64,32,1],"committee_size":1,"max_epochs":15,"dropout":0.5},"ensemble":{"weights":{"logistic":0.75,"tree":0.15,"bt":0,"ann":0.1},"calibration":{"type":"platt","beta":0.1112130533165263,"source":"platt"},"calibration_beta":0.1112130533165263,"calibration_hash":"5464530fc8c2153161dd2d1f629a2f54ec8dc050895f6b82801b1e5a95662288","oof_variance":{"ann":{"mean":0.5015808259304889,"var":0.009347988416965812}}},"pca":[{"component":1,"explained_variance":0.26444599150993175,"top_loadings":[{"feature":"def_total_yds_s2d","loading":0.2796717978873514},{"feature":"def_pass_yds_s2d","loading":0.2780049051946847},{"feature":"def_1st_down_s2d","loading":0.2774729825012049},{"feature":"off_total_yds_s2d","loading":0.2757073242820178},{"feature":"off_1st_down_s2d","loading":0.2751999159248436},{"feature":"off_pass_yds_s2d","loading":0.2726200175602252},{"feature":"def_rush_yds_s2d","loading":0.2628183755001326},{"feature":"off_turnovers_s2d","loading":0.256443565752789},{"feature":"off_rush_yds_s2d","loading":0.2527470691640773},{"feature":"def_turnovers_s2d","loading":0.22267600638809745}]},{"component":2,"explained_variance":0.14279793179818312,"top_loadings":[{"feature":"wr_target_share_s2d","loading":-0.33416399486952814},{"feature":"wr_target_share_exp","loading":-0.33255911995699633},{"feature":"wr_target_share_w5","loading":-0.3324366396933311},{"feature":"wr_target_share_w3","loading":-0.32385958746890625},{"feature":"te_target_share_w5","loading":0.31793827152296733},{"feature":"te_target_share_s2d","loading":0.3114382459091551},{"feature":"te_target_share_w3","loading":0.3104135276511145},{"feature":"te_target_share_exp","loading":0.2857091397786402},{"feature":"qb_aypa_exp","loading":-0.15310581349956273},{"feature":"qb_aypa_s2d","loading":-0.1411854916717311}]},{"component":3,"explained_variance":0.11434316755491203,"top_loadings":[{"feature":"weather_wind_mph","loading":-0.3476296092826412},{"feature":"weather_temp_f","loading":0.3476296092826411},{"feature":"roof_dome","loading":0.3476296092826405},{"feature":"roof_outdoor",