{"season":2005,"week":3,"generated_at":"2025-11-07T00:15:17.176Z","feature_hash":"d3a304e85215b694a9f72007971e687fb0c67038","logistic":{"weights":[-0.4933307866968727,-0.2720849331988429,-0.5404983619283573,-0.08392503128304087,1.322449794241758,0.8561895126740151,-0.014951317677501548,-0.1707031181565014,0.05961119707369219,-0.5336072095676296,2.7764376310857317,-2.6078135272299274,0,0,0,0,1.0164617752644658,-0.9700156763667224,-0.8015851149468672,0.27851072111654956,-3.162207270690974,0.23839819844690557,0,0,0,0,0,0,0,0,0,0,0,0,0,0,0,0,0,0,0.10240594430296235,0.39101025554687324,0.4625279012010294,0.34031159407698947,-0.4460067083569724,0.061991389551955836,-1.1766587236121169,0,0,0.9571846730260418,1.0057019629593982,0.6179341183385078,0.04151809210329456,0.05002175060717696,0.3841093602095883,-0.4725985817600777,-0.3175369521506301,-1.1242976975275953,-0.16764978123487856,-0.6112011148975599,0.4271953443657191,-0.30496226766273415,-0.3992858445879088,0.21193041817877156,0.10988878771054614,-0.46061189354510945,0.2451564904715596,-0.07220439270611805,0.19514107666067404,0.003784619518170181,-0.49688985227419447,-0.3025876886717042,0.19184049866941108,0.25959130901971056,0.19362133194177433,-0.2699607699826132,0.03983801260926666,0.32603409910225883,0.2675418375665149,-0.24480995834413213,0.4023423738684983,0,0,0,0,0.0673169142526088,-0.12631240325280932,0.06731691425260955,-0.06731691425260893,0,0,0],"bias":0.8604257781163179,"scaler":{"mu":[44.46875,518.53125,165.78125,352.75,2.71875,40.71875,481.3125,145.5,335.8125,2.25,0.8125,0.6875,1,0,0,0,37.495644397479076,-39.50218572219766,-0.12970040954200357,0.2587323563706573,1449.765625,-0.46875,0,0,0,0,0,0,0,0,0,0,0,0,0,0,0,0,0,0,159.46875,159.46875,175.15625,175.15625,-15.6875,-15.6875,3.306130553784989,0,0,-0.0028960753223540806,-0.0028960753223540806,-0.0028960753223540806,-0.012399124141830689,0.4369744161733824,0.4369744161733824,0.4369744161733824,0.4390831477122955,-0.03270272394629542,-0.03270272394629542,-0.03270272394629542,-0.019159986082763265,0.4356899146442597,0.4356899146442597,0.4356899146442597,0.44055303700548465,0.8628893668299867,0.8628893668299867,0.8628893668299867,0.8624502651255119,0,0,0,0,0,0,0,0,7.4544882676545186,7.4544882676545186,7.4544882676545186,7.351830834236683,0,0,0,0,0.125,0.875,65.625,4.375,0,0,0],"sd":[19.98121676569022,196.59491733876922,70.2120602064738,162.01639577524244,1.8068338156842205,12.263345727716397,174.9556082089111,74.349260251868,120.52526641227556,1.8874586088176875,0.582961190818051,0.6817945071647321,1,1,1,1,163.38236066465046,141.0432463023424,3.0354324988357013,2.439434243315089,0.8522431339559152,1.1587810136086973,1,1,1,1,1,1,1,1,1,1,1,1,1,1,1,1,1,1,166.6288886221039,166.6288886221039,179.22247162657226,179.22247162657226,56.12343399819722,56.12343399819722,3.4831689683964058,1,1,0.11512501541608859,0.11512501541608859,0.11512501541608859,0.12828029215054365,0.05039359468343173,0.05039359468343173,0.05039359468343173,0.05228602528462835,0.1179704058394311,0.1179704058394311,0.1179704058394311,0.130115954929501,0.050691679570639005,0.050691679570639005,0.050691679570639005,0.05322157323161739,0.08149449780349732,0.08149449780349732,0.08149449780349732,0.08458190906370895,1,1,1,1,1,1,1,1,2.4488346323712777,2.4488346323712777,2.4488346323712777,2.5440452876704134,1,1,1,1,0.33071891388307384,0.33071891388307384,1.653594569415369,1.653594569415369,1,1,1]},"features":["off_1st_down_s2d","off_total_yds_s2d","off_rush_yds_s2d","off_pass_yds_s2d","off_turnovers_s2d","def_1st_down_s2d","def_total_yds_s2d","def_rush_yds_s2d","def_pass_yds_s2d","def_turnovers_s2d","wins_s2d","losses_s2d","home","sim_winrate_same_loc_s2d","sim_pointdiff_same_loc_s2d","sim_count_same_loc_s2d","off_total_yds_s2d_minus_opp","def_total_yds_s2d_minus_opp","off_turnovers_s2d_minus_opp","def_turnovers_s2d_minus_opp","elo_pre","elo_diff","rest_days","rest_diff","off_third_down_att_s2d","off_third_down_conv_s2d","off_third_down_pct_s2d","off_red_zone_att_s2d","off_red_zone_td_s2d","off_red_zone_td_pct_s2d","off_dropbacks_s2d","off_sacks_taken_s2d","off_sack_rate_s2d","off_pass_att_s2d","off_rush_att_s2d","off_neutral_pass_rate_s2d","off_third_down_pct_s2d_minus_opp","off_red_zone_td_pct_s2d_minus_opp","off_sack_rate_s2d_minus_opp","off_neutral_pass_rate_s2d_minus_opp","off_yds_for_3g","off_yds_for_5g","def_yds_against_3g","def_yds_against_5g","net_yds_3g","net_yds_5g","qb_ypa_3g","qb_sack_rate_3g","qb_qbr","off_epa_per_play_s2d","off_epa_per_play_w3","off_epa_per_play_w5","off_epa_per_play_exp","off_success_rate_s2d","off_success_rate_w3","off_success_rate_w5","off_success_rate_exp","def_epa_per_play_allowed_s2d","def_epa_per_play_allowed_w3","def_epa_per_play_allowed_w5","def_epa_per_play_allowed_exp","def_success_rate_allowed_s2d","def_success_rate_allowed_w3","def_success_rate_allowed_w5","def_success_rate_allowed_exp","rb_rush_share_s2d","rb_rush_share_w3","rb_rush_share_w5","rb_rush_share_exp","wr_target_share_s2d","wr_target_share_w3","wr_target_share_w5","wr_target_share_exp","te_target_share_s2d","te_target_share_w3","te_target_share_w5","te_target_share_exp","qb_aypa_s2d","qb_aypa_w3","qb_aypa_w5","qb_aypa_exp","qb_sack_rate_s2d","qb_sack_rate_w3","qb_sack_rate_w5","qb_sack_rate_exp","roof_dome","roof_outdoor","weather_temp_f","weather_wind_mph","weather_precip_pct","weather_impact_score","weather_extreme_flag"]},"decision_tree":{"params":{"depth":6,"minSamples":8},"alpha":6},"bt":{"coefficients":[0.05026654119287149,0.0693421751447591,-0.11392933636712006,-0.003370584041835169,-0.06337062550345365,-0.0037919923839006163,0.00013977804306727036,0.0026191210792841243,-0.0006477264075510836,0.002591032204785836],"intercept":0.16208857702932025,"scaler":{"mu":[-7.750066515092877,5.059359009502913,2.2918091030271754,0,-0.0008293170247549234,0,0,0,0,0],"sd":[56.5187319699596,388.28898578295076,10.122709866290823,1,0.08865589158250267,1,1,1,1,1]},"features":["diff_total_yards","diff_turnovers","diff_penalty_yards","diff_possession_seconds","diff_r_ratio","diff_elo_pre","diff_inj_out","diff_inj_skill_out","diff_inj_practice_dnp","diff_inj_out_trend"],"hyperparams":{"steps":1200,"learningRate":0.001,"l2":0.00001}},"ann":{"seeds":[1],"architecture":[92,128,64,32,1],"committee_size":1,"max_epochs":15,"dropout":0.5},"ensemble":{"weights":{"logistic":0.9350649350649352,"tree":0,"bt":0,"ann":0.06493506493506492},"calibration":{"type":"platt","beta":0.7019543614631649,"source":"platt"},"calibration_beta":0.7019543614631649,"calibration_hash":"1cf78232c8c92beb159abf04176ac24ad69e5baef814043a9094486bdced2d6f","oof_variance":{"ann":{"mean":0.5035517779963044,"var":0.0032232147468542684}}},"pca":[{"component":1,"explained_variance":0.2515863700810063,"top_loadings":[{"feature":"def_total_yds_s2d","loading":-0.24466622763510262},{"feature":"def_yds_against_3g","loading":-0.24464577955506633},{"feature":"def_yds_against_5g","loading":-0.24464577955506633},{"feature":"off_yds_for_3g","loading":-0.23317549280029878},{"feature":"off_yds_for_5g","loading":-0.23317549280029878},{"feature":"def_rush_yds_s2d","loading":-0.23174576335838967},{"feature":"off_1st_down_s2d","loading":-0.23174399692609302},{"feature":"qb_ypa_3g","loading":-0.2283590758519842},{"feature":"def_1st_down_s2d","loading":-0.2265540915576799},{"feature":"off_pass_yds_s2d","loading":-0.22223085823326677}]},{"component":2,"explained_variance":0.20222266535562267,"top_loadings":[{"feature":"off_epa_per_play_s2d","loading":-0.2679765848053653},{"feature":"off_epa_per_play_w3","loading":-0.2679765848053653},{"feature":"off_epa_per_play_w5","loading":-0.2679765848053653},{"feature":"off_success_rate_exp","loading":-0.26119464205027065},{"feature":"off_success_rate_s2d","loading":-0.25312447467219945},{"feature":"off_success_rate_w3","loading":-0.25312447467219945},{"feature":"off_success_rate_w5","loading":-0.25312447467219945},{"feature":"off_epa_per_play_exp","loading":-0.24010672665536986},{"feature":"qb_aypa_s2d",