{"season":2001,"week":2,"generated_at":"2025-11-07T00:08:06.696Z","feature_hash":"cbfbe5c72b2fdcd8ca7eb54051ad2c38d8d0c9ff","logistic":{"weights":[-0.49146912373658763,-0.05625381225249128,-0.10847137988266906,-0.049147006356421497,0.36604946508091357,0.2693792230379387,0.13557727163708336,0.40324095181784825,-0.0007259155177422374,-0.509728732220463,2.722791915114527,-2.355232268686403,0,0,0,0,0.738610694727124,-0.6161201984027033,-0.9560131710082856,0.2538646433578035,-2.4313637930873404,0.620073420577799,0,0,0,0,0,0,0,0,0,0,0,0,0,0,0,0,0,0,0.10685699658935022,0.17541377590025742,-0.13515640171611434,0.2715630540889182,0.2098097178819547,-0.3044951699428933,-0.6990529323406343,0,0,0.004394741864181198,0.004394741864181198,0.004394741864181198,0.004394741864181198,0.002370003270544782,0.002370003270544782,0.002370003270544782,0.002370003270544782,-0.017952846808877463,-0.017952846808877463,-0.017952846808877463,-0.017952846808877463,-0.02113428749977764,-0.02113428749977764,-0.02113428749977764,-0.02113428749977764,-0.28062756457423443,0.4168107756434345,0.022422083056270695,-0.33477201167662723,-0.05541002722420596,0.13248255607770432,0.1583448036175074,-0.5473758144896598,0.005266823665153676,-0.33078339637140747,0.009146577059248632,-0.018775481850344392,0.025391136347578832,0.5871628275245864,-0.2409771648155041,0.037464796129360704,0,0,0,0,-0.024762126707493826,0.02476212670749375,-0.024762126707493125,0.024762126707493854,0,0,0],"bias":0.5359045060519393,"scaler":{"mu":[25.533333333333335,307.73333333333335,101.93333333333334,205.8,2.066666666666667,28,324.93333333333334,95.46666666666667,229.46666666666667,1.0666666666666667,0.4666666666666667,0.5333333333333333,1,0,0,0,-17.79310344827588,17.79310344827588,0.2758620689655173,-0.8965517241379309,1450,0,0,0,0,0,0,0,0,0,0,0,0,0,0,0,0,0,0,0,0,0,0,0,0,0,0,0,0,-0.04625988892701759,-0.04625988892701759,-0.04625988892701759,-0.04625988892701759,0.43284116031703995,0.43284116031703995,0.43284116031703995,0.43284116031703995,-0.024735970114891696,-0.024735970114891696,-0.024735970114891696,-0.024735970114891696,0.43412718839648845,0.43412718839648845,0.43412718839648845,0.43412718839648845,0.6813434490762298,0.6813434490762298,0.6813434490762298,0.6813434490762298,0.4959862178810319,0.4959862178810319,0.4959862178810319,0.4959862178810319,0.19278910186801707,0.19278910186801707,0.19278910186801707,0.19278910186801707,3.800145228566525,3.800145228566525,3.800145228566525,3.800145228566525,0,0,0,0,0.06666666666666667,0.9333333333333333,65.33333333333333,4.666666666666667,0,0,0],"sd":[10.058937430077902,116.54382103836404,46.80664720124934,93.794953666673,1.4360439485692011,8.93681524183345,100.53952235591511,44.315334692281056,73.36381184813729,0.9977753031397177,0.4988876515698588,0.4988876515698588,1,1,1,1,190.54607052903162,190.54607052903162,1.8298619532995313,2.44414415816129,1,1,1,1,1,1,1,1,1,1,1,1,1,1,1,1,1,1,1,1,1,1,1,1,1,1,1,1,1,0.16145740217309085,0.16145740217309085,0.16145740217309085,0.16145740217309085,0.060940688767253504,0.060940688767253504,0.060940688767253504,0.060940688767253504,0.15113764962698722,0.15113764962698722,0.15113764962698722,0.15113764962698722,0.04822719111862914,0.04822719111862914,0.04822719111862914,0.04822719111862914,0.23546435974461677,0.23546435974461677,0.23546435974461677,0.23546435974461677,0.20406292428029793,0.20406292428029793,0.20406292428029793,0.20406292428029793,0.109296905769212,0.109296905769212,0.109296905769212,0.109296905769212,3.693715399086858,3.693715399086858,3.693715399086858,3.693715399086858,1,1,1,1,0.24944382578492946,0.24944382578492946,1.247219128924647,1.247219128924647,1,1,1]},"features":["off_1st_down_s2d","off_total_yds_s2d","off_rush_yds_s2d","off_pass_yds_s2d","off_turnovers_s2d","def_1st_down_s2d","def_total_yds_s2d","def_rush_yds_s2d","def_pass_yds_s2d","def_turnovers_s2d","wins_s2d","losses_s2d","home","sim_winrate_same_loc_s2d","sim_pointdiff_same_loc_s2d","sim_count_same_loc_s2d","off_total_yds_s2d_minus_opp","def_total_yds_s2d_minus_opp","off_turnovers_s2d_minus_opp","def_turnovers_s2d_minus_opp","elo_pre","elo_diff","rest_days","rest_diff","off_third_down_att_s2d","off_third_down_conv_s2d","off_third_down_pct_s2d","off_red_zone_att_s2d","off_red_zone_td_s2d","off_red_zone_td_pct_s2d","off_dropbacks_s2d","off_sacks_taken_s2d","off_sack_rate_s2d","off_pass_att_s2d","off_rush_att_s2d","off_neutral_pass_rate_s2d","off_third_down_pct_s2d_minus_opp","off_red_zone_td_pct_s2d_minus_opp","off_sack_rate_s2d_minus_opp","off_neutral_pass_rate_s2d_minus_opp","off_yds_for_3g","off_yds_for_5g","def_yds_against_3g","def_yds_against_5g","net_yds_3g","net_yds_5g","qb_ypa_3g","qb_sack_rate_3g","qb_qbr","off_epa_per_play_s2d","off_epa_per_play_w3","off_epa_per_play_w5","off_epa_per_play_exp","off_success_rate_s2d","off_success_rate_w3","off_success_rate_w5","off_success_rate_exp","def_epa_per_play_allowed_s2d","def_epa_per_play_allowed_w3","def_epa_per_play_allowed_w5","def_epa_per_play_allowed_exp","def_success_rate_allowed_s2d","def_success_rate_allowed_w3","def_success_rate_allowed_w5","def_success_rate_allowed_exp","rb_rush_share_s2d","rb_rush_share_w3","rb_rush_share_w5","rb_rush_share_exp","wr_target_share_s2d","wr_target_share_w3","wr_target_share_w5","wr_target_share_exp","te_target_share_s2d","te_target_share_w3","te_target_share_w5","te_target_share_exp","qb_aypa_s2d","qb_aypa_w3","qb_aypa_w5","qb_aypa_exp","qb_sack_rate_s2d","qb_sack_rate_w3","qb_sack_rate_w5","qb_sack_rate_exp","roof_dome","roof_outdoor","weather_temp_f","weather_wind_mph","weather_precip_pct","weather_impact_score","weather_extreme_flag"]},"decision_tree":{"params":{"depth":6,"minSamples":8},"alpha":6},"bt":{"coefficients":[0.1966971613945928,-0.013321354757831288,0.03936303246225656,0.004119105175504538,-0.03675036756208011,0.00025211431836191317,0.003579732629679924,-0.0034243036157430573,-0.0036628238071341056,0.0002435077392547178],"intercept":-0.0345910826001164,"scaler":{"mu":[7.965046726292856,-1.0760403050109137,3.595362917096664,0,0.005889055334147567,0,0,0,0,0],"sd":[62.16834008633804,430.825161727614,9.426299767747645,1,0.09486286648059383,1,1,1,1,1]},"features":["diff_total_yards","diff_turnovers","diff_penalty_yards","diff_possession_seconds","diff_r_ratio","diff_elo_pre","diff_inj_out","diff_inj_skill_out","diff_inj_practice_dnp","diff_inj_out_trend"],"hyperparams":{"steps":1200,"learningRate":0.001,"l2":0.00001}},"ann":{"seeds":[1],"architecture":[92,128,64,32,1],"committee_size":1,"max_epochs":15,"dropout":0.5},"ensemble":{"weights":{"logistic":0.9350649350649352,"tree":0,"bt":0,"ann":0.06493506493506492},"calibration":{"type":"platt","beta":-0.17214225975367528,"source":"platt"},"calibration_beta":-0.17214225975367528,"calibration_hash":"0c99cf00fb13bac6d11ae3328e81298027b7f8b7742964bed27f14b39187bcbb","oof_variance":{"ann":{"mean":0.4912376371443941,"var":0.00740513224597916}}},"pca":[{"component":1,"explained_variance":0.3683566841148016,"top_loadings":[{"feature":"off_epa_per_play_s2d","loading":0.21192075741814506},{"feature":"off_epa_per_play_w3","loading":0.21192075741814506},{"feature":"off_epa_per_play_w5","loading":0.21192075741814506},{"feature":"off_epa_per_play_exp","loading":0.21192075741814506},{"feature":"off_total_yds_s2d_minus_opp","loading":0.20804870470305903},{"feature":"def_total_yds_s2d_minus_opp","loading":-0.20804870470305903},{"feature":"off_total_yds_s2d","loading":0.198766753342233},{"feature":"off_1st_down_s2d","loading":0.18416447539025962},{"feature":"rb_rush_share_s2d","loading":0.18065734030755728},{"feature":"rb_rush_share_w3","loading":0.18065734030755728}]},{"component":2,"explained_variance":0.15946887882622987,"top_loadings":[{"feature":"wins_s2d","loading":-0.27986906343684065},{"feature":"losses_s2d","loading":0.27986906343684065},{"feature":"te_target_share_s2d","loading":0.2580948256266169},{"feature":"te_target_share_w3","loading":0.2580948256266169},{"feature":"te_target_share_w5",