{"season":2005,"week":11,"generated_at":"2025-11-07T00:15:36.152Z","feature_hash":"b5e16648ddcee3125bfde0c479f21fffc83add53","logistic":{"weights":[-0.39567213676656227,-0.2991468116036492,-0.6491707821827647,-0.06360092631772618,1.0986139736251572,0.7903795372808908,-0.033830876430256986,0.11725897976160833,-0.11262102324868102,-0.5942615023646588,3.1475396966294165,-2.9833880442987017,0,0,0,0,0.9345931916604886,-0.8342020318403822,-0.7022630895329801,0.5406233198299281,-2.9913102430609584,0.11036935664564018,0,0,0,0,0,0,0,0,0,0,0,0,0,0,0,0,0,0,0.2382204614803341,0.5413331313184714,0.5124981504828948,0.39182567907528143,-0.29084117674963383,0.24431841142275773,-1.3508680844256244,0,0,0.856462762678928,0.7313475704941547,0.5839464276686617,-0.12521590145520542,-0.028353358345046497,0.17565154071453687,-0.4104929786803111,-0.4232934147868171,-1.1277443113711934,-0.1401889553799774,-0.42678269055882934,0.27864950509368,-0.5427429099816357,-0.49780469190177207,0.2011035940959966,-0.09295379389798113,-0.3528046646364554,0.13612934076945166,-0.009778986753897212,0.19174389074104922,0.003759272130015317,-0.49356194575800527,-0.30056111570741445,0.19055565205266325,0.25785270315992137,0.19232455824174086,-0.2681527149349433,0.03957119858368795,0.2960045202337351,0.2602641711336009,-0.23532558663803788,0.1731620323728777,0,0,0,0,0.047043564964176235,0.0752941931979617,0.04704356496417751,-0.04704356496417633,0,0,0],"bias":1.4596609578858744,"scaler":{"mu":[98.83333333333333,1167.25,404.28472222222223,762.9652777777778,5.784722222222222,96.13194444444444,1144.6944444444443,379.9513888888889,764.7430555555555,4.201388888888889,1.7916666666666667,1.6805555555555556,1,0,0,0,37.97929819367936,6.744330700849525,0.22741595867450964,0.1747192807687627,1449.8155711177615,-0.31794937875584456,0,0,0,0,0,0,0,0,0,0,0,0,0,0,0,0,0,0,294.4108796296294,294.17673611111115,300.51041666666674,300.15405092592596,-6.099537037037029,-5.977314814814812,6.108218524321402,0,0,-0.0010910731769013893,0.0008201857650755823,-0.00028018700428420894,-0.008309319246793342,0.441984500733219,0.4449218741903531,0.4443524749055497,0.4423416964509474,-0.008481288569247635,-0.006717162331323583,-0.006206089291273977,-0.0114072693563733,0.4416213291161817,0.4441041261048395,0.4431360028814185,0.44232390423435114,0.8624805546130367,0.8602894024367062,0.8621000543863206,0.8602903335108288,0,0,0,0,0,0,0,0,7.01995638593627,6.978645704645856,6.9990165429400655,7.154547962278812,0,0,0,0,0.16666666666666666,0.8194444444444444,65.83333333333333,4.166666666666667,0,0,0],"sd":[64.9384323802169,743.5387281626813,285.0119311146476,501.33472424998814,4.2690149697240924,59.05461767246791,693.2487055501174,254.5067759920132,469.52481514304225,3.513031021764048,1.4037400439935845,1.407582530527753,1,1,1,1,953.101040261521,876.3378270920444,5.465334288874446,4.911523747401041,2.6723123835337574,4.22503770757996,1,1,1,1,1,1,1,1,1,1,1,1,1,1,1,1,1,1,116.4636509307309,114.95760610194361,118.72865828163494,116.74137555461306,76.51334891059246,72.48000393709896,2.5802048324623446,1,1,0.08811152463311579,0.10322926177797874,0.0930918004351839,0.09749670026984701,0.03784822996077148,0.04662959263425284,0.041387135368116154,0.04016184480813881,0.08600169465877451,0.1000358980941217,0.09163358119244436,0.09591882522960862,0.037761164622529556,0.049322164261976414,0.04272296486270973,0.03897938607372335,0.06629805941184533,0.0773230566158702,0.07158965126578103,0.07255276075004556,1,1,1,1,1,1,1,1,1.4937892001091826,1.5855796418854873,1.5215916669525613,1.8398627980559046,1,1,1,1,0.3726779962499654,0.38464951178128376,1.8633899812498262,1.8633899812498262,1,1,1]},"features":["off_1st_down_s2d","off_total_yds_s2d","off_rush_yds_s2d","off_pass_yds_s2d","off_turnovers_s2d","def_1st_down_s2d","def_total_yds_s2d","def_rush_yds_s2d","def_pass_yds_s2d","def_turnovers_s2d","wins_s2d","losses_s2d","home","sim_winrate_same_loc_s2d","sim_pointdiff_same_loc_s2d","sim_count_same_loc_s2d","off_total_yds_s2d_minus_opp","def_total_yds_s2d_minus_opp","off_turnovers_s2d_minus_opp","def_turnovers_s2d_minus_opp","elo_pre","elo_diff","rest_days","rest_diff","off_third_down_att_s2d","off_third_down_conv_s2d","off_third_down_pct_s2d","off_red_zone_att_s2d","off_red_zone_td_s2d","off_red_zone_td_pct_s2d","off_dropbacks_s2d","off_sacks_taken_s2d","off_sack_rate_s2d","off_pass_att_s2d","off_rush_att_s2d","off_neutral_pass_rate_s2d","off_third_down_pct_s2d_minus_opp","off_red_zone_td_pct_s2d_minus_opp","off_sack_rate_s2d_minus_opp","off_neutral_pass_rate_s2d_minus_opp","off_yds_for_3g","off_yds_for_5g","def_yds_against_3g","def_yds_against_5g","net_yds_3g","net_yds_5g","qb_ypa_3g","qb_sack_rate_3g","qb_qbr","off_epa_per_play_s2d","off_epa_per_play_w3","off_epa_per_play_w5","off_epa_per_play_exp","off_success_rate_s2d","off_success_rate_w3","off_success_rate_w5","off_success_rate_exp","def_epa_per_play_allowed_s2d","def_epa_per_play_allowed_w3","def_epa_per_play_allowed_w5","def_epa_per_play_allowed_exp","def_success_rate_allowed_s2d","def_success_rate_allowed_w3","def_success_rate_allowed_w5","def_success_rate_allowed_exp","rb_rush_share_s2d","rb_rush_share_w3","rb_rush_share_w5","rb_rush_share_exp","wr_target_share_s2d","wr_target_share_w3","wr_target_share_w5","wr_target_share_exp","te_target_share_s2d","te_target_share_w3","te_target_share_w5","te_target_share_exp","qb_aypa_s2d","qb_aypa_w3","qb_aypa_w5","qb_aypa_exp","qb_sack_rate_s2d","qb_sack_rate_w3","qb_sack_rate_w5","qb_sack_rate_exp","roof_dome","roof_outdoor","weather_temp_f","weather_wind_mph","weather_precip_pct","weather_impact_score","weather_extreme_flag"]},"decision_tree":{"params":{"depth":6,"minSamples":8},"alpha":2},"bt":{"coefficients":[0.14925975762855667,-0.08867580182359673,-0.221465696179441,0.0013903172644591174,-0.16517492532223793,-0.00019647923532498164,-0.004143731204996745,0.0036624240437383273,-0.0038026971847620853,-0.0027786172331308806],"intercept":0.23126859697599542,"scaler":{"mu":[-2.6323426605047473,-7.88575521643843,1.3848862607908654,0,-0.003513013576613066,0,0,0,0,0],"sd":[56.36715528985915,515.8449621240894,16.04963108059804,1,0.12170991613436583,1,1,1,1,1]},"features":["diff_total_yards","diff_turnovers","diff_penalty_yards","diff_possession_seconds","diff_r_ratio","diff_elo_pre","diff_inj_out","diff_inj_skill_out","diff_inj_practice_dnp","diff_inj_out_trend"],"hyperparams":{"steps":1200,"learningRate":0.001,"l2":0.00001}},"ann":{"seeds":[1],"architecture":[92,128,64,32,1],"committee_size":1,"max_epochs":15,"dropout":0.5},"ensemble":{"weights":{"logistic":0.9,"tree":0,"bt":0,"ann":0.09999999999999998},"calibration":{"type":"platt","beta":0.16686990441164662,"source":"platt"},"calibration_beta":0.16686990441164662,"calibration_hash":"f9cc901604049093d6077e0ec8f43e7d3cd2d38a3e38f876a0a8f3e19e20da7c","oof_variance":{"ann":{"mean":0.480275772410822,"var":0.034310055869170006}}},"pca":[{"component":1,"explained_variance":0.23677422190906017,"top_loadings":[{"feature":"off_1st_down_s2d","loading":0.2604535629366677},{"feature":"off_total_yds_s2d","loading":0.26040490449135945},{"feature":"off_pass_yds_s2d","loading":0.2562231204980177},{"feature":"def_total_yds_s2d","loading":0.2553351401388899},{"feature":"def_1st_down_s2d","loading":0.2549152124820386},{"feature":"def_pass_yds_s2d","loading":0.2520903505937208},{"feature":"def_rush_yds_s2d","loading":0.23043818732245586},{"feature":"off_rush_yds_s2d","loading":0.22864861753899932},{"feature":"wins_s2d","loading":0.19273842848698516},{"feature":"off_turnovers_s2d","loading":0.17877009213725523}]},{"component":2,"explained_variance":0.16588140630557907,"top_loadings":[{"feature":"off_epa_per_play_s2d","loading":0.282432829580573},{"feature":"off_epa_per_play_w5","loading":0.27922855522558093},{"feature":"off_epa_per_play_w3","loading":0.26225959882969946},{"feature":"qb_aypa_w5","loading":0.2560318807557257},{"feature":"off_epa_per_play_exp","loading":0.25327628810274827},{"feature":"qb_aypa_s2d",