{"season":2003,"week":13,"generated_at":"2025-11-07T00:12:12.830Z","feature_hash":"42dfc7bebaf7feb7fb84cd1a61b6b1353bc6ef6b","logistic":{"weights":[-0.6046750731265704,-0.18941537849242931,-0.495656955942626,-0.028457061397730597,1.126427700912239,0.6448845974825429,0.1522418353377929,0.1552489209799543,0.15521461598842107,-0.5353685063056669,2.826999733618217,-2.642954328049366,0,0,0,0,0.9042355227782158,-0.8625673352621137,-0.7592514787343222,0.4354648048166987,-2.9541616777051525,0.6565246226565739,0,0,0,0,0,0,0,0,0,0,0,0,0,0,0,0,0,0,0.09225857375015831,0.2731704119636889,0.22998723238405924,0.2841854957970726,-0.0211771068689289,-0.07957849077607831,-0.9692014507006977,0,0,0.8109677011138374,0.42689090265756285,0.40489426964489,-0.08508184656313056,0.22397898622855622,0.017064535911033192,-0.3110912181498663,-0.4031897847086318,-0.6522821668036353,-0.5521203912758538,-0.456766525712121,0.21014029080277544,-0.06565068095213564,-0.05582348755199194,0.4165261228350577,0.2638263457654717,-0.42656427906380284,0.18758393856587807,-0.1687276748486378,-0.07137294864022554,-0.17914455621139705,-0.37041390846988087,0.02612841685816961,0.013710548807739104,-0.11397984330837914,0.049153233820126215,-0.3497161346552692,-0.3393412903889747,0.13241516225119612,0.5281546698366274,-0.05397508480947287,0.39161067518632425,0,0,0,0,0.043421692632189104,-0.02845019483916845,0.0434216926321898,-0.04342169263218928,0,0,0],"bias":1.1246325345459611,"scaler":{"mu":[99.61363636363636,1205.8863636363637,428.34659090909093,777.5397727272727,5.8977272727272725,98.11931818181819,1174.75,401.89204545454544,772.8579545454545,4.715909090909091,1.9659090909090908,1.6590909090909092,1,0,0,0,-68.08124898123323,-84.73950924026438,-0.3115947261674839,-0.28568082242179765,1449.9553023809751,-0.14585787880966838,0,0,0,0,0,0,0,0,0,0,0,0,0,0,0,0,0,0,299.41098484848493,298.50946969696975,302.0066287878786,299.95482954545474,-2.595643939393943,-1.4453598484848482,6.074829359622035,0,0,-0.012103128255011893,-0.014235642543996153,-0.012985640730548526,-0.019234361311052762,0.4394290032398228,0.4414017343112469,0.4411136604321058,0.4364793168884791,-0.014899631442975552,-0.014929972956806488,-0.014169170776506541,-0.023057182268779796,0.43800556463723767,0.4407148530468282,0.44024040733904984,0.4353850424193665,0.8374439087548805,0.8486419048871219,0.8449707236431329,0.8293892432143242,0.03977272727272727,0.017045454545454544,0.028409090909090908,0.005965909090909092,0,0,0,0,6.602049032560938,6.683311525836145,6.656639593290945,6.669031419064973,0,0,0,0,0.18181818181818182,0.8011363636363636,65.9090909090909,4.090909090909091,0,0,0],"sd":[61.97753108590349,749.7159754900246,288.2605735854847,496.2660789792135,4.113557884736079,63.387897392946876,753.0400621661989,279.70301771440256,491.7005708904536,3.646133891585977,1.6372708974801755,1.4213179194322338,1,1,1,1,902.5664700054292,922.018277264189,5.434021445816854,4.5427854115760224,3.3898989880466237,4.99913825643427,1,1,1,1,1,1,1,1,1,1,1,1,1,1,1,1,1,1,107.60926719808502,104.58179685565341,108.19032133959219,104.57001957255859,74.88464301888031,69.39931948565871,2.3629720984027993,1,1,0.07191011949037518,0.09316666124766282,0.08159364692119665,0.07852346755396913,0.029114408670512914,0.03695393222844221,0.03232004147066577,0.03263091245046309,0.07535693320280645,0.09143997557883339,0.08079390931135268,0.08285450224617577,0.03105482931922996,0.03816637143024412,0.03345275405691408,0.033621599556041964,0.0811144936415804,0.08358998179930151,0.08257207443819303,0.08814993698720441,0.1954248127490891,0.12944074715789258,0.16613853996833483,0.029313721912363356,1,1,1,1,1.0065427738080108,1.2664871194714828,1.1554612959615913,1.102232702590164,1,1,1,1,0.3856946079199346,0.3991451997655333,1.9284730395996728,1.9284730395996725,1,1,1]},"features":["off_1st_down_s2d","off_total_yds_s2d","off_rush_yds_s2d","off_pass_yds_s2d","off_turnovers_s2d","def_1st_down_s2d","def_total_yds_s2d","def_rush_yds_s2d","def_pass_yds_s2d","def_turnovers_s2d","wins_s2d","losses_s2d","home","sim_winrate_same_loc_s2d","sim_pointdiff_same_loc_s2d","sim_count_same_loc_s2d","off_total_yds_s2d_minus_opp","def_total_yds_s2d_minus_opp","off_turnovers_s2d_minus_opp","def_turnovers_s2d_minus_opp","elo_pre","elo_diff","rest_days","rest_diff","off_third_down_att_s2d","off_third_down_conv_s2d","off_third_down_pct_s2d","off_red_zone_att_s2d","off_red_zone_td_s2d","off_red_zone_td_pct_s2d","off_dropbacks_s2d","off_sacks_taken_s2d","off_sack_rate_s2d","off_pass_att_s2d","off_rush_att_s2d","off_neutral_pass_rate_s2d","off_third_down_pct_s2d_minus_opp","off_red_zone_td_pct_s2d_minus_opp","off_sack_rate_s2d_minus_opp","off_neutral_pass_rate_s2d_minus_opp","off_yds_for_3g","off_yds_for_5g","def_yds_against_3g","def_yds_against_5g","net_yds_3g","net_yds_5g","qb_ypa_3g","qb_sack_rate_3g","qb_qbr","off_epa_per_play_s2d","off_epa_per_play_w3","off_epa_per_play_w5","off_epa_per_play_exp","off_success_rate_s2d","off_success_rate_w3","off_success_rate_w5","off_success_rate_exp","def_epa_per_play_allowed_s2d","def_epa_per_play_allowed_w3","def_epa_per_play_allowed_w5","def_epa_per_play_allowed_exp","def_success_rate_allowed_s2d","def_success_rate_allowed_w3","def_success_rate_allowed_w5","def_success_rate_allowed_exp","rb_rush_share_s2d","rb_rush_share_w3","rb_rush_share_w5","rb_rush_share_exp","wr_target_share_s2d","wr_target_share_w3","wr_target_share_w5","wr_target_share_exp","te_target_share_s2d","te_target_share_w3","te_target_share_w5","te_target_share_exp","qb_aypa_s2d","qb_aypa_w3","qb_aypa_w5","qb_aypa_exp","qb_sack_rate_s2d","qb_sack_rate_w3","qb_sack_rate_w5","qb_sack_rate_exp","roof_dome","roof_outdoor","weather_temp_f","weather_wind_mph","weather_precip_pct","weather_impact_score","weather_extreme_flag"]},"decision_tree":{"params":{"depth":6,"minSamples":9},"alpha":2},"bt":{"coefficients":[0.12677570428666182,-0.08171367061062346,-0.1745563665940158,0.002234906171883271,-0.0257481914794603,0.0011461914256429284,0.0007554302645087759,-0.004579930036241589,-0.0026485705727468355,-0.0008793829944410554],"intercept":0.24028116834391883,"scaler":{"mu":[-0.7144585121728126,0.062135892036238906,-0.01014096278463551,0,-0.00034128091716141627,0,0,0,0,0],"sd":[47.67010759928897,536.181600114553,20.431851386251697,1,0.10701480479261127,1,1,1,1,1]},"features":["diff_total_yards","diff_turnovers","diff_penalty_yards","diff_possession_seconds","diff_r_ratio","diff_elo_pre","diff_inj_out","diff_inj_skill_out","diff_inj_practice_dnp","diff_inj_out_trend"],"hyperparams":{"steps":1200,"learningRate":0.001,"l2":0.00001}},"ann":{"seeds":[1],"architecture":[92,128,64,32,1],"committee_size":1,"max_epochs":15,"dropout":0.5},"ensemble":{"weights":{"logistic":0.9,"tree":0,"bt":0,"ann":0.09999999999999998},"calibration":{"type":"platt","beta":0.21149787494651084,"source":"platt"},"calibration_beta":0.21149787494651084,"calibration_hash":"b42039466cb735b88f2514b674975d3ededd0ba27d7a42d3afe7608a99151c75","oof_variance":{"ann":{"mean":0.5532918000642977,"var":0.022924450156697352}}},"pca":[{"component":1,"explained_variance":0.2136897746004004,"top_loadings":[{"feature":"off_1st_down_s2d","loading":0.27028005565883617},{"feature":"off_total_yds_s2d","loading":0.27011737837475125},{"feature":"off_pass_yds_s2d","loading":0.268208762403447},{"feature":"def_total_yds_s2d","loading":0.2636344449434774},{"feature":"def_1st_down_s2d","loading":0.2631921425886865},{"feature":"def_pass_yds_s2d","loading":0.25919013669272906},{"feature":"def_rush_yds_s2d","loading":0.25413869757021845},{"feature":"off_rush_yds_s2d","loading":0.2407835455812871},{"feature":"def_turnovers_s2d","loading":0.21759873027754642},{"feature":"wins_s2d","loading":0.21313763424423096}]},{"component":2,"explained_variance":0.1533007499910343,"top_loadings":[{"feature":"off_epa_per_play_s2d","loading":0.2774594649770897},{"feature":"off_epa_per_play_w5","loading":0.2762555999607357},{"feature":"off_epa_per_play_w3",