{"season":2003,"week":10,"generated_at":"2025-11-07T00:12:00.858Z","feature_hash":"4ecfcbae722b445b81196b8fdda62b47a29c60d6","logistic":{"weights":[-0.6002552072827314,-0.20427988996065619,-0.4519166581146823,-0.07605773210944883,1.1022063991566962,0.5939098403543126,0.12489361858694786,0.2125506651390951,0.08134060618213386,-0.5696632621510157,2.832834105233454,-2.6908018470301993,0,0,0,0,0.797145533476375,-1.032259056389498,-0.7274905812017386,0.22348569747334546,-3.213499141388066,0.3204514172029604,0,0,0,0,0,0,0,0,0,0,0,0,0,0,0,0,0,0,0.045595036396139675,0.23793047634348638,0.212134357805581,0.20245667937680106,-0.06149868367295746,-0.00834266299626659,-0.9869110227251244,0,0,0.8471908974739134,0.3779167118164653,0.4314098645716309,-0.021764448418375947,0.2710238794969222,-0.002855458389232751,-0.2921351928837482,-0.3022666920456777,-0.5744959644650136,-0.6372987697379409,-0.4869702838170731,0.10246729191720624,-0.0034226388531112687,0.05627429189007181,0.46653784517756774,0.22179214681176104,-0.3136277494825196,0.15558169510677908,-0.09841355325973017,0.009933038165856289,-0.4699606005163328,-0.31553251077115024,-0.016355135273252185,-0.2766188876181508,-0.11426743481289571,0.049277256209137026,-0.3505985309316635,-0.34019750908005914,0.11424751809311824,0.5255608870924661,-0.08700506490827585,0.2478614108915919,0,0,0,0,0.05751498388492981,0.11849166199997384,0.05751498388493071,-0.05751498388492999,0,0,0],"bias":0.8760418646991529,"scaler":{"mu":[91.51538461538462,1095.1461538461538,378.61538461538464,716.5307692307692,5.438461538461539,89.75384615384615,1070.3923076923077,361.1,709.2923076923076,4.338461538461538,1.7538461538461538,1.5461538461538462,1,0,0,0,-56.6231615370963,-63.68836624117588,-0.11149251231699775,-0.2681076796982053,1449.9414104055093,-0.23235394920051336,0,0,0,0,0,0,0,0,0,0,0,0,0,0,0,0,0,0,287.52051282051286,286.6805128205128,291.80897435897424,288.6250000000001,-4.28846153846154,-1.94448717948718,5.855136586153616,0,0,-0.01472004521200147,-0.013289868309869265,-0.012533554350186613,-0.021000827782876274,0.43765283903281715,0.4411188844123187,0.43945871956037963,0.4348060134211736,-0.015049773991527016,-0.011641525548743027,-0.0122837156341729,-0.02350555145920329,0.43630535357608563,0.4397437787761119,0.43814111472269907,0.43365520523921725,0.8336473169905108,0.8432592903393785,0.8381895936466903,0.8238883587537572,0.03076923076923077,0.023076923076923078,0.03076923076923077,0.004615384615384616,0,0,0,0,6.579913431466874,6.6520950590745915,6.622214362215113,6.6375332999186725,0,0,0,0,0.2,0.7846153846153846,66,4,0,0,0],"sd":[58.03423851690213,684.9941393521154,257.08542084192067,460.47345515176903,3.6836517127476105,57.49087707406769,680.7471065070727,251.54772754045948,451.18797798621586,3.509446255145031,1.446808362524153,1.392902550357669,1,1,1,1,823.9569399820554,820.0349625931651,5.058205778694586,4.525501846439827,2.8431526344119753,3.858941935248775,1,1,1,1,1,1,1,1,1,1,1,1,1,1,1,1,1,1,118.62135229481171,116.35482975181827,120.39224375082607,116.51439134268897,77.41847045581953,73.13193122643459,2.5448473227385198,1,1,0.07595217655486297,0.09210758466450399,0.08082863985877492,0.08403131319663283,0.029881398450022648,0.0358682888259762,0.03202270956164444,0.034063400743088466,0.08133698256612473,0.09316368177628773,0.08293587619889757,0.08941683997869984,0.03310343889077186,0.03895224568211541,0.03362481732217346,0.035792233799561826,0.08567424368709643,0.08526842493498904,0.08523619006540502,0.09297697013422537,0.1726918793895665,0.1501478561226396,0.1726918793895665,0.025903781908434995,1,1,1,1,1.0726750593294376,1.2711958795666232,1.144612357913327,1.194923644495384,1,1,1,1,0.3999999999999996,0.4110888989503815,2,2,1,1,1]},"features":["off_1st_down_s2d","off_total_yds_s2d","off_rush_yds_s2d","off_pass_yds_s2d","off_turnovers_s2d","def_1st_down_s2d","def_total_yds_s2d","def_rush_yds_s2d","def_pass_yds_s2d","def_turnovers_s2d","wins_s2d","losses_s2d","home","sim_winrate_same_loc_s2d","sim_pointdiff_same_loc_s2d","sim_count_same_loc_s2d","off_total_yds_s2d_minus_opp","def_total_yds_s2d_minus_opp","off_turnovers_s2d_minus_opp","def_turnovers_s2d_minus_opp","elo_pre","elo_diff","rest_days","rest_diff","off_third_down_att_s2d","off_third_down_conv_s2d","off_third_down_pct_s2d","off_red_zone_att_s2d","off_red_zone_td_s2d","off_red_zone_td_pct_s2d","off_dropbacks_s2d","off_sacks_taken_s2d","off_sack_rate_s2d","off_pass_att_s2d","off_rush_att_s2d","off_neutral_pass_rate_s2d","off_third_down_pct_s2d_minus_opp","off_red_zone_td_pct_s2d_minus_opp","off_sack_rate_s2d_minus_opp","off_neutral_pass_rate_s2d_minus_opp","off_yds_for_3g","off_yds_for_5g","def_yds_against_3g","def_yds_against_5g","net_yds_3g","net_yds_5g","qb_ypa_3g","qb_sack_rate_3g","qb_qbr","off_epa_per_play_s2d","off_epa_per_play_w3","off_epa_per_play_w5","off_epa_per_play_exp","off_success_rate_s2d","off_success_rate_w3","off_success_rate_w5","off_success_rate_exp","def_epa_per_play_allowed_s2d","def_epa_per_play_allowed_w3","def_epa_per_play_allowed_w5","def_epa_per_play_allowed_exp","def_success_rate_allowed_s2d","def_success_rate_allowed_w3","def_success_rate_allowed_w5","def_success_rate_allowed_exp","rb_rush_share_s2d","rb_rush_share_w3","rb_rush_share_w5","rb_rush_share_exp","wr_target_share_s2d","wr_target_share_w3","wr_target_share_w5","wr_target_share_exp","te_target_share_s2d","te_target_share_w3","te_target_share_w5","te_target_share_exp","qb_aypa_s2d","qb_aypa_w3","qb_aypa_w5","qb_aypa_exp","qb_sack_rate_s2d","qb_sack_rate_w3","qb_sack_rate_w5","qb_sack_rate_exp","roof_dome","roof_outdoor","weather_temp_f","weather_wind_mph","weather_precip_pct","weather_impact_score","weather_extreme_flag"]},"decision_tree":{"params":{"depth":6,"minSamples":8},"alpha":2},"bt":{"coefficients":[-0.0865292756495263,0.12133776575117262,-0.07831539060468287,0.00452473008968269,0.07545194232455503,0.00037720372325600223,-0.002048124118136648,0.0015216848347584888,0.0011924963525187997,0.0032374510014359613],"intercept":-0.3670422848460643,"scaler":{"mu":[-0.5855575070784058,5.475789105115734,-0.1787720385050107,0,0.0019370437333755747,0,0,0,0,0],"sd":[46.43862482772333,566.8468099429658,20.92107496129431,1,0.10923095230575036,1,1,1,1,1]},"features":["diff_total_yards","diff_turnovers","diff_penalty_yards","diff_possession_seconds","diff_r_ratio","diff_elo_pre","diff_inj_out","diff_inj_skill_out","diff_inj_practice_dnp","diff_inj_out_trend"],"hyperparams":{"steps":1200,"learningRate":0.001,"l2":0.00001}},"ann":{"seeds":[1],"architecture":[92,128,64,32,1],"committee_size":1,"max_epochs":15,"dropout":0.5},"ensemble":{"weights":{"logistic":0.9,"tree":0,"bt":0,"ann":0.09999999999999998},"calibration":{"type":"platt","beta":-0.010539066313029725,"source":"platt"},"calibration_beta":-0.010539066313029725,"calibration_hash":"f0bdc355cdda34816aa751be7425f242e60cbac282ab0ffa4f0bbe2b069bba72","oof_variance":{"ann":{"mean":0.5429073162147484,"var":0.017080880731440932}}},"pca":[{"component":1,"explained_variance":0.22095649116204252,"top_loadings":[{"feature":"off_total_yds_s2d","loading":0.26329158822190113},{"feature":"off_1st_down_s2d","loading":0.26300318155854346},{"feature":"off_pass_yds_s2d","loading":0.26057887502829175},{"feature":"def_1st_down_s2d","loading":0.25661792600388134},{"feature":"def_total_yds_s2d","loading":0.2557318585413989},{"feature":"def_pass_yds_s2d","loading":0.25232318104663864},{"feature":"def_rush_yds_s2d","loading":0.23949147733231316},{"feature":"off_rush_yds_s2d","loading":0.2347995454242075},{"feature":"def_turnovers_s2d","loading":0.21280488632669844},{"feature":"wins_s2d","loading":0.20770314483807414}]},{"component":2,"explained_variance":0.15331714480641498,"top_loadings":[{"feature":"off_epa_per_play_s2d","loading":0.26137127138274097},{"feature":"off_epa_per_play_w5","loading":0.25684104554700965},{"feature":"off_epa_per_play_w3","loading":0.23584793105101154},{"feature":"off_epa_per_play_exp",