{
  "season": 2025,
  "week": 3,
  "features": [
    "off_1st_down_s2d",
    "off_total_yds_s2d",
    "off_rush_yds_s2d",
    "off_pass_yds_s2d",
    "off_turnovers_s2d",
    "def_1st_down_s2d",
    "def_total_yds_s2d",
    "def_rush_yds_s2d",
    "def_pass_yds_s2d",
    "def_turnovers_s2d",
    "wins_s2d",
    "losses_s2d",
    "home",
    "sim_winrate_same_loc_s2d",
    "sim_pointdiff_same_loc_s2d",
    "sim_count_same_loc_s2d",
    "off_total_yds_s2d_minus_opp",
    "def_total_yds_s2d_minus_opp",
    "off_turnovers_s2d_minus_opp",
    "def_turnovers_s2d_minus_opp",
    "elo_pre",
    "elo_diff",
    "rest_days",
    "rest_diff"
  ],
  "hybrid_weight": 0,
  "logistic": {
    "weights": [
      0.07178600188022828,
      0.84922872392674,
      0.28627316395415664,
      0.5629555599725836,
      0.0024769640236504097,
      0.07178600188022828,
      0.8492287239267395,
      0.28627316395415664,
      0.5629555599725836,
      0.002676867428156519,
      0.022499472838204835,
      0,
      0.0012499707132336017,
      0.00031249267830840043,
      0,
      0.00031249267830840043,
      0,
      0,
      1.734682832423842e-20,
      1.734682832423842e-20,
      3.8186605289286537,
      0,
      0.008984164501366514,
      0
    ],
    "intercept": 0.0025
  }
}