{"season":2013,"week":13,"generated_at":"2025-11-07T00:30:51.259Z","feature_hash":"0c52cd2a013e55005753dab21bbce49fcebfe26f","logistic":{"weights":[-0.3310441060032023,-0.6433965169060367,-0.6480756944794811,-0.5529347559179181,1.5914394405784764,1.0033023540781094,0.1385871031346042,0.4092031412881726,-0.055706045253144536,-0.6573108968976723,3.376639365323895,-2.913192507303715,0,0,0,0,1.0430948439705527,-0.7878532638584018,-0.9887746493909964,0.7123894573763782,-3.575565753956627,-0.05454496856306191,0,0,0,0,0,0,0,0,0,0,0,0,0,0,0,0,0,0,-0.12680125187322402,-0.22687432233803395,0.07218643430510424,0.1833124946910082,-0.05693963414953698,-0.48166050984993175,0.070910812777601,0,0,1.7321924466381629,1.2048617451087018,-0.05429326236904463,-0.2800557157832312,0.6351777151799504,0.07810602515046637,-0.430372777890769,0.290282814508191,-1.8595034109909852,-1.0136232444013993,-0.04081099553410663,0.4548801268997881,-0.6064001809931407,0.1553044149129271,0.10013192412130634,-0.13267022467660677,-0.3546522705966682,-0.06952198141740762,-0.5834387062687355,0.688967963290665,-0.4393847641950375,0.37010335416590817,-0.07277023229899146,-0.29548469690977824,0.4402608583479119,-0.002639105133864576,-0.1414588008455552,-0.08073471357803885,0.39105425831289264,-0.41020767425471844,0.3030102031830868,-0.19440622116977657,0,0,0,0,-0.04489374311011237,-0.10536335146614392,-0.04489374311011146,0.04489374311011261,0,0,0],"bias":1.2982393010732882,"scaler":{"mu":[126.04,1508.4857142857143,454.84,1053.6457142857143,6.085714285714285,125.63428571428571,1487.142857142857,439.02285714285716,1048.12,4.942857142857143,2.2,1.8914285714285715,1,0,0,0,43.596066616742945,25.115631714478457,-0.03615640082248589,0.3337946543858513,1449.780173280408,-0.4265567017667698,0,0,0,0,0,0,0,0,0,0,0,0,0,0,0,0,0,0,333.37047619047615,333.9785714285714,331.715238095238,334.10609523809535,1.6552380952380936,-0.12752380952381015,7.510836242250937,0,0,0.0018462497742350442,0.0076354244565579165,0.004330930128852303,0.0033727702279115024,0.43402456629346214,0.43649430944124057,0.43473387008777,0.4329052588738903,0.0019033162701407144,0.005507800274631926,0.004118195179902485,0.0028824007593553193,0.4331320326329676,0.4337672852262435,0.43326475964918154,0.431522033092423,0.8385610728321202,0.8393365028579327,0.8384535203477513,0.8422192195495092,0.6009686399506653,0.5971539609575977,0.5982158362554355,0.5994044590503758,0.20593506518974117,0.20683153110385794,0.20665100656773383,0.20393665707738298,8.43499912001961,8.340049343057357,8.415223443532357,8.209808997155003,0,0,0,0,0.15428571428571428,0.7314285714285714,65.77142857142857,4.228571428571429,0,0,0],"sd":[78.4184642980028,945.5091016084881,329.4878755193971,655.4368664564146,4.669484086347555,81.06986737326248,949.7704667928124,299.9812175889058,676.632174734334,4.148272322944349,1.9033804514224533,1.6715042717900077,1,1,1,1,1163.6443528382529,1176.5972609699504,6.036442852397244,5.661313704837971,3.519664892104649,4.89560292049127,1,1,1,1,1,1,1,1,1,1,1,1,1,1,1,1,1,1,117.58804084840807,116.20943866341973,118.16751368971923,116.93819927022292,69.83696339825596,62.89294814656801,2.9107055377075253,1,1,0.0849481766778309,0.0970798369814721,0.08652101396969744,0.08319661601690219,0.03677373622393023,0.04241666238473083,0.037354555378970686,0.033526178055451446,0.07245362679552729,0.09020678025750198,0.07894106900354911,0.07156531936753724,0.03321433457507208,0.03800495593780258,0.03379240284655756,0.03196399122150434,0.08721258790433419,0.09510988870151699,0.08945670491290908,0.08573541625841098,0.09160669137170185,0.09420376517345683,0.09108909394218113,0.09322613214792279,0.060726101809807004,0.06701091630916663,0.06300728725271178,0.06603350066268006,1.5781387686730293,1.7398917667646496,1.5718300573593675,1.8428287555604512,1,1,1,1,0.361222414383523,0.4432164441066358,1.8061120719176096,1.8061120719176096,1,1,1]},"features":["off_1st_down_s2d","off_total_yds_s2d","off_rush_yds_s2d","off_pass_yds_s2d","off_turnovers_s2d","def_1st_down_s2d","def_total_yds_s2d","def_rush_yds_s2d","def_pass_yds_s2d","def_turnovers_s2d","wins_s2d","losses_s2d","home","sim_winrate_same_loc_s2d","sim_pointdiff_same_loc_s2d","sim_count_same_loc_s2d","off_total_yds_s2d_minus_opp","def_total_yds_s2d_minus_opp","off_turnovers_s2d_minus_opp","def_turnovers_s2d_minus_opp","elo_pre","elo_diff","rest_days","rest_diff","off_third_down_att_s2d","off_third_down_conv_s2d","off_third_down_pct_s2d","off_red_zone_att_s2d","off_red_zone_td_s2d","off_red_zone_td_pct_s2d","off_dropbacks_s2d","off_sacks_taken_s2d","off_sack_rate_s2d","off_pass_att_s2d","off_rush_att_s2d","off_neutral_pass_rate_s2d","off_third_down_pct_s2d_minus_opp","off_red_zone_td_pct_s2d_minus_opp","off_sack_rate_s2d_minus_opp","off_neutral_pass_rate_s2d_minus_opp","off_yds_for_3g","off_yds_for_5g","def_yds_against_3g","def_yds_against_5g","net_yds_3g","net_yds_5g","qb_ypa_3g","qb_sack_rate_3g","qb_qbr","off_epa_per_play_s2d","off_epa_per_play_w3","off_epa_per_play_w5","off_epa_per_play_exp","off_success_rate_s2d","off_success_rate_w3","off_success_rate_w5","off_success_rate_exp","def_epa_per_play_allowed_s2d","def_epa_per_play_allowed_w3","def_epa_per_play_allowed_w5","def_epa_per_play_allowed_exp","def_success_rate_allowed_s2d","def_success_rate_allowed_w3","def_success_rate_allowed_w5","def_success_rate_allowed_exp","rb_rush_share_s2d","rb_rush_share_w3","rb_rush_share_w5","rb_rush_share_exp","wr_target_share_s2d","wr_target_share_w3","wr_target_share_w5","wr_target_share_exp","te_target_share_s2d","te_target_share_w3","te_target_share_w5","te_target_share_exp","qb_aypa_s2d","qb_aypa_w3","qb_aypa_w5","qb_aypa_exp","qb_sack_rate_s2d","qb_sack_rate_w3","qb_sack_rate_w5","qb_sack_rate_exp","roof_dome","roof_outdoor","weather_temp_f","weather_wind_mph","weather_precip_pct","weather_impact_score","weather_extreme_flag"]},"decision_tree":{"params":{"depth":6,"minSamples":9},"alpha":2},"bt":{"coefficients":[0.03584100445760431,-0.1199744488375375,-0.06161358434436208,-0.002500041575490512,-0.0212831579425777,0.0006392477197652389,-0.004681434859072949,-0.0033797767923142374,0.003064064080508722,-0.004151785927157419],"intercept":0.15541838997507093,"scaler":{"mu":[-1.6311986345415312,23.136509310390817,0.6084090492337286,0,0.0012358326525028897,0,0,0,0,0],"sd":[59.4873405965477,564.9701261860944,16.204479616090318,1,0.10111202368141359,1,1,1,1,1]},"features":["diff_total_yards","diff_turnovers","diff_penalty_yards","diff_possession_seconds","diff_r_ratio","diff_elo_pre","diff_inj_out","diff_inj_skill_out","diff_inj_practice_dnp","diff_inj_out_trend"],"hyperparams":{"steps":1200,"learningRate":0.001,"l2":0.00001}},"ann":{"seeds":[1],"architecture":[92,128,64,32,1],"committee_size":1,"max_epochs":15,"dropout":0.5},"ensemble":{"weights":{"logistic":0.9,"tree":0,"bt":0,"ann":0.09999999999999998},"calibration":{"type":"platt","beta":0.05831712224077581,"source":"platt"},"calibration_beta":0.05831712224077581,"calibration_hash":"c854a0e072a3947b5d4e98fb2d8f5e84adec9024b77c0b6c2c9ed32c5b470de0","oof_variance":{"ann":{"mean":0.5616170808490617,"var":0.030783220176582034}}},"pca":[{"component":1,"explained_variance":0.20396000974741638,"top_loadings":[{"feature":"off_total_yds_s2d","loading":0.26995477540044144},{"feature":"off_1st_down_s2d","loading":0.2677261313693234},{"feature":"off_pass_yds_s2d","loading":0.2653546900070497},{"feature":"def_total_yds_s2d","loading":0.2639698435755791},{"feature":"def_1st_down_s2d","loading":0.26389543121393405},{"feature":"def_pass_yds_s2d","loading":0.26305524060891633},{"feature":"off_rush_yds_s2d","loading":0.24681166345761793},{"feature":"def_rush_yds_s2d","loading":0.24241225036689795},{"feature":"def_turnovers_s2d","loading":0.23694151036925573},{"feature":"wins_s2d","loading":0.21305170704952614}]},{"component":2,"explained_variance":0.15533630513110258,"top_loadings":[{"feature":"off_success_rate_s2d","loading":-0.24106862636326},{"feature":"te_target_share_w5",