{"season":2003,"week":3,"generated_at":"2025-11-07T00:11:46.877Z","feature_hash":"d3a304e85215b694a9f72007971e687fb0c67038","logistic":{"weights":[-0.5904240414287396,-0.27113377182570186,-0.4979129017906958,-0.14899200412886268,1.0323080503371618,0.5342631158307509,0.15524780764053178,0.43434475622157065,-0.0038327359743262276,-0.35425154023836497,2.689810583760856,-2.6244284827645914,0,0,0,0,0.9614365817679238,-0.8413001687918695,-0.5065860897230785,0.048718352560119235,-2.7160981433084657,-0.26501041557354266,0,0,0,0,0,0,0,0,0,0,0,0,0,0,0,0,0,0,-0.11250761199924818,0.06211085252672107,0.2546772518146717,0.23008750012769352,-0.39607824501364913,-0.35345331621155823,-0.9838858468719762,0,0,0.9636396479050086,0.5768700209375484,0.5219166295210135,0.2632392936094703,0.3843210240617009,0.10863201484956246,-0.17841184025471854,-0.04281886958128318,-0.7037299945686041,-1.0028980308391884,-0.6739453823181373,-0.388768871523447,-0.04475226880941919,0.05213154318423459,0.4076028952803828,-0.2318443233044704,-0.10625834691595587,0.3150846284474334,0.12233425472851876,0.17212298687336722,-0.38796361315097,-0.23118089003098413,0.06831690999311178,-0.19348170174040039,-0.11494130677376231,0.049567860100982124,-0.35266612367935296,-0.342203763643326,-0.07339681902519664,0.46143250664347324,-0.2675935533124994,0.00888592657845208,0,0,0,0,0.10303785481391428,0.13071007966921136,0.10303785481391518,-0.10303785481391442,0,0,0],"bias":1.0268805998315536,"scaler":{"mu":[41.40625,489.28125,163.03125,326.25,2.875,40.46875,487.875,151.5625,336.3125,2.125,0.75,0.75,1,0,0,0,8.732627128807732,5.801866431309358,0.19360334518115263,-0.06437663026677687,1449.84375,-0.3125,0,0,0,0,0,0,0,0,0,0,0,0,0,0,0,0,0,0,161.40625,161.40625,163.625,163.625,-2.21875,-2.21875,3.2506834111695766,0,0,-0.025309409675124264,-0.025309409675124264,-0.025309409675124264,-0.02323407550834884,0.42949248696367065,0.42949248696367065,0.42949248696367065,0.43047741876633494,-0.028271904734731866,-0.028271904734731866,-0.028271904734731866,-0.03098240968697548,0.4261970939262402,0.4261970939262402,0.4261970939262402,0.4294389741571673,0.8220461314566382,0.8220461314566382,0.8220461314566382,0.8118803521922868,0,0,0,0,0,0,0,0,6.514260355557863,6.514260355557863,6.514260355557863,6.678415479312389,0,0,0,0,0.1875,0.8125,65.9375,4.0625,0,0,0],"sd":[15.544008843843985,171.84717672524474,82.26044172892279,130.9830618820617,2.057759704144291,17.210070407685727,204.1962521081129,83.92181536257424,150.24925904559396,1.4737282653189494,0.6123724356957945,0.7071067811865476,1,1,1,1,143.71560088621095,163.03124984236956,2.7661029090329428,2.237895460593421,0.8699631816921909,1.2103072956898178,1,1,1,1,1,1,1,1,1,1,1,1,1,1,1,1,1,1,168.78867323057403,168.78867323057403,167.5948891673013,167.5948891673013,72.51841764984603,72.51841764984603,3.4757888979014555,1,1,0.1036911264946688,0.1036911264946688,0.1036911264946688,0.1089040222522127,0.039385354754186454,0.039385354754186454,0.039385354754186454,0.04289432121411216,0.11756353598489977,0.11756353598489977,0.11756353598489977,0.114342411063839,0.04357753638019932,0.04357753638019932,0.04357753638019932,0.04354036757664979,0.11488955792309204,0.11488955792309204,0.11488955792309204,0.11733148116754358,1,1,1,1,1,1,1,1,1.2887028411000712,1.2887028411000712,1.2887028411000712,1.4398924888042397,1,1,1,1,0.3903123748998999,0.3903123748998999,1.9515618744994994,1.9515618744994994,1,1,1]},"features":["off_1st_down_s2d","off_total_yds_s2d","off_rush_yds_s2d","off_pass_yds_s2d","off_turnovers_s2d","def_1st_down_s2d","def_total_yds_s2d","def_rush_yds_s2d","def_pass_yds_s2d","def_turnovers_s2d","wins_s2d","losses_s2d","home","sim_winrate_same_loc_s2d","sim_pointdiff_same_loc_s2d","sim_count_same_loc_s2d","off_total_yds_s2d_minus_opp","def_total_yds_s2d_minus_opp","off_turnovers_s2d_minus_opp","def_turnovers_s2d_minus_opp","elo_pre","elo_diff","rest_days","rest_diff","off_third_down_att_s2d","off_third_down_conv_s2d","off_third_down_pct_s2d","off_red_zone_att_s2d","off_red_zone_td_s2d","off_red_zone_td_pct_s2d","off_dropbacks_s2d","off_sacks_taken_s2d","off_sack_rate_s2d","off_pass_att_s2d","off_rush_att_s2d","off_neutral_pass_rate_s2d","off_third_down_pct_s2d_minus_opp","off_red_zone_td_pct_s2d_minus_opp","off_sack_rate_s2d_minus_opp","off_neutral_pass_rate_s2d_minus_opp","off_yds_for_3g","off_yds_for_5g","def_yds_against_3g","def_yds_against_5g","net_yds_3g","net_yds_5g","qb_ypa_3g","qb_sack_rate_3g","qb_qbr","off_epa_per_play_s2d","off_epa_per_play_w3","off_epa_per_play_w5","off_epa_per_play_exp","off_success_rate_s2d","off_success_rate_w3","off_success_rate_w5","off_success_rate_exp","def_epa_per_play_allowed_s2d","def_epa_per_play_allowed_w3","def_epa_per_play_allowed_w5","def_epa_per_play_allowed_exp","def_success_rate_allowed_s2d","def_success_rate_allowed_w3","def_success_rate_allowed_w5","def_success_rate_allowed_exp","rb_rush_share_s2d","rb_rush_share_w3","rb_rush_share_w5","rb_rush_share_exp","wr_target_share_s2d","wr_target_share_w3","wr_target_share_w5","wr_target_share_exp","te_target_share_s2d","te_target_share_w3","te_target_share_w5","te_target_share_exp","qb_aypa_s2d","qb_aypa_w3","qb_aypa_w5","qb_aypa_exp","qb_sack_rate_s2d","qb_sack_rate_w3","qb_sack_rate_w5","qb_sack_rate_exp","roof_dome","roof_outdoor","weather_temp_f","weather_wind_mph","weather_precip_pct","weather_impact_score","weather_extreme_flag"]},"decision_tree":{"params":{"depth":6,"minSamples":8},"alpha":6},"bt":{"coefficients":[0.14091958330822862,0.14375865790636597,0.14961905201606185,-0.0009800104989778878,0.008989009704904856,0.0012674883629104326,0.00025661272266572894,0.0008534194341390294,0.004999870770004342,0.003835787676600563],"intercept":0.0648916387506738,"scaler":{"mu":[11.954525713794286,-77.23968881686444,-1.2108474694702436,0,0.0004043970151429259,0,0,0,0,0],"sd":[48.32757581790492,442.30543113220483,14.194810778529037,1,0.06288770775636363,1,1,1,1,1]},"features":["diff_total_yards","diff_turnovers","diff_penalty_yards","diff_possession_seconds","diff_r_ratio","diff_elo_pre","diff_inj_out","diff_inj_skill_out","diff_inj_practice_dnp","diff_inj_out_trend"],"hyperparams":{"steps":1200,"learningRate":0.001,"l2":0.00001}},"ann":{"seeds":[1],"architecture":[92,128,64,32,1],"committee_size":1,"max_epochs":15,"dropout":0.5},"ensemble":{"weights":{"logistic":0.9350649350649352,"tree":0,"bt":0,"ann":0.06493506493506492},"calibration":{"type":"platt","beta":0.1522444372266519,"source":"platt"},"calibration_beta":0.1522444372266519,"calibration_hash":"1c3f7be2f8f193c01b083168640648cb12c303fa1a65427eb84acbdf434ea612","oof_variance":{"ann":{"mean":0.5284109283184384,"var":0.019422602021478334}}},"pca":[{"component":1,"explained_variance":0.24833895678975326,"top_loadings":[{"feature":"def_total_yds_s2d","loading":-0.24522983013204422},{"feature":"def_yds_against_3g","loading":-0.2440859619580634},{"feature":"def_yds_against_5g","loading":-0.2440859619580634},{"feature":"def_1st_down_s2d","loading":-0.2425165782871655},{"feature":"off_yds_for_3g","loading":-0.23021434039134264},{"feature":"off_yds_for_5g","loading":-0.23021434039134264},{"feature":"qb_ypa_3g","loading":-0.2214285639196458},{"feature":"def_pass_yds_s2d","loading":-0.21552909705191334},{"feature":"def_rush_yds_s2d","loading":-0.2108143753423455},{"feature":"losses_s2d","loading":-0.20919651557893415}]},{"component":2,"explained_variance":0.19798602141064914,"top_loadings":[{"feature":"wins_s2d","loading":-0.24276926049883948},{"feature":"off_epa_per_play_s2d","loading":-0.22298526323055323},{"feature":"off_epa_per_play_w3","loading":-0.22298526323055323},{"feature":"off_epa_per_play_w5","loading":-0.22298526323055323},{"feature":"off_epa_per_play_exp","loading":-0.22033642174442838},{"feature":"off_success_rate_exp","loading":-0.21251129820588038},{"feature":"off_success_rate_s2d","loading":-0.21169508630243855},{"feature":"off_success_rate_w3","loading":-0.21169508630243855},{"feature":"off_success_rate_w5",