{"season":2015,"week":10,"generated_at":"2025-11-07T00:34:17.429Z","feature_hash":"1dfe1b194817c8c1abc205f317605cbf926b4f23","logistic":{"weights":[-0.22454172196706396,-0.5212082813607717,-0.4624562545328777,-0.47119981940863104,1.6610474719226824,1.1275994246020427,0.1474537561214218,0.13845029025976419,0.07303697046951681,-1.5904119609225342,3.296368868183329,-2.8108896818819464,0,0,0,0,0.8974245457755026,-1.052288298190233,-1.3501177841647745,0.735633107533882,-3.562844589936513,-0.34965962361897346,0,0,0,0,0,0,0,0,0,0,0,0,0,0,0,0,0,0,-0.5167580429243346,-0.3629362469227022,-0.1782674365432429,-0.124977662074674,-0.27631219235480514,-0.1707273002887795,0.04957392343460771,0,0,1.8770654872004424,1.013278589457221,0.03775314988559609,-0.4729647945161932,0.09355256943729737,-0.3739004038603611,-0.19019481001321684,-0.47290148240496876,-2.0418090188289773,-0.9453544549780994,0.5386626489756942,0.6163123958881483,-0.5807969475233046,0.15148168901591286,0.4284507142643561,-0.16204869862010743,-0.18898335425055438,0.2845344631081249,-0.3892982235949186,0.19911526462587406,-0.13391056306607774,0.8439922557964278,-0.01494784823906302,-0.18519318651037547,0.1371856160067689,0.1681090484515987,0.43321363755030784,-0.2748919040275244,0.2045567505407879,-0.850918076057285,0.06160096947258307,0.016259967762777,0,0,0,0,0.10648819041270448,0.2819652488063573,0.10648819041270519,-0.106488190412704,0,0,0],"bias":0.9561235171843928,"scaler":{"mu":[120.56060606060606,1441.159090909091,417.1439393939394,1024.0151515151515,5.431818181818182,120.9469696969697,1439.3636363636363,417.8712121212121,1021.4924242424242,4.007575757575758,1.878787878787879,1.9696969696969697,1,0,0,0,82.63251008246947,73.30636791978918,0.24769516640929223,0.039502839515862906,1449.8953921004618,-0.1901806459813222,0,0,0,0,0,0,0,0,0,0,0,0,0,0,0,0,0,0,323.5441919191919,321.610101010101,325.979797979798,324.61287878787886,-2.435606060606059,-3.002777777777776,7.166653567644154,0,0,-0.0024078302554928384,-0.003470320692262094,-0.0017660187014576756,-0.005322320229122132,0.43143649203704265,0.4317893472672956,0.43152938077128317,0.4312054562941282,-0.0012134365813974918,-0.002063729527638527,0.0001206219940562373,-0.006090544522229787,0.4299559445496132,0.4295697833709829,0.43088618515146376,0.42997324514376317,0.8428116786756846,0.8460428973831323,0.8448978837411883,0.8395677808613422,0.5820970179337911,0.582587580830199,0.5812590216872758,0.5764518091451294,0.21901843433641316,0.2214526116830307,0.22103549006211923,0.21848531429241935,8.087894961396513,8.183023381700119,8.134256401220409,7.865033843307183,0,0,0,0,0.12878787878787878,0.7575757575757576,65.64393939393939,4.356060606060606,0,0,0],"sd":[75.98228038803536,893.5873634990784,244.71192502848703,678.0059442043943,3.9642210091474954,76.92078908752539,932.6058577718742,276.18585654062053,673.4566137092044,3.2391923145008548,1.4303543904492053,1.8129976597429018,1,1,1,1,1018.2297400546611,1056.4101157800699,5.024899098096,4.421674318056313,3.0933786102073197,4.092894383921656,1,1,1,1,1,1,1,1,1,1,1,1,1,1,1,1,1,1,128.11377134807614,126.10010900297497,128.62695328117235,126.91331744771564,59.48481346995423,55.52217984197996,3.0210529915836575,1,1,0.08947834843168186,0.09502067026726015,0.09006055190088123,0.10299482920413373,0.03690563229252943,0.039467761978918284,0.03766892674484154,0.04429768528525709,0.08541570923609132,0.0960972946895191,0.0885612329297747,0.09799777219814437,0.036141224819820454,0.042283874697588035,0.03784951513612858,0.04332304164935218,0.09102985760003388,0.09329917530379157,0.09118861155716994,0.09473434030352268,0.09766579684081707,0.09851050297444873,0.09656376405128855,0.10149840933803085,0.08454432650262285,0.08809165954667515,0.0860858222506793,0.0834224853573018,1.519582240552017,1.5701481595621818,1.533988213204525,1.6218904661980225,1,1,1,1,0.3349650146883965,0.428549564355483,1.6748250734419803,1.674825073441979,1,1,1]},"features":["off_1st_down_s2d","off_total_yds_s2d","off_rush_yds_s2d","off_pass_yds_s2d","off_turnovers_s2d","def_1st_down_s2d","def_total_yds_s2d","def_rush_yds_s2d","def_pass_yds_s2d","def_turnovers_s2d","wins_s2d","losses_s2d","home","sim_winrate_same_loc_s2d","sim_pointdiff_same_loc_s2d","sim_count_same_loc_s2d","off_total_yds_s2d_minus_opp","def_total_yds_s2d_minus_opp","off_turnovers_s2d_minus_opp","def_turnovers_s2d_minus_opp","elo_pre","elo_diff","rest_days","rest_diff","off_third_down_att_s2d","off_third_down_conv_s2d","off_third_down_pct_s2d","off_red_zone_att_s2d","off_red_zone_td_s2d","off_red_zone_td_pct_s2d","off_dropbacks_s2d","off_sacks_taken_s2d","off_sack_rate_s2d","off_pass_att_s2d","off_rush_att_s2d","off_neutral_pass_rate_s2d","off_third_down_pct_s2d_minus_opp","off_red_zone_td_pct_s2d_minus_opp","off_sack_rate_s2d_minus_opp","off_neutral_pass_rate_s2d_minus_opp","off_yds_for_3g","off_yds_for_5g","def_yds_against_3g","def_yds_against_5g","net_yds_3g","net_yds_5g","qb_ypa_3g","qb_sack_rate_3g","qb_qbr","off_epa_per_play_s2d","off_epa_per_play_w3","off_epa_per_play_w5","off_epa_per_play_exp","off_success_rate_s2d","off_success_rate_w3","off_success_rate_w5","off_success_rate_exp","def_epa_per_play_allowed_s2d","def_epa_per_play_allowed_w3","def_epa_per_play_allowed_w5","def_epa_per_play_allowed_exp","def_success_rate_allowed_s2d","def_success_rate_allowed_w3","def_success_rate_allowed_w5","def_success_rate_allowed_exp","rb_rush_share_s2d","rb_rush_share_w3","rb_rush_share_w5","rb_rush_share_exp","wr_target_share_s2d","wr_target_share_w3","wr_target_share_w5","wr_target_share_exp","te_target_share_s2d","te_target_share_w3","te_target_share_w5","te_target_share_exp","qb_aypa_s2d","qb_aypa_w3","qb_aypa_w5","qb_aypa_exp","qb_sack_rate_s2d","qb_sack_rate_w3","qb_sack_rate_w5","qb_sack_rate_exp","roof_dome","roof_outdoor","weather_temp_f","weather_wind_mph","weather_precip_pct","weather_impact_score","weather_extreme_flag"]},"decision_tree":{"params":{"depth":6,"minSamples":8},"alpha":2},"bt":{"coefficients":[-0.22160596390064127,-0.10298448603290246,-0.24204409717079675,-0.0037912440921569423,0.018766188779815774,0.0019358490405807774,-0.004708825879440905,0.004111915336992939,-0.003768254745004356,0.0043759690826993165],"intercept":-0.12614612229877945,"scaler":{"mu":[-1.9767692496988167,2.348014872482759,0.031013390204566574,0,0.00273171612853806,0,0,0,0,0],"sd":[46.545995549313126,492.60424997915743,14.105157106695872,1,0.08198210687733308,1,1,1,1,1]},"features":["diff_total_yards","diff_turnovers","diff_penalty_yards","diff_possession_seconds","diff_r_ratio","diff_elo_pre","diff_inj_out","diff_inj_skill_out","diff_inj_practice_dnp","diff_inj_out_trend"],"hyperparams":{"steps":1200,"learningRate":0.001,"l2":0.00001}},"ann":{"seeds":[1],"architecture":[92,128,64,32,1],"committee_size":1,"max_epochs":15,"dropout":0.5},"ensemble":{"weights":{"logistic":0.9,"tree":0,"bt":0,"ann":0.09999999999999998},"calibration":{"type":"platt","beta":0.28621692493067236,"source":"platt"},"calibration_beta":0.28621692493067236,"calibration_hash":"1db311b3811f92e65c2ebfb2490f96244288615cdfeac1575f48c9fdff65507f","oof_variance":{"ann":{"mean":0.4494248095942133,"var":0.022686961523124227}}},"pca":[{"component":1,"explained_variance":0.21993436790876414,"top_loadings":[{"feature":"def_total_yds_s2d","loading":0.2550012049557101},{"feature":"off_pass_yds_s2d","loading":0.25475093942094845},{"feature":"off_total_yds_s2d","loading":0.25335817154509244},{"feature":"off_1st_down_s2d","loading":0.25301749808071555},{"feature":"def_pass_yds_s2d","loading":0.2516762538837738},{"feature":"def_1st_down_s2d","loading":0.2515130278847917},{"feature":"def_rush_yds_s2d","loading":0.2473789955965701},{"feature":"off_rush_yds_s2d","loading":0.219339573691071},{"feature":"losses_s2d","loading":0.2153196719857935},{"feature":"off_turnovers_s2d","loading":0.20944084837312882}]},{"component":2,"explained_variance":0.14255960128126358,"top_loadings":[{"feature":"wr_target_share_s2d",