{"season":2021,"week":1,"generated_at":"2025-11-07T00:47:08.002Z","feature_hash":"68494b5fbae030daf914ea3d4eae27e21c287a4f","logistic":{"weights":[-0.6360638660681303,-0.5529029173565004,0.09737834776665515,-0.7233656955735274,1.4655540663815312,0.8001092434747742,0.22455675826693358,-0.01620184946708877,0.29309417718062414,-1.2166604882611758,3.0296590324358244,-2.58981036751197,0,0,0,0,0.8804703929920144,-0.7008273324544417,-1.1147793787807108,0.6235556368897266,-3.682507930366899,0.22339852703564297,0,0,0,0,0,0,0,0,0,0,0,0,0,0,0,0,0,0,-0.20587177563234066,-0.09490682910983281,0.21202759315348987,-0.08054611707479663,-0.31342109846874866,0.1476396943194433,0.0006145691966430942,0,0,2.4403024577125176,1.1125099191425776,0.07842540113624137,-0.2490491385320849,0.4142684659032838,0.19482632428892907,-0.34864858879938915,-0.4072172455731773,-1.825597099033534,-0.9710740070132805,0.25517646459579046,0.9260172804444505,-0.22145243621768548,0.7425693985643652,-0.17157155320575068,-0.20826422934903402,-0.40957963968447847,0.31280246556375335,-0.6644154915243663,0.427161657680487,0.04920656569505075,0.379303634187252,0.020961193498330626,-0.06614234844307729,0.015457974671190474,0.2976780501918458,0.30274211599337164,-0.23335562438412216,-0.07675015183638417,-0.18323118279260822,-0.6326130792688983,0.48024728658461613,0,0,0,0,-0.03067717928459583,0.35617704034489495,-0.030677179284594614,0.0306771792845961,0,0,0,0.3079771602281219,-0.02122087054859568,-0.3206584241754331,-0.09207833355546437,-0.03226630414065583,0.321701748446724,0.6902845474784299,0.257951169848684,0,0.4586234067834133,-0.20499994864436805,0.07839580387448257,0.33499229291293275,-0.0834627531560632,-0.6072656312624561,0.24281670322269439,-0.04972673845973369,-0.3952958018868437,0.4324424314289282,0.05878213550134308,0.49875762289122183,-0.2821796208494295,0.22875628532190428,-0.3420901578599148,-0.26649110655556263,-0.2377047802999332,-0.6035886828796293,-0.23079633160599572,-0.8826981191906023,-0.23384054273175325,-0.7617796637242488,1.0057754291640104,0.18233575714693906,0.23557689945357518,-0.049073763306726415,-0.4674702871063803,-0.14702430112655568,0.04136723369817736,-0.16101503923534505,-0.5655067310779271,-0.21626293507607985],"bias":0.006670224448146589,"scaler":{"mu":[0,0,0,0,0,0,0,0,0,0,0,0,0,0,0,0,0,0,0,0,0,0,0,0,0,0,0,0,0,0,0,0,0,0,0,0,0,0,0,0,0,0,0,0,0,0,0,0,0,0,0,0,0,0,0,0,0,0,0,0,0,0,0,0,0,0,0,0,0,0,0,0,0,0,0,0,0,0,0,0,0,0,0,0,0,0,0,0,0,0,0,0,0,0,0,0,0,0,0,0,0,0,0,0,0,0,0,0,0,0,0,0,0,0,0,0,0,0,0,0,0,0,0,0,0,0,0,0,0,0,0,0,0],"sd":[1,1,1,1,1,1,1,1,1,1,1,1,1,1,1,1,1,1,1,1,1,1,1,1,1,1,1,1,1,1,1,1,1,1,1,1,1,1,1,1,1,1,1,1,1,1,1,1,1,1,1,1,1,1,1,1,1,1,1,1,1,1,1,1,1,1,1,1,1,1,1,1,1,1,1,1,1,1,1,1,1,1,1,1,1,1,1,1,1,1,1,1,1,1,1,1,1,1,1,1,1,1,1,1,1,1,1,1,1,1,1,1,1,1,1,1,1,1,1,1,1,1,1,1,1,1,1,1,1,1,1,1,1]},"features":["off_1st_down_s2d","off_total_yds_s2d","off_rush_yds_s2d","off_pass_yds_s2d","off_turnovers_s2d","def_1st_down_s2d","def_total_yds_s2d","def_rush_yds_s2d","def_pass_yds_s2d","def_turnovers_s2d","wins_s2d","losses_s2d","home","sim_winrate_same_loc_s2d","sim_pointdiff_same_loc_s2d","sim_count_same_loc_s2d","off_total_yds_s2d_minus_opp","def_total_yds_s2d_minus_opp","off_turnovers_s2d_minus_opp","def_turnovers_s2d_minus_opp","elo_pre","elo_diff","rest_days","rest_diff","off_third_down_att_s2d","off_third_down_conv_s2d","off_third_down_pct_s2d","off_red_zone_att_s2d","off_red_zone_td_s2d","off_red_zone_td_pct_s2d","off_dropbacks_s2d","off_sacks_taken_s2d","off_sack_rate_s2d","off_pass_att_s2d","off_rush_att_s2d","off_neutral_pass_rate_s2d","off_third_down_pct_s2d_minus_opp","off_red_zone_td_pct_s2d_minus_opp","off_sack_rate_s2d_minus_opp","off_neutral_pass_rate_s2d_minus_opp","off_yds_for_3g","off_yds_for_5g","def_yds_against_3g","def_yds_against_5g","net_yds_3g","net_yds_5g","qb_ypa_3g","qb_sack_rate_3g","qb_qbr","off_epa_per_play_s2d","off_epa_per_play_w3","off_epa_per_play_w5","off_epa_per_play_exp","off_success_rate_s2d","off_success_rate_w3","off_success_rate_w5","off_success_rate_exp","def_epa_per_play_allowed_s2d","def_epa_per_play_allowed_w3","def_epa_per_play_allowed_w5","def_epa_per_play_allowed_exp","def_success_rate_allowed_s2d","def_success_rate_allowed_w3","def_success_rate_allowed_w5","def_success_rate_allowed_exp","rb_rush_share_s2d","rb_rush_share_w3","rb_rush_share_w5","rb_rush_share_exp","wr_target_share_s2d","wr_target_share_w3","wr_target_share_w5","wr_target_share_exp","te_target_share_s2d","te_target_share_w3","te_target_share_w5","te_target_share_exp","qb_aypa_s2d","qb_aypa_w3","qb_aypa_w5","qb_aypa_exp","qb_sack_rate_s2d","qb_sack_rate_w3","qb_sack_rate_w5","qb_sack_rate_exp","roof_dome","roof_outdoor","weather_temp_f","weather_wind_mph","weather_precip_pct","weather_impact_score","weather_extreme_flag","diff_rush_carries","diff_rush_rushing_yards_before_contact","diff_rush_rushing_yards_before_contact_avg","diff_rush_rushing_yards_after_contact","diff_rush_rushing_yards_after_contact_avg","diff_rush_rushing_broken_tackles","diff_def_def_ints","diff_def_def_targets","diff_def_def_completions_allowed","diff_def_def_completion_pct","diff_def_def_yards_allowed","diff_def_def_yards_allowed_per_cmp","diff_def_def_yards_allowed_per_tgt","diff_def_def_receiving_td_allowed","diff_def_def_passer_rating_allowed","diff_def_def_adot","diff_def_def_air_yards_completed","diff_def_def_yards_after_catch","diff_def_def_times_blitzed","diff_def_def_times_hurried","diff_def_def_times_hitqb","diff_def_def_sacks","diff_def_def_pressures","diff_def_def_tackles_combined","diff_def_def_missed_tackles","diff_def_def_missed_tackle_pct","diff_pass_passing_drops","diff_pass_passing_drop_pct","diff_pass_passing_bad_throws","diff_pass_passing_bad_throw_pct","diff_pass_times_sacked","diff_pass_times_blitzed","diff_pass_times_hurried","diff_pass_times_hit","diff_pass_times_pressured","diff_pass_times_pressured_pct","diff_rec_receiving_broken_tackles","diff_rec_receiving_drop","diff_rec_receiving_drop_pct","diff_rec_receiving_int","diff_rec_receiving_rat"]},"decision_tree":{"params":{"depth":6,"minSamples":8},"alpha":6},"bt":{"coefficients":[0.004033074537053283,-0.002027867845287248,-0.004628978211716173,0.0035311372533788155,0.0015608912191091772,0.0023135504437043664,0.0014586469232753774,0.0010518402070771704,0.004027139957223098,-0.0004019200417530722],"intercept":0,"scaler":{"mu":[],"sd":[]},"features":["diff_total_yards","diff_turnovers","diff_penalty_yards","diff_possession_seconds","diff_r_ratio","diff_elo_pre","diff_inj_out","diff_inj_skill_out","diff_inj_practice_dnp","diff_inj_out_trend"],"hyperparams":{"steps":1200,"learningRate":0.001,"l2":0.00001}},"ann":{"seeds":[],"architecture":[0,1],"committee_size":0,"max_epochs":15,"dropout":0.5},"ensemble":{"weights":{"logistic":0,"tree":0,"bt":0,"ann":1},"calibration":{"type":"league_prior","lambda":0.85,"mean":0.56,"source":"league_prior"},"calibration_beta":0,"calibration_hash":"729bd80641a1693082e28166f0bc44dbe300221d0d4bf4256b7f485c2cf5cc29","oof_variance":{"ann":null}},"pca":[],