{"season":2014,"week":15,"generated_at":"2025-11-07T00:32:53.607Z","feature_hash":"db6517a53da4e816baae63336cd1996153de67b6","logistic":{"weights":[-0.18018767303752137,-0.5998064693941788,-0.6533362376162257,-0.5132656014598793,1.7615648823172179,1.1115891592105944,0.17607882241776765,0.27008276332566694,0.04709362456091748,-1.1349421214241122,2.934828499215537,-2.5081456840022978,0,0,0,0,1.1445430437986732,-0.8719876635876742,-1.2706527133043173,0.6613543341486039,-3.3989279713803326,-0.08304736550042566,0,0,0,0,0,0,0,0,0,0,0,0,0,0,0,0,0,0,-0.4662908772700618,-0.4000579439558413,0.04119090884243475,0.10290920132330046,-0.5810702331639845,-0.6599249034543586,0.14870744967335492,0,0,2.0436931219701586,1.2794701391149923,0.08629602428490694,-0.0584813515356402,0.433416637209824,-0.06782907810638798,-0.17671897344752158,0.06098933473900901,-2.3209702191076813,-1.2470074636854547,0.22089058331776393,0.26023073539869074,-0.8207684051007172,0.19066285693260548,0.4759430334979995,-0.5767680025193244,-0.28334757745139033,-0.06295750234817736,-0.43442793432829524,0.4501274803110205,-0.29962591247935116,0.7262122462009264,-0.012543703292526603,-0.19829770047329506,0.3424334321506975,0.06564982445111428,0.22485208598396392,-0.21490591161644992,0.4801068986294335,-0.8497095992138191,0.18779605025920781,0.1403233243045331,0,0,0,0,0.1402611722109557,0.07691219472571291,0.1402611722109568,-0.1402611722109554,0,0,0],"bias":1.1393280016857974,"scaler":{"mu":[134.38647342995168,1575.7004830917874,479.2608695652174,1096.4396135265702,5.821256038647343,133.0144927536232,1566.975845410628,474.77777777777777,1092.1980676328503,4.700483091787439,2.217391304347826,2.072463768115942,1,0,0,0,-14.050257879714636,-2.2854864578220857,-0.13246430848365157,0.1617188015630811,1449.9761716329629,-0.06588177911459536,0,0,0,0,0,0,0,0,0,0,0,0,0,0,0,0,0,0,336.26570048309173,336.45539452495996,341.56521739130426,341.0324476650563,-5.299516908212554,-4.577053140096617,7.671873319801484,0,0,-0.002223402080322307,-0.006459846370358368,-0.005427154243100583,-0.010352562538751576,0.4323211879938828,0.43132925108197007,0.4322667902345707,0.4291319476604742,-0.004819777556856323,-0.008511022035394037,-0.006024842962322317,-0.011888934077886874,0.4308690864035976,0.4320625820887091,0.4311931874645859,0.42885076474070283,0.841752756159308,0.8452163115137946,0.8445052307347719,0.837720123688312,0.5915540383937938,0.5929653425654026,0.591481504720446,0.5898474865179614,0.2147316216208419,0.2106277773490809,0.2122385358541284,0.21906599024151863,8.310418290458205,8.343269836960818,8.332678409488052,8.295938114478105,0,0,0,0,0.12560386473429952,0.7584541062801933,65.6280193236715,4.371980676328502,0,0,0],"sd":[82.27927821629933,953.6797927001479,311.39612308704176,672.2967950637507,4.503560842057728,81.07076161597291,958.225642037964,308.6543004517064,673.4808235624907,3.755466194318709,1.7709646806249422,1.7554787164900567,1,1,1,1,1179.7012129068055,1159.2371513058636,5.678143784709458,4.974814050694658,3.802528119428897,5.155536276874736,1,1,1,1,1,1,1,1,1,1,1,1,1,1,1,1,1,1,111.33367679626518,108.70644537401385,110.1666376180271,106.74752047347478,77.27281687909449,65.75028542160817,2.649131905350196,1,1,0.07548467091549452,0.0957838662584478,0.08493531265691152,0.08078637621409027,0.035103681601140656,0.04266774028660898,0.038076650385504555,0.04027090578620911,0.06612999007589378,0.09363220796969518,0.07831476292125171,0.0740965219131597,0.030012348140749424,0.04029440284950535,0.03466881167828057,0.034797158842941475,0.07275094187033843,0.07950219475349142,0.07466185204013936,0.07669948726569208,0.08365828412148142,0.08895412509978225,0.08471394871629927,0.08146726260600372,0.06537799404878514,0.0718822338315121,0.06882761974592996,0.06558981414347785,1.1041255975119255,1.4731386316516557,1.2823724010064925,1.1570502569122187,1,1,1,1,0.3314023746114496,0.4280204141707569,1.6570118730572476,1.657011873057249,1,1,1]},"features":["off_1st_down_s2d","off_total_yds_s2d","off_rush_yds_s2d","off_pass_yds_s2d","off_turnovers_s2d","def_1st_down_s2d","def_total_yds_s2d","def_rush_yds_s2d","def_pass_yds_s2d","def_turnovers_s2d","wins_s2d","losses_s2d","home","sim_winrate_same_loc_s2d","sim_pointdiff_same_loc_s2d","sim_count_same_loc_s2d","off_total_yds_s2d_minus_opp","def_total_yds_s2d_minus_opp","off_turnovers_s2d_minus_opp","def_turnovers_s2d_minus_opp","elo_pre","elo_diff","rest_days","rest_diff","off_third_down_att_s2d","off_third_down_conv_s2d","off_third_down_pct_s2d","off_red_zone_att_s2d","off_red_zone_td_s2d","off_red_zone_td_pct_s2d","off_dropbacks_s2d","off_sacks_taken_s2d","off_sack_rate_s2d","off_pass_att_s2d","off_rush_att_s2d","off_neutral_pass_rate_s2d","off_third_down_pct_s2d_minus_opp","off_red_zone_td_pct_s2d_minus_opp","off_sack_rate_s2d_minus_opp","off_neutral_pass_rate_s2d_minus_opp","off_yds_for_3g","off_yds_for_5g","def_yds_against_3g","def_yds_against_5g","net_yds_3g","net_yds_5g","qb_ypa_3g","qb_sack_rate_3g","qb_qbr","off_epa_per_play_s2d","off_epa_per_play_w3","off_epa_per_play_w5","off_epa_per_play_exp","off_success_rate_s2d","off_success_rate_w3","off_success_rate_w5","off_success_rate_exp","def_epa_per_play_allowed_s2d","def_epa_per_play_allowed_w3","def_epa_per_play_allowed_w5","def_epa_per_play_allowed_exp","def_success_rate_allowed_s2d","def_success_rate_allowed_w3","def_success_rate_allowed_w5","def_success_rate_allowed_exp","rb_rush_share_s2d","rb_rush_share_w3","rb_rush_share_w5","rb_rush_share_exp","wr_target_share_s2d","wr_target_share_w3","wr_target_share_w5","wr_target_share_exp","te_target_share_s2d","te_target_share_w3","te_target_share_w5","te_target_share_exp","qb_aypa_s2d","qb_aypa_w3","qb_aypa_w5","qb_aypa_exp","qb_sack_rate_s2d","qb_sack_rate_w3","qb_sack_rate_w5","qb_sack_rate_exp","roof_dome","roof_outdoor","weather_temp_f","weather_wind_mph","weather_precip_pct","weather_impact_score","weather_extreme_flag"]},"decision_tree":{"params":{"depth":6,"minSamples":11},"alpha":2},"bt":{"coefficients":[0.16592610749023784,-0.21818996212356742,-0.004192086518500427,-0.003132866704035692,0.004880099583787713,-0.0002506118656688267,0.0023936935900334398,-0.002096681870295841,-0.0021246176730592868,-0.0007977754245218417],"intercept":0.11414757459673092,"scaler":{"mu":[-1.584845110755398,-9.15987848937661,0.5083472411146609,0,0.0038157894211724667,0,0,0,0,0],"sd":[53.73136673874486,489.17810238307413,16.91793974292465,1,0.08354554365970945,1,1,1,1,1]},"features":["diff_total_yards","diff_turnovers","diff_penalty_yards","diff_possession_seconds","diff_r_ratio","diff_elo_pre","diff_inj_out","diff_inj_skill_out","diff_inj_practice_dnp","diff_inj_out_trend"],"hyperparams":{"steps":1200,"learningRate":0.001,"l2":0.00001}},"ann":{"seeds":[1],"architecture":[92,128,64,32,1],"committee_size":1,"max_epochs":15,"dropout":0.5},"ensemble":{"weights":{"logistic":0.9,"tree":0,"bt":0,"ann":0.09999999999999998},"calibration":{"type":"platt","beta":-0.04348087142603788,"source":"platt"},"calibration_beta":-0.04348087142603788,"calibration_hash":"879622e74c28ae708d29e6cb63f46ac88f2050c7a20c9ce663f73fed6e28f60c","oof_variance":{"ann":{"mean":0.5665522671832088,"var":0.02739152603840141}}},"pca":[{"component":1,"explained_variance":0.19459371094994551,"top_loadings":[{"feature":"off_total_yds_s2d","loading":0.27996798340960266},{"feature":"def_total_yds_s2d","loading":0.2785454976955513},{"feature":"off_1st_down_s2d","loading":0.27846573100843247},{"feature":"off_pass_yds_s2d","loading":0.27789890403732675},{"feature":"def_pass_yds_s2d","loading":0.2769164976746382},{"feature":"def_1st_down_s2d","loading":0.27640927845658697},{"feature":"def_rush_yds_s2d","loading":0.26052281577307845},{"feature":"off_rush_yds_s2d","loading":0.25745107244741033},{"feature":"off_turnovers_s2d","loading":0.2333139239682401},{"feature":"def_turnovers_s2d","loading":0.23178481182265728}]},{"component":2,"explained_variance":0.1353116744663357,"top_loadings":[{"feature":"off_epa_per_play_s2d",