{"season":2025,"week":8,"generated_at":"2025-11-10T23:43:39.317Z","feature_hash":"6a46b6aac46e1d638ea55541706ca3972ce854c3","logistic":{"weights":[-0.31845327683202573,-0.19940986640561695,-0.12496998424962968,-0.21187628591489682,0.6435638497703202,0.08559011122794762,0.11989889110480141,0.3395996231627588,0.07872296022223668,-0.6777843223055564,2.5748803009730237,-2.4072413076514314,0,0,0,0,0.25124245322937006,-0.7046112173250105,-0.2573725187662491,0.6398201865371858,-2.816733724798389,-0.19969729565169317,0,0,0,0,0,0,0,0,0,0,0,0,0,0,0,0,0,0,-0.19384434074551488,0.026129968186265836,-0.07745986111530014,0.13472412041062845,-0.0835690151052224,-0.12246883044869136,-0.032402915820494815,0,0,0.5449814786166073,0.9456241356969545,0.22293726704844816,0.3543137548356439,0.10093555333945149,-0.01933248942315167,-0.18216046679052347,-0.28453363014124605,-0.5985811228453625,-0.12217173721648007,-0.1879859920980999,-0.11184035704419294,-0.016606468029875428,-0.07026875215306606,-0.10414076342036804,0.17809356440310786,-0.05481323975496732,-0.08311653569225744,0.24319440509481838,0.15080115001515468,-0.10524654713352738,-0.12779373477524306,0.1909925260646826,0.16440599943363549,0.1036264570205835,-0.10115888368496202,-0.2258529177832553,0.25698769695906976,0.04118154786871946,-0.32837542981509793,0.03316675939081238,0.19402165694044884,0,0,0,0,-0.09620747438283496,-0.10911934458525088,-0.08571452811541963,0.07707978139723581,0.012727433755158531,0.015574805355275962,-0.003672218991913058,0.3868204242071537,-0.28117129528947116,-0.06913226733519114,-0.035742728619647876,0.007498928017754157,-0.2174934124318629,0.2811259852448008,0.1035324267386118,0.0056676759264611175,0.04073155796732325,0.049323800499901836,-0.05980263946009805,0.1684185115469002,-0.5294885918614296,-0.03171068844923812,0.25594811068146306,0.09554549925929375,-0.15205780970967178,0.15946029946326254,-0.027226850255322965,-0.21414065033217047,0.11160105125363413,0.10343244395531373,-0.4194095643729035,-0.3374102046111109,0.16872082657329063,-0.30622893965903947,0.20993601216857674,-0.08239284982783082,-0.1565112997977106,-0.5621629499857005,0.5903373231476136,0.21437552314151495,-0.1814778834198304,-0.21865144757983773,0.48664564950529055,-0.11856619172519677,-0.2688533008155426,0.4699410478807121,-0.9116797516326771,0.06629808638964757],"bias":0.6620005493911394,"scaler":{"mu":[106.44859813084112,1262.8130841121495,425.06542056074767,837.7476635514018,3.8317757009345796,105.7196261682243,1248.5140186915887,411.39252336448595,837.1214953271028,2.7009345794392523,1.8317757009345794,1.8598130841121496,1,0,0,0,20.163875352989617,-19.41172321603422,-0.16619843895710637,0.17425130570785374,1449.8486723540386,-0.2802492870867941,0,0,0,0,0,0,0,0,0,0,0,0,0,0,0,0,0,0,285.4283489096573,284.73348909657324,290.66666666666663,290.0833333333333,-5.2383177570093435,-5.349844236760126,6.35178803188263,0,0,0.0270050170583172,0.028106114932412763,0.02596246650043452,0.03384983629816747,0.46622974176399956,0.46910357922662854,0.4662667280484926,0.46530404074752163,0.02002115336957574,0.02431600341513888,0.02018296199364878,0.027944347879406438,0.4618531461080316,0.46638441152976035,0.46245865807676984,0.461813623229828,0.7863001762239029,0.7894260333219844,0.7878265858789869,0.7774778436123687,0.5961785039637219,0.5881140989448329,0.594220353495765,0.5998915283317106,0.22207879039827827,0.22572849173132642,0.22306843843117496,0.2213589537444375,7.6180814736218645,7.546510420756632,7.616069100995001,7.576684809682801,0,0,0,0,0.18691588785046728,0.6728971962616822,65.81308411214954,4.383177570093458,2.0654205607476634,0.021962616822429913,0.028037383177570093,0.11214953271028037,0.27102803738317754,-0.28691588785046734,0.4205607476635514,0.10934579439252336,-0.037383177570093455,0.028037383177570093,0.14018691588785046,0,-0.11651401869158878,-1.794392523364486,-1.6401869158878504,-1.1476635514018687,0.018691588785046728,-6.663551401869159,2.1906542056074763,-1.5233644859813085,-0.27102803738317754,0.11214953271028037,0.009345794392523364,-0.018691588785046728,0.004672897196261682,0.009345794392523364,-0.19626168224299065,-0.028037383177570093,-0.012794392523364482,0.028037383177570093,0.003672897196261682,-0.16822429906542055,-0.007785046728971961,-0.14018691588785046,-0.22429906542056074,-0.102803738317757,0.06542056074766354,-0.17757009345794392,0.005999999999999997,-0.018691588785046728,0.028037383177570093,0.018859813084112147,-0.009345794392523364,6.691588785046729],"sd":[60.96425084598624,706.3707709107379,248.2458184428407,476.0054207941147,3.1370144187919538,61.779347242056886,718.7270596353491,249.9109283197368,490.51269592647014,2.5512135769759303,1.4174215190881085,1.5970100458537444,1,1,1,1,571.0406380029768,640.1746034618727,3.8784205956211144,2.953924215020916,2.48413723166684,3.1466969337846518,1,1,1,1,1,1,1,1,1,1,1,1,1,1,1,1,1,1,130.66409597602686,129.68591123828247,131.8417090336506,130.48121696347707,77.51390560321242,72.40360306459797,2.9306556242613144,1,1,0.09296243767358639,0.10180428245788742,0.09497176906379269,0.10624302031012547,0.038456237256229084,0.042683863425159674,0.03901327881272548,0.046045962836140764,0.08739587555418075,0.09590581715865948,0.08789944933258698,0.10376905131470866,0.037184738094468775,0.04262365173553249,0.03839448772039938,0.04422083735231792,0.08369416831907626,0.08486251396199593,0.08343820175202825,0.09202952791332536,0.09060614005202879,0.09267570298049463,0.09012286106911063,0.10054109836280013,0.06797393900955422,0.07164724431077439,0.06792409904108047,0.07719872196139382,1.178939985674845,1.339780347327568,1.201098499011631,1.2926964880545846,1,1,1,1,0.3898439927965273,0.46915515506583677,3.156748715192432,3.6085175971363483,13.666434102750097,0.09327318185290627,0.16507964236126818,1.896021919131444,12.565023471167477,7.301684405748406,9.584876505698302,3.8927570584279056,0.8852396438291306,0.16507964236126818,0.9710635669428437,1,0.489947534183074,12.519695375468347,13.304098587179771,7.68686640327225,0.3343653050466973,37.269446764795156,12.808047504613118,11.831642821595155,8.073922593507005,1.3625642593351475,0.28987032559384734,0.40972542461276573,0.23176816388107016,0.5381749550986159,2.3499423430447304,0.7545245940911922,0.3880960652421084,1.4690447269628828,0.0687371773192052,3.5585515831937395,0.2230852495380329,2.3340174267215787,6.056291100324379,2.8577966136248816,3.057917647214742,6.251449303531112,0.16575468868912852,0.27279475737058717,0.4204568926804483,0.3379403378355616,0.3742987737289869,40.637253571687076]},