{"season":2000,"week":14,"generated_at":"2025-11-07T00:06:51.728Z","feature_hash":"108c472c62b2334cd5446b301dffe10e9e43c5c2","logistic":{"weights":[-0.29421790640412876,0.06494170420562559,-0.015070357973458235,0.08144104999081882,0.10257015359749279,0.023460374768328823,-0.011465404586473413,0.3352950952407239,-0.18768045110119164,-0.34071346117306006,2.951353600323703,-2.503602738188695,0,0,0,0,0.966696641164256,-0.4319665351182467,-0.8221857872832156,0.10270232301710618,-2.540319720442352,0.22634802398201562,0,0,0,0,0,0,0,0,0,0,0,0,0,0,0,0,0,0,0.11301127011931833,0.10229655830617354,-0.10013215073680301,0.26886262318120124,0.16318442918958878,-0.4071108465268095,-0.5910962935826221,0,0,0,0,0,0,0,0,0,0,0,0,0,0,0,0,0,0,-0.19248607625444827,0.17476881638664762,0.02385563715542347,-0.2972995958546918,-0.02357514432099239,0.13050903442246642,-0.10782467254062698,-0.34100811663297237,-0.054125237615061036,-0.4544652577813854,-0.0848184096594132,-0.11191137401256344,-0.09537843276369817,0.573808588658624,-0.0714121042834264,-0.1432734626651238,0,0,0,0,0.027051449109366122,-0.027051449109366184,0.027051449109366976,-0.02705144910936618,0,0,0],"bias":0.2980528153735865,"scaler":{"mu":[129.08510638297872,1538.7021276595744,521.2287234042553,1017.4734042553191,7.638297872340425,129.25,1535.2446808510638,508.3031914893617,1026.9414893617022,5.707446808510638,2.271276595744681,2.3404255319148937,1,0,0,0,-15.437211953733488,-34.083518093547426,0.00883710945160153,-0.16811356006478856,1449.9264505652434,-0.18543552735821472,0,0,0,0,0,0,0,0,0,0,0,0,0,0,0,0,0,0,300.3014184397161,301.5656028368794,305.11790780141854,303.23617021276607,-4.816489361702128,-1.6705673758865245,2.910884604488159,0,0,0,0,0,0,0,0,0,0,0,0,0,0,0,0,0,0,0.7896547919830572,0.7928478721269384,0.7938371954139749,0.780732170553806,0.6046886314431142,0.598857217099736,0.6030027084969662,0.602967830533695,0.1565713722434493,0.15968924569021828,0.158575622523704,0.1541500253032673,3.1877535022935235,3.0549740791316107,3.094056852274733,3.3711952864673553,0,0,0,0,0.19680851063829788,0.8031914893617021,65.98404255319149,4.01595744680851,0,0,0],"sd":[85.32318529211702,1010.2323919475922,375.32269211642296,675.7142512132376,5.532978621132596,86.00913020559739,1025.6474570186035,361.3988463734037,690.5341686447288,4.197839853860558,1.8838124731865147,2.101434117653343,1,1,1,1,1106.4490212944022,1244.1932142777614,6.919247490400645,5.1902321569221535,3.8741920259023384,5.558656784531771,1,1,1,1,1,1,1,1,1,1,1,1,1,1,1,1,1,1,112.43336423316295,110.02855964700053,108.20856488748035,105.48017113182645,77.16655473065578,69.53937826572455,2.1669784935875724,1,1,1,1,1,1,1,1,1,1,1,1,1,1,1,1,1,1,0.12259691797029205,0.13502313817816708,0.12461570362680097,0.13320985134008612,0.08208050418422481,0.09457670579406702,0.0871767064426089,0.0826862250063951,0.07472389024593704,0.0811215225080433,0.0764814426774009,0.07902845303453379,1.5826324276371535,1.9573033618279998,1.7016343286403492,1.8839540859404684,1,1,1,1,0.3975863689547627,0.3975863689547627,1.9879318447738166,1.9879318447738166,1,1,1]},"features":["off_1st_down_s2d","off_total_yds_s2d","off_rush_yds_s2d","off_pass_yds_s2d","off_turnovers_s2d","def_1st_down_s2d","def_total_yds_s2d","def_rush_yds_s2d","def_pass_yds_s2d","def_turnovers_s2d","wins_s2d","losses_s2d","home","sim_winrate_same_loc_s2d","sim_pointdiff_same_loc_s2d","sim_count_same_loc_s2d","off_total_yds_s2d_minus_opp","def_total_yds_s2d_minus_opp","off_turnovers_s2d_minus_opp","def_turnovers_s2d_minus_opp","elo_pre","elo_diff","rest_days","rest_diff","off_third_down_att_s2d","off_third_down_conv_s2d","off_third_down_pct_s2d","off_red_zone_att_s2d","off_red_zone_td_s2d","off_red_zone_td_pct_s2d","off_dropbacks_s2d","off_sacks_taken_s2d","off_sack_rate_s2d","off_pass_att_s2d","off_rush_att_s2d","off_neutral_pass_rate_s2d","off_third_down_pct_s2d_minus_opp","off_red_zone_td_pct_s2d_minus_opp","off_sack_rate_s2d_minus_opp","off_neutral_pass_rate_s2d_minus_opp","off_yds_for_3g","off_yds_for_5g","def_yds_against_3g","def_yds_against_5g","net_yds_3g","net_yds_5g","qb_ypa_3g","qb_sack_rate_3g","qb_qbr","off_epa_per_play_s2d","off_epa_per_play_w3","off_epa_per_play_w5","off_epa_per_play_exp","off_success_rate_s2d","off_success_rate_w3","off_success_rate_w5","off_success_rate_exp","def_epa_per_play_allowed_s2d","def_epa_per_play_allowed_w3","def_epa_per_play_allowed_w5","def_epa_per_play_allowed_exp","def_success_rate_allowed_s2d","def_success_rate_allowed_w3","def_success_rate_allowed_w5","def_success_rate_allowed_exp","rb_rush_share_s2d","rb_rush_share_w3","rb_rush_share_w5","rb_rush_share_exp","wr_target_share_s2d","wr_target_share_w3","wr_target_share_w5","wr_target_share_exp","te_target_share_s2d","te_target_share_w3","te_target_share_w5","te_target_share_exp","qb_aypa_s2d","qb_aypa_w3","qb_aypa_w5","qb_aypa_exp","qb_sack_rate_s2d","qb_sack_rate_w3","qb_sack_rate_w5","qb_sack_rate_exp","roof_dome","roof_outdoor","weather_temp_f","weather_wind_mph","weather_precip_pct","weather_impact_score","weather_extreme_flag"]},"decision_tree":{"params":{"depth":6,"minSamples":10},"alpha":2},"bt":{"coefficients":[0.16674370001245617,-0.08824352090871895,0.09935613109834052,0.0012113992357354094,-0.18241062982392817,-0.0010236758407479534,0.0002016993689584541,0.0013362638452367095,0.0005397377022599917,-0.0003935894062683024],"intercept":0.07217186731746732,"scaler":{"mu":[-0.24698351632722662,14.334969871249594,-0.3749521791308401,0,0.0018809318628464447,0,0,0,0,0],"sd":[74.60961016660241,522.751154009448,15.29787134246734,1,0.09481155189103531,1,1,1,1,1]},"features":["diff_total_yards","diff_turnovers","diff_penalty_yards","diff_possession_seconds","diff_r_ratio","diff_elo_pre","diff_inj_out","diff_inj_skill_out","diff_inj_practice_dnp","diff_inj_out_trend"],"hyperparams":{"steps":1200,"learningRate":0.001,"l2":0.00001}},"ann":{"seeds":[1],"architecture":[92,128,64,32,1],"committee_size":1,"max_epochs":15,"dropout":0.5},"ensemble":{"weights":{"logistic":0.9,"tree":0,"bt":0,"ann":0.09999999999999998},"calibration":{"type":"platt","beta":0.0876915686881355,"source":"platt"},"calibration_beta":0.0876915686881355,"calibration_hash":"dc54a04766e787d53ea283c9f3edecc275d6156717e93b041d67f9177e450df1","oof_variance":{"ann":{"mean":0.47069046017321203,"var":0.020325110639923073}}},"pca":[{"component":1,"explained_variance":0.26298339144833904,"top_loadings":[{"feature":"def_total_yds_s2d","loading":0.28023668519420897},{"feature":"def_pass_yds_s2d","loading":0.2783691202997425},{"feature":"def_1st_down_s2d","loading":0.2779083575460092},{"feature":"off_total_yds_s2d","loading":0.27623277974688054},{"feature":"off_1st_down_s2d","loading":0.2758157387315403},{"feature":"off_pass_yds_s2d","loading":0.27271907094486586},{"feature":"def_rush_yds_s2d","loading":0.26342268500728205},{"feature":"off_turnovers_s2d","loading":0.25944092093409543},{"feature":"off_rush_yds_s2d","loading":0.2525270680237576},{"feature":"def_turnovers_s2d","loading":0.22626128967852918}]},{"component":2,"explained_variance":0.14343586228268473,"top_loadings":[{"feature":"wr_target_share_s2d","loading":-0.3341302070544067},{"feature":"wr_target_share_w5","loading":-0.3339593769335857},{"feature":"wr_target_share_exp","loading":-0.3313803880432045},{"feature":"wr_target_share_w3","loading":-0.3255541573437631},{"feature":"te_target_share_w5","loading":0.3132247834649266},{"feature":"te_target_share_s2d","loading":0.3055245918758532},{"feature":"te_target_share_w3","loading":0.30435364885863886},{"feature":"te_target_share_exp","loading":0.2798895482218375},{"feature":"roof_dome","loading":-0.14211331170705474},{"feature":"roof_outdoor","loading":0.14211331170705474}]},{"component":3,"explained_variance":0.11392799524699938,"top_loadings":[{"feature":"roof_dome","loading":0.32152215485043056},{"feature":"roof_outdoor","loading":-0.3215221548504305},{"feature":"weather_wind_mph","loading":-0.32152215485043},{"feature":"weather_temp_f",