{"season":2017,"week":9,"generated_at":"2025-11-07T00:37:57.114Z","feature_hash":"04d15e359f325b995ae550458c564af7d5e44c82","logistic":{"weights":[-0.2588087595773431,-0.492693975568809,-0.1799573632321245,-0.542104927509118,1.853588746449693,0.6995104462365447,0.017571164279579114,-0.23658899861128949,0.08352465722415309,-1.4199182127679293,3.097545241715287,-2.468676729582907,0,0,0,0,1.1881161504777689,-0.86484922415318,-1.5592326620755124,0.7458711118454405,-3.363693399915151,-0.4491651798210115,0,0,0,0,0,0,0,0,0,0,0,0,0,0,0,0,0,0,-0.44499794798511233,-0.16030803863412177,-0.03878186433256792,-0.014294837200535078,-0.3728934222724741,-0.021382971937624163,0.11196783180659937,0,0,1.6744270898875289,1.0728598821373398,-0.013997810006313916,-0.3510139585356694,0.013616176248275788,0.073001975303305,0.030050649746898674,-0.08628109243171415,-2.075441948718701,-0.9503371832065859,0.40047083045015375,0.635036009988364,-0.12010117951429113,0.2225447709247402,-0.25354384440493927,0.26386347063590876,-0.24663551564530287,0.38281573042209904,-0.4618901736382845,0.43264697183015755,0.11607647948936078,0.33316642961379794,0.2758942498944831,-0.1268644519391487,0.0724291087801877,0.34037788171765854,0.1290451460641141,-0.0731232467605418,-0.09582851283311697,-0.5836580859954041,-0.045227386953481906,0.22465779334024788,0,0,0,0,-0.1085259682009836,-0.09136655986998815,-0.10852596820098277,0.108525968200984,0,0,0],"bias":0.5780589377740686,"scaler":{"mu":[114.10924369747899,1340.4453781512605,406.60504201680675,933.8403361344538,4.882352941176471,114.39495798319328,1337.6218487394958,406.327731092437,931.2941176470588,4.100840336134453,1.915966386554622,1.8991596638655461,1,0,0,0,24.263910232344692,-4.916557206128414,0.024430788607992464,0.26090406483618483,1450.0104326324115,0.06333241933278817,0,0,0,0,0,0,0,0,0,0,0,0,0,0,0,0,0,0,297.88795518207286,297.51232492997195,303.0126050420168,301.4226890756302,-5.124649859943977,-3.9103641456582627,7.170635071545334,0,0,-0.02488266729531193,-0.02747397936159475,-0.024288904135632804,-0.03440063180210849,0.41591285209994483,0.4142806414478157,0.41616530328725204,0.41101107408266024,-0.025649585427623252,-0.02811578852846779,-0.02598776721356888,-0.040088737357188355,0.4157216221818648,0.4135825706037604,0.41559006337668336,0.4113204162071869,0.8326085979591624,0.8359495894647779,0.8343758193097236,0.8331261737679844,0.5753910130851917,0.5690494873398854,0.5733929089690509,0.5750002939768254,0.21385156055410443,0.21871357067822375,0.21485747533814825,0.2085450585710852,8.294244565860437,8.361119559175169,8.295635918941729,8.290272115210875,0,0,0,0,0.10084033613445378,0.7815126050420168,65.50420168067227,4.495798319327731,0,0,0],"sd":[66.45524050204249,784.4725648482853,262.07351007009544,552.2538994569737,3.846151564697602,69.18677904589961,813.9736021941075,272.4828299037042,571.1195308661985,3.3365683522843383,1.5479986099312644,1.6212608330534495,1,1,1,1,782.4002507151255,865.5634210605836,4.202602677175904,3.879383848205974,2.4357626229274003,3.3562450343221646,1,1,1,1,1,1,1,1,1,1,1,1,1,1,1,1,1,1,128.97644909342438,127.83906579571415,129.46797901751412,127.23547337523092,64.55881379127128,57.51665150813052,3.206465662228782,1,1,0.10345787461139874,0.1102683322451796,0.10405394492028462,0.116848633788993,0.03885231414270072,0.04090796627733596,0.038843385582893526,0.04160532303572456,0.08832611792665034,0.09979756356126188,0.08949945968777029,0.11040742856035084,0.03502750127323839,0.03921418369510389,0.03568382232358771,0.04060771760985424,0.14556322931522844,0.1381968996812457,0.1424425734753909,0.1497876722299267,0.0948553272190015,0.10113630445752406,0.09536107377699361,0.10353589828942651,0.06802630609431384,0.07390175948136095,0.06980968328875434,0.0732288567306808,1.5506487840220458,1.6358922954293793,1.552553582960954,1.8177390539423106,1,1,1,1,0.301117191044856,0.4132198606098904,1.5055859552242785,1.505585955224278,1,1,1]},"features":["off_1st_down_s2d","off_total_yds_s2d","off_rush_yds_s2d","off_pass_yds_s2d","off_turnovers_s2d","def_1st_down_s2d","def_total_yds_s2d","def_rush_yds_s2d","def_pass_yds_s2d","def_turnovers_s2d","wins_s2d","losses_s2d","home","sim_winrate_same_loc_s2d","sim_pointdiff_same_loc_s2d","sim_count_same_loc_s2d","off_total_yds_s2d_minus_opp","def_total_yds_s2d_minus_opp","off_turnovers_s2d_minus_opp","def_turnovers_s2d_minus_opp","elo_pre","elo_diff","rest_days","rest_diff","off_third_down_att_s2d","off_third_down_conv_s2d","off_third_down_pct_s2d","off_red_zone_att_s2d","off_red_zone_td_s2d","off_red_zone_td_pct_s2d","off_dropbacks_s2d","off_sacks_taken_s2d","off_sack_rate_s2d","off_pass_att_s2d","off_rush_att_s2d","off_neutral_pass_rate_s2d","off_third_down_pct_s2d_minus_opp","off_red_zone_td_pct_s2d_minus_opp","off_sack_rate_s2d_minus_opp","off_neutral_pass_rate_s2d_minus_opp","off_yds_for_3g","off_yds_for_5g","def_yds_against_3g","def_yds_against_5g","net_yds_3g","net_yds_5g","qb_ypa_3g","qb_sack_rate_3g","qb_qbr","off_epa_per_play_s2d","off_epa_per_play_w3","off_epa_per_play_w5","off_epa_per_play_exp","off_success_rate_s2d","off_success_rate_w3","off_success_rate_w5","off_success_rate_exp","def_epa_per_play_allowed_s2d","def_epa_per_play_allowed_w3","def_epa_per_play_allowed_w5","def_epa_per_play_allowed_exp","def_success_rate_allowed_s2d","def_success_rate_allowed_w3","def_success_rate_allowed_w5","def_success_rate_allowed_exp","rb_rush_share_s2d","rb_rush_share_w3","rb_rush_share_w5","rb_rush_share_exp","wr_target_share_s2d","wr_target_share_w3","wr_target_share_w5","wr_target_share_exp","te_target_share_s2d","te_target_share_w3","te_target_share_w5","te_target_share_exp","qb_aypa_s2d","qb_aypa_w3","qb_aypa_w5","qb_aypa_exp","qb_sack_rate_s2d","qb_sack_rate_w3","qb_sack_rate_w5","qb_sack_rate_exp","roof_dome","roof_outdoor","weather_temp_f","weather_wind_mph","weather_precip_pct","weather_impact_score","weather_extreme_flag"]},"decision_tree":{"params":{"depth":6,"minSamples":8},"alpha":2},"bt":{"coefficients":[0.0754367187430674,-0.146199027528159,0.04283232291438429,0.0045775992413191625,-0.013327174273769742,-0.0018147656802463166,-0.0022901459825009677,0.003277240738987396,0.004869642728084074,-0.003603202914844489],"intercept":0.030521243853466575,"scaler":{"mu":[-2.981839180460625,-15.362623470440804,0.5017402471824642,0,0.0016065767090289841,0,0,0,0,0],"sd":[51.49055707447745,586.8080379776637,13.494272677584528,1,0.07994033191887011,1,1,1,1,1]},"features":["diff_total_yards","diff_turnovers","diff_penalty_yards","diff_possession_seconds","diff_r_ratio","diff_elo_pre","diff_inj_out","diff_inj_skill_out","diff_inj_practice_dnp","diff_inj_out_trend"],"hyperparams":{"steps":1200,"learningRate":0.001,"l2":0.00001}},"ann":{"seeds":[1],"architecture":[92,128,64,32,1],"committee_size":1,"max_epochs":15,"dropout":0.5},"ensemble":{"weights":{"logistic":0.9,"tree":0,"bt":0,"ann":0.09999999999999998},"calibration":{"type":"platt","beta":0.010681708114044888,"source":"platt"},"calibration_beta":0.010681708114044888,"calibration_hash":"41c1702feae7fd2f0dac5f9735019f817b941c1c22fdb7dd5542c070e39ece9f","oof_variance":{"ann":{"mean":0.4909185182519816,"var":0.027559754691016406}}},"pca":[{"component":1,"explained_variance":0.21921880614896513,"top_loadings":[{"feature":"off_total_yds_s2d","loading":0.24743624022408553},{"feature":"def_total_yds_s2d","loading":0.24681631601176718},{"feature":"def_1st_down_s2d","loading":0.24602426603812663},{"feature":"off_1st_down_s2d","loading":0.24526717355646616},{"feature":"def_pass_yds_s2d","loading":0.24525444318671016},{"feature":"off_pass_yds_s2d","loading":0.2441913697695715},{"feature":"off_rush_yds_s2d","loading":0.22608658853071975},{"feature":"def_rush_yds_s2d","loading":0.22325209742658284},{"feature":"def_yds_against_3g","loading":0.19108782299065197},{"feature":"def_yds_against_5g","loading":0.18975077850160524}]},{"component":2,"explained_variance":0.14200544425665493,"top_loadings":[{"feature":"off_epa_per_play_w5",