{"season":2025,"week":5,"generated_at":"2025-11-10T23:43:33.056Z","feature_hash":"779a4d9cbf25237be7379f448f2e4967cfa63ce7","logistic":{"weights":[-0.20978500412315534,-0.07942038010381362,0.0017619058148214631,-0.10111845833860246,0.6966849804821212,0.23229167462867065,0.2605095356902988,0.47081262599624796,0.21533742534301042,-0.718440579938147,2.58640232327476,-2.2739878490809393,0,0,0,0,0.28272716646942003,-0.5752631577771196,-0.2161450990506923,0.5434370312462153,-2.4286539280522343,0.05289759025356883,0,0,0,0,0,0,0,0,0,0,0,0,0,0,0,0,0,0,-0.2824897740515872,-0.05542798241045388,-0.1317099973511534,0.10300421666083583,-0.13927255950580655,-0.21186171988981448,-0.07889880227756745,0,0,0.5228039300780901,0.9013470736613368,0.195633273803911,0.3604520721566475,0.04690830503404418,-0.06484525397901313,-0.24108683290543922,-0.26703724460897954,-0.5833616260528771,-0.08910120350054532,-0.1629312889079761,-0.05699044327894608,-0.03689475024650346,-0.07692866813540535,-0.10880309216510875,0.17608948247977985,-0.10919093921495933,-0.08415717695193158,0.1887155083825896,0.10304446953182773,-0.03167890025059881,-0.04663490865302342,0.2694069713355448,0.2603475603065135,0.21300945583912276,-0.028386311464988264,-0.12285744848730913,0.3299021448742763,0.028947105414296275,-0.32572789537553326,0.015224032778554221,0.23236809317292642,0,0,0,0,-0.09798668738542785,-0.15927253692573948,-0.09798668738542862,0.09798668738542807,0,0,0,0.31087110384321043,-0.2716448772179012,0.027668376295747504,-0.0016774337846800758,-0.028343201591010416,-0.18726512078705707,0.2776851259021364,0.0635371336291473,0.005681976485222136,0.035277484473805056,-0.013763779059403427,-0.15698721695666593,0.24798168238842405,-0.429970702924802,-0.0300421715711351,0.16396193983313426,-0.06023284414407059,0.001947258924058533,0.053502129533954536,-0.14202436856253192,-0.3019619714309338,0.2625242078461981,0.1686722495730362,-0.3342696975207247,-0.26947085085260014,0.15770285434108877,-0.41535170991941867,0.12761763918561012,-0.07327024961196774,-0.12895248390114708,-0.49947155611464034,0.6947941129477218,0.23476063672136996,-0.20455712136488444,-0.198120700002086,0.4445143075157211,-0.13924309709547644,-0.40948011791193795,0.359535904909896,-0.7778256087296652,-0.05463591183630593],"bias":0.6768438580101755,"scaler":{"mu":[70.4920634920635,843.8253968253969,279.6190476190476,564.2063492063492,2.365079365079365,68.73015873015873,820.4285714285714,277.5079365079365,542.9206349206349,1.7142857142857142,1.3333333333333333,1.1428571428571428,1,0,0,0,34.05094153542544,-17.44941016260023,-0.2632057650014539,-0.11425108076806707,1449.9396201170248,-0.12118805201537956,0,0,0,0,0,0,0,0,0,0,0,0,0,0,0,0,0,0,245.96560846560848,245.96560846560848,252.51851851851853,252.51851851851853,-6.552910052910055,-6.552910052910055,5.67948350439142,0,0,0.030291331957740725,0.03187363270295374,0.030291331957740725,0.033475188288987226,0.4632715749726714,0.4646947501266171,0.4632715749726714,0.46124162940969937,0.013549061275703836,0.009736512774550074,0.013549061275703836,0.02402183453599576,0.45719405207895786,0.45705584704907276,0.45719405207895786,0.4581948005135833,0.7787187539179312,0.7814072257697907,0.7787187539179312,0.7706908089868946,0.6023047631722572,0.6014674493130301,0.6023047631722572,0.6026858434082325,0.2183037443351412,0.2188651116514325,0.2183037443351412,0.2197118510447686,7.699400667006161,7.718750399982605,7.699400667006161,7.623458490708087,0,0,0,0,0.19047619047619047,0.6666666666666666,65.95238095238095,4.0476190476190474,0,0,0,0.12698412698412698,0.873015873015873,0.14126984126984124,0.7142857142857143,0.1873015873015873,0,0.015873015873015872,0.2698412698412698,0,-0.1753968253968254,-3.746031746031746,-3.6587301587301586,-2.7682539682539677,0.015873015873015872,-12.469841269841272,0.5253968253968253,-2.3174603174603177,-1.4285714285714286,0.047619047619047616,0,-0.015873015873015872,0.007936507936507936,0,0.047619047619047616,0.031746031746031744,-0.0075396825396825354,0.1746031746031746,0.011460317460317459,0.42857142857142855,-0.03561904761904762,-0.20634920634920634,0.6984126984126984,0.031746031746031744,-0.12698412698412698,-0.30158730158730157,-0.005428571428571431,-0.047619047619047616,0.07936507936507936,0.06377777777777778,-0.015873015873015872,4.846031746031746],"sd":[34.04659413116791,401.95619044560186,147.15734248318032,271.8350432768711,2.0571330589615764,33.41238547529057,396.9771779568619,153.49327817513168,268.7345005696557,1.5267828135125139,1.0540925533894598,0.9571310115353231,1,1,1,1,198.3303829292568,203.85732692146155,2.533775073492714,2.2129672374495306,1.7117149599330703,2.2849933436170704,1,1,1,1,1,1,1,1,1,1,1,1,1,1,1,1,1,1,153.72205201524005,153.72205201524005,155.56990328137474,155.56990328137474,75.57850856652344,75.57850856652344,3.5774896017075966,1,1,0.10093546220311415,0.10393971196228947,0.10093546220311415,0.11709945226415834,0.04240137415277007,0.04304825621336594,0.04240137415277007,0.05114759140182632,0.10188836911319883,0.10223127328965399,0.10188836911319883,0.1181062603370889,0.04171207030192394,0.04121039283643702,0.04171207030192394,0.05041091371709181,0.09030365735144676,0.09090596255983752,0.09030365735144676,0.09940149920567899,0.09955705817495777,0.10031433808581916,0.09955705817495777,0.11054968785535654,0.07727795278648715,0.07864195304042679,0.07727795278648715,0.08492196723853095,1.3894398479981183,1.442582157278572,1.3894398479981183,1.4996756129202247,1,1,1,1,0.39267672624930106,0.47140452079103157,1.9633836312465047,1.9633836312465043,1,1,1,1.8558535749922564,10.639089445899177,7.434574633077856,11.524203062937918,4.092288220213608,0.6900655593423543,0.12498425196844144,1.057195289228363,1,0.4815471276836753,10.115159539371028,10.196414479059442,8.063553618062766,0.2812705578836406,36.7035123742909,11.969975245680843,10.73759956152507,7.009549689393218,1.2526615655205626,0.1781741612749496,0.28127055788364064,0.18881551195825907,0.3984095364447979,2.4065292892368144,0.7339446362982155,0.41478829273543316,1.3158337635595372,0.07851656895139533,3.3272052513454136,0.21738134355569036,2.0327378531532854,5.988441036856108,2.7078267158002776,3.0783012398980016,5.758733658842847,0.13333579929692424,0.32991443953692906,0.4102491423276216,0.3028912238319672,0.3329551898952865,39.67347210687343]},