{"season":2012,"week":16,"generated_at":"2025-11-07T00:29:11.948Z","feature_hash":"3ca4ea280b6727c460ae18097e19ded6f70f6264","logistic":{"weights":[-0.4855466852655934,-0.7776107359887995,-0.8554401371587815,-0.6329147219946472,1.185620291831482,0.9803231213286089,0.10242680198617307,0.13999349060472374,0.020846359435187638,-0.8458115173654569,3.15373956335146,-2.9646541847151453,0,0,0,0,0.8029134742633827,-0.6102005960328619,-0.8218000877488836,0.6773000628343153,-3.5834172466048533,0.27246984310027444,0,0,0,0,0,0,0,0,0,0,0,0,0,0,0,0,0,0,-0.12589686693989585,-0.0882055921035825,0.1262062982164195,0.19775324065054986,-0.1612970347924883,-0.30443469788266986,-0.05087909869334294,0,0,1.4650690086104003,1.1946036106700895,-0.26459698508748686,-0.7267650630424045,0.4465195163378852,0.2627664946217164,-0.5435948997817192,0.10265420005171363,-1.7228701239805615,-0.7771145479803249,-0.27275398031964576,0.5163957091686758,-0.21765678977172,0.4959112658405951,0.3034005001630143,0.1990429067620216,-0.44361993285928253,0.004498147625696272,-0.48528445092064687,0.6909525175177935,-0.23811471031493037,0.37116613028897677,-0.09048641989586852,-0.20019696982790128,0.21381117332838787,0.05331806366749313,-0.0824627098894577,-0.06487332239970343,0.4173791056507845,-0.5476169669250674,0.10288408291584736,-0.27988554895981915,0,0,0,0,0.07619454171129525,-0.17048337343154726,0.07619454171129678,-0.07619454171129487,0,0,0],"bias":0.9267361240233045,"scaler":{"mu":[138.26905829596413,1638.201793721973,512.4529147982063,1125.7488789237668,6.466367713004484,137.4932735426009,1627.1031390134528,511.60089686098655,1115.5022421524664,5.098654708520179,2.3452914798206277,2.1434977578475336,1,0,0,0,90.98200274868145,113.98686551150443,0.46297554977857697,0.19012939282263586,1449.8334190290934,-0.3559134959296672,0,0,0,0,0,0,0,0,0,0,0,0,0,0,0,0,0,0,336.7877428998504,336.14828101644235,337.9618834080718,338.624962630792,-1.1741405082212286,-2.4766816143497765,7.929416856635207,0,0,0.01979930560410707,0.011343429671820669,0.014973851341203515,0.014798727655172894,0.4421174931572837,0.4418924276578961,0.44238935927743733,0.4416730834820605,0.02093540227636417,0.014318313189509645,0.017901156319270008,0.017434901145764424,0.44388756335889024,0.443075425809282,0.4443035168025134,0.4432365531727411,0.8440178065254146,0.8441604516214712,0.8424471470748907,0.837987542848863,0.6008315878421516,0.6043564437053407,0.6030834985307177,0.6063746868896983,0.2196714139640183,0.21813671040501084,0.21908858760143454,0.21746354425019146,8.456376252071818,8.550071957070177,8.501473880229003,8.501361105184046,0,0,0,0,0.15695067264573992,0.7354260089686099,65.7847533632287,4.2152466367713,0,0,0],"sd":[79.52949805291225,935.4469973439606,311.4034141559885,665.9212033310159,4.5779240981741545,78.8668555000059,938.9148316600518,312.1858527159215,649.437037164966,3.6762658943031923,1.6840221924416334,1.7377477198625102,1,1,1,1,1047.0015521761177,1076.7425008459113,6.255789903213832,4.767566986443242,3.808907028099153,5.140532603802553,1,1,1,1,1,1,1,1,1,1,1,1,1,1,1,1,1,1,105.95844288480583,104.03994697375957,108.93269941360589,105.07880106932377,72.25164974468257,62.45741189241456,2.5689028475575744,1,1,0.07127936000785073,0.09068468452397929,0.07938334573820037,0.08833403942386138,0.03461226510675874,0.03943639856065525,0.03535284072792896,0.040338305522014034,0.07430216395125357,0.08753449634646211,0.08000019969517262,0.08740440985840037,0.02970591248846139,0.03614833696985796,0.03261564629234219,0.03533141400733469,0.08118906385221565,0.0999990640604413,0.09603626557125652,0.08710830752911033,0.07671778548719782,0.08101766666802201,0.07775171025489311,0.08251195398728017,0.05644177501889024,0.06250653519018949,0.05792904286211281,0.06087458357220064,1.0227849956777393,1.2852570830261842,1.1487830618608064,1.076284239428089,1,1,1,1,0.363754256334947,0.44110610322360244,1.8187712816747281,1.818771281674728,1,1,1]},"features":["off_1st_down_s2d","off_total_yds_s2d","off_rush_yds_s2d","off_pass_yds_s2d","off_turnovers_s2d","def_1st_down_s2d","def_total_yds_s2d","def_rush_yds_s2d","def_pass_yds_s2d","def_turnovers_s2d","wins_s2d","losses_s2d","home","sim_winrate_same_loc_s2d","sim_pointdiff_same_loc_s2d","sim_count_same_loc_s2d","off_total_yds_s2d_minus_opp","def_total_yds_s2d_minus_opp","off_turnovers_s2d_minus_opp","def_turnovers_s2d_minus_opp","elo_pre","elo_diff","rest_days","rest_diff","off_third_down_att_s2d","off_third_down_conv_s2d","off_third_down_pct_s2d","off_red_zone_att_s2d","off_red_zone_td_s2d","off_red_zone_td_pct_s2d","off_dropbacks_s2d","off_sacks_taken_s2d","off_sack_rate_s2d","off_pass_att_s2d","off_rush_att_s2d","off_neutral_pass_rate_s2d","off_third_down_pct_s2d_minus_opp","off_red_zone_td_pct_s2d_minus_opp","off_sack_rate_s2d_minus_opp","off_neutral_pass_rate_s2d_minus_opp","off_yds_for_3g","off_yds_for_5g","def_yds_against_3g","def_yds_against_5g","net_yds_3g","net_yds_5g","qb_ypa_3g","qb_sack_rate_3g","qb_qbr","off_epa_per_play_s2d","off_epa_per_play_w3","off_epa_per_play_w5","off_epa_per_play_exp","off_success_rate_s2d","off_success_rate_w3","off_success_rate_w5","off_success_rate_exp","def_epa_per_play_allowed_s2d","def_epa_per_play_allowed_w3","def_epa_per_play_allowed_w5","def_epa_per_play_allowed_exp","def_success_rate_allowed_s2d","def_success_rate_allowed_w3","def_success_rate_allowed_w5","def_success_rate_allowed_exp","rb_rush_share_s2d","rb_rush_share_w3","rb_rush_share_w5","rb_rush_share_exp","wr_target_share_s2d","wr_target_share_w3","wr_target_share_w5","wr_target_share_exp","te_target_share_s2d","te_target_share_w3","te_target_share_w5","te_target_share_exp","qb_aypa_s2d","qb_aypa_w3","qb_aypa_w5","qb_aypa_exp","qb_sack_rate_s2d","qb_sack_rate_w3","qb_sack_rate_w5","qb_sack_rate_exp","roof_dome","roof_outdoor","weather_temp_f","weather_wind_mph","weather_precip_pct","weather_impact_score","weather_extreme_flag"]},"decision_tree":{"params":{"depth":6,"minSamples":12},"alpha":2},"bt":{"coefficients":[0.17030458926523484,-0.18055480024221543,-0.015038165690093804,0.0009558300182386463,0.013797812862407126,0.0031178836637874153,-0.002048381300186753,0.004220974954398928,-0.00016457894570019775,-0.0021598728211542286],"intercept":0.12317940048475726,"scaler":{"mu":[-1.7779255859433676,-5.954164386744676,0.3283216605418426,0,-0.0013473837737250547,0,0,0,0,0],"sd":[56.47194469479588,509.8537965955971,14.199824259682488,1,0.09055611381929081,1,1,1,1,1]},"features":["diff_total_yards","diff_turnovers","diff_penalty_yards","diff_possession_seconds","diff_r_ratio","diff_elo_pre","diff_inj_out","diff_inj_skill_out","diff_inj_practice_dnp","diff_inj_out_trend"],"hyperparams":{"steps":1200,"learningRate":0.001,"l2":0.00001}},"ann":{"seeds":[1],"architecture":[92,128,64,32,1],"committee_size":1,"max_epochs":15,"dropout":0.5},"ensemble":{"weights":{"logistic":0.9,"tree":0,"bt":0,"ann":0.09999999999999998},"calibration":{"type":"platt","beta":-0.03023134375956139,"source":"platt"},"calibration_beta":-0.03023134375956139,"calibration_hash":"456c228a6d9bbd9832dcd0edfad68cb2c372958ceab9b53901483fa81b00efa0","oof_variance":{"ann":{"mean":0.550120432219967,"var":0.03799867133209566}}},"pca":[{"component":1,"explained_variance":0.19881551970381822,"top_loadings":[{"feature":"def_total_yds_s2d","loading":0.2759270218970027},{"feature":"def_1st_down_s2d","loading":0.2728388155433558},{"feature":"def_pass_yds_s2d","loading":0.27101657733440765},{"feature":"off_total_yds_s2d","loading":0.26806703180319386},{"feature":"def_rush_yds_s2d","loading":0.26607153907073855},{"feature":"off_pass_yds_s2d","loading":0.265132879355727},{"feature":"off_1st_down_s2d","loading":0.2618547804624756},{"feature":"off_rush_yds_s2d","loading":0.23829184443961246},{"feature":"off_turnovers_s2d","loading":0.2323614610648018},{"feature":"losses_s2d","loading":0.21909255155821464}]},{"component":2,"explained_variance":0.16448270664932915,"top_loadings":[{"feature":"te_target_share_exp",