{"season":1999,"week":6,"generated_at":"2025-11-07T00:04:34.024Z","feature_hash":"73218971cc3dfbd596ea0e6b8d3e7fb6959ecae3","logistic":{"weights":[0.11718451334657691,0.23456516027985572,0.05480524502435651,0.2782058993394292,-0.2822519878215199,-0.11492437858261881,-0.038859480647588436,0.11629998881334315,-0.10983371546677849,0.10172973450376992,1.6376415660707784,-1.5508799179313175,0,0,0,0,0.6092954751651873,-0.32553418368803344,-0.6029505511722036,0.5287329439791396,-0.6988195186684245,-0.39264361348298127,0,0,0,0,0,0,0,0,0,0,0,0,0,0,0,0,0,0,-0.06376621556500016,-0.053841627046112533,0.0661404193271407,0.05619842567248296,-0.31816996282610077,-0.2770239104286272,-0.49664862667694215,0,0,0,0,0,0,0,0,0,0,0,0,0,0,0,0,0,0,-0.02291348475218695,-0.010952677160997286,-0.02291348475218695,-0.15436227930891067,-0.03453457247554291,-0.02358390264059088,-0.03453457247554291,-0.16152082933946757,-0.06332236476365793,-0.03445779941663403,-0.06332236476365793,-0.0950728198655562,-0.057915618358081726,-0.04065684150511756,-0.057915618358081726,-0.4205929688257177,0,0,0,0,0.0053657528604857275,-0.005365752860485755,0.005365752860485899,-0.005365752860485701,0,0,0],"bias":0.2301016383857533,"scaler":{"mu":[69.375,831.75,260.43055555555554,571.3194444444445,4.708333333333333,71.30555555555556,845.3611111111111,271.375,573.9861111111111,3.2222222222222223,1.2222222222222223,1.3611111111111112,1,0,0,0,-64.92446711132729,-39.15835322612918,-0.475250941297217,-0.186940330072113,1449.8789729979308,-0.06838312824527293,0,0,0,0,0,0,0,0,0,0,0,0,0,0,0,0,0,0,250.4074074074074,250.49537037037038,252.89583333333334,254.79745370370372,-2.488425925925928,-4.302083333333334,2.446481907911839,0,0,0,0,0,0,0,0,0,0,0,0,0,0,0,0,0,0,0.7863089335211682,0.7880053657214616,0.7863089335211682,0.7495044023397672,0.6008609799593886,0.600316398111983,0.6008609799593886,0.5811810688347493,0.15266044961616732,0.15561015957653804,0.15266044961616732,0.13800698150729776,3.452799968891887,3.388132454415177,3.452799968891887,3.282700886592953,0,0,0,0,0.2222222222222222,0.7777777777777778,66.11111111111111,3.888888888888889,0,0,0],"sd":[40.701978350771434,465.8120075619443,160.73380568063536,328.0855590640313,3.1510029267591046,43.50786611154639,506.7133560054649,178.954792359225,354.11958483350554,2.534332161768232,1.057016532802247,1.216844228544973,1,1,1,1,393.5226801355157,453.8877640137106,4.103033676099264,2.694613631992888,1.812371539358046,2.4565738824280547,1,1,1,1,1,1,1,1,1,1,1,1,1,1,1,1,1,1,154.46143214150385,154.58425669141775,154.70631884529982,155.29832143120447,74.24989257998678,73.90711246332043,2.5929451529992837,1,1,1,1,1,1,1,1,1,1,1,1,1,1,1,1,1,1,0.1483100730448757,0.15414530831864492,0.1483100730448757,0.20584985361458177,0.11239264221863181,0.11269734113281182,0.11239264221863181,0.15381680647516063,0.07894309277485968,0.0807762787440737,0.07894309277485968,0.08556560712627313,2.5711324480362525,2.616669356343964,2.5711324480362525,2.691524222195781,1,1,1,1,0.41573970964154927,0.41573970964154927,2.0786985482077465,2.0786985482077442,1,1,1]},"features":["off_1st_down_s2d","off_total_yds_s2d","off_rush_yds_s2d","off_pass_yds_s2d","off_turnovers_s2d","def_1st_down_s2d","def_total_yds_s2d","def_rush_yds_s2d","def_pass_yds_s2d","def_turnovers_s2d","wins_s2d","losses_s2d","home","sim_winrate_same_loc_s2d","sim_pointdiff_same_loc_s2d","sim_count_same_loc_s2d","off_total_yds_s2d_minus_opp","def_total_yds_s2d_minus_opp","off_turnovers_s2d_minus_opp","def_turnovers_s2d_minus_opp","elo_pre","elo_diff","rest_days","rest_diff","off_third_down_att_s2d","off_third_down_conv_s2d","off_third_down_pct_s2d","off_red_zone_att_s2d","off_red_zone_td_s2d","off_red_zone_td_pct_s2d","off_dropbacks_s2d","off_sacks_taken_s2d","off_sack_rate_s2d","off_pass_att_s2d","off_rush_att_s2d","off_neutral_pass_rate_s2d","off_third_down_pct_s2d_minus_opp","off_red_zone_td_pct_s2d_minus_opp","off_sack_rate_s2d_minus_opp","off_neutral_pass_rate_s2d_minus_opp","off_yds_for_3g","off_yds_for_5g","def_yds_against_3g","def_yds_against_5g","net_yds_3g","net_yds_5g","qb_ypa_3g","qb_sack_rate_3g","qb_qbr","off_epa_per_play_s2d","off_epa_per_play_w3","off_epa_per_play_w5","off_epa_per_play_exp","off_success_rate_s2d","off_success_rate_w3","off_success_rate_w5","off_success_rate_exp","def_epa_per_play_allowed_s2d","def_epa_per_play_allowed_w3","def_epa_per_play_allowed_w5","def_epa_per_play_allowed_exp","def_success_rate_allowed_s2d","def_success_rate_allowed_w3","def_success_rate_allowed_w5","def_success_rate_allowed_exp","rb_rush_share_s2d","rb_rush_share_w3","rb_rush_share_w5","rb_rush_share_exp","wr_target_share_s2d","wr_target_share_w3","wr_target_share_w5","wr_target_share_exp","te_target_share_s2d","te_target_share_w3","te_target_share_w5","te_target_share_exp","qb_aypa_s2d","qb_aypa_w3","qb_aypa_w5","qb_aypa_exp","qb_sack_rate_s2d","qb_sack_rate_w3","qb_sack_rate_w5","qb_sack_rate_exp","roof_dome","roof_outdoor","weather_temp_f","weather_wind_mph","weather_precip_pct","weather_impact_score","weather_extreme_flag"]},"decision_tree":{"params":{"depth":6,"minSamples":8},"alpha":6},"bt":{"coefficients":[0.04069052301847305,-0.04531903801224646,-0.0093178110767619,0.003006161520495403,0.02920400132907602,-0.0006177717209660728,0.0006461483997708664,-0.0024980714629231873,-0.003082269539292858,-0.004522386773928809],"intercept":0.043205804145080275,"scaler":{"mu":[0.5986111111111145,-8.212037037037032,-0.08009259259259298,0,-0.012322840988766855,0,0,0,0,0],"sd":[49.21454838523203,441.99301714030355,12.287535915728405,1,0.16836629573726736,1,1,1,1,1]},"features":["diff_total_yards","diff_turnovers","diff_penalty_yards","diff_possession_seconds","diff_r_ratio","diff_elo_pre","diff_inj_out","diff_inj_skill_out","diff_inj_practice_dnp","diff_inj_out_trend"],"hyperparams":{"steps":1200,"learningRate":0.001,"l2":0.00001}},"ann":{"seeds":[1],"architecture":[92,128,64,32,1],"committee_size":1,"max_epochs":15,"dropout":0.5},"ensemble":{"weights":{"logistic":0.9,"tree":0,"bt":0,"ann":0.09999999999999998},"calibration":{"type":"platt","beta":0.04732127758803769,"source":"platt"},"calibration_beta":0.04732127758803769,"calibration_hash":"e9a7b4f6d4795d56aff3c13de4c7ee404406b750894ccff5cde4a1db1d376e21","oof_variance":{"ann":{"mean":0.5281488601164894,"var":0.021141753081092163}}},"pca":[{"component":1,"explained_variance":0.25928668223136286,"top_loadings":[{"feature":"def_total_yds_s2d","loading":-0.2699785107656625},{"feature":"def_1st_down_s2d","loading":-0.264414773224267},{"feature":"def_pass_yds_s2d","loading":-0.26428669109309194},{"feature":"off_total_yds_s2d","loading":-0.2603853393299862},{"feature":"off_1st_down_s2d","loading":-0.2572758997942551},{"feature":"off_pass_yds_s2d","loading":-0.25406219423181386},{"feature":"def_rush_yds_s2d","loading":-0.24147229220761385},{"feature":"off_rush_yds_s2d","loading":-0.23602054627385827},{"feature":"def_yds_against_5g","loading":-0.21631612673933007},{"feature":"off_turnovers_s2d","loading":-0.2130289091980865}]},{"component":2,"explained_variance":0.1319495623081343,"top_loadings":[{"feature":"elo_pre","loading":-0.28254660082127375},{"feature":"qb_aypa_s2d","loading":-0.2737044809192547},{"feature":"qb_aypa_w5","loading":-0.2737044809192547},{"feature":"qb_aypa_w3","loading":-0.2681360742599444},{"feature":"qb_aypa_exp","loading":-0.2435583201110743},{"feature":"elo_diff","loading":-0.23502075563611916},{"feature":"off_turnovers_s2d_minus_opp","loading":0.23369562076632755},{"feature":"net_yds_3g","loading":-0.2212235339351586},{"feature":"net_yds_5g","loading":-0.2189649574081602},{"feature":"losses_s2d","loading":0.20049830545160988}]},{"component":3,"explained_variance":0.11568165141430929,"top_loadings":[{"feature":"te_target_share_exp","loading":0.32092842454812415},{"feature":"te_target_share_s2d","loading":0.3106222574454532},{"feature":"te_target_share_w5","loading":0.3106222574454532},{"feature":"te_target_share_w3",