{
  "season": 2025,
  "week": 1,
  "generated_at": "2025-10-14T22:46:15.558Z",
  "logistic": {
    "weights": [
      0,
      0.027023447505631373,
      0.01676177582819723,
      0.03220532219955128,
      0,
      0,
      0.006440412350532333,
      0.01676177582819723,
      0.00118247548414326,
      0.08873047976509253,
      0.307496986547298,
      -0.2973892554123572,
      0,
      0,
      0,
      0,
      0,
      0,
      0,
      0,
      0.17253432427490184,
      0.17253432427490184,
      0,
      0,
      0.02576351030389584,
      0.03532264096307233,
      0.1505511016496387,
      0.03532264096307233,
      0.043341116576726714,
      0.15055110164963872,
      0.020194395285488935,
      -0.030828868976867863,
      -0.13691735021424548,
      0.02413357571778277,
      0.008881558591263702,
      0.12776642289667473,
      -0.008468309423862145,
      -0.03134704205663756,
      0.02013895860186068,
      -0.016761775828198034,
      0.027318894258609727,
      0.027318894258609727,
      0.006141464972781417,
      0.006141464972781417,
      0.17253432427490184,
      0.17253432427490184,
      0.004618764383708706,
      0,
      0,
      -0.23573037533340946,
      -0.23573037533340946,
      -0.23573037533340946,
      -0.36395603123639503,
      -0.09166551487098223,
      -0.09166551487098223,
      -0.09166551487098223,
      -0.1434900968740565,
      0.11252846476117945,
      0.11252846476117945,
      0.11252846476117945,
      -0.1593166021842181,
      0.11144204389815496,
      0.11144204389815496,
      0.11144204389815496,
      0.09020420611768559,
      0.3649891396473267,
      0.3649891396473267,
      0.3649891396473267,
      0.396268209909232,
      0.13695129190601318,
      0.13695129190601318,
      0.13695129190601318,
      0.12652455383103062,
      -0.2351751795373393,
      -0.2351751795373393,
      -0.2351751795373393,
      -0.37731297626888566,
      -0.12597287997309706,
      -0.12597287997309706,
      -0.12597287997309706,
      -0.3337007119434406,
      0,
      0,
      0,
      0,
      0,
      0,
      0,
      0,
      0,
      0,
      0,
      0,
      0,
      0,
      0,
      0,
      0,
      0,
      0,
      0,
      0,
      0,
      0,
      0,
      0,
      0,
      0,
      0,
      0,
      0,
      0,
      0,
      0,
      0,
      0,
      0,
      0,
      0,
      0,
      0,
      0,
      0,
      0,
      0,
      0,
      0,
      0,
      0,
      0,
      0,
      0,
      0
    ],
    "bias": -0.004895382027258802,
    "scaler": {
      "mu": [
        0,
        0,
        0,
        0,
        0,
        0,
        0,
        0,
        0,
        0,
        0,
        0,
        0,
        0,
        0,
        0,
        0,
        0,
        0,
        0,
        0,
        0,
        0,
        0,
        0,
        0,
        0,
        0,
        0,
        0,
        0,
        0,
        0,
        0,
        0,
        0,
        0,
        0,
        0,
        0,
        0,
        0,
        0,
        0,
        0,
        0,
        0,
        0,
        0,
        0,
        0,
        0,
        0,
        0,
        0,
        0,
        0,
        0,
        0,
        0,
        0,
        0,
        0,
        0,
        0,
        0,
        0,
        0,
        0,
        0,
        0,
        0,
        0,
        0,
        0,
        0,
        0,
        0,
        0,
        0,
        0,
        0,
        0,
        0,
        0,
        0,
        0,
        0,
        0,
        0,
        0,
        0,
        0,
        0,
        0,
        0,
        0,
        0,
        0,
        0,
        0,
        0,
        0,
        0,
        0,
        0,
        0,
        0,
        0,
        0,
        0,
        0,
        0,
        0,
        0,
        0,
        0,
        0,
        0,
        0,
        0,
        0,
        0,
        0,
        0,
        0,
        0,
        0,
        0,
        0,
        0,
        0,
        0
      ],
      "sd": [
        1,
        1,
        1,
        1,
        1,
        1,
        1,
        1,
        1,
        1,
        1,
        1,
        1,
        1,
        1,
        1,
        1,
        1,
        1,
        1,
        1,
        1,
        1,
        1,
        1,
        1,
        1,
        1,
        1,
        1,
        1,
        1,
        1,
        1,
        1,
        1,
        1,
        1,
        1,
        1,
        1,
        1,
        1,
        1,
        1,
        1,
        1,
        1,
        1,
        1,
        1,
        1,
        1,
        1,
        1,
        1,
        1,
        1,
        1,
        1,
        1,
        1,
        1,
        1,
        1,
        1,
        1,
        1,
        1,
        1,
        1,
        1,
        1,
        1,
        1,
        1,
        1,
        1,
        1,
        1,
        1,
        1,
        1,
        1,
        1,
        1,
        1,
        1,
        1,
        1,
        1,
        1,
        1,
        1,
        1,
        1,
        1,
        1,
        1,
        1,
        1,
        1,
        1,
        1,
        1,
        1,
        1,
        1,
        1,
        1,
        1,
        1,
        1,
        1,
        1,
        1,
        1,
        1,
        1,
        1,
        1,
        1,
        1,
        1,
        1,
        1,
        1,
        1,
        1,
        1,
        1,
        1,
        1
      ]
    },