{"season":2010,"week":7,"generated_at":"2025-11-07T00:25:00.505Z","feature_hash":"59be2674f9c35442d7e3683e17a6bd76d911046f","logistic":{"weights":[-0.2507129506126264,-0.4283269204167593,-0.4391300307406966,-0.3553643861863924,1.3229262723567314,1.082871587352373,0.07175418731405805,0.24742774545113383,-0.05732174219809895,-1.1231475216976183,3.048038733542388,-2.5295612944704158,0,0,0,0,0.5382305259841049,-0.7795548810105228,-0.9019325889759415,0.6664052469501298,-3.9878454487931925,-0.21954637570752827,0,0,0,0,0,0,0,0,0,0,0,0,0,0,0,0,0,0,-0.6031472064196982,0.14829575302757136,0.009848383974159058,0.17687247092821798,-0.7229981391261945,0.0978270393600683,-0.02165152874792257,0,0,2.017443014437242,0.9972262262431288,-0.08610227407310352,-0.3271345713537786,0.4980931156054286,-0.19220674555737619,-0.7532884372461516,0.3365059797651445,-1.6986540700914183,-0.36241140847627107,-0.22828009645016487,0.3781971738683031,-0.2135753441828688,-0.1748139521764246,0.2284464529228193,0.05584961037261481,-0.1832391031301505,0.13705136043948501,-0.18512938538444482,0.010747646294247258,0.20529500557008126,0.41190603723923447,0.053806103977355885,0.0366255199400724,-0.0379922082515545,-0.281455416749912,0.10350305554036576,0.4081846288313863,0.5748940222257505,-0.18087181527565094,-0.23249426181214933,0.015235509849325585,0,0,0,0,0.07639790909941054,0.014158571870276469,0.07639790909941177,-0.07639790909941047,0,0,0],"bias":0.8420635515864947,"scaler":{"mu":[91.13333333333334,1084.6888888888889,347.46666666666664,737.2222222222222,5.266666666666667,91.57777777777778,1094.9777777777779,355.5777777777778,739.4,3.8222222222222224,1.5444444444444445,1.6111111111111112,1,0,0,0,11.031426337403898,49.997701589204425,0.3324288866557193,-0.0462081924659092,1449.7916637998844,-0.471880741816133,0,0,0,0,0,0,0,0,0,0,0,0,0,0,0,0,0,0,277.1537037037036,276.23481481481474,281.42962962962963,282.057037037037,-4.27592592592593,-5.822222222222222,6.939150207751946,0,0,-0.021315064658133695,-0.01642378048223003,-0.021412069059605535,-0.03298884346617481,0.4341932550557609,0.43806729759594426,0.4341524423660177,0.4288838891281948,-0.021647442479254025,-0.01990238874159978,-0.02129281026857678,-0.033778777369863025,0.43418374199542575,0.43771686917610947,0.43464346380463276,0.4285314538098248,0.8396829762129447,0.8357874323190445,0.8396105544540547,0.8474055285612313,0.5829037067820733,0.582955972093704,0.5828350217646124,0.5831976589634885,0.21337410928137504,0.2161162771889355,0.21338567154925434,0.21353220626987973,8.374693477929515,8.340896472119864,8.368914372398901,8.301428197344109,0,0,0,0,0.15555555555555556,0.7555555555555555,65.77777777777777,4.222222222222222,0,0,0],"sd":[51.95835939587692,600.7207642018128,201.97641226418276,431.73002823981403,3.708249062712901,53.44716555789314,622.0320637998188,218.00101823298277,438.9472962542187,2.648176638023384,1.1465999119242476,1.2709964983293354,1,1,1,1,579.8845420074405,562.6481477052947,4.044009002834425,3.001208285893258,1.9886379487255461,2.767127897315813,1,1,1,1,1,1,1,1,1,1,1,1,1,1,1,1,1,1,140.1493872904463,138.39441067186428,139.95896439556003,139.79231263807864,77.79751797554344,72.08874327804172,3.514525065928245,1,1,0.09761578978407165,0.10352494429989541,0.09681464357407545,0.10694144526035185,0.043167956982513335,0.04452728321875095,0.043045511900585774,0.04795494096484157,0.09598972850231965,0.10440549498261054,0.09594319782399907,0.10257944525888656,0.04236502750901025,0.04828598701505433,0.04267178643267842,0.04526439154476757,0.11959246737784415,0.12973996331950083,0.12111311473371271,0.10593002904591857,0.09871843642435119,0.10445203888816021,0.09879897556921033,0.10637580231674398,0.0756042037756712,0.07812133607957955,0.07529171487912807,0.08421274898763274,1.2590923613369385,1.4273421039176843,1.268735350678872,1.3378364668326534,1,1,1,1,0.3624334762288912,0.42975732457363847,1.8121673811444547,1.8121673811444545,1,1,1]},"features":["off_1st_down_s2d","off_total_yds_s2d","off_rush_yds_s2d","off_pass_yds_s2d","off_turnovers_s2d","def_1st_down_s2d","def_total_yds_s2d","def_rush_yds_s2d","def_pass_yds_s2d","def_turnovers_s2d","wins_s2d","losses_s2d","home","sim_winrate_same_loc_s2d","sim_pointdiff_same_loc_s2d","sim_count_same_loc_s2d","off_total_yds_s2d_minus_opp","def_total_yds_s2d_minus_opp","off_turnovers_s2d_minus_opp","def_turnovers_s2d_minus_opp","elo_pre","elo_diff","rest_days","rest_diff","off_third_down_att_s2d","off_third_down_conv_s2d","off_third_down_pct_s2d","off_red_zone_att_s2d","off_red_zone_td_s2d","off_red_zone_td_pct_s2d","off_dropbacks_s2d","off_sacks_taken_s2d","off_sack_rate_s2d","off_pass_att_s2d","off_rush_att_s2d","off_neutral_pass_rate_s2d","off_third_down_pct_s2d_minus_opp","off_red_zone_td_pct_s2d_minus_opp","off_sack_rate_s2d_minus_opp","off_neutral_pass_rate_s2d_minus_opp","off_yds_for_3g","off_yds_for_5g","def_yds_against_3g","def_yds_against_5g","net_yds_3g","net_yds_5g","qb_ypa_3g","qb_sack_rate_3g","qb_qbr","off_epa_per_play_s2d","off_epa_per_play_w3","off_epa_per_play_w5","off_epa_per_play_exp","off_success_rate_s2d","off_success_rate_w3","off_success_rate_w5","off_success_rate_exp","def_epa_per_play_allowed_s2d","def_epa_per_play_allowed_w3","def_epa_per_play_allowed_w5","def_epa_per_play_allowed_exp","def_success_rate_allowed_s2d","def_success_rate_allowed_w3","def_success_rate_allowed_w5","def_success_rate_allowed_exp","rb_rush_share_s2d","rb_rush_share_w3","rb_rush_share_w5","rb_rush_share_exp","wr_target_share_s2d","wr_target_share_w3","wr_target_share_w5","wr_target_share_exp","te_target_share_s2d","te_target_share_w3","te_target_share_w5","te_target_share_exp","qb_aypa_s2d","qb_aypa_w3","qb_aypa_w5","qb_aypa_exp","qb_sack_rate_s2d","qb_sack_rate_w3","qb_sack_rate_w5","qb_sack_rate_exp","roof_dome","roof_outdoor","weather_temp_f","weather_wind_mph","weather_precip_pct","weather_impact_score","weather_extreme_flag"]},"decision_tree":{"params":{"depth":6,"minSamples":8},"alpha":4},"bt":{"coefficients":[0.09326926847112722,-0.06183938494684756,0.06717500451848978,0.0027515490463755846,0.019101549545574567,-0.004011847122477667,-0.0035717956191190898,0.0035371986587578548,-0.002415966922042759,0.004255556602978517],"intercept":0.06915482974839694,"scaler":{"mu":[-4.839244782708398,70.62127790199901,-0.6637366223292437,0,-0.007571752695095175,0,0,0,0,0],"sd":[53.50827272011063,509.8581963043601,15.099901028027919,1,0.10152500848119528,1,1,1,1,1]},"features":["diff_total_yards","diff_turnovers","diff_penalty_yards","diff_possession_seconds","diff_r_ratio","diff_elo_pre","diff_inj_out","diff_inj_skill_out","diff_inj_practice_dnp","diff_inj_out_trend"],"hyperparams":{"steps":1200,"learningRate":0.001,"l2":0.00001}},"ann":{"seeds":[1],"architecture":[92,128,64,32,1],"committee_size":1,"max_epochs":15,"dropout":0.5},"ensemble":{"weights":{"logistic":0.9,"tree":0,"bt":0,"ann":0.09999999999999998},"calibration":{"type":"platt","beta":0.018986628257204916,"source":"platt"},"calibration_beta":0.018986628257204916,"calibration_hash":"efbe7a98236fa873d246840933cc10da56212f532eed20ff1afbd8f88eaab30a","oof_variance":{"ann":{"mean":0.5038339953845434,"var":0.006376175841330904}}},"pca":[{"component":1,"explained_variance":0.233237458041242,"top_loadings":[{"feature":"off_1st_down_s2d","loading":-0.2211531396752351},{"feature":"def_total_yds_s2d","loading":-0.21799247663098106},{"feature":"def_1st_down_s2d","loading":-0.21712615241002906},{"feature":"off_total_yds_s2d","loading":-0.2167865574795792},{"feature":"def_pass_yds_s2d","loading":-0.210446820806268},{"feature":"off_pass_yds_s2d","loading":-0.2098785245198182},{"feature":"def_rush_yds_s2d","loading":-0.19827084975906806},{"feature":"off_rush_yds_s2d","loading":-0.19614827650330977},{"feature":"off_yds_for_5g","loading":-0.1841339488607801},{"feature":"def_yds_against_5g","loading":-0.1828126876192999}]},{"component":2,"explained_variance":0.15373874421235903,"top_loadings":[{"feature":"off_epa_per_play_exp",