{"season":2020,"week":19,"generated_at":"2025-11-07T00:46:06.462Z","feature_hash":"e04ab11d75ea27735450284d1f9be7c6baa2028f","logistic":{"weights":[-0.6488211124621563,-0.5349070714162633,0.18373056292682943,-0.7392095850654301,1.4349958914496312,0.8220765136213138,0.2522982042902649,-0.007129748336031989,0.32885286443613715,-1.2194270712110917,3.075609925729694,-2.6160305867525544,0,0,0,0,0.8782913480222617,-0.6648928422191125,-1.1178157418659014,0.6706848850509316,-3.6784630055933465,0.24244311009853142,0,0,0,0,0,0,0,0,0,0,0,0,0,0,0,0,0,0,-0.2025000982230841,-0.10469965070965499,0.2087909605518169,-0.06404128186871307,-0.3032534060667473,0.10387521367714457,-0.05348767604685948,0,0,2.3900805210607365,1.1249302144334807,0.10397261661151681,-0.2289565586293349,0.39372206968795925,0.1863622388838458,-0.2602824279595285,-0.36946664700687254,-1.8717974949259435,-1.0338266278834558,0.24408371444876303,0.8669825125772769,-0.2867643294222877,0.766944542227651,-0.15440530567982455,-0.20211041116302725,-0.38203731821381,0.22237607883300517,-0.6939686990850156,0.4095077522701085,0.051841156391671896,0.41052905897595326,0.04231549284444259,-0.06343456307427461,-0.02631403517567644,0.35782973447663413,0.2747197833359405,-0.24974327193238038,-0.1489523034260617,-0.1135406680779441,-0.5866037433000362,0.43573261898249244,0,0,0,0,-0.02147991329347652,0.2935682340651253,-0.021479913293475282,0.02147991329347678,0,0,0,0.28266292533381615,-0.049981028198272076,-0.37711152679477067,-0.08462402960953543,-0.09444103005426506,0.2400266040680431,0.7945492716804109,0.25736916252691877,0,0.4713918383829326,-0.18579253368096868,0.06623330971135198,0.3306827874040124,-0.0518494984792056,-0.5874990818801518,0.26009988624106917,-0.025270013364338578,-0.40200463480194426,0.24898932111979472,0.06491385575808492,0.5357384043868056,-0.27422145227601114,0.24426111794095373,-0.4122572534673453,-0.254568994554933,-0.20342529417137611,-0.5409155568722296,-0.23101209160749261,-0.8916427000532453,-0.2793784624389348,-0.7433155629043858,1.0433447654044272,0.16098064477715945,0.3101543495998572,-0.019262459990342696,-0.3823682094164709,-0.1426692381592712,-0.00881886916750677,-0.18062412507913184,-0.5015169597640337,-0.16658218751305487],"bias":0.0320207964497684,"scaler":{"mu":[169.80842911877394,1923.4942528735633,610.3026819923372,1313.191570881226,6.498084291187739,168.91570881226053,1906.5325670498084,601.2567049808429,1305.2758620689656,4.704980842911877,2.6513409961685825,2.5172413793103448,1,0,0,0,76.7762315266132,93.96195193942953,0.45699982540029854,0.16615112629397372,1450.1849771464958,-0.012344295362667275,0,0,0,0,0,0,0,0,0,0,0,0,0,0,0,0,0,0,350.31226053639836,350.2710089399743,347.13090676883775,349.40197956577293,3.181353767560665,0.8690293742017877,7.364973457670347,0,0,0.03063771408481757,0.023671565651016958,0.022318468720928467,0.02172223771656702,0.4453061197811948,0.44266926892442027,0.4425578268133938,0.44359823685610406,0.028803056147699523,0.023074842735297904,0.022807051480155768,0.021625407918786706,0.44384496610211094,0.44168056483139345,0.44223103534321656,0.44332276082537314,0.8133147054337448,0.8128697607299119,0.8136519918729352,0.8154323376473556,0.5850633198732179,0.5908751926446242,0.5911284108350898,0.5913353188472512,0.21326000113035173,0.21529490079337973,0.21350131526572225,0.21157017282311774,7.8340441680184325,7.9245309498301735,7.854871919364548,7.768336319659284,0,0,0,0,0.18773946360153257,0.6475095785440613,65.93869731800767,4.061302681992337,0,0,0,0.1685823754789272,-0.08045977011494253,-0.4007662835249043,0.6283524904214559,-0.189655172413793,0.06896551724137931,0.0038314176245210726,-0.06130268199233716,0,0.04922988505747127,0.2835249042145594,0.1743295019157088,0.30153256704980846,-0.04980842911877394,1.9095785440613,-0.38582375478927206,0.6513409961685823,-0.367816091954023,0.01532567049808429,-0.02681992337164751,0.022988505747126436,-0.013409961685823755,-0.01532567049808429,-0.08045977011494253,-0.022988505747126436,0.020180076628352497,0.1417624521072797,0.003329501915708811,-0.3371647509578544,-0.01027586206896552,-0.2988505747126437,-0.8544061302681992,-0.07662835249042145,-0.3563218390804598,-0.7318007662835249,-0.012524904214559379,0.011494252873563218,0,0.014946360153256705,0.01532567049808429,-3.5885057471264377],"sd":[102.83495726015099,1151.2235058023261,387.055240189723,807.7694523840403,4.498296417485368,102.05329059393094,1145.2297582279978,382.78934815431734,789.4879084676309,3.700617906830333,2.168453755171944,2.0558974266952963,1,1,1,1,1250.7678064706881,1251.8317597604912,5.4970643193731625,4.71791351304045,5.0778233858230735,7.196698890119855,1,1,1,1,1,1,1,1,1,1,1,1,1,1,1,1,1,1,103.91077935802863,100.18864981423879,101.30429525330226,99.07287328133393,69.34241928656546,58.72466650120477,2.3900223053516694,1,1,0.07699753141378157,0.10186280916596453,0.0886464213967458,0.08622625340494211,0.03516658133794034,0.044611432085324185,0.03874993557198527,0.039436443176570794,0.07327546836727221,0.099787756146472,0.08592247036764138,0.08169243312598895,0.03258770170176152,0.043297964119366726,0.03713505929520936,0.03705425838787583,0.07625539194685507,0.09098942624187502,0.08423151001595221,0.0796293100956352,0.08337348059760688,0.09352387578026887,0.08691826903616096,0.08728445988147443,0.06633231188825481,0.0764658783720192,0.07036558792639697,0.06923706229011514,1.1222629545624694,1.3726741162355358,1.213459916470346,1.263782279000243,1,1,1,1,0.3905039787353532,0.4777456689890068,1.9525198936767636,1.9525198936767671,1,1,1,2.228844670463456,11.281713129201947,7.2514181059230935,7.736798220905044,3.4939696648690277,0.4496001658760439,0.23970103171826962,1.0703584766501664,1,0.5691974595157164,11.475948388105785,11.032400559185886,8.638406485964618,0.35207371670988935,43.197507114359944,12.822910762123477,11.105428590502072,7.873689066869058,2.4789834597180307,0.395434968503928,0.33825147056464716,0.21622913501183827,0.5394004665249986,2.3597116071823754,0.8573818942055875,0.27748269447539886,1.7417069942776913,0.10496636320983514,4.386643565391652,0.21160171994762522,2.06845459847393,8.921210558404912,3.339343680755244,3.2090998898937673,6.884717389904251,0.22706868581356207,0.3553936743388584,0.4951875684721383,0.36719383863353444,0.34981493365557986,41.85559308479398]},