{"season":2013,"week":18,"generated_at":"2025-11-07T00:31:20.403Z","feature_hash":"2c541659ae41e466cb52f1b5b40afbbbc4348925","logistic":{"weights":[-0.28390530599380237,-0.730786402431146,-0.7171651424741436,-0.6448041141295147,1.734451143229312,0.9098059629919659,-0.015587434263253175,0.45558919562927924,-0.29593115401836834,-0.6184425209872841,3.1496077717992503,-2.8090374410988153,0,0,0,0,1.084386156754095,-0.8284636628555451,-0.8897135819540816,0.9137145511284676,-3.4110538915493933,-0.14140850639923833,0,0,0,0,0,0,0,0,0,0,0,0,0,0,0,0,0,0,-0.1407284828998894,-0.24336130387358995,0.0389291076813459,0.22588007226037077,-0.029915291328460568,-0.586672821691906,0.2781761053136922,0,0,1.8717950256152103,1.2282917137216627,-0.021473865617654873,-0.0556477272292405,0.6381033853518012,0.09690912799479003,-0.3288694151320324,0.422163515477367,-1.9951473885339517,-1.1224458634518317,0.17944455278764967,0.45367839318837744,-0.768326086003011,0.11797813025645201,0.21952147354278428,-0.3335990106400454,-0.4361529612572932,-0.20776316725899371,-0.5720039518339496,0.6112504044021823,-0.5097862881659657,0.23321993820773312,-0.18318669256080056,-0.3286392848250237,0.4117441375909427,0.032553134171718165,-0.10122162449456856,-0.1831778670830769,0.3859457672579643,-0.3180311503206199,0.32624273096344214,-0.184113408719684,0,0,0,0,-0.04568095957932961,-0.06042105605880541,-0.045680959579328675,0.04568095957932983,0,0,0],"bias":1.3420533095895153,"scaler":{"mu":[150.49019607843138,1795.8784313725491,556.4901960784314,1239.3882352941177,7.1607843137254905,149.72549019607843,1773.9176470588236,536.278431372549,1237.6392156862746,5.666666666666667,2.552941176470588,2.3450980392156864,1,0,0,0,18.121494524415244,7.26084827158944,-0.052497640975169346,0.22463940645901467,1449.878901608965,-0.233208825019046,0,0,0,0,0,0,0,0,0,0,0,0,0,0,0,0,0,0,341.7849673202614,342.6284313725488,343.08431372549023,344.80457516339874,-1.2993464052287595,-2.1761437908496752,7.852615139360274,0,0,0.006047839107554878,0.009340784457267338,0.009428847718969097,0.0070175949091845725,0.4354752717750449,0.43669209609045917,0.4362845613504971,0.43446360132716555,0.005252635052400985,0.0064384054589980205,0.006516800864313401,0.005405840241435018,0.4350700738653887,0.4356432993868427,0.4355617386710833,0.43382426491183174,0.8380603870419209,0.8403927311127569,0.8395175922569366,0.841577954490934,0.5981578813752212,0.5946941877961436,0.594330009584234,0.5961589319294355,0.20776772798528917,0.207629429416067,0.2086930476678718,0.20636532986571507,8.457769844926093,8.420875228126826,8.447374153691916,8.282206148772007,0,0,0,0,0.1568627450980392,0.7254901960784313,65.7843137254902,4.215686274509804,0,0,0],"sd":[89.71129566866031,1066.79155255074,368.67915657400323,736.8241191808868,5.110699212796182,91.03338720241065,1076.6784166248697,359.7340370022435,746.1339227102549,4.238324986691142,2.0127391287649177,1.9297783806000752,1,1,1,1,1216.3791665436104,1244.5915487541392,6.2492286176883285,5.557941394818859,4.353741183733825,6.224486145663048,1,1,1,1,1,1,1,1,1,1,1,1,1,1,1,1,1,1,102.40803543536495,100.20105788376311,103.66420869097898,101.50693694049552,69.6720292179454,60.821997426658314,2.5758603575636236,1,1,0.0790525362447171,0.09855659859903476,0.08374328963391296,0.07845655348461944,0.03425013162064076,0.04224804208656958,0.03641845399080987,0.03193003994569196,0.06729266103565158,0.09036058156472665,0.07823265809335737,0.06731234688747226,0.032323606862738996,0.039798692890196836,0.03593998109257322,0.03197635926511396,0.08663225817906367,0.09618408195850371,0.09033213399884053,0.08555234931054594,0.08385960816709626,0.08895746200155098,0.08367376597808122,0.08454519040372835,0.05528139485887703,0.06396004698590921,0.05788186283580425,0.05977317001918935,1.392808593685039,1.6077458571410548,1.4377033963156733,1.6211665266003257,1,1,1,1,0.36367131354885157,0.4462669284996488,1.8183565677442537,1.8183565677442528,1,1,1]},"features":["off_1st_down_s2d","off_total_yds_s2d","off_rush_yds_s2d","off_pass_yds_s2d","off_turnovers_s2d","def_1st_down_s2d","def_total_yds_s2d","def_rush_yds_s2d","def_pass_yds_s2d","def_turnovers_s2d","wins_s2d","losses_s2d","home","sim_winrate_same_loc_s2d","sim_pointdiff_same_loc_s2d","sim_count_same_loc_s2d","off_total_yds_s2d_minus_opp","def_total_yds_s2d_minus_opp","off_turnovers_s2d_minus_opp","def_turnovers_s2d_minus_opp","elo_pre","elo_diff","rest_days","rest_diff","off_third_down_att_s2d","off_third_down_conv_s2d","off_third_down_pct_s2d","off_red_zone_att_s2d","off_red_zone_td_s2d","off_red_zone_td_pct_s2d","off_dropbacks_s2d","off_sacks_taken_s2d","off_sack_rate_s2d","off_pass_att_s2d","off_rush_att_s2d","off_neutral_pass_rate_s2d","off_third_down_pct_s2d_minus_opp","off_red_zone_td_pct_s2d_minus_opp","off_sack_rate_s2d_minus_opp","off_neutral_pass_rate_s2d_minus_opp","off_yds_for_3g","off_yds_for_5g","def_yds_against_3g","def_yds_against_5g","net_yds_3g","net_yds_5g","qb_ypa_3g","qb_sack_rate_3g","qb_qbr","off_epa_per_play_s2d","off_epa_per_play_w3","off_epa_per_play_w5","off_epa_per_play_exp","off_success_rate_s2d","off_success_rate_w3","off_success_rate_w5","off_success_rate_exp","def_epa_per_play_allowed_s2d","def_epa_per_play_allowed_w3","def_epa_per_play_allowed_w5","def_epa_per_play_allowed_exp","def_success_rate_allowed_s2d","def_success_rate_allowed_w3","def_success_rate_allowed_w5","def_success_rate_allowed_exp","rb_rush_share_s2d","rb_rush_share_w3","rb_rush_share_w5","rb_rush_share_exp","wr_target_share_s2d","wr_target_share_w3","wr_target_share_w5","wr_target_share_exp","te_target_share_s2d","te_target_share_w3","te_target_share_w5","te_target_share_exp","qb_aypa_s2d","qb_aypa_w3","qb_aypa_w5","qb_aypa_exp","qb_sack_rate_s2d","qb_sack_rate_w3","qb_sack_rate_w5","qb_sack_rate_exp","roof_dome","roof_outdoor","weather_temp_f","weather_wind_mph","weather_precip_pct","weather_impact_score","weather_extreme_flag"]},"decision_tree":{"params":{"depth":6,"minSamples":14},"alpha":2},"bt":{"coefficients":[0.08812643533869295,-0.14285864678012725,-0.10187490476669406,-0.001485283012982662,-0.04428208808765057,-0.0026306415709377007,-0.003880572517846168,0.0049784501102107855,0.0033421634732415917,0.002900169478837104],"intercept":0.18082048475753246,"scaler":{"mu":[-1.5706839074878554,14.4810117403422,0.35286173381984753,0,-0.00003465266203767582,0,0,0,0,0],"sd":[56.74484261509323,527.534925524901,15.57466901851544,1,0.0971475246153013,1,1,1,1,1]},"features":["diff_total_yards","diff_turnovers","diff_penalty_yards","diff_possession_seconds","diff_r_ratio","diff_elo_pre","diff_inj_out","diff_inj_skill_out","diff_inj_practice_dnp","diff_inj_out_trend"],"hyperparams":{"steps":1200,"learningRate":0.001,"l2":0.00001}},"ann":{"seeds":[1],"architecture":[92,128,64,32,1],"committee_size":1,"max_epochs":15,"dropout":0.5},"ensemble":{"weights":{"logistic":0.9,"tree":0,"bt":0,"ann":0.09999999999999998},"calibration":{"type":"platt","beta":-0.018247400879745516,"source":"platt"},"calibration_beta":-0.018247400879745516,"calibration_hash":"e602fef7d8226e26e46d9c446b44497417e8238cb4c918bd1e8b9154c6596d58","oof_variance":{"ann":{"mean":0.6088575597562136,"var":0.024753419134114888}}},"pca":[{"component":1,"explained_variance":0.19870171495538536,"top_loadings":[{"feature":"def_1st_down_s2d","loading":0.26984791181825335},{"feature":"off_total_yds_s2d","loading":0.2690497785802425},{"feature":"def_total_yds_s2d","loading":0.26873837060384126},{"feature":"off_1st_down_s2d","loading":0.2682098098835716},{"feature":"def_pass_yds_s2d","loading":0.26656132529951093},{"feature":"off_pass_yds_s2d","loading":0.2659173890538738},{"feature":"def_rush_yds_s2d","loading":0.2514478663551061},{"feature":"off_rush_yds_s2d","loading":0.24705949174608344},{"feature":"off_turnovers_s2d","loading":0.20963504658380117},{"feature":"def_turnovers_s2d","loading":0.20716308278736195}]},{"component":2,"explained_variance":0.15189127870982946,"top_loadings":[{"feature":"off_success_rate_s2d",