{"season":2009,"week":8,"generated_at":"2025-11-07T00:23:09.145Z","feature_hash":"085cd73296a06b86aaa6b8ddae4ccac09d4e0487","logistic":{"weights":[-0.30567531760282673,-0.38338806420818,-0.1736032170703855,-0.45404137056574356,1.1985930534653422,0.9024042233081695,-0.129245642309972,0.339699015500877,-0.40009400324681044,-0.7687584680304522,3.067334178371153,-2.833453850406817,0,0,0,0,0.7806417596787442,-0.9969540505846453,-0.8795000567753583,0.9852412216424882,-3.821649110641603,-0.4292959933479401,0,0,0,0,0,0,0,0,0,0,0,0,0,0,0,0,0,0,-0.3740845021173271,0.1795245883484085,0.06398041546587488,0.1276143726311206,-0.5815975609671434,0.1460398383140081,-0.22679380021260762,0,0,1.4751489252313033,1.1309610607721,0.1642990169130897,-0.10406541109392341,0.10111021615652768,-0.07289690903295701,-0.5833940827967186,0.18789515790325675,-1.8720353600739243,-0.8040972030845519,-0.26438692953485776,0.0826055698144424,-0.3496776430637686,-0.16202720867480366,0.8190011662588494,0.07050831685815115,-0.18025742280264903,0.32381727028975443,-0.05367489527025492,0.015884346865419348,0.1066477799146714,-0.010505136926194807,-0.08793426370384681,0.2554169094435372,-0.11602867772115012,-0.18978607884102414,0.014138096170541067,0.40246438200679086,0.09006344458317139,0.013638363197625345,0.13814680427840173,-0.06991937408105504,0,0,0,0,0.22315552956822252,-0.2905782151472733,0.22315552956822374,-0.22315552956822232,0,0,0],"bias":0.8111428088681616,"scaler":{"mu":[97.29126213592232,1160.116504854369,386.9611650485437,773.1553398058253,5.097087378640777,96.71844660194175,1160.116504854369,375.6019417475728,784.5145631067961,3.8737864077669903,1.6504854368932038,1.7475728155339805,1,0,0,0,60.05436940190033,40.96579781907426,0.39879003090848436,-0.010098640561368563,1449.7594979972982,-0.4327209006419915,0,0,0,0,0,0,0,0,0,0,0,0,0,0,0,0,0,0,285.29611650485424,284.2432038834951,292.7281553398059,293.79611650485435,-7.432038834951465,-9.552912621359225,6.68807562389723,0,0,-0.018718558601041022,-0.012677086574974756,-0.019789575546381413,-0.03348018629901085,0.43856017143843623,0.43888359006869915,0.4381863297807839,0.4356053244985018,-0.012909560434296502,-0.009403475564168538,-0.012418481387539577,-0.028983241763046234,0.4350630018920425,0.43548494997480847,0.43499374558755904,0.4329267755197532,0.8685742457644522,0.8658942101403613,0.8674312982232586,0.8753796224887117,0.5691995626618777,0.5714336958452456,0.5693888154808971,0.5651778901900123,0.2140188892712138,0.21694827468606204,0.21454366114166903,0.215498478832329,8.146737116509597,8.176969830143435,8.141123120144245,7.990996334408615,0,0,0,0,0.14563106796116504,0.7766990291262136,65.72815533980582,4.271844660194175,0,0,0],"sd":[57.34203816682365,672.630891740564,243.25766124416813,459.61445973522206,3.883033953197597,59.12508009817898,723.9547845797686,274.6670478610341,479.69883076209163,2.6500764291982124,1.4595433377061078,1.7555374061818567,1,1,1,1,696.2174104254045,805.6185131435857,4.903597712196109,3.457693076541786,2.606744236304713,3.8002540085019936,1,1,1,1,1,1,1,1,1,1,1,1,1,1,1,1,1,1,136.11008682183987,134.1944057122756,137.3104597124174,137.32594628944955,93.62450950118937,91.49250160641887,3.2676349234246453,1,1,0.10118766061779698,0.11362111824356824,0.10617812263060718,0.11302150986332311,0.04769042085292231,0.052080923417558704,0.04925879614318039,0.0501891453037695,0.08950304100129113,0.0960411200193598,0.0902906110064836,0.11512656506451054,0.03673200185936639,0.04147420283708976,0.03720480680700488,0.04484296009973959,0.052579679133228745,0.05719866821214243,0.054317685955552475,0.05809488648063667,0.07576558184698073,0.08217192988528632,0.07746559200194429,0.07449833894187147,0.07012100911523492,0.0741219921765082,0.0703393399567914,0.07091831286325165,1.4131594910840453,1.5019120111789284,1.4134042591040268,1.7455522934215686,1,1,1,1,0.35273596358417353,0.41645845804907206,1.7636798179208701,1.7636798179208704,1,1,1]},"features":["off_1st_down_s2d","off_total_yds_s2d","off_rush_yds_s2d","off_pass_yds_s2d","off_turnovers_s2d","def_1st_down_s2d","def_total_yds_s2d","def_rush_yds_s2d","def_pass_yds_s2d","def_turnovers_s2d","wins_s2d","losses_s2d","home","sim_winrate_same_loc_s2d","sim_pointdiff_same_loc_s2d","sim_count_same_loc_s2d","off_total_yds_s2d_minus_opp","def_total_yds_s2d_minus_opp","off_turnovers_s2d_minus_opp","def_turnovers_s2d_minus_opp","elo_pre","elo_diff","rest_days","rest_diff","off_third_down_att_s2d","off_third_down_conv_s2d","off_third_down_pct_s2d","off_red_zone_att_s2d","off_red_zone_td_s2d","off_red_zone_td_pct_s2d","off_dropbacks_s2d","off_sacks_taken_s2d","off_sack_rate_s2d","off_pass_att_s2d","off_rush_att_s2d","off_neutral_pass_rate_s2d","off_third_down_pct_s2d_minus_opp","off_red_zone_td_pct_s2d_minus_opp","off_sack_rate_s2d_minus_opp","off_neutral_pass_rate_s2d_minus_opp","off_yds_for_3g","off_yds_for_5g","def_yds_against_3g","def_yds_against_5g","net_yds_3g","net_yds_5g","qb_ypa_3g","qb_sack_rate_3g","qb_qbr","off_epa_per_play_s2d","off_epa_per_play_w3","off_epa_per_play_w5","off_epa_per_play_exp","off_success_rate_s2d","off_success_rate_w3","off_success_rate_w5","off_success_rate_exp","def_epa_per_play_allowed_s2d","def_epa_per_play_allowed_w3","def_epa_per_play_allowed_w5","def_epa_per_play_allowed_exp","def_success_rate_allowed_s2d","def_success_rate_allowed_w3","def_success_rate_allowed_w5","def_success_rate_allowed_exp","rb_rush_share_s2d","rb_rush_share_w3","rb_rush_share_w5","rb_rush_share_exp","wr_target_share_s2d","wr_target_share_w3","wr_target_share_w5","wr_target_share_exp","te_target_share_s2d","te_target_share_w3","te_target_share_w5","te_target_share_exp","qb_aypa_s2d","qb_aypa_w3","qb_aypa_w5","qb_aypa_exp","qb_sack_rate_s2d","qb_sack_rate_w3","qb_sack_rate_w5","qb_sack_rate_exp","roof_dome","roof_outdoor","weather_temp_f","weather_wind_mph","weather_precip_pct","weather_impact_score","weather_extreme_flag"]},"decision_tree":{"params":{"depth":6,"minSamples":8},"alpha":4},"bt":{"coefficients":[0.21970625704551944,-0.051546040311037745,-0.04056793507535837,0.004268828640227498,0.12320010501991219,0.0033210259413497187,0.00484044106771987,-0.004714158037163238,-0.0005341387568753148,0.0036412811309029366],"intercept":0.04535779076104642,"scaler":{"mu":[-2.8782190878395317,-18.011321976414468,-0.3841779634694964,0,-0.005061751505185238,0,0,0,0,0],"sd":[63.523960417773786,487.5963600542371,11.709671636614056,1,0.09186782637585636,1,1,1,1,1]},"features":["diff_total_yards","diff_turnovers","diff_penalty_yards","diff_possession_seconds","diff_r_ratio","diff_elo_pre","diff_inj_out","diff_inj_skill_out","diff_inj_practice_dnp","diff_inj_out_trend"],"hyperparams":{"steps":1200,"learningRate":0.001,"l2":0.00001}},"ann":{"seeds":[1],"architecture":[92,128,64,32,1],"committee_size":1,"max_epochs":15,"dropout":0.5},"ensemble":{"weights":{"logistic":0.9,"tree":0,"bt":0,"ann":0.09999999999999998},"calibration":{"type":"platt","beta":0.09051803385761592,"source":"platt"},"calibration_beta":0.09051803385761592,"calibration_hash":"57522943e3a645f9ed38dc86777beac901d3411b413a3d208e8c91f09ccc78a2","oof_variance":{"ann":{"mean":0.40422411512351664,"var":0.0319536851975649}}},"pca":[{"component":1,"explained_variance":0.21526360985333104,"top_loadings":[{"feature":"losses_s2d","loading":0.243823899779915},{"feature":"def_rush_yds_s2d","loading":0.22869470883923512},{"feature":"def_total_yds_s2d","loading":0.2228638227437356},{"feature":"def_1st_down_s2d","loading":0.21753679826666777},{"feature":"def_pass_yds_s2d","loading":0.20539643611434782},{"feature":"off_turnovers_s2d","loading":0.20006093136058103},{"feature":"def_total_yds_s2d_minus_opp","loading":0.17241494359354187},{"feature":"def_yds_against_5g","loading":0.16856015313546252},{"feature":"elo_pre","loading":-0.16563991173241352},{"feature":"def_yds_against_3g","loading":0.16073042804935672}]},{"component":2,"explained_variance":0.1672326301373455,"top_loadings":[{"feature":"wins_s2d",