{"season":2008,"week":15,"generated_at":"2025-11-07T00:21:41.924Z","feature_hash":"db6517a53da4e816baae63336cd1996153de67b6","logistic":{"weights":[-0.41634598644949405,-0.440524600293953,0.012077480240813808,-0.633408626165766,1.4966800961555002,0.7000716989015854,-0.2624114806682105,0.2736173927176639,-0.5629684445307545,-0.6739891446462598,2.7137479967583005,-2.6325621255716776,0,0,0,0,1.01600454972123,-1.1020551711915223,-0.5757542846310402,1.22014453944284,-3.5520093059422106,-0.08202558827064446,0,0,0,0,0,0,0,0,0,0,0,0,0,0,0,0,0,0,-0.38393056173602785,0.2007118102548499,0.17355691021609368,0.08753201548088084,-0.7080999612091415,0.23009632393007765,-0.3213012719329748,0,0,1.2923712958451008,1.1596711883298534,0.22598374986584688,-0.14576306769274738,0.06846623331304326,-0.018503537453514858,-0.38107363043600806,0.19783298015867945,-2.0639360524168886,-0.772114506183845,-0.3005932588340501,-0.15111670250217019,-0.4502102639925285,-0.04866847233625557,0.8465338829485064,-0.16123780994107223,-0.1632301633987897,0.5159522328012182,0.0531299324772897,0.054334960436700774,0.15767668560456874,-0.3519766983664868,-0.2494361549018539,0.2771841925190481,-0.23410743200456802,-0.3756426294494278,0.17860502010655663,0.290368830602617,0.09702023027664877,-0.016680746603135028,-0.01918055704911054,-0.12394950003852445,0,0,0,0,-0.012058263134931106,-0.14615244961057938,-0.012058263134930169,0.012058263134931121,0,0,0],"bias":1.0255350153476506,"scaler":{"mu":[120.97584541062803,1464.3719806763286,494.5990338164251,969.7729468599034,5.855072463768116,121.09661835748793,1456.2367149758454,482.44444444444446,973.792270531401,4.521739130434782,2.1449275362318843,2.135265700483092,1,0,0,0,31.84246703989546,26.884560277604397,-0.07609357821957208,-0.012671340696136247,1449.9031253340902,-0.21721742832999769,0,0,0,0,0,0,0,0,0,0,0,0,0,0,0,0,0,0,314.3132045088567,313.68663446054757,313.55475040257653,314.0410628019324,0.7584541062801947,-0.35442834138486096,7.621894832959201,0,0,0.00913256681827966,0.010891264595504836,0.009811429738499782,0.0042583650460872305,0.44854712440145494,0.4535343772156399,0.45130215831030923,0.4438679053222402,0.00538847392129165,0.007316689805550484,0.006787838868898113,0.0016234552491935865,0.4485261788978734,0.45307771668116,0.45151260165409285,0.44349739388946874,0.8732154541265853,0.8684661252298858,0.8700277876991696,0.873653527393507,0.07729468599033816,0.024154589371980676,0.043478260869565216,0.04095410628019325,0.07246376811594203,0.028985507246376812,0.04830917874396135,0.010869565217391302,8.260760064404723,8.20671172332311,8.225299990599042,8.235268040374018,0,0,0,0,0.15458937198067632,0.8115942028985508,65.77294685990339,4.2270531400966185,0,0,0],"sd":[74.40140768066819,869.1766173023522,309.99642915043876,600.9300534365045,4.5031669875160425,73.71593432950394,875.351301185849,320.96457214997423,581.3478926661774,3.7064066311620425,1.7329600683840751,1.9037371844788618,1,1,1,1,995.703489609656,990.473529077241,5.651052624325535,4.577013047093123,4.127428280369509,5.933215339864186,1,1,1,1,1,1,1,1,1,1,1,1,1,1,1,1,1,1,106.2039846874077,103.71952915676665,105.12912060751567,103.58149680701352,84.84999964209462,79.38828110356545,2.564047056918191,1,1,0.0879972332060848,0.10404021042474934,0.09621137441925755,0.10104457219949159,0.037972340831023674,0.046743851519141025,0.042105855209823205,0.04241347658623279,0.09520456443605044,0.11039509161884806,0.0996104935499427,0.10348762317796772,0.03817708306383012,0.044973622770080865,0.04021511948495225,0.041380422418258525,0.07663073582110133,0.08450213768800066,0.07877632122140317,0.08109562465292897,0.26705845335430417,0.1535289718074465,0.203931119992323,0.1827040294753237,0.25925425826084547,0.16776575221435083,0.2144187538277504,0.03888813873912676,1.0502856113034569,1.2671014058599868,1.1226461185559753,1.127390553271003,1,1,1,1,0.36151279099265105,0.3910358713980308,1.8075639549632563,1.8075639549632572,1,1,1]},"features":["off_1st_down_s2d","off_total_yds_s2d","off_rush_yds_s2d","off_pass_yds_s2d","off_turnovers_s2d","def_1st_down_s2d","def_total_yds_s2d","def_rush_yds_s2d","def_pass_yds_s2d","def_turnovers_s2d","wins_s2d","losses_s2d","home","sim_winrate_same_loc_s2d","sim_pointdiff_same_loc_s2d","sim_count_same_loc_s2d","off_total_yds_s2d_minus_opp","def_total_yds_s2d_minus_opp","off_turnovers_s2d_minus_opp","def_turnovers_s2d_minus_opp","elo_pre","elo_diff","rest_days","rest_diff","off_third_down_att_s2d","off_third_down_conv_s2d","off_third_down_pct_s2d","off_red_zone_att_s2d","off_red_zone_td_s2d","off_red_zone_td_pct_s2d","off_dropbacks_s2d","off_sacks_taken_s2d","off_sack_rate_s2d","off_pass_att_s2d","off_rush_att_s2d","off_neutral_pass_rate_s2d","off_third_down_pct_s2d_minus_opp","off_red_zone_td_pct_s2d_minus_opp","off_sack_rate_s2d_minus_opp","off_neutral_pass_rate_s2d_minus_opp","off_yds_for_3g","off_yds_for_5g","def_yds_against_3g","def_yds_against_5g","net_yds_3g","net_yds_5g","qb_ypa_3g","qb_sack_rate_3g","qb_qbr","off_epa_per_play_s2d","off_epa_per_play_w3","off_epa_per_play_w5","off_epa_per_play_exp","off_success_rate_s2d","off_success_rate_w3","off_success_rate_w5","off_success_rate_exp","def_epa_per_play_allowed_s2d","def_epa_per_play_allowed_w3","def_epa_per_play_allowed_w5","def_epa_per_play_allowed_exp","def_success_rate_allowed_s2d","def_success_rate_allowed_w3","def_success_rate_allowed_w5","def_success_rate_allowed_exp","rb_rush_share_s2d","rb_rush_share_w3","rb_rush_share_w5","rb_rush_share_exp","wr_target_share_s2d","wr_target_share_w3","wr_target_share_w5","wr_target_share_exp","te_target_share_s2d","te_target_share_w3","te_target_share_w5","te_target_share_exp","qb_aypa_s2d","qb_aypa_w3","qb_aypa_w5","qb_aypa_exp","qb_sack_rate_s2d","qb_sack_rate_w3","qb_sack_rate_w5","qb_sack_rate_exp","roof_dome","roof_outdoor","weather_temp_f","weather_wind_mph","weather_precip_pct","weather_impact_score","weather_extreme_flag"]},"decision_tree":{"params":{"depth":6,"minSamples":11},"alpha":2},"bt":{"coefficients":[0.23702496449461888,0.0012324407086919081,0.10988072174960362,-0.0020523913573975852,-0.05399688354870001,0.0027298079362866184,-0.00325298882196451,0.0033978794091493636,0.0032303155951370313,0.0037147856562066974],"intercept":0.07839457673373865,"scaler":{"mu":[2.0693166241294056,-9.397798760498437,-0.968966715541512,0,0.0030876395959745875,0,0,0,0,0],"sd":[56.7560528444973,476.62243166625666,14.495283340408484,1,0.1023728830937185,1,1,1,1,1]},"features":["diff_total_yards","diff_turnovers","diff_penalty_yards","diff_possession_seconds","diff_r_ratio","diff_elo_pre","diff_inj_out","diff_inj_skill_out","diff_inj_practice_dnp","diff_inj_out_trend"],"hyperparams":{"steps":1200,"learningRate":0.001,"l2":0.00001}},"ann":{"seeds":[1],"architecture":[92,128,64,32,1],"committee_size":1,"max_epochs":15,"dropout":0.5},"ensemble":{"weights":{"logistic":0.9,"tree":0,"bt":0,"ann":0.09999999999999998},"calibration":{"type":"platt","beta":-0.11291862846444269,"source":"platt"},"calibration_beta":-0.11291862846444269,"calibration_hash":"9d4dafd6a8342236b6f4f606c2036e14425ba73114376c87d58df45405619289","oof_variance":{"ann":{"mean":0.5153936621231164,"var":0.030551969186258222}}},"pca":[{"component":1,"explained_variance":0.19460313555858863,"top_loadings":[{"feature":"off_total_yds_s2d","loading":0.27258352520236306},{"feature":"off_1st_down_s2d","loading":0.27047487052984037},{"feature":"off_pass_yds_s2d","loading":0.26970371510314745},{"feature":"def_pass_yds_s2d","loading":0.2687296670434146},{"feature":"def_1st_down_s2d","loading":0.2665453356919561},{"feature":"def_total_yds_s2d","loading":0.2659145047802708},{"feature":"off_rush_yds_s2d","loading":0.24145490528362784},{"feature":"def_rush_yds_s2d","loading":0.2384786009817384},{"feature":"off_turnovers_s2d","loading":0.22723233156935166},{"feature":"def_turnovers_s2d","loading":0.1935765152029769}]},{"component":2,"explained_variance":0.16181792862454888,"top_loadings":[{"feature":"net_yds_5g",