{"season":2000,"week":12,"generated_at":"2025-11-07T00:06:44.357Z","feature_hash":"4e1dab39c9dc1bb6f55f60f7df832d3371e85b84","logistic":{"weights":[-0.20374908760029226,0.1330230305238124,0.0983965202778754,0.12071872282947992,0.036574989978532375,-0.053899898839511254,-0.06899111115843845,0.26200240550056697,-0.234826736796712,-0.2638828523223807,3.042323608459255,-2.563525686699385,0,0,0,0,0.9028281400482346,-0.5429280141078415,-0.8667933679849662,-0.0016797682616379768,-2.4287030471680633,-0.014079061016586675,0,0,0,0,0,0,0,0,0,0,0,0,0,0,0,0,0,0,0.05359065093888223,0.07406249839905814,-0.04547244134058905,0.24329637569173948,-0.00429903766171166,-0.41314699383830306,-0.5912208996425191,0,0,0,0,0,0,0,0,0,0,0,0,0,0,0,0,0,0,-0.14447277970879951,0.13308914931343907,0.014350860915731973,-0.2704345485125695,0.004590589222458608,0.14337492111397554,-0.10408428858803145,-0.240533608084389,-0.056923984612180144,-0.42543650791443904,-0.10688628189824759,-0.10897597322438772,-0.10617335074218337,0.5789629796912911,-0.04274955702098681,-0.2006934405107562,0,0,0,0,0.07796275904305355,-0.0779627590430536,0.07796275904305444,-0.07796275904305364,0,0,0],"bias":0.26913406328194894,"scaler":{"mu":[114.5253164556962,1362.860759493671,457.63291139240505,905.2278481012659,6.7974683544303796,116.34810126582279,1385.2911392405063,460.25949367088606,925.0316455696203,5.113924050632911,1.981012658227848,2.170886075949367,1,0,0,0,-25.101864834475744,2.55221791268437,0.14147045640495365,-0.005372363625956853,1449.7958990482946,-0.39978903132640436,0,0,0,0,0,0,0,0,0,0,0,0,0,0,0,0,0,0,292.2763713080166,293.1046413502111,298.1487341772152,296.3708860759495,-5.872362869198312,-3.2662447257383964,2.9177584850086964,0,0,0,0,0,0,0,0,0,0,0,0,0,0,0,0,0,0,0.7880899756730275,0.7942612589022054,0.7924555891482483,0.7789693304680463,0.6074078108546249,0.6003424578113583,0.6067233808231002,0.6057312057136587,0.15497037581920076,0.16023844841232876,0.15613128671293913,0.15239631034510076,3.2362240722096227,3.154059572517498,3.195530879023656,3.4430940455398407,0,0,0,0,0.1962025316455696,0.8037974683544303,65.98101265822785,4.018987341772152,0,0,0],"sd":[74.41397202471316,873.6138131555224,312.1942018621325,595.2410627374315,5.0425524650639595,78.40893510302091,943.9507556869653,337.4318530427215,630.4198864056979,3.8729419745892777,1.6127322479684092,2.0132253798467987,1,1,1,1,1001.3568683351972,1187.561290416442,6.407473031996018,4.709426765781897,3.404109938721546,4.8144967574854,1,1,1,1,1,1,1,1,1,1,1,1,1,1,1,1,1,1,117.73594494810904,115.72723840617172,114.31933736259218,111.67767856051783,75.7914247988419,70.49445771646865,2.2224306542882477,1,1,1,1,1,1,1,1,1,1,1,1,1,1,1,1,1,1,0.125181679725611,0.12543789746996065,0.12529328321063593,0.13570475067588578,0.08260111564089118,0.09421886719514962,0.08584511046545004,0.08349986935143126,0.07559955295208734,0.08275986287850277,0.07737384893072614,0.08082003216375597,1.6788276232892667,2.0092465637348114,1.783149185685311,1.9985011841173057,1,1,1,1,0.3971235301785066,0.3971235301785066,1.9856176508925327,1.98561765089253,1,1,1]},"features":["off_1st_down_s2d","off_total_yds_s2d","off_rush_yds_s2d","off_pass_yds_s2d","off_turnovers_s2d","def_1st_down_s2d","def_total_yds_s2d","def_rush_yds_s2d","def_pass_yds_s2d","def_turnovers_s2d","wins_s2d","losses_s2d","home","sim_winrate_same_loc_s2d","sim_pointdiff_same_loc_s2d","sim_count_same_loc_s2d","off_total_yds_s2d_minus_opp","def_total_yds_s2d_minus_opp","off_turnovers_s2d_minus_opp","def_turnovers_s2d_minus_opp","elo_pre","elo_diff","rest_days","rest_diff","off_third_down_att_s2d","off_third_down_conv_s2d","off_third_down_pct_s2d","off_red_zone_att_s2d","off_red_zone_td_s2d","off_red_zone_td_pct_s2d","off_dropbacks_s2d","off_sacks_taken_s2d","off_sack_rate_s2d","off_pass_att_s2d","off_rush_att_s2d","off_neutral_pass_rate_s2d","off_third_down_pct_s2d_minus_opp","off_red_zone_td_pct_s2d_minus_opp","off_sack_rate_s2d_minus_opp","off_neutral_pass_rate_s2d_minus_opp","off_yds_for_3g","off_yds_for_5g","def_yds_against_3g","def_yds_against_5g","net_yds_3g","net_yds_5g","qb_ypa_3g","qb_sack_rate_3g","qb_qbr","off_epa_per_play_s2d","off_epa_per_play_w3","off_epa_per_play_w5","off_epa_per_play_exp","off_success_rate_s2d","off_success_rate_w3","off_success_rate_w5","off_success_rate_exp","def_epa_per_play_allowed_s2d","def_epa_per_play_allowed_w3","def_epa_per_play_allowed_w5","def_epa_per_play_allowed_exp","def_success_rate_allowed_s2d","def_success_rate_allowed_w3","def_success_rate_allowed_w5","def_success_rate_allowed_exp","rb_rush_share_s2d","rb_rush_share_w3","rb_rush_share_w5","rb_rush_share_exp","wr_target_share_s2d","wr_target_share_w3","wr_target_share_w5","wr_target_share_exp","te_target_share_s2d","te_target_share_w3","te_target_share_w5","te_target_share_exp","qb_aypa_s2d","qb_aypa_w3","qb_aypa_w5","qb_aypa_exp","qb_sack_rate_s2d","qb_sack_rate_w3","qb_sack_rate_w5","qb_sack_rate_exp","roof_dome","roof_outdoor","weather_temp_f","weather_wind_mph","weather_precip_pct","weather_impact_score","weather_extreme_flag"]},"decision_tree":{"params":{"depth":6,"minSamples":8},"alpha":2},"bt":{"coefficients":[0.15259844163573513,-0.10264335159183906,0.1481673549738441,0.004687807383083218,-0.2092649437634605,-0.00011603069690692568,0.00205015777325137,-0.0036479909824953076,-0.0030607577856778534,-0.004481423684218144],"intercept":0.07306397670228544,"scaler":{"mu":[-3.853181000248202,16.611814936945237,-0.41402058291671107,0,0.004102222115539246,0,0,0,0,0],"sd":[73.86712608150627,525.6089273794663,15.824329191911062,1,0.09377132107480243,1,1,1,1,1]},"features":["diff_total_yards","diff_turnovers","diff_penalty_yards","diff_possession_seconds","diff_r_ratio","diff_elo_pre","diff_inj_out","diff_inj_skill_out","diff_inj_practice_dnp","diff_inj_out_trend"],"hyperparams":{"steps":1200,"learningRate":0.001,"l2":0.00001}},"ann":{"seeds":[1],"architecture":[92,128,64,32,1],"committee_size":1,"max_epochs":15,"dropout":0.5},"ensemble":{"weights":{"logistic":0.75,"tree":0.15,"bt":0,"ann":0.1},"calibration":{"type":"platt","beta":0.10449802114867157,"source":"platt"},"calibration_beta":0.10449802114867157,"calibration_hash":"bca59ff03b77d3834461bef1fc3888415c1f390953a4733bb659547f79ee52b5","oof_variance":{"ann":{"mean":0.446489378344681,"var":0.014027046290171041}}},"pca":[{"component":1,"explained_variance":0.26916410431487287,"top_loadings":[{"feature":"def_total_yds_s2d","loading":0.2783757998340244},{"feature":"def_pass_yds_s2d","loading":0.2767653814893014},{"feature":"def_1st_down_s2d","loading":0.2762215374858374},{"feature":"off_total_yds_s2d","loading":0.27178029948883775},{"feature":"off_1st_down_s2d","loading":0.27112797104400205},{"feature":"off_pass_yds_s2d","loading":0.270049233090524},{"feature":"def_rush_yds_s2d","loading":0.2616666016044334},{"feature":"off_turnovers_s2d","loading":0.2540235147762204},{"feature":"off_rush_yds_s2d","loading":0.24563758975455532},{"feature":"losses_s2d","loading":0.22191826952406457}]},{"component":2,"explained_variance":0.14148400446380752,"top_loadings":[{"feature":"wr_target_share_exp","loading":-0.3311586878064951},{"feature":"wr_target_share_w5","loading":-0.33101694654697666},{"feature":"wr_target_share_s2d","loading":-0.33081173698138844},{"feature":"wr_target_share_w3","loading":-0.32260081468187246},{"feature":"te_target_share_w5","loading":0.31696405160713076},{"feature":"te_target_share_w3","loading":0.31077656885471533},{"feature":"te_target_share_s2d","loading":0.3107669323556976},{"feature":"te_target_share_exp","loading":0.28563828465044916},{"feature":"qb_aypa_exp","loading":-0.17762637636209422},{"feature":"qb_aypa_s2d","loading":-0.16923031048018428}]},{"component":3,"explained_variance":0.11609528491174786,"top_loadings":[{"feature":"weather_wind_mph","loading":-0.34867975688763747},{"feature":"roof_dome","loading":0.3486797568876371},{"feature":"roof_outdoor","loading":-0.348679756887637},{"feature":"weather_temp_f",