{"season":2018,"week":7,"generated_at":"2025-11-07T00:39:43.003Z","feature_hash":"1ce29b4d7fa322bff902b5d9cdb709be4ff894b1","logistic":{"weights":[-0.35493631404295367,-0.49536543524444904,-0.28869340458787046,-0.4793969493383247,1.8253542276175083,0.6032016763650697,-0.023892386495979075,-0.4054931881211421,0.11526235352384552,-0.8059563499253026,2.9732218178386254,-2.4658356839308753,0,0,0,0,1.0905309510502221,-0.8884917309175305,-1.4147069278031215,0.6320894492207398,-3.4422484087577248,-0.28046590703896473,0,0,0,0,0,0,0,0,0,0,0,0,0,0,0,0,0,0,-0.3652817515460543,-0.14687614751962125,-0.01198513775148239,0.16147101416602247,-0.28895188093970436,-0.3136832091380075,0.15714755942102349,0,0,1.9721700357590453,1.1045223891893068,0.024860141996367546,-0.1618316303122841,0.2451112599226381,-0.1148548527957819,-0.1375560981983326,-0.23562395678904405,-1.973154055143678,-1.604496680310229,0.22726783736102746,1.0473418745241496,-0.05974237732001327,-0.08714900135083853,-0.19270209762938484,0.4298715180364268,-0.2944554114502716,0.41033092671043125,-0.5629581297348821,0.4504509556149095,-0.05867300144822415,0.47186742428149575,0.3147461107386892,-0.3062106224914926,-0.09594501561456853,0.057296160450411616,0.05052313174155309,-0.1689894738891565,-0.0034948841908618495,-0.26815247207755927,0.044887117020990734,0.03804905677392484,0,0,0,0,-0.03534068529820776,0.05296155673570123,-0.035340685298205804,0.03534068529820803,0,0,0,-0.059299817974854556,-0.1800444664792786,-0.14276812030470443,-0.023828777938416503,0.025135061094100672,-0.03791485891443645,0.18596103639442432,0.1713930439925253,0,-0.10623688642516484,0.0007701095462419203,-0.019085619756807413,0.07442765595293696,-0.15473661955294593,-0.24323292380046405,0.06803820892449497,-0.07788331670424556,0.049460285291866184,-0.19752010300475242,0.08853567394846548,0.16342772361190844,-0.02159715668371798,0.13445060363754002,-0.018722978796839453,-0.113806207108197,-0.02957309283248247,-0.036895416442828156,0.11978024166456774,-0.11179742364630901,0.20974427814548158,-0.1310497814483622,0.07561345677033664,0.10369308857787092,-0.18022217151119047,-0.06409016039619543,-0.02340496906836759,-0.1304402721045939,-0.08435125223773403,-0.07341507648107162,-0.03268602822385518,-0.09731215017162463],"bias":1.137075063509404,"scaler":{"mu":[109.07692307692308,1290.5714285714287,369.6373626373626,920.934065934066,4.78021978021978,108.62637362637362,1285.7362637362637,372.14285714285717,913.5934065934066,3.8131868131868134,1.7692307692307692,1.6373626373626373,1,0,0,0,64.95875286014426,38.08411167094842,-0.023166285219182438,0.18194870131140217,1449.8220219320278,-0.2463127651855487,0,0,0,0,0,0,0,0,0,0,0,0,0,0,0,0,0,0,313.1941391941391,311.47490842490845,314.56776556776543,312.8619047619048,-1.373626373626375,-1.3869963369963383,6.740633602974956,0,0,-0.017047639841446673,-0.008515293698073549,-0.015565231942828831,-0.03413927887726867,0.42965564025973757,0.43135626005774313,0.43024282845845074,0.4262782057481105,-0.018025308002906495,-0.01396727272653333,-0.015415460303381421,-0.03545256101196111,0.42607453571400505,0.42636337598375745,0.4261857277838522,0.42320328225785114,0.8341123836015575,0.8335389907887562,0.8338230368947317,0.8348948410580666,0.5836821763668103,0.5885152516858351,0.584412691661592,0.5811941732296284,0.18972562538163326,0.1895309949353355,0.1892926054518223,0.19005037358692511,8.06703433835959,8.044137226672891,8.063569802956263,8.1160936342675,0,0,0,0,0.0989010989010989,0.7472527472527473,65.49450549450549,4.5054945054945055,0,0,0,-0.27472527472527475,-2.5604395604395602,-1.3054945054945055,-1.6153846153846154,-0.41758241758241776,-0.01098901098901099,0.02197802197802198,0.21978021978021978,0,-0.026186813186813186,-4.637362637362638,-4.423076923076923,-1.7164835164835164,0,-3.809890109890108,-0.2670329670329669,-3.5714285714285716,-1.065934065934066,0.08791208791208792,-0.03296703296703297,-0.054945054945054944,0.07692307692307693,-0.01098901098901099,-0.32967032967032966,-0.06593406593406594,-0.022307692307692306,0.08791208791208792,-0.006164835164835165,0.06593406593406594,0.011890109890109891,-0.13186813186813187,0.2857142857142857,-0.42857142857142855,-0.12087912087912088,-0.6813186813186813,-0.03706593406593405,-0.02197802197802198,0.02197802197802198,0.011186813186813187,-0.07692307692307693,7.899999999999999],"sd":[57.89023922152982,679.8666990038876,207.1337899901455,503.65808658272476,2.839293356608906,60.16911119332302,691.5885652828539,212.49483879594263,498.4282103128271,2.796827433070471,1.1490743821687743,1.279736266755845,1,1,1,1,478.0655042288075,439.95367796854924,2.896880868250629,3.2445793392222457,1.8052023268069142,2.382519353737303,1,1,1,1,1,1,1,1,1,1,1,1,1,1,1,1,1,1,152.42321324636526,150.84547572953107,149.27503477178774,147.40475193519094,73.42511048830214,69.65823076684141,3.365027720985925,1,1,0.10431665034002853,0.10843561128736204,0.1045903380481095,0.12152058567760776,0.04975620731708766,0.05094155947234232,0.049849186085911434,0.05664437624824239,0.1018231613587637,0.10754574985208656,0.10259270554640694,0.11958146683433675,0.0444726356673275,0.046292048631914134,0.04479205523497658,0.05302780315047173,0.08220362733098424,0.08423550162601556,0.08265091404312952,0.08447690507010745,0.11526357850213506,0.11542599140659744,0.11482618620134416,0.12526386531090417,0.07546238097395853,0.07802896435818925,0.0758954562649197,0.0771304234300902,1.4026052953589734,1.4112401937798693,1.398836153875136,1.6929663618138664,1,1,1,1,0.29852918037815657,0.43458725128099324,1.4926459018907838,1.4926459018907823,1,1,1,1.8814650246049591,10.661844047260553,7.2209001088394755,7.345132545081695,4.751855471185075,0.34750303957894285,0.29568404499063117,1.1934086171638076,1,0.43417905133402795,12.660847743014319,10.347246561847518,7.33191523688982,0.3922322702763681,37.88532452379996,14.5953481596025,10.852804222764048,10.554726244936095,2.1311316276216936,0.3765239933848754,0.37394944015766074,0.3390604092426708,0.6375520749169351,2.546512137638784,0.64283366163559,0.2173724050294816,1.7891513836425776,0.07324837525652075,4.035017594095928,0.128683225556202,2.414283463463115,6.536937674486853,3.9394953019275127,2.6095141429605855,6.43117257416266,0.1811434864566374,0.29568404499063133,0.6458323188973678,0.3299591354014903,0.3986452120267487,40.107454570041135]},