{"season":2015,"week":18,"generated_at":"2025-11-07T00:34:54.560Z","feature_hash":"44b83448f10c661d10e539f7337742aedd33fc52","logistic":{"weights":[-0.228561141961525,-0.5084865220772935,-0.25439365497633015,-0.5415809501459851,2.005739337587167,1.1880349032418722,0.2661745487842178,0.19643402861275197,0.21372470049098802,-1.5090234667125733,3.116973145910766,-2.4900502274611784,0,0,0,0,0.7223899222033,-1.152709418948192,-1.2149946884073886,0.8760416234444948,-3.2004288648202137,-0.2320487745086344,0,0,0,0,0,0,0,0,0,0,0,0,0,0,0,0,0,0,-0.5375981209601417,-0.3543180593870683,-0.30601302347474224,-0.17784783416299332,-0.0814541499661873,-0.05103121799255011,-0.02208916268864427,0,0,1.7752088655126257,1.0727677930434398,0.413928686550123,-0.43289416871671976,-0.24018762875921765,-0.34365728030048187,-0.14456625815021074,-0.4783069784655863,-2.1361557034901093,-0.8926442085544,0.7232051891444323,0.34720865658707784,-0.49669062757555893,0.18371549879938293,0.4251206289172256,-0.07096747087280639,-0.2639233903618356,0.5265941501689194,-0.2666622746677532,0.13377432174828346,0.05291042327085235,1.0015619558518083,0.2833292848016651,-0.1009100653982023,0.2199183738587638,0.22475762998500382,0.43477124972485576,-0.2539557150562341,0.11064298805211961,-0.46104262286518827,-0.050679353185114254,-0.16770445321504232,0,0,0,0,0.11316589211151334,0.3602343850162797,0.11316589211151418,-0.11316589211151287,0,0,0],"bias":0.5232352324232765,"scaler":{"mu":[149.765625,1810.30859375,542.2421875,1268.06640625,6.55859375,150.66015625,1791.95703125,522.9375,1269.01953125,4.98046875,2.4921875,2.40234375,1,0,0,0,31.33589162222373,14.968930481878886,0.14702080818781346,-0.07666465634236992,1449.9365919184663,-0.17477866109316498,0,0,0,0,0,0,0,0,0,0,0,0,0,0,0,0,0,0,341.6803385416668,343.2848958333334,346,346.46367187500005,-4.319661458333334,-3.1787760416666653,7.794747267236797,0,0,-0.004968979073475505,-0.010545404105986183,-0.009471074611385443,-0.010042926675787317,0.42997919638121174,0.42706552354795646,0.42748881598545324,0.428491034358533,-0.0035787455678983468,-0.006311491066172583,-0.004066911965331985,-0.00884050291944994,0.42919759859411505,0.4267477114798307,0.42825160336892615,0.42817992517432024,0.8468662776360603,0.8443889915154691,0.8460324602525148,0.8431275598421506,0.5818381596854794,0.5817147013172884,0.5797893656736339,0.5770334408064666,0.22137696141947602,0.22359557719296927,0.22384202900443442,0.2218980864181118,8.210787592879967,8.369064025634213,8.327845156443374,8.082441456666814,0,0,0,0,0.125,0.765625,65.625,4.375,0,0,0],"sd":[87.56149485281401,1052.6690048045243,344.46314085503377,746.6593879969366,4.497881920688997,89.84047132264827,1065.3303597933536,320.762927204423,765.1200756007388,3.7096276471195107,1.9605328267702506,1.9640903128002891,1,1,1,1,1082.7185478272454,1093.6503384913538,5.526825121697942,4.7337164448065625,4.577176792919454,6.556829891498729,1,1,1,1,1,1,1,1,1,1,1,1,1,1,1,1,1,1,100.22530785575695,97.78353638971153,101.42538286805015,98.42658279262062,70.29019497859176,60.18578213463855,2.4935883106176338,1,1,0.07427288275179839,0.09181039370743156,0.08336778760097592,0.08510714297510523,0.03090589581513083,0.04092485008478736,0.035877524606244014,0.03640011551100154,0.07027424551016996,0.08992751180146562,0.08005536956408499,0.08035616051935768,0.030038947415338826,0.040801855113943894,0.03585724748323948,0.03640140609557781,0.0837267927070957,0.08833857038104778,0.08360114021710235,0.08637995313367093,0.09269292229081677,0.0990060787090084,0.09462049525826251,0.09594997044584688,0.07954619471499948,0.0881991261725943,0.08403125269809379,0.07898934535799465,1.339673193422342,1.5284572526119944,1.4446048948569323,1.4315583660119564,1,1,1,1,0.33071891388307384,0.4236075534914362,1.653594569415369,1.653594569415369,1,1,1]},"features":["off_1st_down_s2d","off_total_yds_s2d","off_rush_yds_s2d","off_pass_yds_s2d","off_turnovers_s2d","def_1st_down_s2d","def_total_yds_s2d","def_rush_yds_s2d","def_pass_yds_s2d","def_turnovers_s2d","wins_s2d","losses_s2d","home","sim_winrate_same_loc_s2d","sim_pointdiff_same_loc_s2d","sim_count_same_loc_s2d","off_total_yds_s2d_minus_opp","def_total_yds_s2d_minus_opp","off_turnovers_s2d_minus_opp","def_turnovers_s2d_minus_opp","elo_pre","elo_diff","rest_days","rest_diff","off_third_down_att_s2d","off_third_down_conv_s2d","off_third_down_pct_s2d","off_red_zone_att_s2d","off_red_zone_td_s2d","off_red_zone_td_pct_s2d","off_dropbacks_s2d","off_sacks_taken_s2d","off_sack_rate_s2d","off_pass_att_s2d","off_rush_att_s2d","off_neutral_pass_rate_s2d","off_third_down_pct_s2d_minus_opp","off_red_zone_td_pct_s2d_minus_opp","off_sack_rate_s2d_minus_opp","off_neutral_pass_rate_s2d_minus_opp","off_yds_for_3g","off_yds_for_5g","def_yds_against_3g","def_yds_against_5g","net_yds_3g","net_yds_5g","qb_ypa_3g","qb_sack_rate_3g","qb_qbr","off_epa_per_play_s2d","off_epa_per_play_w3","off_epa_per_play_w5","off_epa_per_play_exp","off_success_rate_s2d","off_success_rate_w3","off_success_rate_w5","off_success_rate_exp","def_epa_per_play_allowed_s2d","def_epa_per_play_allowed_w3","def_epa_per_play_allowed_w5","def_epa_per_play_allowed_exp","def_success_rate_allowed_s2d","def_success_rate_allowed_w3","def_success_rate_allowed_w5","def_success_rate_allowed_exp","rb_rush_share_s2d","rb_rush_share_w3","rb_rush_share_w5","rb_rush_share_exp","wr_target_share_s2d","wr_target_share_w3","wr_target_share_w5","wr_target_share_exp","te_target_share_s2d","te_target_share_w3","te_target_share_w5","te_target_share_exp","qb_aypa_s2d","qb_aypa_w3","qb_aypa_w5","qb_aypa_exp","qb_sack_rate_s2d","qb_sack_rate_w3","qb_sack_rate_w5","qb_sack_rate_exp","roof_dome","roof_outdoor","weather_temp_f","weather_wind_mph","weather_precip_pct","weather_impact_score","weather_extreme_flag"]},"decision_tree":{"params":{"depth":6,"minSamples":14},"alpha":2},"bt":{"coefficients":[0.04314597845570502,-0.06554903667802962,-0.048871042834728956,-0.0009001740126863722,-0.04772385740400895,0.0012859078189728218,-0.0019081543874983592,-0.001977483692235392,-0.0011409052051566376,-0.0026778721871316092],"intercept":0.07052802319653595,"scaler":{"mu":[-2.105891177186893,3.5281188148561577,0.23351831608954776,0,0.001843961182210611,0,0,0,0,0],"sd":[43.679870280087464,469.28329408167315,13.593044588109995,1,0.07950769180930255,1,1,1,1,1]},"features":["diff_total_yards","diff_turnovers","diff_penalty_yards","diff_possession_seconds","diff_r_ratio","diff_elo_pre","diff_inj_out","diff_inj_skill_out","diff_inj_practice_dnp","diff_inj_out_trend"],"hyperparams":{"steps":1200,"learningRate":0.001,"l2":0.00001}},"ann":{"seeds":[1],"architecture":[92,128,64,32,1],"committee_size":1,"max_epochs":15,"dropout":0.5},"ensemble":{"weights":{"logistic":0.9,"tree":0,"bt":0,"ann":0.09999999999999998},"calibration":{"type":"platt","beta":0.1464387750397683,"source":"platt"},"calibration_beta":0.1464387750397683,"calibration_hash":"3b283b0ede84aea6f6301fc4cce259e4bbed0d405cd764748c4aa5ab7669f906","oof_variance":{"ann":{"mean":0.47226856850046417,"var":0.0342722126724843}}},"pca":[{"component":1,"explained_variance":0.1914698358968039,"top_loadings":[{"feature":"off_total_yds_s2d","loading":0.2807549364911944},{"feature":"off_1st_down_s2d","loading":0.2764687057024762},{"feature":"def_pass_yds_s2d","loading":0.2759678897713267},{"feature":"off_pass_yds_s2d","loading":0.2747520570786775},{"feature":"def_total_yds_s2d","loading":0.2742960210705855},{"feature":"def_1st_down_s2d","loading":0.2737075217346107},{"feature":"off_rush_yds_s2d","loading":0.2624252237162313},{"feature":"def_rush_yds_s2d","loading":0.2527327794341223},{"feature":"def_turnovers_s2d","loading":0.2369720847739084},{"feature":"off_turnovers_s2d","loading":0.2200083016305682}]},{"component":2,"explained_variance":0.1648277707636959,"top_loadings":[{"feature":"def_epa_per_play_allowed_w5","loading":-0.2318146859661645},{"feature":"def_success_rate_allowed_w5","loading":-0.2223176141659046},{"feature":"def_epa_per_play_allowed_s2d",