{"season":2011,"week":4,"generated_at":"2025-11-07T00:26:42.109Z","feature_hash":"2c6b6961b5f4f77a0cad3c0e53c89cdebbd06a8f","logistic":{"weights":[-0.24077140014802043,-0.4498544765206149,-0.09439599098320703,-0.5490730000999205,1.2349848909491388,0.8204045847297905,0.034453755109789944,0.35565243055961077,-0.17928350131371518,-0.48394274515618535,2.989895914444894,-2.594030237526966,0,0,0,0,0.7126122277496826,-0.8895428129618617,-1.072376113363641,0.8629639992570199,-4.256951210660298,0.10442107947828128,0,0,0,0,0,0,0,0,0,0,0,0,0,0,0,0,0,0,-0.3281457395680803,0.10484787205240122,-0.00010250850265357275,0.1714581785658532,-0.2780064977624462,0.10030659789522942,-0.16123532337623053,0,0,1.8004432076107182,1.3661587563741395,-0.004839251017683703,-0.5825619539119494,0.5584976232649675,0.05888659400800442,-0.6516959735729796,0.43043412296879646,-1.598238310741475,-0.21422266588751804,-0.10349366131826525,0.35683854837086687,-0.5618146603779274,0.5846776257770294,0.1143665156886047,-0.46379045754857606,-0.09673641349668717,0.38466376220901927,0.19683407656622995,0.3337325806358047,-0.02038443481567658,0.0241910826096011,-0.13832975909394163,-0.4770962629782919,-0.31531167667219945,0.024342908417180856,-0.32119390511522244,0.11753525800211144,0.7887257485976988,-0.490637979758184,-0.07255670689970557,0.03768026117996091,0,0,0,0,0.073740266445598,-0.2187241402220278,0.07374026644559976,-0.07374026644559785,0,0,0],"bias":0.6771845580108792,"scaler":{"mu":[64,737.4583333333334,208.75,528.7083333333334,2.8958333333333335,62.583333333333336,734.7708333333334,211.1875,523.5833333333334,1.9166666666666667,1.0208333333333333,0.9791666666666666,1,0,0,0,6.736451078080331,1.1372885882037405,-0.3665451638705635,-0.3660654878875156,1449.6876873816207,-0.6246252367587886,0,0,0,0,0,0,0,0,0,0,0,0,0,0,0,0,0,0,251.71875,251.71875,246.54166666666666,246.54166666666666,5.177083333333333,5.177083333333333,5.672764868092834,0,0,0.0006146441033149679,0.0006146441033149679,0.0006146441033149679,-0.010987482079654604,0.4317604969023036,0.4317604969023036,0.4317604969023036,0.4279480700705331,-0.006912107612014488,-0.006912107612014488,-0.006912107612014488,-0.009628464556014476,0.434982716881779,0.434982716881779,0.434982716881779,0.43226100775338344,0.8368185501225632,0.8368185501225632,0.8368185501225632,0.8322112412091364,0.5839173271190373,0.5839173271190373,0.5839173271190373,0.5794464807962024,0.21235402630983272,0.21235402630983272,0.21235402630983272,0.2158582386590422,8.212686058909922,8.212686058909922,8.212686058909922,8.332476956595068,0,0,0,0,0.16666666666666666,0.75,65.83333333333333,4.166666666666667,0,0,0],"sd":[29.314387821227538,330.2116719074129,122.64234926538767,257.55209491910995,1.8956043817796533,28.56705075587763,317.88292129226693,106.69049009674355,239.37495285755264,1.5920810978785667,0.7770023416238132,0.8777239347058708,1,1,1,1,212.35521898517925,173.81511353020417,2.537955185501,2.1267495074509473,1.0970957347561865,1.5703549593796382,1,1,1,1,1,1,1,1,1,1,1,1,1,1,1,1,1,1,193.47361755573849,193.47361755573849,183.93691834581642,183.93691834581642,69.9526245623402,69.9526245623402,4.352438030286181,1,1,0.11382993265009471,0.11382993265009471,0.11382993265009471,0.1273905779807176,0.05546529377199924,0.05546529377199924,0.05546529377199924,0.05825960569996055,0.1125006335073503,0.1125006335073503,0.1125006335073503,0.1255774581030472,0.052587165242342415,0.052587165242342415,0.052587165242342415,0.05864256217783041,0.12120850893368285,0.12120850893368285,0.12120850893368285,0.13167387726833701,0.10889625531068081,0.10889625531068081,0.10889625531068081,0.10492021818683861,0.07508031572145502,0.07508031572145502,0.07508031572145502,0.06957142952475172,1.545112482909624,1.545112482909624,1.545112482909624,1.9096404028404277,1,1,1,1,0.3726779962499649,0.4330127018922193,1.8633899812498247,1.8633899812498254,1,1,1]},"features":["off_1st_down_s2d","off_total_yds_s2d","off_rush_yds_s2d","off_pass_yds_s2d","off_turnovers_s2d","def_1st_down_s2d","def_total_yds_s2d","def_rush_yds_s2d","def_pass_yds_s2d","def_turnovers_s2d","wins_s2d","losses_s2d","home","sim_winrate_same_loc_s2d","sim_pointdiff_same_loc_s2d","sim_count_same_loc_s2d","off_total_yds_s2d_minus_opp","def_total_yds_s2d_minus_opp","off_turnovers_s2d_minus_opp","def_turnovers_s2d_minus_opp","elo_pre","elo_diff","rest_days","rest_diff","off_third_down_att_s2d","off_third_down_conv_s2d","off_third_down_pct_s2d","off_red_zone_att_s2d","off_red_zone_td_s2d","off_red_zone_td_pct_s2d","off_dropbacks_s2d","off_sacks_taken_s2d","off_sack_rate_s2d","off_pass_att_s2d","off_rush_att_s2d","off_neutral_pass_rate_s2d","off_third_down_pct_s2d_minus_opp","off_red_zone_td_pct_s2d_minus_opp","off_sack_rate_s2d_minus_opp","off_neutral_pass_rate_s2d_minus_opp","off_yds_for_3g","off_yds_for_5g","def_yds_against_3g","def_yds_against_5g","net_yds_3g","net_yds_5g","qb_ypa_3g","qb_sack_rate_3g","qb_qbr","off_epa_per_play_s2d","off_epa_per_play_w3","off_epa_per_play_w5","off_epa_per_play_exp","off_success_rate_s2d","off_success_rate_w3","off_success_rate_w5","off_success_rate_exp","def_epa_per_play_allowed_s2d","def_epa_per_play_allowed_w3","def_epa_per_play_allowed_w5","def_epa_per_play_allowed_exp","def_success_rate_allowed_s2d","def_success_rate_allowed_w3","def_success_rate_allowed_w5","def_success_rate_allowed_exp","rb_rush_share_s2d","rb_rush_share_w3","rb_rush_share_w5","rb_rush_share_exp","wr_target_share_s2d","wr_target_share_w3","wr_target_share_w5","wr_target_share_exp","te_target_share_s2d","te_target_share_w3","te_target_share_w5","te_target_share_exp","qb_aypa_s2d","qb_aypa_w3","qb_aypa_w5","qb_aypa_exp","qb_sack_rate_s2d","qb_sack_rate_w3","qb_sack_rate_w5","qb_sack_rate_exp","roof_dome","roof_outdoor","weather_temp_f","weather_wind_mph","weather_precip_pct","weather_impact_score","weather_extreme_flag"]},"decision_tree":{"params":{"depth":6,"minSamples":8},"alpha":6},"bt":{"coefficients":[0.12754010233113477,-0.017432144535415726,0.007852869517946802,-0.004322327564206848,0.11955643472228265,0.0021709663596103067,-0.003790436340865343,-0.004094731852443644,0.004589023342038534,-0.001631986936297168],"intercept":0.15137196073492984,"scaler":{"mu":[-1.6384648764476435,-8.076142393360856,-0.5965298202614376,0,0.015445830242643383,0,0,0,0,0],"sd":[46.323253336614066,434.1480446221293,16.222040946428436,1,0.08596765239037432,1,1,1,1,1]},"features":["diff_total_yards","diff_turnovers","diff_penalty_yards","diff_possession_seconds","diff_r_ratio","diff_elo_pre","diff_inj_out","diff_inj_skill_out","diff_inj_practice_dnp","diff_inj_out_trend"],"hyperparams":{"steps":1200,"learningRate":0.001,"l2":0.00001}},"ann":{"seeds":[1],"architecture":[92,128,64,32,1],"committee_size":1,"max_epochs":15,"dropout":0.5},"ensemble":{"weights":{"logistic":0.9473684210526316,"tree":0,"bt":0,"ann":0.05263157894736841},"calibration":{"type":"platt","beta":0.6891451184006425,"source":"platt"},"calibration_beta":0.6891451184006425,"calibration_hash":"7685469882cfeaafeee3decda20051083231b0a6cd1bf2b34ac4862cb532eea0","oof_variance":{"ann":{"mean":0.5165968908365409,"var":0.014410767384357627}}},"pca":[{"component":1,"explained_variance":0.22290239562454758,"top_loadings":[{"feature":"def_total_yds_s2d","loading":-0.2414269230246433},{"feature":"off_total_yds_s2d","loading":-0.23492866044035104},{"feature":"def_pass_yds_s2d","loading":-0.23389579078957415},{"feature":"def_yds_against_3g","loading":-0.23027784056055908},{"feature":"def_yds_against_5g","loading":-0.23027784056055908},{"feature":"off_1st_down_s2d","loading":-0.2290734085954205},{"feature":"off_yds_for_3g","loading":-0.22876494506735726},{"feature":"off_yds_for_5g","loading":-0.22876494506735726},{"feature":"def_1st_down_s2d","loading":-0.22655279176095228},{"feature":"off_pass_yds_s2d","loading":-0.20861882734464893}]},{"component":2,"explained_variance":0.16833296984258647,"top_loadings":[{"feature":"wins_s2d","loading":-0.24532401295659506},{"feature":"off_epa_per_play_s2d",