{"season":2014,"week":4,"generated_at":"2025-11-07T00:32:21.049Z","feature_hash":"1d1a290ad234a594ca6de0bb31d55cd0d43714b2","logistic":{"weights":[-0.21987161984190212,-0.7089976217257122,-0.6753449502970731,-0.657700681167835,1.6582560314965975,0.9709362291999669,0.023834335427599936,0.5152167331858278,-0.28352304082104124,-0.642052190728749,3.0329586692816637,-2.7328675840175656,0,0,0,0,1.0583543603717698,-0.8249442692481306,-1.005173620739666,1.0303948302228174,-3.4460713209102387,-0.2245010414122581,0,0,0,0,0,0,0,0,0,0,0,0,0,0,0,0,0,0,-0.1544070375409711,-0.20614461542498883,0.015552279278573954,0.28386131431033723,-0.030761963241925254,-0.6353337086872684,0.43731938827097444,0,0,2.039155824801627,1.188938997123433,-0.03166387181981291,0.10244615180401942,0.6405213874082506,-0.006610297554280306,-0.3604633149862018,0.45088100078691323,-1.9783941870411448,-1.1391794801782706,0.3345741727419415,0.5479527448834712,-0.7540539225088718,0.1398685943496815,0.3041579474521854,-0.36742378822631805,-0.356988112855664,-0.07252916055424487,-0.3978592835177685,0.7014278070218944,-0.47497142079302057,0.24883140321334482,-0.1870959120160701,-0.2879845414884746,0.3435587246976432,0.02586081607289583,-0.13142537774059465,-0.2624885608212907,0.3669090348921902,-0.3660251493309469,0.31775683716186603,-0.1653730118071992,0,0,0,0,-0.0020353839356252647,-0.029832349873886412,-0.0020353839356242608,0.0020353839356255232,0,0,0],"bias":1.3209920721292956,"scaler":{"mu":[63.395833333333336,740.0833333333334,231.08333333333334,509,2.5,62.604166666666664,715.8333333333334,220.95833333333334,494.875,2.0416666666666665,1.1041666666666667,0.8958333333333334,1,0,0,0,27.311644988393283,-22.892085985750924,-0.06476713786382159,0.06478546491652225,1450.0517085700922,0.10341714018424379,0,0,0,0,0,0,0,0,0,0,0,0,0,0,0,0,0,0,236.72916666666666,236.72916666666666,251.10416666666666,251.10416666666666,-14.375,-14.375,5.334353931736486,0,0,-0.008265040952263712,-0.008265040952263712,-0.008265040952263712,-0.013212589599683662,0.43308917266357344,0.43308917266357344,0.43308917266357344,0.42680079441738544,-0.015563986220005798,-0.015563986220005798,-0.015563986220005798,-0.020045738432252616,0.4241839720513219,0.4241839720513219,0.4241839720513219,0.4231351630441131,0.8280051044870887,0.8280051044870887,0.8280051044870887,0.8238489442265372,0.5936430045054556,0.5936430045054556,0.5936430045054556,0.5874639910366033,0.2250657447691327,0.2250657447691327,0.2250657447691327,0.23258610344556466,8.326228334419762,8.326228334419762,8.326228334419762,8.282055989596392,0,0,0,0,0.14583333333333334,0.75,65.72916666666667,4.270833333333333,0,0,0],"sd":[27.59811254365454,307.9833486660529,110.34771431957961,220.5741560866398,1.8819316317727024,29.29002929278532,322.35302421758394,116.98574669828609,231.16765425768372,1.6703085210689537,0.8225869592666513,0.7968579791210532,1,1,1,1,165.65799464464627,149.4986097076637,2.1781625394224884,2.3273199148550825,1.2478083232968928,1.7631544978121243,1,1,1,1,1,1,1,1,1,1,1,1,1,1,1,1,1,1,175.90163439445038,175.90163439445038,184.83993521234947,184.83993521234947,78.6566576436265,78.6566576436265,3.9310120707918896,1,1,0.09414906485093084,0.09414906485093084,0.09414906485093084,0.10542476732422594,0.045740983812072,0.045740983812072,0.045740983812072,0.051791214182329966,0.09947050450245405,0.09947050450245405,0.09947050450245405,0.10476436042824663,0.04691942069181209,0.04691942069181209,0.04691942069181209,0.05395760776401096,0.09520150465286714,0.09520150465286714,0.09520150465286714,0.09821920792047795,0.09218177198814487,0.09218177198814487,0.09218177198814487,0.09037916244029522,0.0772032066450897,0.0772032066450897,0.0772032066450897,0.07617827911406656,1.3418133271372847,1.3418133271372847,1.3418133271372847,1.4479973151360712,1,1,1,1,0.3529390488770294,0.4330127018922193,1.7646952443851474,1.7646952443851467,1,1,1]},"features":["off_1st_down_s2d","off_total_yds_s2d","off_rush_yds_s2d","off_pass_yds_s2d","off_turnovers_s2d","def_1st_down_s2d","def_total_yds_s2d","def_rush_yds_s2d","def_pass_yds_s2d","def_turnovers_s2d","wins_s2d","losses_s2d","home","sim_winrate_same_loc_s2d","sim_pointdiff_same_loc_s2d","sim_count_same_loc_s2d","off_total_yds_s2d_minus_opp","def_total_yds_s2d_minus_opp","off_turnovers_s2d_minus_opp","def_turnovers_s2d_minus_opp","elo_pre","elo_diff","rest_days","rest_diff","off_third_down_att_s2d","off_third_down_conv_s2d","off_third_down_pct_s2d","off_red_zone_att_s2d","off_red_zone_td_s2d","off_red_zone_td_pct_s2d","off_dropbacks_s2d","off_sacks_taken_s2d","off_sack_rate_s2d","off_pass_att_s2d","off_rush_att_s2d","off_neutral_pass_rate_s2d","off_third_down_pct_s2d_minus_opp","off_red_zone_td_pct_s2d_minus_opp","off_sack_rate_s2d_minus_opp","off_neutral_pass_rate_s2d_minus_opp","off_yds_for_3g","off_yds_for_5g","def_yds_against_3g","def_yds_against_5g","net_yds_3g","net_yds_5g","qb_ypa_3g","qb_sack_rate_3g","qb_qbr","off_epa_per_play_s2d","off_epa_per_play_w3","off_epa_per_play_w5","off_epa_per_play_exp","off_success_rate_s2d","off_success_rate_w3","off_success_rate_w5","off_success_rate_exp","def_epa_per_play_allowed_s2d","def_epa_per_play_allowed_w3","def_epa_per_play_allowed_w5","def_epa_per_play_allowed_exp","def_success_rate_allowed_s2d","def_success_rate_allowed_w3","def_success_rate_allowed_w5","def_success_rate_allowed_exp","rb_rush_share_s2d","rb_rush_share_w3","rb_rush_share_w5","rb_rush_share_exp","wr_target_share_s2d","wr_target_share_w3","wr_target_share_w5","wr_target_share_exp","te_target_share_s2d","te_target_share_w3","te_target_share_w5","te_target_share_exp","qb_aypa_s2d","qb_aypa_w3","qb_aypa_w5","qb_aypa_exp","qb_sack_rate_s2d","qb_sack_rate_w3","qb_sack_rate_w5","qb_sack_rate_exp","roof_dome","roof_outdoor","weather_temp_f","weather_wind_mph","weather_precip_pct","weather_impact_score","weather_extreme_flag"]},"decision_tree":{"params":{"depth":6,"minSamples":8},"alpha":6},"bt":{"coefficients":[0.19152535339898863,0.00044130003356144013,0.0024196659037856133,-0.0020765950916935443,0.04898165315196315,0.0032217267464435544,-0.003227570876617246,-0.0038515250029612304,-0.004037082436644447,0.0021398379312696247],"intercept":0.08651390401667301,"scaler":{"mu":[-5.070571931257888,-42.16513569974773,2.2165514634216255,0,0.0010751747496004864,0,0,0,0,0],"sd":[50.53552403934184,415.21514194574047,15.0110175614825,1,0.08228216835293889,1,1,1,1,1]},"features":["diff_total_yards","diff_turnovers","diff_penalty_yards","diff_possession_seconds","diff_r_ratio","diff_elo_pre","diff_inj_out","diff_inj_skill_out","diff_inj_practice_dnp","diff_inj_out_trend"],"hyperparams":{"steps":1200,"learningRate":0.001,"l2":0.00001}},"ann":{"seeds":[1],"architecture":[92,128,64,32,1],"committee_size":1,"max_epochs":15,"dropout":0.5},"ensemble":{"weights":{"logistic":0.9473684210526316,"tree":0,"bt":0,"ann":0.05263157894736841},"calibration":{"type":"platt","beta":-0.20053102431832773,"source":"platt"},"calibration_beta":-0.20053102431832773,"calibration_hash":"d846ae2d3ee3f7d174113f174d7f4e09118d52dee975d1ec6f61c155f32282ef","oof_variance":{"ann":{"mean":0.5743680635811842,"var":0.011500065018263965}}},"pca":[{"component":1,"explained_variance":0.22529453015090029,"top_loadings":[{"feature":"def_1st_down_s2d","loading":-0.21891618631694693},{"feature":"def_total_yds_s2d","loading":-0.21733701877855238},{"feature":"def_pass_yds_s2d","loading":-0.21009351891371802},{"feature":"def_yds_against_3g","loading":-0.2026632130313479},{"feature":"def_yds_against_5g","loading":-0.2026632130313479},{"feature":"off_total_yds_s2d","loading":-0.20086994318964857},{"feature":"qb_ypa_3g","loading":-0.19804165302070992},{"feature":"off_1st_down_s2d","loading":-0.19799448866426997},{"feature":"off_yds_for_3g","loading":-0.1936529732393823},{"feature":"off_yds_for_5g","loading":-0.1936529732393823}]},{"component":2,"explained_variance":0.15652137135529637,"top_loadings":[{"feature":"off_yds_for_3g","loading":0.19169043186055593},{"feature":"off_yds_for_5g",