{"season":2005,"week":14,"generated_at":"2025-11-07T00:15:48.527Z","feature_hash":"1c5b88619eb8e019f7ee797f8dc3016e167689b4","logistic":{"weights":[-0.4146310692779228,-0.30805094001490313,-0.675870490163403,-0.06138869716043286,1.0985054992966636,0.7595746603887098,-0.028218286617006216,0.15900406162524366,-0.12790229674125264,-0.5847244262359057,3.2290476123489014,-3.0736387644058767,0,0,0,0,0.9299541072581013,-0.8325604585094055,-0.8257880270793658,0.7216166918263097,-2.8333812639400793,0.349751675028268,0,0,0,0,0,0,0,0,0,0,0,0,0,0,0,0,0,0,0.1783827568351967,0.48460330430458926,0.53129757774108,0.41109513407666515,-0.4031781393066074,0.13041541548265248,-1.4538168571934738,0,0,0.7996883635718317,0.7119841778164344,0.6555166114772831,-0.2263694179802432,-0.07400049830320238,0.15602546716220636,-0.31200612969985536,-0.48593494108636154,-1.1559932930701453,-0.05297564910475164,-0.2189645196586663,0.25007682553080657,-0.6304144033181253,-0.39499940848835974,0.3565538732179237,-0.1348622239562564,-0.2554270679178874,-0.030735428043889266,0.011123345093987769,0.18727544246645694,0.0037498106878333937,-0.492319735124809,-0.2998046550096906,0.19007605621017562,0.25720373220011244,0.19184051036623798,-0.267477820614836,0.03947160467440964,0.2906905053174914,0.3892827209931739,-0.1520210053251917,0.03286304062684551,0,0,0,0,0.04142326178721993,0.10648868756567544,0.04142326178722122,-0.04142326178722005,0,0,0],"bias":1.2991625997118885,"scaler":{"mu":[111.73958333333333,1328.625,458.1197916666667,870.5052083333334,6.635416666666667,110.74479166666667,1320.9114583333333,444,876.9114583333334,4.630208333333333,2.015625,1.9947916666666667,1,0,0,0,48.174473908640216,26.209046872037046,0.3307252820437346,0.10543625139860857,1449.849008707303,-0.2638012961041376,0,0,0,0,0,0,0,0,0,0,0,0,0,0,0,0,0,0,304.3133680555555,303.97734375000016,307.62760416666663,308.3072048611112,-3.314236111111107,-4.329861111111109,6.2772672727970225,0,0,-0.000015466991460972787,0.002660000225807053,0.000006150018979649572,-0.0065728985761501525,0.44394815811600147,0.44756059252450675,0.4462991453812743,0.4443546452736347,-0.004676237808495932,-0.002073969422590309,-0.0013445578416697163,-0.007752225994991327,0.44398459536551066,0.44678333139539256,0.44630813529234187,0.4444288461824837,0.8648251564176482,0.8616749711568579,0.8622381012641308,0.8624133622182587,0,0,0,0,0,0,0,0,6.988534097473476,6.971661179727433,6.957473601147502,7.10770374216919,0,0,0,0,0.16666666666666666,0.8229166666666666,65.83333333333333,4.166666666666667,0,0,0],"sd":[69.84868240102834,813.6123635522017,311.5043158207549,543.0302995440248,4.851159207830871,67.60972928289684,804.594085985001,303.051150798013,530.1770905732409,3.7086222675360023,1.5661675706561542,1.7395443483655588,1,1,1,1,971.1649231733714,935.6215205507892,6.062434460574172,5.032819416464773,3.5704881830912067,5.109166990655764,1,1,1,1,1,1,1,1,1,1,1,1,1,1,1,1,1,1,106.36958292665024,104.34707541318357,106.84123522649358,104.37692978311239,77.46100187334285,72.56076964698705,2.332264155742437,1,1,0.08648952702275284,0.10367025845686303,0.09260984412757234,0.09422797394102345,0.03746986299374588,0.04654208986629734,0.04207233473606566,0.03963726625839915,0.08116543446473855,0.09836868363686642,0.08816209462531843,0.08911178397734354,0.03631370149065985,0.047720895010332304,0.04280310275077017,0.03723915066925257,0.06147018798179169,0.07828693753178893,0.0705123176661407,0.06752313439522165,1,1,1,1,1,1,1,1,1.36394224049984,1.5166628520103156,1.4158662967969857,1.6655436586187595,1,1,1,1,0.3726779962499654,0.38173921253768045,1.8633899812498276,1.8633899812498262,1,1,1]},"features":["off_1st_down_s2d","off_total_yds_s2d","off_rush_yds_s2d","off_pass_yds_s2d","off_turnovers_s2d","def_1st_down_s2d","def_total_yds_s2d","def_rush_yds_s2d","def_pass_yds_s2d","def_turnovers_s2d","wins_s2d","losses_s2d","home","sim_winrate_same_loc_s2d","sim_pointdiff_same_loc_s2d","sim_count_same_loc_s2d","off_total_yds_s2d_minus_opp","def_total_yds_s2d_minus_opp","off_turnovers_s2d_minus_opp","def_turnovers_s2d_minus_opp","elo_pre","elo_diff","rest_days","rest_diff","off_third_down_att_s2d","off_third_down_conv_s2d","off_third_down_pct_s2d","off_red_zone_att_s2d","off_red_zone_td_s2d","off_red_zone_td_pct_s2d","off_dropbacks_s2d","off_sacks_taken_s2d","off_sack_rate_s2d","off_pass_att_s2d","off_rush_att_s2d","off_neutral_pass_rate_s2d","off_third_down_pct_s2d_minus_opp","off_red_zone_td_pct_s2d_minus_opp","off_sack_rate_s2d_minus_opp","off_neutral_pass_rate_s2d_minus_opp","off_yds_for_3g","off_yds_for_5g","def_yds_against_3g","def_yds_against_5g","net_yds_3g","net_yds_5g","qb_ypa_3g","qb_sack_rate_3g","qb_qbr","off_epa_per_play_s2d","off_epa_per_play_w3","off_epa_per_play_w5","off_epa_per_play_exp","off_success_rate_s2d","off_success_rate_w3","off_success_rate_w5","off_success_rate_exp","def_epa_per_play_allowed_s2d","def_epa_per_play_allowed_w3","def_epa_per_play_allowed_w5","def_epa_per_play_allowed_exp","def_success_rate_allowed_s2d","def_success_rate_allowed_w3","def_success_rate_allowed_w5","def_success_rate_allowed_exp","rb_rush_share_s2d","rb_rush_share_w3","rb_rush_share_w5","rb_rush_share_exp","wr_target_share_s2d","wr_target_share_w3","wr_target_share_w5","wr_target_share_exp","te_target_share_s2d","te_target_share_w3","te_target_share_w5","te_target_share_exp","qb_aypa_s2d","qb_aypa_w3","qb_aypa_w5","qb_aypa_exp","qb_sack_rate_s2d","qb_sack_rate_w3","qb_sack_rate_w5","qb_sack_rate_exp","roof_dome","roof_outdoor","weather_temp_f","weather_wind_mph","weather_precip_pct","weather_impact_score","weather_extreme_flag"]},"decision_tree":{"params":{"depth":6,"minSamples":10},"alpha":2},"bt":{"coefficients":[0.27257036069126284,-0.15075632635816413,-0.04321800509344472,-0.002477820030896664,-0.09333472936320801,0.004410929205373031,0.0034447867702510583,0.0038803788087546135,-0.0004998727483384892,0.0013063226839005724],"intercept":0.14700953358263721,"scaler":{"mu":[-1.7151292596883254,0.2818694041694985,0.7585878858288395,0,-0.0019984274602461443,0,0,0,0,0],"sd":[58.17209815804166,500.46197330837856,15.750516407179763,1,0.12051954649745396,1,1,1,1,1]},"features":["diff_total_yards","diff_turnovers","diff_penalty_yards","diff_possession_seconds","diff_r_ratio","diff_elo_pre","diff_inj_out","diff_inj_skill_out","diff_inj_practice_dnp","diff_inj_out_trend"],"hyperparams":{"steps":1200,"learningRate":0.001,"l2":0.00001}},"ann":{"seeds":[1],"architecture":[92,128,64,32,1],"committee_size":1,"max_epochs":15,"dropout":0.5},"ensemble":{"weights":{"logistic":0.9,"tree":0,"bt":0,"ann":0.09999999999999998},"calibration":{"type":"platt","beta":-0.038956732268750405,"source":"platt"},"calibration_beta":-0.038956732268750405,"calibration_hash":"181e0dc82fbff4d1868ddaf045505470b87ebfec31e2cbae226ef13fe8e59c81","oof_variance":{"ann":{"mean":0.5695284162732018,"var":0.045671027197390406}}},"pca":[{"component":1,"explained_variance":0.22038200476967215,"top_loadings":[{"feature":"def_total_yds_s2d","loading":0.28083183399296746},{"feature":"off_total_yds_s2d","loading":0.2798400114701173},{"feature":"def_1st_down_s2d","loading":0.2782141848630334},{"feature":"off_1st_down_s2d","loading":0.27777047897030455},{"feature":"def_pass_yds_s2d","loading":0.27662145774387414},{"feature":"off_pass_yds_s2d","loading":0.27333595347668704},{"feature":"def_rush_yds_s2d","loading":0.26166299953482064},{"feature":"off_rush_yds_s2d","loading":0.25441569965817956},{"feature":"off_turnovers_s2d","loading":0.23211282000733782},{"feature":"losses_s2d","loading":0.21349241490902893}]},{"component":2,"explained_variance":0.18939817484147436,"top_loadings":[{"feature":"off_epa_per_play_s2d","loading":-0.28586339875355865},{"feature":"off_epa_per_play_w5","loading":-0.28486919621055146},{"feature":"off_epa_per_play_w3","loading":-0.27233792872019885},{"feature":"off_success_rate_s2d","loading":-0.2647506081167746},{"feature":"off_success_rate_w5",