{"season":2013,"week":11,"generated_at":"2025-11-07T00:30:42.983Z","feature_hash":"f3ee650a7bef4b74f148540516db801ee6210a92","logistic":{"weights":[-0.36150447041097855,-0.6298332484264507,-0.6457752939874212,-0.5345134949124444,1.5289126171489722,0.9979672791944264,0.1638601097520083,0.34839537630212564,0.006420715743746587,-0.7276462676150088,3.407399460383699,-2.944322606715137,0,0,0,0,0.9699044865190659,-0.7996249927164589,-1.0216644270339807,0.5736748296018621,-3.6328021167686426,0.03506816664035616,0,0,0,0,0,0,0,0,0,0,0,0,0,0,0,0,0,0,-0.13324818601472213,-0.2139119829478048,0.09292468115253379,0.1531975220162556,-0.10375774119799623,-0.4006852530926804,0.013070783363637225,0,0,1.6084873598718874,1.1336610064246218,-0.12323055111830805,-0.4165977058166702,0.5932023642541819,0.03791037566271194,-0.4478612395112671,0.25069083135052767,-1.8334939085906017,-0.9506501144938635,-0.057794651266525325,0.4812037893163163,-0.5908277248300632,0.18341774064912017,0.060472899894208815,-0.06088619458365925,-0.33299318814378337,0.01657557940993265,-0.5806966495529942,0.7201425367992914,-0.4174118272999336,0.3759239412168246,-0.03304672671125525,-0.30040044703764535,0.4443239843288702,-0.00025911230218613097,-0.18625893991312675,-0.042872079599782724,0.36265453142348003,-0.4599418968933515,0.25012940745381523,-0.23698323285261982,0,0,0,0,-0.06689240292662699,-0.16536892832834227,-0.0668924029266256,0.06689240292662728,0,0,0],"bias":1.1999858761271969,"scaler":{"mu":[122.27210884353741,1455.2925170068027,430.8503401360544,1024.4421768707482,5.891156462585034,122.33333333333333,1446.1632653061224,420.4829931972789,1025.6802721088436,4.707482993197279,2.1496598639455784,1.8027210884353742,1,0,0,0,-40.5723098626034,-46.781460292205196,-0.4506040284228823,-0.10192107541767306,1449.8644537758876,-0.27169612572460317,0,0,0,0,0,0,0,0,0,0,0,0,0,0,0,0,0,0,325.79705215419494,327.86156462585024,328.6972789115646,330.7235827664399,-2.9002267573696154,-2.86201814058957,7.359557133735623,0,0,0.0031382098074035796,0.00724376824723256,0.004933522428086444,0.0042333101628159436,0.4344111103946196,0.435600852258224,0.4348553788168615,0.4327506338871106,0.0018352692888279512,0.009794777770829667,0.0052078280572724475,0.0040255725513144835,0.43328075680423855,0.43565834196204445,0.4341258035340171,0.43212211375888954,0.8374815002230639,0.8357015339103586,0.8363474213451384,0.8411475130945172,0.5994186256206193,0.5964254936912186,0.5971179406095939,0.598283064251991,0.20704450383324036,0.20877772290643892,0.20791708182571567,0.20473572758699465,8.42853285925109,8.335863933145717,8.42144753315306,8.199428315423857,0,0,0,0,0.1564625850340136,0.7278911564625851,65.78231292517007,4.217687074829932,0,0,0],"sd":[75.59681433585443,889.1403722183752,296.63955437697916,633.1753271849792,4.550740766044265,77.39257055638006,907.1716308958647,282.2203113394523,651.4125936469381,3.886503568917359,1.8158551198485664,1.6314905158047104,1,1,1,1,1071.2841860663939,1107.0616585541159,6.009698048207305,5.368846928412801,3.0974475543322812,4.550218917774226,1,1,1,1,1,1,1,1,1,1,1,1,1,1,1,1,1,1,124.51831533147327,124.29437050394903,126.64153143083614,126.41017209618062,67.78338698360382,64.60174063720879,3.1046064942498584,1,1,0.08800171606100114,0.09654513699366779,0.09023357777198322,0.08604075305408483,0.03837298908718364,0.042138833290137095,0.038704549728901076,0.03457640072049418,0.07593689904525547,0.08936820692893611,0.07965209309608091,0.0752965553471962,0.034791473520653114,0.03849514900697472,0.03493743118471092,0.033518970697743906,0.08671264838853507,0.09713722555244561,0.08933157796600286,0.08572133684704603,0.09556671380542596,0.09873586340320642,0.09628543941687309,0.09747361361968648,0.06359386713318695,0.0698850632135043,0.06533163140773264,0.06911621395310374,1.670887078039122,1.8159570452571052,1.662271884156523,1.9427154910538764,1,1,1,1,0.3632933312331618,0.4450456390148606,1.8164666561658074,1.8164666561658096,1,1,1]},"features":["off_1st_down_s2d","off_total_yds_s2d","off_rush_yds_s2d","off_pass_yds_s2d","off_turnovers_s2d","def_1st_down_s2d","def_total_yds_s2d","def_rush_yds_s2d","def_pass_yds_s2d","def_turnovers_s2d","wins_s2d","losses_s2d","home","sim_winrate_same_loc_s2d","sim_pointdiff_same_loc_s2d","sim_count_same_loc_s2d","off_total_yds_s2d_minus_opp","def_total_yds_s2d_minus_opp","off_turnovers_s2d_minus_opp","def_turnovers_s2d_minus_opp","elo_pre","elo_diff","rest_days","rest_diff","off_third_down_att_s2d","off_third_down_conv_s2d","off_third_down_pct_s2d","off_red_zone_att_s2d","off_red_zone_td_s2d","off_red_zone_td_pct_s2d","off_dropbacks_s2d","off_sacks_taken_s2d","off_sack_rate_s2d","off_pass_att_s2d","off_rush_att_s2d","off_neutral_pass_rate_s2d","off_third_down_pct_s2d_minus_opp","off_red_zone_td_pct_s2d_minus_opp","off_sack_rate_s2d_minus_opp","off_neutral_pass_rate_s2d_minus_opp","off_yds_for_3g","off_yds_for_5g","def_yds_against_3g","def_yds_against_5g","net_yds_3g","net_yds_5g","qb_ypa_3g","qb_sack_rate_3g","qb_qbr","off_epa_per_play_s2d","off_epa_per_play_w3","off_epa_per_play_w5","off_epa_per_play_exp","off_success_rate_s2d","off_success_rate_w3","off_success_rate_w5","off_success_rate_exp","def_epa_per_play_allowed_s2d","def_epa_per_play_allowed_w3","def_epa_per_play_allowed_w5","def_epa_per_play_allowed_exp","def_success_rate_allowed_s2d","def_success_rate_allowed_w3","def_success_rate_allowed_w5","def_success_rate_allowed_exp","rb_rush_share_s2d","rb_rush_share_w3","rb_rush_share_w5","rb_rush_share_exp","wr_target_share_s2d","wr_target_share_w3","wr_target_share_w5","wr_target_share_exp","te_target_share_s2d","te_target_share_w3","te_target_share_w5","te_target_share_exp","qb_aypa_s2d","qb_aypa_w3","qb_aypa_w5","qb_aypa_exp","qb_sack_rate_s2d","qb_sack_rate_w3","qb_sack_rate_w5","qb_sack_rate_exp","roof_dome","roof_outdoor","weather_temp_f","weather_wind_mph","weather_precip_pct","weather_impact_score","weather_extreme_flag"]},"decision_tree":{"params":{"depth":6,"minSamples":8},"alpha":2},"bt":{"coefficients":[0.008325118723092518,-0.09099521470816527,-0.038007192361511496,-0.0016304600800269326,0.025262335114037804,0.003253496383137495,0.00485733026668572,0.004329182622360969,-0.003843992412423024,-0.00010199474258370873],"intercept":0.13002388111184426,"scaler":{"mu":[-2.256566779594037,6.668331189618703,0.23374471091694832,0,-0.00039636017464886943,0,0,0,0,0],"sd":[58.57993378402477,582.5063334729313,16.50865540794951,1,0.10357960737175048,1,1,1,1,1]},"features":["diff_total_yards","diff_turnovers","diff_penalty_yards","diff_possession_seconds","diff_r_ratio","diff_elo_pre","diff_inj_out","diff_inj_skill_out","diff_inj_practice_dnp","diff_inj_out_trend"],"hyperparams":{"steps":1200,"learningRate":0.001,"l2":0.00001}},"ann":{"seeds":[1],"architecture":[92,128,64,32,1],"committee_size":1,"max_epochs":15,"dropout":0.5},"ensemble":{"weights":{"logistic":0.9,"tree":0,"bt":0,"ann":0.09999999999999998},"calibration":{"type":"platt","beta":0.01979691859627754,"source":"platt"},"calibration_beta":0.01979691859627754,"calibration_hash":"f9dc42385d462f96edb9ff328f7eb56cec4292e9ad837ee2d5fbedff235ad024","oof_variance":{"ann":{"mean":0.5735371368339255,"var":0.022157374190357203}}},"pca":[{"component":1,"explained_variance":0.19979965227874852,"top_loadings":[{"feature":"off_total_yds_s2d","loading":0.27046386026398467},{"feature":"off_1st_down_s2d","loading":0.268888386446957},{"feature":"off_pass_yds_s2d","loading":0.26790400515686735},{"feature":"def_pass_yds_s2d","loading":0.26740845373528166},{"feature":"def_total_yds_s2d","loading":0.2667748844599607},{"feature":"def_1st_down_s2d","loading":0.26609002151911115},{"feature":"def_rush_yds_s2d","loading":0.24029940398305136},{"feature":"off_rush_yds_s2d","loading":0.23884249494702592},{"feature":"def_turnovers_s2d","loading":0.2275546872836944},{"feature":"off_turnovers_s2d","loading":0.20762477477372215}]},{"component":2,"explained_variance":0.1582664029328098,"top_loadings":[{"feature":"te_target_share_w5",