{"season":2007,"week":12,"generated_at":"2025-11-07T00:19:31.833Z","feature_hash":"62bdefb46467c8867ea388c8fab572ea52801872","logistic":{"weights":[-0.5258278917216763,-0.41021273127983554,-0.3235557769859978,-0.3988733993867284,1.0750795966058357,0.7474459485238856,-0.1504492524993201,0.220558951094596,-0.37560377908547626,-0.6347948724442822,2.954677716952748,-3.0350363303582264,0,0,0,0,0.8957093022795276,-0.8228907213869561,-1.1186913710519355,0.9725343440783917,-3.5156570579455337,0.2814739457926146,0,0,0,0,0,0,0,0,0,0,0,0,0,0,0,0,0,0,-0.08050859301036785,0.3057083228310333,0.4687408949960367,0.2576007393821424,-0.7229849103047423,0.12682229000348694,-0.942489608591262,0,0,1.0694408855166757,0.9127622900937366,0.41290583135774606,-0.08373768572249342,0.025515945779708265,-0.23129947593815495,-0.2807154506756156,0.15967823900367067,-1.6855710630570697,-0.9851318724910412,-0.10365872605292505,0.18584654745428394,-0.16960050004558458,-0.39535771381763485,0.8898132407388223,0.1762475700095502,-0.26214816368454164,0.41375319886269907,-0.00768331069042997,0.26508266734667707,-0.2459833873665287,-0.05226399834503264,0.10630574516284144,-0.06551075665914795,-0.12258235726312637,-0.4000282030401576,-0.21360423945880314,0.2833185634885925,0.38500913571550793,0.021064095298388704,-0.07353179083159991,-0.1078730677290452,0,0,0,0,-0.14819502800349285,-0.208027138645492,-0.148195028003492,0.14819502800349282,0,0,0],"bias":0.5771016661806577,"scaler":{"mu":[104.03125,1215.35625,392.1375,823.21875,5.94375,103.98125,1212.325,394.725,817.6,4.2375,1.8375,1.73125,1,0,0,0,77.85553532177987,72.30483147700177,0.3034753362066344,0.19548271892183902,1449.8899636344013,-0.2669410811482436,0,0,0,0,0,0,0,0,0,0,0,0,0,0,0,0,0,0,306.103125,304.6678125000001,303.9468750000001,304.2118750000001,2.1562500000000027,0.4559375000000022,7.282445909455345,0,0,-0.011283687638251131,-0.007954907011590585,-0.008671215648179235,-0.025768203727310444,0.4446147627005623,0.44840180518364103,0.44549915488808634,0.4380581958774307,-0.00942112333333386,-0.004621111081731618,-0.007926390752399905,-0.022700205957070053,0.4453391543495159,0.4470898050352744,0.4457362874948171,0.4383255788643855,0.8682256586562959,0.867912048092653,0.8691258447349254,0.868269421425276,0.025,0.01875,0.025,0.0037500000000000007,0.1,0.0375,0.05625,0.04156250000000001,8.1515742200007,8.165872003488014,8.189931837512633,8.037659292303193,0,0,0,0,0.18125,0.7625,65.90625,4.09375,0,0,0],"sd":[63.98675857892397,726.9934778496555,248.37948505009425,514.0624435790243,4.389258016738138,63.43189969122395,731.7784120722614,270.4909644978923,494.04291564599924,2.9926733450211374,1.5161113910263984,1.6834558020631247,1,1,1,1,980.3270339448527,959.4953132597351,6.4703248691238695,3.669641334421553,3.297302186025505,4.358281654911482,1,1,1,1,1,1,1,1,1,1,1,1,1,1,1,1,1,1,114.32732745382607,112.36233014909526,113.74061678618173,112.36014143498547,78.91080294895377,72.94155925929091,2.7796457876320906,1,1,0.09429214791847583,0.11240530880383964,0.0990457290403844,0.10779513374617336,0.04154675046431607,0.049525774857947624,0.04450234512693308,0.043445281251182404,0.09316623643388551,0.11044367990313121,0.09845978426836424,0.10292242116617024,0.0395473394302344,0.04830945184401179,0.042201262158497205,0.044108060257116194,0.051538004679591215,0.05923707759013087,0.05468146617843012,0.053135222276618606,0.15612494995996,0.13564084008881683,0.15612494995996,0.023418742493993994,0.2999999999999998,0.18998355191963276,0.23040385738958422,0.17626523648680706,1.2230629495446512,1.3876221524567178,1.2741227554196763,1.461418397099803,1,1,1,1,0.385225177655874,0.42555111326372963,1.9261258882793721,1.9261258882793721,1,1,1]},"features":["off_1st_down_s2d","off_total_yds_s2d","off_rush_yds_s2d","off_pass_yds_s2d","off_turnovers_s2d","def_1st_down_s2d","def_total_yds_s2d","def_rush_yds_s2d","def_pass_yds_s2d","def_turnovers_s2d","wins_s2d","losses_s2d","home","sim_winrate_same_loc_s2d","sim_pointdiff_same_loc_s2d","sim_count_same_loc_s2d","off_total_yds_s2d_minus_opp","def_total_yds_s2d_minus_opp","off_turnovers_s2d_minus_opp","def_turnovers_s2d_minus_opp","elo_pre","elo_diff","rest_days","rest_diff","off_third_down_att_s2d","off_third_down_conv_s2d","off_third_down_pct_s2d","off_red_zone_att_s2d","off_red_zone_td_s2d","off_red_zone_td_pct_s2d","off_dropbacks_s2d","off_sacks_taken_s2d","off_sack_rate_s2d","off_pass_att_s2d","off_rush_att_s2d","off_neutral_pass_rate_s2d","off_third_down_pct_s2d_minus_opp","off_red_zone_td_pct_s2d_minus_opp","off_sack_rate_s2d_minus_opp","off_neutral_pass_rate_s2d_minus_opp","off_yds_for_3g","off_yds_for_5g","def_yds_against_3g","def_yds_against_5g","net_yds_3g","net_yds_5g","qb_ypa_3g","qb_sack_rate_3g","qb_qbr","off_epa_per_play_s2d","off_epa_per_play_w3","off_epa_per_play_w5","off_epa_per_play_exp","off_success_rate_s2d","off_success_rate_w3","off_success_rate_w5","off_success_rate_exp","def_epa_per_play_allowed_s2d","def_epa_per_play_allowed_w3","def_epa_per_play_allowed_w5","def_epa_per_play_allowed_exp","def_success_rate_allowed_s2d","def_success_rate_allowed_w3","def_success_rate_allowed_w5","def_success_rate_allowed_exp","rb_rush_share_s2d","rb_rush_share_w3","rb_rush_share_w5","rb_rush_share_exp","wr_target_share_s2d","wr_target_share_w3","wr_target_share_w5","wr_target_share_exp","te_target_share_s2d","te_target_share_w3","te_target_share_w5","te_target_share_exp","qb_aypa_s2d","qb_aypa_w3","qb_aypa_w5","qb_aypa_exp","qb_sack_rate_s2d","qb_sack_rate_w3","qb_sack_rate_w5","qb_sack_rate_exp","roof_dome","roof_outdoor","weather_temp_f","weather_wind_mph","weather_precip_pct","weather_impact_score","weather_extreme_flag"]},"decision_tree":{"params":{"depth":6,"minSamples":8},"alpha":2},"bt":{"coefficients":[0.31548751360424987,-0.008731452918235539,-0.03117955982862665,-0.002865413023668155,0.1296368149140968,-0.0012349451659301885,-0.0004397044689890285,-0.0015290974591460667,-0.0013800308410060814,-0.0005274962410817133],"intercept":0.05652087124194392,"scaler":{"mu":[-1.6566842381689508,-0.03204240226790702,-0.5027916920057505,0,0.001988486652868884,0,0,0,0,0],"sd":[54.79287846942585,560.4999175400081,14.824464760180936,1,0.10020864775413686,1,1,1,1,1]},"features":["diff_total_yards","diff_turnovers","diff_penalty_yards","diff_possession_seconds","diff_r_ratio","diff_elo_pre","diff_inj_out","diff_inj_skill_out","diff_inj_practice_dnp","diff_inj_out_trend"],"hyperparams":{"steps":1200,"learningRate":0.001,"l2":0.00001}},"ann":{"seeds":[1],"architecture":[92,128,64,32,1],"committee_size":1,"max_epochs":15,"dropout":0.5},"ensemble":{"weights":{"logistic":0.9,"tree":0,"bt":0,"ann":0.09999999999999998},"calibration":{"type":"platt","beta":-0.05241812707490417,"source":"platt"},"calibration_beta":-0.05241812707490417,"calibration_hash":"739ce7afbeb59eb7d1c16970e83363edcca6cc5fa5a49e19a8c6ffee36ee4aac","oof_variance":{"ann":{"mean":0.5547049358379114,"var":0.023464552231594944}}},"pca":[{"component":1,"explained_variance":0.21023102941128377,"top_loadings":[{"feature":"off_total_yds_s2d","loading":0.2600345491539624},{"feature":"off_1st_down_s2d","loading":0.25972686146665824},{"feature":"off_pass_yds_s2d","loading":0.25561157778562577},{"feature":"def_1st_down_s2d","loading":0.25016943436478756},{"feature":"def_total_yds_s2d","loading":0.2455693352717657},{"feature":"def_pass_yds_s2d","loading":0.2453797585829616},{"feature":"off_rush_yds_s2d","loading":0.23207677137792626},{"feature":"def_rush_yds_s2d","loading":0.21617804112799255},{"feature":"def_turnovers_s2d","loading":0.1850380731923794},{"feature":"off_turnovers_s2d","loading":0.1822597615513705}]},{"component":2,"explained_variance":0.13696343792657714,"top_loadings":[{"feature":"net_yds_5g","loading":0.26598619056336525},{"feature":"net_yds_3g","loading":0.25992714017667345},{"feature":"off_epa_per_play_exp","loading":0.24598590311815502},{"feature":"off_epa_per_play_s2d","loading":0.24297104855859628},{"feature":"elo_pre",