{"season":2024,"week":20,"generated_at":"2025-11-07T00:51:17.434Z","feature_hash":"3e4d50f01fc1d42a47f3ca291bc20d5d77da4863","logistic":{"weights":[-0.31557361839358483,-0.14038107399187938,0.05641664305897748,-0.2058773073447441,0.5398650355736516,0.30525993144151975,0.2170698562563935,0.3508668962008883,0.23426766639512409,-0.8299404157094068,2.482311420132172,-2.199775283752119,0,0,0,0,0.47138368849031403,-0.5858145025959316,-0.23468825161432805,0.27519259834221754,-2.167031599938597,0.3289683889272667,0,0,0,0,0,0,0,0,0,0,0,0,0,0,0,0,0,0,-0.32319813578280043,-0.0965196749326709,-0.1320441933190494,0.10920715313695635,-0.25682420424300717,-0.33312637449156873,-0.08952807676574495,0,0,0.4976369423298246,0.9016245763155443,0.17870461730351916,0.3943260091892685,0.029125310059118326,0.009959762330919032,-0.24414654381331483,-0.22578993979913564,-0.6306220501872696,-0.23717672613216226,-0.2687614295007638,-0.10473565756971871,0.01039903277027426,-0.041946574183340246,-0.09901776084728037,0.17339321967160082,-0.0629342082847698,-0.08313633843077681,0.19962206260156626,0.17811426116296417,0.007304570758403702,-0.12417866985712636,0.18178580600377878,0.3170592359066017,0.14055212068455009,0.061591716267086455,-0.045649491314090074,0.2711268641272597,-0.03699941080093891,-0.42222686820146094,-0.02975435386905842,0.18523584161352155,0,0,0,0,-0.13446897852498915,-0.19958593006029315,-0.13446897852498996,0.13446897852498935,0,0,0,0.31338597833952764,-0.2363450527142709,0.12081455498828217,0.11835393599003712,0.16152382044327182,0.012810195011509104,0.33383901854618664,0.11514425691990973,0.005710685942380363,0.0010037863212704543,-0.016764317868561664,-0.12939990247841843,0.2507543277268347,-0.2639964093121221,-0.02554189612644634,0.18818453263557477,-0.0841290175584904,0.05469606131262996,0.10826955227657165,-0.20412151538924955,-0.377673360160263,0.381550242606514,0.13693343426912105,-0.6385361645110772,-0.40063067582192496,0.033821766192394964,-0.4500069050532241,0.08841319382467373,-0.30455163034903476,-0.28810773779336113,-0.4237635605082788,0.5207435428648653,0.2518810000830714,-0.5254952250626275,-0.3371036405380633,0.26697052362757173,0.04330596202332862,-0.4820834268229172,0.32958023613243176,-0.506312556064407,-0.13444186689228316],"bias":0.4191519118511039,"scaler":{"mu":[164.44244604316546,1970.5971223021584,686.205035971223,1284.3920863309352,5.953237410071942,160.6978417266187,1922.1978417266187,655.456834532374,1266.7410071942445,4.705035971223022,2.935251798561151,2.6043165467625897,1,0,0,0,123.27999898824997,80.9509120085697,0.21146706519310912,0.3192859086513472,1450.196400559774,0.0336294470250434,0,0,0,0,0,0,0,0,0,0,0,0,0,0,0,0,0,0,331.6822541966424,331.54910071942425,332.38129496402894,331.043645083933,-0.6990407673860929,0.5054556354916069,7.280751400306323,0,0,0.009668565234378526,0.01609894301207379,0.015557812152913698,0.008469743097089677,0.46832901699280494,0.4716759304801781,0.47105132252805626,0.46797815752771466,0.004893825889667845,0.009906194249640156,0.00892030687277764,0.003773635880995563,0.46650983602638474,0.46900752757653624,0.4683763852876399,0.4661266367178905,0.8028038261042231,0.8050351316176234,0.8044623313782098,0.7970040276640035,0.602570619447142,0.5984151233868417,0.5995922748214161,0.6018055678810894,0.21315500351317598,0.22096986228640747,0.21919399429204245,0.21248206507063358,7.641789756307561,7.696490373565316,7.6890767471202315,7.568462376406104,0,0,0,0,0.18345323741007194,0.6546762589928058,65.91726618705036,4.08273381294964,0,0,0,-0.014388489208633094,0.5827338129496403,0.6974820143884892,-0.15827338129496402,0.013669064748201426,0,-0.02158273381294964,-0.0539568345323741,0,0.022003597122302154,-0.564748201438849,-0.44064748201438847,0.1053956834532374,-0.025179856115107913,-0.1607913669064748,0.935611510791367,-0.8561151079136691,0.29136690647482016,-0.12949640287769784,-0.01079136690647482,0.007194244604316547,-0.019784172661870502,-0.02158273381294964,-0.1618705035971223,0.050359712230215826,0.02051798561151079,0.12589928057553956,-0.005147482014388489,-0.1906474820143885,-0.048025179856115104,0.007194244604316547,0.26618705035971224,-0.29136690647482016,-0.01079136690647482,-0.2949640287769784,-0.029546762589928045,0.007194244604316547,-0.017985611510791366,-0.013431654676258996,0.01079136690647482,1.4079136690647471],"sd":[101.66719190851903,1214.4247104114381,472.5482477477399,782.0668894983371,4.1476317617896425,98.75211715615957,1170.8545887738987,411.3950777625397,789.1408755171254,3.8617348720138267,2.5606559217409743,2.1744715889532893,1,1,1,1,1439.9765228288534,1448.3880842875276,5.538094849349169,5.062849330711249,5.293963973208893,7.180009578218083,1,1,1,1,1,1,1,1,1,1,1,1,1,1,1,1,1,1,98.41635501118492,94.12949375681737,96.06096569646434,92.84925874611478,77.575170160682,65.04167583585007,2.306089837911332,1,1,0.08868112605067643,0.10844952249617064,0.09754815480706298,0.09864192813160451,0.036669580368284056,0.04475555864866075,0.04047243157962499,0.04107144630717456,0.07189864341865303,0.0912818886721682,0.07960396673113365,0.08251146455009527,0.03076406024511074,0.04044862880909756,0.03415411974632807,0.035757296154032565,0.06796631795832099,0.07361504586039107,0.0678728920474101,0.07669314332342156,0.07724907200516105,0.0996419152301388,0.09155054024242325,0.09073516152970779,0.06171290787896304,0.08072567667649616,0.07366892314650003,0.06695719291877093,1.2299247985977655,1.5057660124216379,1.387264593125149,1.4168300560007565,1,1,1,1,0.38703765591197486,0.4754737163124694,1.935188279559874,1.9351882795598747,1,1,1,2.0654249010162533,11.461790938551989,6.1717120502314025,6.240110440829701,3.2255210150515796,0.5017953379128578,0.223369420090072,1.2028004604991749,1,0.5271339126422853,14.501343839039059,14.572909068454997,7.744815371021072,0.3639498592194795,38.318578557706104,14.685665384704992,11.579913862006848,10.370024468827678,1.667870448422438,0.24705186811068777,0.2812204357653529,0.2790089543079714,0.5084554959448814,3.0544906364202347,0.7377170794499394,0.33442835050121567,1.7033542080850101,0.10000677950467741,3.6417323746646595,0.22597662405163385,2.2806549699078658,6.453012836656078,2.4313593324535816,2.75430834905101,5.521642490244454,0.2182857088564387,0.29373317500134605,0.5394844059408979,0.3377404296895813,0.3114576192013334,42.78635324148087]},