{"season":2009,"week":17,"generated_at":"2025-11-07T00:23:46.811Z","feature_hash":"b6aba028be44c07b6d171db8652cf018cbd3bb6a","logistic":{"weights":[-0.3689705235957674,-0.5481902497752549,-0.6500551115033717,-0.43403215217481195,1.169091984856573,1.199457531563249,0.03644866883214555,0.1578862082507297,-0.0536023306154532,-1.259156876078401,2.8926583476275796,-2.585819956845581,0,0,0,0,0.8346405757080881,-0.6845633009589023,-0.7881627429005279,1.0089254714091005,-3.5584272904972822,0.13126991877663136,0,0,0,0,0,0,0,0,0,0,0,0,0,0,0,0,0,0,-0.6396554093895567,0.07867345007855411,0.03328481627692952,0.14779047548887955,-0.8759649306898525,-0.016774552503804472,-0.1351887352057542,0,0,1.8901093962325333,1.1343427888641413,0.0750356364559415,-0.14507950460990923,0.3861592261991742,-0.005582992527676253,-0.5991640139677432,0.33227630752105014,-1.9120833596294955,-0.6772323437783099,-0.4484539247307546,0.15387521465415555,-0.18986805491229947,-0.011579351530656895,0.5655338316638414,0.19414189344967395,-0.1315220619363641,0.17383309709059394,-0.11278945532232396,0.16011514532950522,0.22317991240767368,0.5215297344683687,0.14551567381884137,0.18167910139407542,0.09468069363238218,-0.3091897527313461,0.1094868390236396,0.6244867472003182,0.3072516927761018,-0.24993785991632053,-0.32373785472013605,-0.08198882467667859,0,0,0,0,0.07275885505172947,0.16355559120525376,0.07275885505173074,-0.07275885505172926,0,0,0],"bias":0.769230198097835,"scaler":{"mu":[134.57083333333333,1629.1166666666666,539.2958333333333,1089.8208333333334,7.041666666666667,131.4,1590.525,527.1791666666667,1063.3458333333333,5.954166666666667,2.4375,2.1666666666666665,1,0,0,0,11.241663943264784,-25.334940613537388,-0.34565676675688456,0.14203938375455055,1450.0175634780362,-0.026741902942056108,0,0,0,0,0,0,0,0,0,0,0,0,0,0,0,0,0,0,323.5034722222221,323.87604166666654,328.10972222222216,328.2891666666665,-4.60625,-4.413125000000003,7.669031043139793,0,0,-0.008133957080743598,-0.004598723429922651,-0.006633286675238508,-0.018616141030786147,0.4420782294128715,0.44546083682199494,0.44461454618349167,0.4404673746704403,-0.00897864805699359,-0.004391572229874132,-0.006586709160566245,-0.02097655943157114,0.4399861970265944,0.4440356115896503,0.4432509761598497,0.4387413979894124,0.859914050017705,0.8515269535091092,0.8536397764794389,0.8626604103282598,0.576830551298233,0.5818520788381452,0.5808155169227099,0.5746249629018022,0.21510364765124568,0.2140777682698105,0.21356749619424106,0.2153789779197895,8.212033754074422,8.281383607445541,8.240892160187013,8.145515776316424,0,0,0,0,0.15833333333333333,0.7666666666666667,65.79166666666667,4.208333333333333,0,0,0],"sd":[84.42957607362614,1015.7187207697918,355.6480001105571,701.6506469741944,5.163809693971645,81.70856748224145,1000.2687427428356,346.17891144990176,681.3214436416721,4.633436374753503,2.1164657056832583,1.8544241394268166,1,1,1,1,957.613873279298,973.0910927305177,5.813928914048545,5.285434512970417,4.794602019722514,6.949553457093633,1,1,1,1,1,1,1,1,1,1,1,1,1,1,1,1,1,1,103.2302885048546,101.58517182881073,102.91297563294212,99.82030296965496,89.24093186016621,83.17724662832715,2.471102381022129,1,1,0.08625782236435817,0.10443020711351382,0.09451601550800612,0.09354448899323696,0.039793648595760615,0.04640765864136476,0.042243310018242296,0.04172045139169039,0.06957831677816056,0.08866977537004285,0.07789111318421785,0.08900027321905529,0.029409489579986983,0.03892325522219565,0.033655024510075654,0.035575690714315815,0.06325794894938074,0.09657630926346615,0.0871386711045509,0.07164809642306878,0.06935862193198733,0.08007534735554118,0.07592032703399816,0.06825362171140953,0.06510894524512274,0.07492402640433717,0.0715825860919275,0.06608932331724239,1.099656434969773,1.3370699545122715,1.183354570084236,1.322600221998578,1,1,1,1,0.3650532685634915,0.42295258468165065,1.8252663428174591,1.8252663428174556,1,1,1]},"features":["off_1st_down_s2d","off_total_yds_s2d","off_rush_yds_s2d","off_pass_yds_s2d","off_turnovers_s2d","def_1st_down_s2d","def_total_yds_s2d","def_rush_yds_s2d","def_pass_yds_s2d","def_turnovers_s2d","wins_s2d","losses_s2d","home","sim_winrate_same_loc_s2d","sim_pointdiff_same_loc_s2d","sim_count_same_loc_s2d","off_total_yds_s2d_minus_opp","def_total_yds_s2d_minus_opp","off_turnovers_s2d_minus_opp","def_turnovers_s2d_minus_opp","elo_pre","elo_diff","rest_days","rest_diff","off_third_down_att_s2d","off_third_down_conv_s2d","off_third_down_pct_s2d","off_red_zone_att_s2d","off_red_zone_td_s2d","off_red_zone_td_pct_s2d","off_dropbacks_s2d","off_sacks_taken_s2d","off_sack_rate_s2d","off_pass_att_s2d","off_rush_att_s2d","off_neutral_pass_rate_s2d","off_third_down_pct_s2d_minus_opp","off_red_zone_td_pct_s2d_minus_opp","off_sack_rate_s2d_minus_opp","off_neutral_pass_rate_s2d_minus_opp","off_yds_for_3g","off_yds_for_5g","def_yds_against_3g","def_yds_against_5g","net_yds_3g","net_yds_5g","qb_ypa_3g","qb_sack_rate_3g","qb_qbr","off_epa_per_play_s2d","off_epa_per_play_w3","off_epa_per_play_w5","off_epa_per_play_exp","off_success_rate_s2d","off_success_rate_w3","off_success_rate_w5","off_success_rate_exp","def_epa_per_play_allowed_s2d","def_epa_per_play_allowed_w3","def_epa_per_play_allowed_w5","def_epa_per_play_allowed_exp","def_success_rate_allowed_s2d","def_success_rate_allowed_w3","def_success_rate_allowed_w5","def_success_rate_allowed_exp","rb_rush_share_s2d","rb_rush_share_w3","rb_rush_share_w5","rb_rush_share_exp","wr_target_share_s2d","wr_target_share_w3","wr_target_share_w5","wr_target_share_exp","te_target_share_s2d","te_target_share_w3","te_target_share_w5","te_target_share_exp","qb_aypa_s2d","qb_aypa_w3","qb_aypa_w5","qb_aypa_exp","qb_sack_rate_s2d","qb_sack_rate_w3","qb_sack_rate_w5","qb_sack_rate_exp","roof_dome","roof_outdoor","weather_temp_f","weather_wind_mph","weather_precip_pct","weather_impact_score","weather_extreme_flag"]},"decision_tree":{"params":{"depth":6,"minSamples":13},"alpha":2},"bt":{"coefficients":[0.3125354643445702,-0.08196431784145103,-0.03730744239018635,0.003934198967235865,0.12568904997413446,0.001417083023964097,-0.002391453453889679,0.0009816059302911286,-0.001825312029867409,-0.0043468757126360275],"intercept":0.13804148972884672,"scaler":{"mu":[0.8653690506152772,-17.19766198736834,-0.1174990079866243,0,-0.0011471202417819228,0,0,0,0,0],"sd":[63.93177710572886,541.8033050920853,11.672223193564342,1,0.09693111801604504,1,1,1,1,1]},"features":["diff_total_yards","diff_turnovers","diff_penalty_yards","diff_possession_seconds","diff_r_ratio","diff_elo_pre","diff_inj_out","diff_inj_skill_out","diff_inj_practice_dnp","diff_inj_out_trend"],"hyperparams":{"steps":1200,"learningRate":0.001,"l2":0.00001}},"ann":{"seeds":[1],"architecture":[92,128,64,32,1],"committee_size":1,"max_epochs":15,"dropout":0.5},"ensemble":{"weights":{"logistic":0.9,"tree":0,"bt":0,"ann":0.09999999999999998},"calibration":{"type":"platt","beta":-0.10371462734284004,"source":"platt"},"calibration_beta":-0.10371462734284004,"calibration_hash":"8a73354de7619f75276326e2a7c5259c54cb72770766e820e8050d77a9235919","oof_variance":{"ann":{"mean":0.5685537953327823,"var":0.03677948824276256}}},"pca":[{"component":1,"explained_variance":0.20190425557208494,"top_loadings":[{"feature":"off_total_yds_s2d","loading":0.26748673869338396},{"feature":"def_1st_down_s2d","loading":0.2664596851725403},{"feature":"def_total_yds_s2d","loading":0.2657456563704014},{"feature":"def_pass_yds_s2d","loading":0.26516025619852984},{"feature":"off_1st_down_s2d","loading":0.2646070878519582},{"feature":"off_pass_yds_s2d","loading":0.2619581354979668},{"feature":"off_rush_yds_s2d","loading":0.24712129062698088},{"feature":"def_rush_yds_s2d","loading":0.24599333529805958},{"feature":"def_turnovers_s2d","loading":0.22526122176391578},{"feature":"off_turnovers_s2d","loading":0.2161101684047537}]},{"component":2,"explained_variance":0.17691419498618513,"top_loadings":[{"feature":"net_yds_5g","loading":-0.23659173450068194},{"feature":"off_success_rate_s2d",