{"season":2000,"week":6,"generated_at":"2025-11-07T00:06:26.085Z","feature_hash":"73218971cc3dfbd596ea0e6b8d3e7fb6959ecae3","logistic":{"weights":[-0.03912740727208388,0.18092847147440178,0.20283967905619665,0.1386714436955688,-0.0863639444339149,-0.23638789191238493,-0.18886755839722744,0.13646806309355344,-0.34677378734069997,-0.06663245448533307,2.98215145193102,-2.471517356712562,0,0,0,0,0.9851220083678345,-0.41335381150043826,-0.881932651748853,0.11058065966937108,-2.2028244835592656,-0.4752176561958192,0,0,0,0,0,0,0,0,0,0,0,0,0,0,0,0,0,0,-0.05546745387068562,0.034817664865855025,0.051881054561328896,0.19493462534265515,-0.34697893136381625,-0.4103445927057705,-0.6419099267736622,0,0,0,0,0,0,0,0,0,0,0,0,0,0,0,0,0,0,0.0281530188262104,0.13378461810047554,0.10669906311629247,-0.077995096695857,-0.07364782206071994,0.047153382289058576,-0.09900166489893619,-0.1142132457506663,0.06705205289023299,-0.12311018490247355,-0.04873107338243372,0.07616938130200665,-0.051618376307342284,0.27931724169668426,0.0035139076138122802,-0.22413773193220068,0,0,0,0,0.027923801866372614,-0.027923801866372635,0.027923801866373197,-0.02792380186637264,0,0,0],"bias":0.4575190251196934,"scaler":{"mu":[74.06944444444444,874.0277777777778,280.3888888888889,593.6388888888889,4.277777777777778,74.08333333333333,871.625,280.7638888888889,590.8611111111111,3.361111111111111,1.3472222222222223,1.3194444444444444,1,0,0,0,9.299666376708952,-15.080979139135914,0.042535989720262984,0.08707245018269166,1450.0524581012721,0.20833470303515847,0,0,0,0,0,0,0,0,0,0,0,0,0,0,0,0,0,0,251.93981481481478,252.53240740740745,252.48842592592595,253.50694444444446,-0.5486111111111103,-0.9745370370370361,2.6273400670591385,0,0,0,0,0,0,0,0,0,0,0,0,0,0,0,0,0,0,0.7778566039671093,0.7802611613836284,0.7778566039671093,0.7664353144373968,0.6107904928509869,0.6051651217225618,0.6107904928509869,0.60856672380993,0.1467029680958627,0.15062420452660805,0.1467029680958627,0.14324612728994082,3.2915154293691904,3.261339690316582,3.2915154293691904,3.503062383507684,0,0,0,0,0.19444444444444445,0.8055555555555556,65.97222222222223,4.027777777777778,0,0,0],"sd":[44.72549806843,512.1426388826928,171.08084147848834,366.9037985310907,3.0332519321597102,40.75221534537179,477.824364451928,170.97372223820727,334.1490562922297,2.4625278089549654,1.1200163964849184,1.1158752032085857,1,1,1,1,466.9927357623013,434.6901205303021,3.2864515333023676,2.873216009357604,1.6922827361309112,2.5849025153070504,1,1,1,1,1,1,1,1,1,1,1,1,1,1,1,1,1,1,150.4169649775321,150.44442428526682,146.76892039046965,146.55849845810104,77.33336046006468,75.36894289956582,2.610595716035052,1,1,1,1,1,1,1,1,1,1,1,1,1,1,1,1,1,1,0.14329305621433444,0.1430214280320361,0.14329305621433444,0.1555561103924337,0.08951318290266223,0.09317685460285312,0.08951318290266223,0.09144646169046354,0.08160498226049492,0.08472227732772218,0.08160498226049492,0.08934583930645802,2.1420232494798457,2.1853918963933627,2.1420232494798457,2.5351152520446565,1,1,1,1,0.39577241246597233,0.39577241246597233,1.9788620623298634,1.978862062329862,1,1,1]},"features":["off_1st_down_s2d","off_total_yds_s2d","off_rush_yds_s2d","off_pass_yds_s2d","off_turnovers_s2d","def_1st_down_s2d","def_total_yds_s2d","def_rush_yds_s2d","def_pass_yds_s2d","def_turnovers_s2d","wins_s2d","losses_s2d","home","sim_winrate_same_loc_s2d","sim_pointdiff_same_loc_s2d","sim_count_same_loc_s2d","off_total_yds_s2d_minus_opp","def_total_yds_s2d_minus_opp","off_turnovers_s2d_minus_opp","def_turnovers_s2d_minus_opp","elo_pre","elo_diff","rest_days","rest_diff","off_third_down_att_s2d","off_third_down_conv_s2d","off_third_down_pct_s2d","off_red_zone_att_s2d","off_red_zone_td_s2d","off_red_zone_td_pct_s2d","off_dropbacks_s2d","off_sacks_taken_s2d","off_sack_rate_s2d","off_pass_att_s2d","off_rush_att_s2d","off_neutral_pass_rate_s2d","off_third_down_pct_s2d_minus_opp","off_red_zone_td_pct_s2d_minus_opp","off_sack_rate_s2d_minus_opp","off_neutral_pass_rate_s2d_minus_opp","off_yds_for_3g","off_yds_for_5g","def_yds_against_3g","def_yds_against_5g","net_yds_3g","net_yds_5g","qb_ypa_3g","qb_sack_rate_3g","qb_qbr","off_epa_per_play_s2d","off_epa_per_play_w3","off_epa_per_play_w5","off_epa_per_play_exp","off_success_rate_s2d","off_success_rate_w3","off_success_rate_w5","off_success_rate_exp","def_epa_per_play_allowed_s2d","def_epa_per_play_allowed_w3","def_epa_per_play_allowed_w5","def_epa_per_play_allowed_exp","def_success_rate_allowed_s2d","def_success_rate_allowed_w3","def_success_rate_allowed_w5","def_success_rate_allowed_exp","rb_rush_share_s2d","rb_rush_share_w3","rb_rush_share_w5","rb_rush_share_exp","wr_target_share_s2d","wr_target_share_w3","wr_target_share_w5","wr_target_share_exp","te_target_share_s2d","te_target_share_w3","te_target_share_w5","te_target_share_exp","qb_aypa_s2d","qb_aypa_w3","qb_aypa_w5","qb_aypa_exp","qb_sack_rate_s2d","qb_sack_rate_w3","qb_sack_rate_w5","qb_sack_rate_exp","roof_dome","roof_outdoor","weather_temp_f","weather_wind_mph","weather_precip_pct","weather_impact_score","weather_extreme_flag"]},"decision_tree":{"params":{"depth":6,"minSamples":8},"alpha":6},"bt":{"coefficients":[0.08667694232685538,-0.03215539100903852,0.05517972433602675,0.0044792689468320795,-0.028537792930536862,-0.003464428284828162,-0.0007167723256794733,0.0004099579161566502,-0.0016888920060539442,0.002767887392855133],"intercept":-0.014399261367828747,"scaler":{"mu":[2.030596632171387,-22.800841957153224,-0.3724450798838058,0,0.003540580334946317,0,0,0,0,0],"sd":[67.00166122663776,465.202212961611,15.879652421540806,1,0.08475866011974977,1,1,1,1,1]},"features":["diff_total_yards","diff_turnovers","diff_penalty_yards","diff_possession_seconds","diff_r_ratio","diff_elo_pre","diff_inj_out","diff_inj_skill_out","diff_inj_practice_dnp","diff_inj_out_trend"],"hyperparams":{"steps":1200,"learningRate":0.001,"l2":0.00001}},"ann":{"seeds":[1],"architecture":[92,128,64,32,1],"committee_size":1,"max_epochs":15,"dropout":0.5},"ensemble":{"weights":{"logistic":0.9,"tree":0,"bt":0,"ann":0.09999999999999998},"calibration":{"type":"platt","beta":-0.47187464815863844,"source":"platt"},"calibration_beta":-0.47187464815863844,"calibration_hash":"dc01a1d4e4dc8a8b40c26b26f5985174d7939a3064b3a6c89da60223620a0b21","oof_variance":{"ann":{"mean":0.5402187284481169,"var":0.0057578797285290344}}},"pca":[{"component":1,"explained_variance":0.26264692997330685,"top_loadings":[{"feature":"off_total_yds_s2d","loading":-0.27826765182412067},{"feature":"def_pass_yds_s2d","loading":-0.277164225227702},{"feature":"off_1st_down_s2d","loading":-0.2759750366622958},{"feature":"def_total_yds_s2d","loading":-0.27465993724645194},{"feature":"off_pass_yds_s2d","loading":-0.2715879207453899},{"feature":"def_1st_down_s2d","loading":-0.26891133977625015},{"feature":"off_rush_yds_s2d","loading":-0.25056043326535393},{"feature":"def_rush_yds_s2d","loading":-0.22591217616222123},{"feature":"def_turnovers_s2d","loading":-0.21637287608740602},{"feature":"off_yds_for_5g","loading":-0.21374503170771858}]},{"component":2,"explained_variance":0.1409453404276304,"top_loadings":[{"feature":"te_target_share_s2d","loading":0.33074362112511346},{"feature":"te_target_share_w5","loading":0.33074362112511346},{"feature":"te_target_share_w3","loading":0.32813748651583524},{"feature":"te_target_share_exp","loading":0.30588122440286025},{"feature":"wr_target_share_exp","loading":-0.30077705540964156},{"feature":"wr_target_share_w3","loading":-0.29825014808016104},{"feature":"wr_target_share_s2d","loading":-0.29289571608035675},{"feature":"wr_target_share_w5","loading":-0.29289571608035675},{"feature":"qb_aypa_exp","loading":-0.1919351323369426},{"feature":"qb_aypa_s2d","loading":-0.18947677155920983}]},{"component":3,"explained_variance":0.12692041913274735,"top_loadings":[{"feature":"roof_dome","loading":0.3589806109684295},{"feature":"roof_outdoor","loading":-0.3589806109684295},{"feature":"weather_wind_mph","loading":-0.3589806109684295},{"feature":"weather_temp_f",