{"season":2010,"week":10,"generated_at":"2025-11-07T00:25:07.866Z","feature_hash":"4ecfcbae722b445b81196b8fdda62b47a29c60d6","logistic":{"weights":[-0.2524279090046612,-0.4315766607435858,-0.18381395313697452,-0.4747031686437808,1.1537057652798324,1.066927642556418,0.052320363073153464,0.2759839214474598,-0.09962760811305231,-0.9362795405135902,3.276135138972844,-2.7869889043827323,0,0,0,0,0.5289489943506188,-0.8270601567904415,-1.05549312764801,0.8136479246408735,-3.771940040896465,0.0575511180883824,0,0,0,0,0,0,0,0,0,0,0,0,0,0,0,0,0,0,-0.5790464106286173,0.14048529512075308,0.011683646470179953,0.16515700185866866,-0.6876994922762265,0.10199095222640844,-0.027827506844293297,0,0,2.094400813695751,1.266792662890138,0.07840076559591903,-0.32086563013084113,0.5594715832386117,-0.005268514256250038,-0.6560619753702559,0.3902749563036792,-1.6622365650961592,-0.17596561534890584,-0.14530321914582425,0.37594874443330323,-0.3784978607757107,-0.05801795104787184,0.09228046674717659,-0.12449135125823535,-0.16690746419982122,0.19124868521254015,-0.12086400603596671,-0.007698897768241843,0.06668540908218698,0.26730947620519807,-0.1063033434760771,-0.11482544003107004,-0.06795198088784796,-0.1965503993430869,0.045957712223841575,0.3295239622618801,0.6802146253738715,-0.19620927756475579,-0.15706696007810747,0.15212991030882755,0,0,0,0,0.031106129907184296,0.04805826983366258,0.031106129907185538,-0.031106129907184178,0,0,0],"bias":0.8889613933486455,"scaler":{"mu":[103.81538461538462,1232.1,390.9307692307692,841.1692307692308,5.746153846153846,99.85384615384615,1204.676923076923,394.37692307692305,810.3,4.076923076923077,1.7153846153846153,1.7923076923076924,1,0,0,0,-6.64536149527666,-18.294157613059088,0.022585599732204066,-0.2616079928719658,1449.683931387195,-0.6131479416245191,0,0,0,0,0,0,0,0,0,0,0,0,0,0,0,0,0,0,301.2294871794871,300.2825641025641,302.4461538461538,302.6810256410256,-1.2166666666666686,-2.3984615384615386,7.368297038904234,0,0,-0.01598620118401154,-0.007993203434366387,-0.012728940576681495,-0.02890011171878623,0.43671767338032463,0.4403213174824075,0.4386391232533536,0.4310730231027922,-0.01738367659545333,-0.012863715581193605,-0.014060863200665269,-0.029882341898994476,0.43559758144547944,0.43938637963325367,0.43776027785179217,0.42978049861122386,0.8337323539160756,0.8351839918176446,0.8340312433950392,0.8423008863998659,0.5835162240737497,0.5893347856446318,0.58506423430516,0.5842496376646776,0.21391538944704813,0.21033759395927273,0.2133987035735328,0.21359842969356452,8.35301474822727,8.393453384710037,8.341428375500618,8.306458352357811,0,0,0,0,0.17692307692307693,0.7384615384615385,65.88461538461539,4.115384615384615,0,0,0],"sd":[67.82883260490613,793.7215734461589,264.3000389551919,568.1418584833781,4.396347327325856,61.30141315204626,737.6705561885032,259.6152557264638,506.2459823202398,3.0999141045553666,1.393582077208644,1.4179950843256115,1,1,1,1,953.7826710436303,886.6282678590127,5.391103730413545,4.004381030803104,2.5206540890480555,3.6559847047605403,1,1,1,1,1,1,1,1,1,1,1,1,1,1,1,1,1,1,125.59982114110343,123.57982360736351,123.78510158373659,121.96703925903395,79.05121852047981,72.03264782259494,3.0714296915869688,1,1,0.0909982271727571,0.10208832044039214,0.0934680168303115,0.09896150464234864,0.04103884515480331,0.045180364870507604,0.042202737617673576,0.04504432897002669,0.08564213092920327,0.10192543495219794,0.08749009023114661,0.09376427686243496,0.038182195993123995,0.046095646959844444,0.03933294341322799,0.04168914709007207,0.12009559604498576,0.12294081687644645,0.12084000273422749,0.10461073017321962,0.09517559950847834,0.10112426540061427,0.09718920806910857,0.10035263301251718,0.07061071284104735,0.07495912669399551,0.07220795547305799,0.07730762366351183,1.1707127999905385,1.4384984579718392,1.2038491363275272,1.2385433207942704,1,1,1,1,0.38160359245576814,0.43947251867955955,1.9080179622788387,1.9080179622788387,1,1,1]},"features":["off_1st_down_s2d","off_total_yds_s2d","off_rush_yds_s2d","off_pass_yds_s2d","off_turnovers_s2d","def_1st_down_s2d","def_total_yds_s2d","def_rush_yds_s2d","def_pass_yds_s2d","def_turnovers_s2d","wins_s2d","losses_s2d","home","sim_winrate_same_loc_s2d","sim_pointdiff_same_loc_s2d","sim_count_same_loc_s2d","off_total_yds_s2d_minus_opp","def_total_yds_s2d_minus_opp","off_turnovers_s2d_minus_opp","def_turnovers_s2d_minus_opp","elo_pre","elo_diff","rest_days","rest_diff","off_third_down_att_s2d","off_third_down_conv_s2d","off_third_down_pct_s2d","off_red_zone_att_s2d","off_red_zone_td_s2d","off_red_zone_td_pct_s2d","off_dropbacks_s2d","off_sacks_taken_s2d","off_sack_rate_s2d","off_pass_att_s2d","off_rush_att_s2d","off_neutral_pass_rate_s2d","off_third_down_pct_s2d_minus_opp","off_red_zone_td_pct_s2d_minus_opp","off_sack_rate_s2d_minus_opp","off_neutral_pass_rate_s2d_minus_opp","off_yds_for_3g","off_yds_for_5g","def_yds_against_3g","def_yds_against_5g","net_yds_3g","net_yds_5g","qb_ypa_3g","qb_sack_rate_3g","qb_qbr","off_epa_per_play_s2d","off_epa_per_play_w3","off_epa_per_play_w5","off_epa_per_play_exp","off_success_rate_s2d","off_success_rate_w3","off_success_rate_w5","off_success_rate_exp","def_epa_per_play_allowed_s2d","def_epa_per_play_allowed_w3","def_epa_per_play_allowed_w5","def_epa_per_play_allowed_exp","def_success_rate_allowed_s2d","def_success_rate_allowed_w3","def_success_rate_allowed_w5","def_success_rate_allowed_exp","rb_rush_share_s2d","rb_rush_share_w3","rb_rush_share_w5","rb_rush_share_exp","wr_target_share_s2d","wr_target_share_w3","wr_target_share_w5","wr_target_share_exp","te_target_share_s2d","te_target_share_w3","te_target_share_w5","te_target_share_exp","qb_aypa_s2d","qb_aypa_w3","qb_aypa_w5","qb_aypa_exp","qb_sack_rate_s2d","qb_sack_rate_w3","qb_sack_rate_w5","qb_sack_rate_exp","roof_dome","roof_outdoor","weather_temp_f","weather_wind_mph","weather_precip_pct","weather_impact_score","weather_extreme_flag"]},"decision_tree":{"params":{"depth":6,"minSamples":8},"alpha":2},"bt":{"coefficients":[-0.23922941404954262,-0.2875179657160397,-0.3273025212353403,0.002686287155571652,-0.31295879370843876,-0.0008192206539962353,-0.003104281289703986,-0.004869633451863843,0.0005367862425097992,-0.0030970453069955437],"intercept":0.05765605063973457,"scaler":{"mu":[-0.387526607809111,30.941113639112874,0.5196383823434906,0,-0.0015990051467953583,0,0,0,0,0],"sd":[54.10196913945611,515.7181517933418,15.043382159756435,1,0.10283898660595013,1,1,1,1,1]},"features":["diff_total_yards","diff_turnovers","diff_penalty_yards","diff_possession_seconds","diff_r_ratio","diff_elo_pre","diff_inj_out","diff_inj_skill_out","diff_inj_practice_dnp","diff_inj_out_trend"],"hyperparams":{"steps":1200,"learningRate":0.001,"l2":0.00001}},"ann":{"seeds":[1],"architecture":[92,128,64,32,1],"committee_size":1,"max_epochs":15,"dropout":0.5},"ensemble":{"weights":{"logistic":0.9,"tree":0,"bt":0,"ann":0.09999999999999998},"calibration":{"type":"platt","beta":0.07971570512200038,"source":"platt"},"calibration_beta":0.07971570512200038,"calibration_hash":"0036d5ffd90ec86387c1667da0d6f9855f71f8fd6a59cf4e015e660638bf23ec","oof_variance":{"ann":{"mean":0.5056834582123371,"var":0.01692905784728282}}},"pca":[{"component":1,"explained_variance":0.2215480921655184,"top_loadings":[{"feature":"off_1st_down_s2d","loading":0.23160590273812756},{"feature":"off_total_yds_s2d","loading":0.22923128732872683},{"feature":"def_total_yds_s2d","loading":0.2274882250774762},{"feature":"def_1st_down_s2d","loading":0.22622686168342215},{"feature":"off_pass_yds_s2d","loading":0.22334479991797546},{"feature":"def_pass_yds_s2d","loading":0.22182724315440824},{"feature":"def_rush_yds_s2d","loading":0.2138249339308156},{"feature":"off_rush_yds_s2d","loading":0.20830223321678137},{"feature":"wins_s2d","loading":0.1777485535276633},{"feature":"off_yds_for_5g","loading":0.17669491862585623}]},{"component":2,"explained_variance":0.15697921589097635,"top_loadings":[{"feature":"off_epa_per_play_exp",