{"season":2001,"week":11,"generated_at":"2025-11-07T00:08:22.798Z","feature_hash":"1728f2321c4eec1f05df4aab77cf6ca78fde441f","logistic":{"weights":[-0.647096498989028,-0.23826007398895696,-0.20307886302907277,-0.265165889855727,0.6217519923571877,0.35679123061387136,0.056141580628062106,0.3140322944657125,-0.07295290344057073,-0.18057476567425748,2.7989114626483134,-2.5797973058807484,0,0,0,0,0.8114985605304295,-0.8027724012561119,-0.7328932612591359,0.13185653316450882,-3.170867943212809,0.08958022591547632,0,0,0,0,0,0,0,0,0,0,0,0,0,0,0,0,0,0,-0.06977747193099981,0.031085788694407566,-0.1511769841551073,0.17297804691315014,0.03984869544070464,-0.35010191080646724,-0.6207988655475746,0,0,0.2249871138113546,0.3725652907044107,0.25091342928073446,0.15287774402424092,0.256778718551158,0.3681187180395907,0.19764052141305563,0.17265144589915288,-0.20930883610291573,-0.22200822244318497,-0.20155988325567162,-0.1863695728121446,-0.10297477281995902,0.1474346289112817,-0.026913577094209412,-0.24263511274749666,-0.38109444026697914,0.3700501028860533,-0.04502855484684251,-0.13729754049587065,0.028205015182115028,0.08576840072224987,0.1963425133763368,-0.18310418305448198,-0.031566140831146956,-0.3483721495844582,0.004442103416957265,-0.007673927180507978,-0.03479709869284224,0.43332790210671157,-0.31065978962524815,0.3584353074927579,0,0,0,0,-0.030103330655903773,0.03010333065590374,-0.0301033306559033,0.03010333065590368,0,0,0],"bias":0.5711291362945967,"scaler":{"mu":[108.15384615384616,1291.4335664335665,433.1048951048951,858.3286713286714,6.6573426573426575,110.2937062937063,1316.1748251748252,432.0769230769231,884.0979020979021,5.524475524475524,1.986013986013986,1.9580419580419581,1,0,0,0,14.519717693336158,36.77053576390612,0.04940691961154487,0.15126599546368016,1449.9736793082538,-0.043595470598775395,0,0,0,0,0,0,0,0,0,0,0,0,0,0,0,0,0,0,291.441724941725,289.1297202797205,297.0372960372962,295.3817016317017,-5.595571095571095,-6.2519813519813505,2.923691340412502,0,0,-0.014200337713993007,-0.010665767967224028,-0.01097187989263897,-0.02168740056363586,0.44790225680713314,0.4490716979200306,0.4489844864884139,0.4434930255983734,-0.007643180169715797,-0.004116496173081202,-0.006606522456155683,-0.01268350805936965,0.44816848391535363,0.44879526278124504,0.44763367793825337,0.4436207676363788,0.7792154912038173,0.7803268401815853,0.7789794104317743,0.7638861335235587,0.5905846923381254,0.596369765956024,0.5940151247264374,0.578831272256457,0.15703087142731567,0.15628245008953418,0.15690201791288533,0.15478128985436995,3.135959850130413,3.138182456869312,3.183509145157303,3.313197794479501,0,0,0,0,0.18181818181818182,0.8181818181818182,65.9090909090909,4.090909090909091,0,0,0],"sd":[72.67768750745222,832.633311608758,290.1525693019819,574.4732798989131,4.982634031270906,68.97104208074535,837.2205206547369,303.16023312758733,553.6227706962217,4.8514033264010274,1.6214731020844635,1.6844584773380096,1,1,1,1,973.2191952940198,1047.0097170481474,6.553249421550481,5.978675228988484,2.87626519715202,3.830829991864668,1,1,1,1,1,1,1,1,1,1,1,1,1,1,1,1,1,1,125.18563877883572,122.82107470371177,123.2806074210991,121.92320124570038,120.22549308630018,117.13605344829475,2.4644647662098786,1,1,0.09619505976619253,0.10622870834722303,0.09914803887891895,0.11055587779239727,0.03861094691477253,0.04519960101075087,0.04054232172451183,0.04120949961903869,0.09243975789540808,0.10322861524632443,0.09339444671536033,0.1068380506522741,0.034096275160287216,0.04181946770344708,0.03550394355056864,0.03735553104305216,0.15452924489819977,0.1617863692598859,0.15768656513243143,0.16850422713123628,0.12603677213296227,0.12718957733414696,0.12716436032092682,0.1401506264717547,0.07644409811960688,0.07767352884800771,0.07702070460393456,0.0817859635630752,1.9106101664593778,2.2709921293551862,2.0841733246269487,2.258146136681509,1,1,1,1,0.38569460791993493,0.38569460791993493,1.928473039599673,1.9284730395996739,1,1,1]},"features":["off_1st_down_s2d","off_total_yds_s2d","off_rush_yds_s2d","off_pass_yds_s2d","off_turnovers_s2d","def_1st_down_s2d","def_total_yds_s2d","def_rush_yds_s2d","def_pass_yds_s2d","def_turnovers_s2d","wins_s2d","losses_s2d","home","sim_winrate_same_loc_s2d","sim_pointdiff_same_loc_s2d","sim_count_same_loc_s2d","off_total_yds_s2d_minus_opp","def_total_yds_s2d_minus_opp","off_turnovers_s2d_minus_opp","def_turnovers_s2d_minus_opp","elo_pre","elo_diff","rest_days","rest_diff","off_third_down_att_s2d","off_third_down_conv_s2d","off_third_down_pct_s2d","off_red_zone_att_s2d","off_red_zone_td_s2d","off_red_zone_td_pct_s2d","off_dropbacks_s2d","off_sacks_taken_s2d","off_sack_rate_s2d","off_pass_att_s2d","off_rush_att_s2d","off_neutral_pass_rate_s2d","off_third_down_pct_s2d_minus_opp","off_red_zone_td_pct_s2d_minus_opp","off_sack_rate_s2d_minus_opp","off_neutral_pass_rate_s2d_minus_opp","off_yds_for_3g","off_yds_for_5g","def_yds_against_3g","def_yds_against_5g","net_yds_3g","net_yds_5g","qb_ypa_3g","qb_sack_rate_3g","qb_qbr","off_epa_per_play_s2d","off_epa_per_play_w3","off_epa_per_play_w5","off_epa_per_play_exp","off_success_rate_s2d","off_success_rate_w3","off_success_rate_w5","off_success_rate_exp","def_epa_per_play_allowed_s2d","def_epa_per_play_allowed_w3","def_epa_per_play_allowed_w5","def_epa_per_play_allowed_exp","def_success_rate_allowed_s2d","def_success_rate_allowed_w3","def_success_rate_allowed_w5","def_success_rate_allowed_exp","rb_rush_share_s2d","rb_rush_share_w3","rb_rush_share_w5","rb_rush_share_exp","wr_target_share_s2d","wr_target_share_w3","wr_target_share_w5","wr_target_share_exp","te_target_share_s2d","te_target_share_w3","te_target_share_w5","te_target_share_exp","qb_aypa_s2d","qb_aypa_w3","qb_aypa_w5","qb_aypa_exp","qb_sack_rate_s2d","qb_sack_rate_w3","qb_sack_rate_w5","qb_sack_rate_exp","roof_dome","roof_outdoor","weather_temp_f","weather_wind_mph","weather_precip_pct","weather_impact_score","weather_extreme_flag"]},"decision_tree":{"params":{"depth":6,"minSamples":8},"alpha":2},"bt":{"coefficients":[0.20643941210133993,-0.26099955475605713,0.07027356268224111,0.004697293063038595,-0.19021321423382065,-0.0033464682120052593,-0.0040247720144865355,-0.002949776155583844,0.004691896878291583,-0.0029283774720794257],"intercept":-0.09181100294489758,"scaler":{"mu":[-0.7735259632008863,6.2578219329689855,1.1311639031762877,0,0.005124061596335382,0,0,0,0,0],"sd":[77.97522945939632,723.9288395887656,18.59460155558419,1,0.09380977507175127,1,1,1,1,1]},"features":["diff_total_yards","diff_turnovers","diff_penalty_yards","diff_possession_seconds","diff_r_ratio","diff_elo_pre","diff_inj_out","diff_inj_skill_out","diff_inj_practice_dnp","diff_inj_out_trend"],"hyperparams":{"steps":1200,"learningRate":0.001,"l2":0.00001}},"ann":{"seeds":[1],"architecture":[92,128,64,32,1],"committee_size":1,"max_epochs":15,"dropout":0.5},"ensemble":{"weights":{"logistic":0.9,"tree":0,"bt":0,"ann":0.09999999999999998},"calibration":{"type":"platt","beta":-0.05893135040351124,"source":"platt"},"calibration_beta":-0.05893135040351124,"calibration_hash":"7f4cae935f9d63a6d9e340b70423a46d31f0bc4ed019c29b15139ed5423c0ed5","oof_variance":{"ann":{"mean":0.4736102822973621,"var":0.011200800310678737}}},"pca":[{"component":1,"explained_variance":0.22122906413354795,"top_loadings":[{"feature":"off_total_yds_s2d","loading":0.22130611901277836},{"feature":"off_1st_down_s2d","loading":0.2186111903057804},{"feature":"off_pass_yds_s2d","loading":0.21430175706583576},{"feature":"off_rush_yds_s2d","loading":0.21077260708152243},{"feature":"off_epa_per_play_w5","loading":0.1756866002671323},{"feature":"def_pass_yds_s2d","loading":0.17548765283095313},{"feature":"def_turnovers_s2d","loading":0.17485855139186304},{"feature":"wins_s2d","loading":0.1747886088027402},{"feature":"off_epa_per_play_s2d","loading":0.17447527388122255},{"feature":"def_1st_down_s2d","loading":0.17265852802323817}]},{"component":2,"explained_variance":0.16996325733044948,"top_loadings":[{"feature":"def_total_yds_s2d",