{"season":2018,"week":10,"generated_at":"2025-11-07T00:39:51.517Z","feature_hash":"84ae161011d64b4cab9bc050b9d5ac680571b723","logistic":{"weights":[-0.3564604118533775,-0.47610565358794393,-0.2380759416681196,-0.4735710886257932,1.7982939732071395,0.620721715869485,-0.004089533198615924,-0.40698527524489203,0.14408322949251373,-0.7294869864984656,3.0989307054621023,-2.5802046467672706,0,0,0,0,1.114763460417969,-0.8550189207164691,-1.3901422402707275,0.5696589384893261,-3.4719792968357384,-0.3442110058500721,0,0,0,0,0,0,0,0,0,0,0,0,0,0,0,0,0,0,-0.3981146602743047,-0.16521197054192904,-0.041704477065536066,0.12379613276145895,-0.2971996378958066,-0.2768800242600543,0.15898745646773926,0,0,2.046193250408446,1.1452839157377546,0.08176558195636507,-0.0924121396414507,0.34100590773999245,-0.09673438352649487,-0.043615033182436654,-0.1311967734900751,-1.9106709400203632,-1.5203626742371217,0.2776796276422679,1.0565919892329254,-0.09710649105730983,-0.08514241505036174,-0.23545787281585892,0.34050707380241835,-0.43268210397212953,0.4396668739168564,-0.6819440364443855,0.32460270487051085,-0.06419076866916527,0.4238541495524696,0.2675429247338403,-0.29117515489476437,-0.15291650407598678,0.17020559165514348,0.039234877438987764,-0.28478469825062186,0.08790483523381945,-0.1550165846339713,0.11599762454879152,0.08403652960542841,0,0,0,0,-0.024169345570101138,0.22039801169298026,-0.02416934557009902,0.024169345570101287,0,0,0,-0.1363854291965428,-0.141451521342806,-0.0549820022002602,-0.011824587610021982,0.08316211178442107,0.012776478216834909,0.28844738023719574,0.2740199691889622,0,-0.25900543003419996,0.06589011282814439,-0.03334761525417836,0.2572977103406947,-0.07467461068274431,-0.39588553184577224,0.1424269381197289,-0.11287360771139475,0.16919483900401,-0.2379042054765896,0.09765774129199536,0.12081168545553288,-0.08380139876117758,0.08592584563192932,0.0007229439105948021,-0.14286787738585752,-0.15545144082047338,-0.03283820990783698,0.18627485519299625,-0.23356490005151662,0.050475811907163715,-0.2574972619446591,0.12219167896621898,0.2023880362228761,-0.242501680692115,-0.0784760475610574,-0.11547480731198911,-0.24863497935034587,-0.06462041056395247,0.011949014827190987,-0.031157630784640674,-0.11508123708588786],"bias":1.096634170196899,"scaler":{"mu":[136.0909090909091,1607.5454545454545,464.72727272727275,1142.8181818181818,6.098484848484849,137.42424242424244,1620.3863636363637,472.9166666666667,1147.469696969697,4.704545454545454,2.159090909090909,2.121212121212121,1,0,0,0,128.17301934106067,126.27568757338477,0.5001952841323246,0.4149677752854088,1449.8863989141844,-0.2828665756520615,0,0,0,0,0,0,0,0,0,0,0,0,0,0,0,0,0,0,333.92171717171715,333.09103535353535,336.38888888888897,335.27297979797976,-2.4671717171717176,-2.1819444444444467,7.235957827790028,0,0,-0.01470199362427445,-0.008744042346762895,-0.012565206843629417,-0.02962966540066047,0.4294346341788229,0.430234734978594,0.43017406085204224,0.42638164187777233,-0.013611558768659987,-0.008255890072770734,-0.009832151212773243,-0.030473751031014806,0.42722673106745335,0.42737337227321653,0.4276211305489495,0.4237576208443566,0.8287660701879679,0.8284847520545192,0.8307587222077321,0.8288214938591048,0.5820859798442981,0.5864908235775519,0.585190455816919,0.5796751252449781,0.19300643471073636,0.19249182099266132,0.19287427335235358,0.19294315857459068,8.080411865061452,8.090149344345408,8.073332075636507,8.120074232476167,0,0,0,0,0.09848484848484848,0.7575757575757576,65.49242424242425,4.507575757575758,0,0,0,-0.23484848484848486,-2.1893939393939394,-1.3431818181818183,-1.121212121212121,-0.1553030303030304,-0.007575757575757576,0.030303030303030304,0.17424242424242425,0,-0.027310606060606063,-4.204545454545454,-3.5643939393939394,-1.8825757575757576,0.007575757575757576,-4.214393939393937,-0.7704545454545454,-3.2196969696969697,-0.9848484848484849,-0.015151515151515152,0,-0.045454545454545456,0.04924242424242424,0,-0.08333333333333333,-0.045454545454545456,-0.035575757575757566,0.030303030303030304,-0.005946969696969698,0.2196969696969697,0.01565909090909091,-0.05303030303030303,0.3787878787878788,-0.3939393939393939,-0.14393939393939395,-0.5909090909090909,-0.026674242424242416,-0.022727272727272728,-0.015151515151515152,-0.005795454545454545,-0.06060606060606061,4.722727272727273],"sd":[79.33983814802859,928.3117811842094,277.4640596684793,677.8257443247649,4.295628236560996,82.31895849351096,952.7185555963974,296.5778308003183,673.9849881364136,3.5220918292961203,1.5803219151084058,1.771107781357874,1,1,1,1,1004.5707556150004,947.2178954408796,4.686816485119368,4.571762911204117,2.6051403299367166,3.246805466700891,1,1,1,1,1,1,1,1,1,1,1,1,1,1,1,1,1,1,134.10681650113156,132.45455119783142,131.7194365335591,129.0724741689354,72.5616376770204,66.33023186501217,2.962841739978951,1,1,0.10529377873122926,0.11617998743683189,0.10738394002436327,0.12028409613288439,0.04758722385970357,0.04985441940065249,0.04721485816689019,0.053739151563250855,0.09076604416288472,0.10517623291405608,0.09440180270329648,0.10773235863405295,0.04006045806206719,0.04223046270714493,0.040143678373127024,0.04884211311557161,0.07868396615723813,0.08841434862944109,0.07954440213125219,0.08328262093902007,0.10317845373802434,0.10382435448782741,0.10255803841597452,0.1125801617489158,0.07071317364251252,0.07425277583465645,0.07093116642418248,0.07254137748113679,1.2790774296914718,1.3326311130270994,1.27556531203484,1.5509333339807037,1,1,1,1,0.29796909756510825,0.42854956435548297,1.4898454878255436,1.4898454878255398,1,1,1,1.7401665214851432,10.471557853305058,7.717200320396251,7.1774376104550175,4.988005528324611,0.3587903101883214,0.27356772856466327,1.2278103947568242,1,0.4491680547441719,13.833281472902229,11.251499109383076,8.051646699749949,0.35879031018832147,38.18096291580589,13.90467404865893,11.404620537534004,10.941985338998643,2.0448933012279156,0.408248290463863,0.32248176748170887,0.312975991944297,0.6030226891555273,2.4527092832789683,0.6726658448613059,0.23262973315042546,1.6874734293728295,0.06522400961464424,3.910580817783345,0.14260821672667193,2.481184937897903,6.500035318121185,3.8627152793935298,2.5765039025709378,6.51798740253572,0.20925095475008,0.26012552596044525,0.5901315786106195,0.32131110994374046,0.38450234971059166,39.848361418175]},