{"season":2001,"week":9,"generated_at":"2025-11-07T00:08:18.046Z","feature_hash":"36fd084e2b448aea68d0742cd2c53bb674af4fbe","logistic":{"weights":[-0.5072435240734434,-0.12835858594974536,-0.134428534475688,-0.14061618347950153,0.5535133724304309,0.3158184432290199,0.05681189053864665,0.2349194529835628,-0.028042138716553863,-0.2744503733808529,2.8786224237616023,-2.584925880721365,0,0,0,0,0.8127309656142573,-0.6942189871151074,-0.7932159265328212,0.2559078987481354,-3.05826780889797,-0.10396689069586723,0,0,0,0,0,0,0,0,0,0,0,0,0,0,0,0,0,0,-0.03553530544443609,0.05815419078028984,-0.16980318386683216,0.18843541760095672,0.09500454166025828,-0.3383283912389791,-0.6838352209011177,0,0,0.17575766354865466,0.21008996944489133,0.20613073030888499,0.08267761257558141,0.21802920194787653,0.2697011142000318,0.21202219124033056,0.06344588355860248,-0.16732071200047066,-0.15561087254209466,-0.12307758962158698,-0.171858750805448,-0.10408896485046601,0.10857071239371195,-0.049337132964259935,-0.2518486407471887,-0.38014753926240097,0.3311281676363874,-0.06568423911644981,-0.20717500164742364,0.07095329838642438,0.18653352584032684,0.2717792019591297,-0.2380816942189808,0.02071310675452887,-0.32121295404960915,0.0405820100947863,0.009136570951306534,-0.00915761264857664,0.48617540240119805,-0.286240083057719,0.26820978555741565,0,0,0,0,-0.08340323663989226,0.08340323663989221,-0.08340323663989171,0.08340323663989216,0,0,0],"bias":0.5937360961889604,"scaler":{"mu":[93.6283185840708,1122.6194690265486,377.1061946902655,745.5132743362832,5.752212389380531,96.45132743362832,1150.212389380531,371.78761061946904,778.4247787610619,4.823008849557522,1.7876106194690264,1.663716814159292,1,0,0,0,-2.675988839852434,20.12065394133934,-0.19263251490996178,0.02703946138268393,1449.9662662626813,0.01991185636085451,0,0,0,0,0,0,0,0,0,0,0,0,0,0,0,0,0,0,280.1961651917404,276.04026548672573,285.7876106194691,284.5821533923303,-5.591445427728613,-8.541887905604723,2.853881475325969,0,0,-0.01736844281160689,-0.010758102041974152,-0.014370450185010843,-0.025374057151041553,0.4466744375429064,0.449027890983507,0.44761712486252236,0.44188421827494023,-0.009717031159600131,-0.005651556088653233,-0.009161425524010985,-0.015357623747284659,0.4475921233719481,0.44947562624768106,0.44717782091028796,0.44321023113260705,0.7730464218930574,0.7753256379458796,0.7736088237686699,0.7589162567879666,0.5822150988746935,0.585452967330941,0.5837288758598205,0.5712074308713742,0.15871162670987624,0.16071063914944078,0.15895561723771848,0.15716144843449253,3.1325513963095237,3.1707624551675284,3.1611383893505414,3.327311419546041,0,0,0,0,0.17699115044247787,0.8230088495575221,65.88495575221239,4.115044247787611,0,0,0],"sd":[61.69812244389648,708.1816341007398,244.35949734750787,491.42849595638154,4.229125672629125,57.379653381069886,690.4799337863104,251.62373410176835,458.5251231825283,4.148205899634491,1.4540229662683806,1.430456449640832,1,1,1,1,801.6966681954356,829.2903932404478,5.80511959687937,4.787504861280105,2.4432894413108883,3.1062896986197126,1,1,1,1,1,1,1,1,1,1,1,1,1,1,1,1,1,1,135.18405318323767,133.18082281991468,133.89436216716234,133.0056806683578,125.45769694321741,124.5618484570125,2.485404418890534,1,1,0.10341100653540142,0.10836609982234846,0.10544139419397616,0.11848567669626596,0.04127532044454908,0.04512387641152582,0.04233604724096702,0.04373873944320419,0.10006746607854775,0.10380088372157721,0.09983155651916746,0.11581717142454548,0.03686511914584797,0.04137651554298011,0.03712822168045062,0.04056808133106136,0.16629908983367037,0.1706361618612251,0.1677615515240897,0.17757441303098742,0.13706896609540084,0.1362746316976702,0.13733641859188314,0.15034911615798308,0.08033758111904898,0.07997448413348085,0.08067922358112196,0.08631051530368829,2.0755449830064503,2.342952391449379,2.175163197658675,2.464786466333748,1,1,1,1,0.3816612150946517,0.3816612150946517,1.9083060754732568,1.9083060754732581,1,1,1]},"features":["off_1st_down_s2d","off_total_yds_s2d","off_rush_yds_s2d","off_pass_yds_s2d","off_turnovers_s2d","def_1st_down_s2d","def_total_yds_s2d","def_rush_yds_s2d","def_pass_yds_s2d","def_turnovers_s2d","wins_s2d","losses_s2d","home","sim_winrate_same_loc_s2d","sim_pointdiff_same_loc_s2d","sim_count_same_loc_s2d","off_total_yds_s2d_minus_opp","def_total_yds_s2d_minus_opp","off_turnovers_s2d_minus_opp","def_turnovers_s2d_minus_opp","elo_pre","elo_diff","rest_days","rest_diff","off_third_down_att_s2d","off_third_down_conv_s2d","off_third_down_pct_s2d","off_red_zone_att_s2d","off_red_zone_td_s2d","off_red_zone_td_pct_s2d","off_dropbacks_s2d","off_sacks_taken_s2d","off_sack_rate_s2d","off_pass_att_s2d","off_rush_att_s2d","off_neutral_pass_rate_s2d","off_third_down_pct_s2d_minus_opp","off_red_zone_td_pct_s2d_minus_opp","off_sack_rate_s2d_minus_opp","off_neutral_pass_rate_s2d_minus_opp","off_yds_for_3g","off_yds_for_5g","def_yds_against_3g","def_yds_against_5g","net_yds_3g","net_yds_5g","qb_ypa_3g","qb_sack_rate_3g","qb_qbr","off_epa_per_play_s2d","off_epa_per_play_w3","off_epa_per_play_w5","off_epa_per_play_exp","off_success_rate_s2d","off_success_rate_w3","off_success_rate_w5","off_success_rate_exp","def_epa_per_play_allowed_s2d","def_epa_per_play_allowed_w3","def_epa_per_play_allowed_w5","def_epa_per_play_allowed_exp","def_success_rate_allowed_s2d","def_success_rate_allowed_w3","def_success_rate_allowed_w5","def_success_rate_allowed_exp","rb_rush_share_s2d","rb_rush_share_w3","rb_rush_share_w5","rb_rush_share_exp","wr_target_share_s2d","wr_target_share_w3","wr_target_share_w5","wr_target_share_exp","te_target_share_s2d","te_target_share_w3","te_target_share_w5","te_target_share_exp","qb_aypa_s2d","qb_aypa_w3","qb_aypa_w5","qb_aypa_exp","qb_sack_rate_s2d","qb_sack_rate_w3","qb_sack_rate_w5","qb_sack_rate_exp","roof_dome","roof_outdoor","weather_temp_f","weather_wind_mph","weather_precip_pct","weather_impact_score","weather_extreme_flag"]},"decision_tree":{"params":{"depth":6,"minSamples":8},"alpha":2},"bt":{"coefficients":[0.09949186285349049,-0.06354360010767342,0.03337893933082764,0.002599738905160566,-0.06076301720244393,-0.0017088701605255314,0.002614183776353737,0.0014544970510996615,0.00395436272666984,0.0027236893651546848],"intercept":0.06884232279479828,"scaler":{"mu":[-1.7001960110235685,1.8410194962940833,0.964079309413566,0,0.0035628547762426277,0,0,0,0,0],"sd":[76.7915936257037,736.9019482772262,18.716709445975415,1,0.09423611425648905,1,1,1,1,1]},"features":["diff_total_yards","diff_turnovers","diff_penalty_yards","diff_possession_seconds","diff_r_ratio","diff_elo_pre","diff_inj_out","diff_inj_skill_out","diff_inj_practice_dnp","diff_inj_out_trend"],"hyperparams":{"steps":1200,"learningRate":0.001,"l2":0.00001}},"ann":{"seeds":[1],"architecture":[92,128,64,32,1],"committee_size":1,"max_epochs":15,"dropout":0.5},"ensemble":{"weights":{"logistic":0.9,"tree":0,"bt":0,"ann":0.09999999999999998},"calibration":{"type":"platt","beta":0.17145669336447872,"source":"platt"},"calibration_beta":0.17145669336447872,"calibration_hash":"52582d64ac4f8bb651b706fffc9002cc0451e5c9485d1d0f05a2fd90f7f455b6","oof_variance":{"ann":{"mean":0.4929199191351361,"var":0.016140605327010126}}},"pca":[{"component":1,"explained_variance":0.23428046568788563,"top_loadings":[{"feature":"off_total_yds_s2d","loading":0.20739090210456423},{"feature":"off_1st_down_s2d","loading":0.20426396132071623},{"feature":"off_pass_yds_s2d","loading":0.20134337885621448},{"feature":"off_rush_yds_s2d","loading":0.19612314900041258},{"feature":"off_epa_per_play_w5","loading":0.19073920965885194},{"feature":"off_epa_per_play_w3","loading":0.18786689819603583},{"feature":"off_epa_per_play_s2d","loading":0.1864597983553789},{"feature":"rb_rush_share_exp","loading":0.18094651879631093},{"feature":"rb_rush_share_s2d","loading":0.1764719675501483},{"feature":"rb_rush_share_w5","loading":0.17617198054592595}]},{"component":2,"explained_variance":0.1611149667031122,"top_loadings":[{"feature":"def_total_yds_s2d",