{"season":2010,"week":8,"generated_at":"2025-11-07T00:25:02.683Z","feature_hash":"0c1d23eb2a1e92cfbe1078f13faf6c01523c63b4","logistic":{"weights":[-0.26390764729271005,-0.4421677106933993,-0.3722624284058457,-0.40351599046635583,1.256231277984976,1.0723832984964234,0.05894397878513788,0.24729914965419195,-0.0755580996945832,-1.0862947622338224,3.132738770911056,-2.6474030718666044,0,0,0,0,0.49452500169060143,-0.8329286587047575,-0.9908326680889401,0.6699262803413345,-3.9672799737773095,-0.19676054479886246,0,0,0,0,0,0,0,0,0,0,0,0,0,0,0,0,0,0,-0.5938323507538522,0.14078225207141085,0.01595524101768991,0.18480468846702397,-0.7177114226497843,0.06947818999450439,-0.022073845977110245,0,0,2.0283515135295906,1.0614817375819228,-0.0508534984316077,-0.3313342756195395,0.509416304795702,-0.1367086406860989,-0.733074998595745,0.35384799375089077,-1.6730617454351955,-0.2937798869064317,-0.19299693972083656,0.39338616794127,-0.23318913576755032,-0.1348922304592251,0.21923505220318543,0.0320803338149475,-0.1828561887917644,0.15742471909035632,-0.17023329710754595,-0.01834983253294443,0.17370960089994078,0.37357061586415546,0.017378320123601312,0.009613684844069575,-0.07497354241226742,-0.28542118908893976,0.061092694568797457,0.3505979466644955,0.619491062126083,-0.188631349081523,-0.19414294166881116,0.060142491422528636,0,0,0,0,0.07731066254039563,0.014653803067086739,0.07731066254039683,-0.07731066254039556,0,0,0],"bias":0.8529910823136588,"scaler":{"mu":[99.70192307692308,1184.0961538461538,373.3173076923077,810.7788461538462,5.663461538461538,97.98076923076923,1173.548076923077,382.375,791.1730769230769,4.125,1.7019230769230769,1.7019230769230769,1,0,0,0,35.07433421568177,43.486941105915584,0.27764859419447246,0.029679128778541824,1449.842367385891,-0.31492074111133006,0,0,0,0,0,0,0,0,0,0,0,0,0,0,0,0,0,0,287.63301282051276,286.2166666666666,289.91987179487177,289.64935897435896,-2.2868589743589776,-3.4326923076923084,7.158391548347014,0,0,-0.020170053686999756,-0.01539022461367375,-0.019552139618829248,-0.03222528467072682,0.4345406886767772,0.43867690357355554,0.43523903238720546,0.4291210857115134,-0.021321656921701886,-0.01610890272245211,-0.01780371957259861,-0.03522296120808119,0.433737325083957,0.4389324061544446,0.435448367879757,0.42720266177170685,0.8350429504276602,0.8341982339117753,0.8347367673672164,0.8446389060084127,0.5847894973229436,0.5876210812714514,0.5846169812884077,0.5855042693706827,0.21254627496197792,0.21261390500621846,0.21290264434993858,0.2129355261675309,8.388014606653645,8.390714206602107,8.394688176287385,8.332703223927314,0,0,0,0,0.15384615384615385,0.7692307692307693,65.76923076923077,4.230769230769231,0,0,0],"sd":[60.10917628137032,694.7790672529644,222.10051710980727,508.47490590699766,4.12219736241177,57.777587611265965,678.0745914239549,237.6035477712013,473.8569737619573,2.9144451246532994,1.2925809578298677,1.3220017433677822,1,1,1,1,753.1656907821807,708.9747852098512,4.969258413024977,3.4059573581073446,2.09865218736533,3.0033692938243,1,1,1,1,1,1,1,1,1,1,1,1,1,1,1,1,1,1,134.58676541588682,132.66281343054538,133.27160025366095,131.81912772995628,79.17782126790462,72.36208599794303,3.3496565220145214,1,1,0.09476685675256544,0.10365444512439052,0.09585215940339971,0.10335972145599327,0.042460813862876104,0.044938004974427424,0.04307754820744226,0.04629892921575047,0.09242541316560608,0.10419632331641226,0.09297871296214587,0.09936537789042939,0.040307237244668816,0.047460314922403365,0.041165845837118194,0.043395449445156865,0.12184042403154614,0.12780964054717173,0.1245726234446786,0.10484099397234344,0.09586171110620131,0.10272636470878922,0.0968619257304148,0.10291574776443833,0.07304716585587394,0.07679552573962375,0.07340797676493627,0.0809274830574451,1.2288182805635437,1.449676817469741,1.24508087461077,1.3262272586154809,1,1,1,1,0.36080121229410955,0.42132504423474315,1.80400606147055,1.8040060614705504,1,1,1]},"features":["off_1st_down_s2d","off_total_yds_s2d","off_rush_yds_s2d","off_pass_yds_s2d","off_turnovers_s2d","def_1st_down_s2d","def_total_yds_s2d","def_rush_yds_s2d","def_pass_yds_s2d","def_turnovers_s2d","wins_s2d","losses_s2d","home","sim_winrate_same_loc_s2d","sim_pointdiff_same_loc_s2d","sim_count_same_loc_s2d","off_total_yds_s2d_minus_opp","def_total_yds_s2d_minus_opp","off_turnovers_s2d_minus_opp","def_turnovers_s2d_minus_opp","elo_pre","elo_diff","rest_days","rest_diff","off_third_down_att_s2d","off_third_down_conv_s2d","off_third_down_pct_s2d","off_red_zone_att_s2d","off_red_zone_td_s2d","off_red_zone_td_pct_s2d","off_dropbacks_s2d","off_sacks_taken_s2d","off_sack_rate_s2d","off_pass_att_s2d","off_rush_att_s2d","off_neutral_pass_rate_s2d","off_third_down_pct_s2d_minus_opp","off_red_zone_td_pct_s2d_minus_opp","off_sack_rate_s2d_minus_opp","off_neutral_pass_rate_s2d_minus_opp","off_yds_for_3g","off_yds_for_5g","def_yds_against_3g","def_yds_against_5g","net_yds_3g","net_yds_5g","qb_ypa_3g","qb_sack_rate_3g","qb_qbr","off_epa_per_play_s2d","off_epa_per_play_w3","off_epa_per_play_w5","off_epa_per_play_exp","off_success_rate_s2d","off_success_rate_w3","off_success_rate_w5","off_success_rate_exp","def_epa_per_play_allowed_s2d","def_epa_per_play_allowed_w3","def_epa_per_play_allowed_w5","def_epa_per_play_allowed_exp","def_success_rate_allowed_s2d","def_success_rate_allowed_w3","def_success_rate_allowed_w5","def_success_rate_allowed_exp","rb_rush_share_s2d","rb_rush_share_w3","rb_rush_share_w5","rb_rush_share_exp","wr_target_share_s2d","wr_target_share_w3","wr_target_share_w5","wr_target_share_exp","te_target_share_s2d","te_target_share_w3","te_target_share_w5","te_target_share_exp","qb_aypa_s2d","qb_aypa_w3","qb_aypa_w5","qb_aypa_exp","qb_sack_rate_s2d","qb_sack_rate_w3","qb_sack_rate_w5","qb_sack_rate_exp","roof_dome","roof_outdoor","weather_temp_f","weather_wind_mph","weather_precip_pct","weather_impact_score","weather_extreme_flag"]},"decision_tree":{"params":{"depth":6,"minSamples":8},"alpha":4},"bt":{"coefficients":[0.05761835624622107,-0.06816509863434654,0.05017394022434323,-0.0022569140763698237,-0.017117132934628135,0.0043222438837747955,0.0038316396366844334,0.0018948157563336663,0.002763974375978617,0.0014231473148715562],"intercept":0.06980395964087134,"scaler":{"mu":[-1.855115677343806,39.039887928011964,-1.157400282143897,0,-0.002633144771756465,0,0,0,0,0],"sd":[53.83285490312815,506.9018227489829,14.774660280524,1,0.10148040901514759,1,1,1,1,1]},"features":["diff_total_yards","diff_turnovers","diff_penalty_yards","diff_possession_seconds","diff_r_ratio","diff_elo_pre","diff_inj_out","diff_inj_skill_out","diff_inj_practice_dnp","diff_inj_out_trend"],"hyperparams":{"steps":1200,"learningRate":0.001,"l2":0.00001}},"ann":{"seeds":[1],"architecture":[92,128,64,32,1],"committee_size":1,"max_epochs":15,"dropout":0.5},"ensemble":{"weights":{"logistic":0.9,"tree":0,"bt":0,"ann":0.09999999999999998},"calibration":{"type":"platt","beta":0.04361403024988479,"source":"platt"},"calibration_beta":0.04361403024988479,"calibration_hash":"e0a76048b23a5729d5a8e1634b23b81dbbd773795006fd532a76b1c2b48a0673","oof_variance":{"ann":{"mean":0.53169134186332,"var":0.0068082083740093734}}},"pca":[{"component":1,"explained_variance":0.23680956903530834,"top_loadings":[{"feature":"off_1st_down_s2d","loading":0.22232029650619597},{"feature":"off_total_yds_s2d","loading":0.2198050991679763},{"feature":"def_total_yds_s2d","loading":0.21975675519867002},{"feature":"def_1st_down_s2d","loading":0.21808979068526516},{"feature":"def_pass_yds_s2d","loading":0.2126110165935914},{"feature":"off_pass_yds_s2d","loading":0.21199672695182276},{"feature":"def_rush_yds_s2d","loading":0.20312937047966637},{"feature":"off_rush_yds_s2d","loading":0.2022551166134535},{"feature":"off_yds_for_5g","loading":0.17997196670699986},{"feature":"off_yds_for_3g","loading":0.17693353134299908}]},{"component":2,"explained_variance":0.14722294316517107,"top_loadings":[{"feature":"off_epa_per_play_exp",