{"season":2021,"week":14,"generated_at":"2025-11-07T00:47:51.685Z","feature_hash":"d71b634fa0bd554348e98afb4accb5fb2fc83e9d","logistic":{"weights":[-0.6049458090937171,-0.5956527473918045,-0.1255123840631658,-0.6821373909387773,1.6839944225722392,0.7575768727320612,0.2665421914071229,-0.10123800606753604,0.37493938191881077,-1.1681652200748012,3.1976168105454827,-2.8398636501392818,0,0,0,0,0.9342157320902045,-0.4831782089222294,-0.5882351055784872,0.4747332736615581,-4.001682563611355,0.01820086697786654,0,0,0,0,0,0,0,0,0,0,0,0,0,0,0,0,0,0,-0.258143995124968,-0.21476826181410294,0.23369619099812683,-0.07661543270888581,-0.46989800010369853,-0.09758880184988215,0.021980010291697626,0,0,2.47509342774763,1.102791861086012,0.012577912008827874,-0.2753888986458491,0.4471637295268536,0.132279167318321,-0.37501591524733446,-0.4272317812336982,-1.83523676009441,-1.2102446375735527,0.08706445349602977,0.9051146976902599,-0.19163446087196712,0.5461588281601302,-0.2512048675682072,-0.21960551921041557,-0.36133670190835654,0.5128483586399903,-0.5383068539525698,0.36564290457961857,0.007495496637186083,0.30870377828327994,0.045665313449114404,0.01852682037834704,0.1985245894053838,0.39230712450071387,0.3959741351332966,-0.0563408250296124,0.06863403039081428,-0.1693613489409731,-0.45430190302362417,0.7751828535267643,0,0,0,0,0.08998189776283153,0.007996857962418152,0.08998189776283276,-0.08998189776283129,0,0,0,0.07519543857517598,-0.0547387959823579,-0.05207709708083509,-0.2221882505220441,-0.3410926269715888,0.07449169527830675,0.5019310597242929,0.2813382173403442,0,0.2080171115841672,-0.23352555138320416,0.10626554867590382,-0.09087378687301323,0.07686306003805049,-0.7577394438960406,0.035781866424544444,0.009212892676884224,-0.5158434807128714,0.2212129093559352,0.17187617611956346,0.36561729635933127,-0.27849031381899453,0.2501434973504391,-0.6691054306499199,-0.5363078117645804,0.15119037150137113,0.004555329639108375,-0.17344171078162873,-0.34690358597237514,-0.3336371166851104,-0.9360829266596813,0.932787745789219,0.16620537007528105,-0.3451036709028849,-0.40283751116477623,-0.46677442016600773,0.09591445377929829,-0.08654956655360954,-0.37684240485431186,-0.299634850726479,-0.19891089538458398],"bias":-0.10230228900934676,"scaler":{"mu":[149.15025906735752,1726.958549222798,525.9326424870467,1201.0259067357513,5.937823834196891,148.4559585492228,1738.2124352331607,528.5595854922279,1209.6528497409327,4.362694300518135,2.3575129533678756,2.3523316062176165,1,0,0,0,-8.55993178660802,15.559355750212434,0.12272781406022845,-0.051717645998152505,1449.8616577324428,-0.2779902145081995,0,0,0,0,0,0,0,0,0,0,0,0,0,0,0,0,0,0,335.38860103626945,338.40967184801383,336.97495682210695,340.8464594127809,-1.5863557858376498,-2.4367875647668393,7.202857436420516,0,0,0.0057507827138898,-0.0009902693998287734,0.0003907404570522998,0.0028308566761207007,0.4362637157909914,0.43387925596871185,0.43405341425260946,0.4339895533852003,0.01023691730864263,0.0010181371592934958,0.003964513877550165,0.006906353965985961,0.43708302622197753,0.43381651851718667,0.43512028440755424,0.43455725330312384,0.8093207085747344,0.8123760227389514,0.8122469643496424,0.8135613316798663,0.5919955662867297,0.5876772695834895,0.5895713276649702,0.5872442296306358,0.20869686884747,0.212879200498606,0.21055642368876873,0.2127462132350925,7.957117933535275,7.865385988803565,7.920919315981806,7.836814617189298,0,0,0,0,0.18134715025906736,0.7046632124352331,65.90673575129534,4.0932642487046635,0,0,0,-0.35233160621761656,-1.2279792746113989,-0.42797927461139895,-0.7512953367875648,-0.1891191709844559,-0.02072538860103627,0.010362694300518135,0.010362694300518135,0,0.020906735751295334,3.564766839378238,3.178756476683938,1.5963730569948187,0.04145077720207254,2.235233160621761,0.9295336787564769,1.8186528497409327,1.7461139896373057,0.31088082901554404,-0.04145077720207254,-0.031088082901554404,-0.007772020725388601,-0.07772020725388601,-0.04145077720207254,-0.0051813471502590676,-0.02479274611398965,0.08808290155440414,-0.005963730569948188,0.18134715025906736,0.007222797927461136,0.025906735751295335,-0.8393782383419689,0.010362694300518135,-0.07253886010362694,-0.03626943005181347,-0.010839378238341968,-0.015544041450777202,0.046632124352331605,0.021150259067357513,0.02072538860103627,2.149740932642487],"sd":[96.30345611946981,1101.2476289421668,368.12839985394714,765.277405324933,4.27382313347423,95.58995642950767,1096.6078792720918,342.6451930420944,772.4811305807268,3.8874125276890577,1.9796001142974582,1.8295805612034932,1,1,1,1,1409.5721508831625,1365.7746718595877,4.957002144571109,5.124679585928827,3.4657703644012208,4.674892463787606,1,1,1,1,1,1,1,1,1,1,1,1,1,1,1,1,1,1,114.22798157915585,113.20475824750058,112.72745741359914,111.76374044910135,73.58403741472894,68.08906325532948,2.6032146225759787,1,1,0.08061366986467224,0.10268640357867108,0.089242536011327,0.08520166159940759,0.03703974500512027,0.046522744310479494,0.04033806662985327,0.03611354513494256,0.07770902480096907,0.09896047081448926,0.08583993947721368,0.08388065203928287,0.034336144893456336,0.042735748461101855,0.03746860064633401,0.03432021278352487,0.08715511018829625,0.09416852885069732,0.09032517606358707,0.08766158098337937,0.0879661638503865,0.09161007842691332,0.08708500482236439,0.0962845298455887,0.06165476914745025,0.06911631874621853,0.06385715535226714,0.0632053221698981,1.0279860190942252,1.3658366241646342,1.1964786917672914,1.094461855784007,1,1,1,1,0.3853055428513619,0.4561940042083968,1.9265277142568091,1.9265277142568111,1,1,1,2.411158699351207,10.898963422669592,6.827348582193743,4.991216209977796,2.1803255333537077,0.35202668914949353,0.28773975910704314,1.2916216152380895,1,0.6012181947734533,16.0105924158109,15.41852779904486,9.38130305175733,0.33506935159015,46.47491497953453,14.675763682988281,13.984568262214,10.183945402754329,1.9225241803785573,0.39207428833974234,0.3204067323054983,0.18685205098711907,0.5182383316082886,2.7273973566096608,0.7583552513963789,0.3744653093767906,1.9334827105746433,0.12411207425018685,3.9206196307233263,0.2107454253332854,2.119329332670438,7.156293916448218,3.082609817693762,2.8238294433576954,6.129325632969111,0.21545197727459012,0.238229304302024,0.5219548294077937,0.37230759639595046,0.38032641043528675,44.916915959481514]},