{"season":2024,"week":16,"generated_at":"2025-11-07T00:50:41.418Z","feature_hash":"9a704281c7475dac1a488c7992aa1b06a87bcc4c","logistic":{"weights":[-0.23469034243175235,-0.07382186987293125,0.07269523853099581,-0.11281538659433527,0.3655632607052814,0.3244818330998131,0.21705905982254847,0.31104897187522795,0.25535331575726994,-0.6382814750301379,2.6149804682442426,-2.2882820488606876,0,0,0,0,0.42232432549196525,-0.6057689190920578,-0.27891173763701954,0.09837315464993446,-1.9712735183643024,0.20939511232369623,0,0,0,0,0,0,0,0,0,0,0,0,0,0,0,0,0,0,-0.38554679931955094,-0.18102089469820193,-0.16871429633665067,0.05747925923199254,-0.2925937550295362,-0.3844381954441979,-0.14798158718785928,0,0,0.6323795964720387,0.8633581356578618,0.2399371534512362,0.4965003846794352,0.10312372726696381,0.030555110886031186,-0.29571479203363343,-0.2074125458630301,-0.6916747139672577,-0.2745682272977938,-0.33696475784093355,-0.11515226448656775,-0.052575272807813184,0.023909928066636162,-0.10825020837653147,0.13450022230710765,-0.044826345179119105,-0.0022710797929663172,0.16282361451072716,0.23356933479095882,0.048998987538557574,-0.1193792089169415,0.09067582596813575,0.2759128753131649,-0.04277635998884359,0.008821961595364216,-0.03420285291336244,0.1835508443095989,-0.043215737990057436,-0.4363094058400536,0.043427673225919526,0.10576244370572335,0,0,0,0,-0.10281787074494904,-0.0534859678564234,-0.10281787074494984,0.10281787074494923,0,0,0,0.26928203485282476,-0.2367454459966601,0.10290869709161234,0.10688373001572843,0.2789410886244758,0.0580182442083281,0.4204229021103083,0.1762189423623701,0.005729906124736796,0.08122648171990167,-0.08957384931876285,-0.12872477452480052,0.1450281618453511,-0.18512372619024822,0.036601356191371975,0.18591457470358824,-0.10892905992457233,-0.018392508085820068,0.020470063440759523,-0.1902527791186431,-0.3055700778022997,0.302027080895566,0.08794092287340588,-0.6202929511220363,-0.4413047601077845,0.060086115057216775,-0.38152193997867506,-0.06283706789402882,-0.2729577130690468,-0.5147711303626568,-0.5654601393304561,0.4226266087794458,0.4253919722197134,-0.6119389156385946,-0.3631183210273964,0.24169794311842763,0.03615464540497747,-0.430965990421073,0.2698791438975685,-0.5108102469753858,-0.04140165540140706],"bias":0.26182295831316743,"scaler":{"mu":[151.66071428571428,1821.357142857143,631.4196428571429,1189.9375,5.584821428571429,149.41517857142858,1799.263392857143,623.3705357142857,1175.892857142857,4.258928571428571,2.6607142857142856,2.5044642857142856,1,0,0,0,174.08696199683035,156.5811177227963,0.5142870392753399,0.4354092034544017,1450.0715249538534,0.07700857876913858,0,0,0,0,0,0,0,0,0,0,0,0,0,0,0,0,0,0,325.5372023809522,324.2037946428572,329.0669642857145,325.0327380952382,-3.5297619047619073,-0.8289434523809517,7.127592553905756,0,0,0.005094846888805759,0.010169101250867904,0.009488459546369047,0.0028033019908986568,0.46678406687118246,0.46818679153306136,0.4681505787955436,0.46549622889111497,0.0022850266703597364,0.007823312386116853,0.00665944831491309,0.0010732757472422163,0.46536821937103057,0.4665806975705384,0.46669803687002187,0.46468892619096697,0.8027305038384839,0.8057617694785894,0.8046736985899859,0.7966520798829413,0.6021618385699453,0.5947945489642416,0.596442184014219,0.5999774891863581,0.2112014303782799,0.22200886906537884,0.219064185052767,0.21095583826643133,7.6137476431838405,7.688376609461298,7.6431084382370855,7.52483945589712,0,0,0,0,0.19196428571428573,0.6517857142857143,65.95982142857143,4.040178571428571,0,0,0,-0.10714285714285714,0.65625,0.8732142857142858,-0.45982142857142855,-0.023214285714285736,0,-0.03125,-0.09375,0,0.04352678571428571,-0.4330357142857143,-0.16741071428571427,0.4004464285714286,-0.017857142857142856,1.6348214285714282,1.0901785714285714,-0.6830357142857143,0.25,-0.08035714285714286,-0.008928571428571428,-0.004464285714285714,-0.033482142857142856,-0.044642857142857144,-0.05803571428571429,0.07589285714285714,0.02039285714285714,0.16517857142857142,0.0002232142857142867,0,-0.04592410714285713,0.06696428571428571,0.19196428571428573,-0.25892857142857145,0.08928571428571429,-0.10267857142857142,-0.023303571428571413,-0.008928571428571428,0.013392857142857142,-0.0069241071428571424,0.026785714285714284,-0.8745535714285724],"sd":[97.11232943381195,1167.0405631426904,444.3630802780067,753.7024597806911,4.078683913729065,96.4420715376236,1144.8952803403597,405.2818697564504,767.9689453489693,3.7026668374542786,2.2541769618887972,2.085232446483447,1,1,1,1,1334.6285604370978,1363.9203918451813,5.270241673791852,4.837581234827919,4.408369330663685,5.87611094511683,1,1,1,1,1,1,1,1,1,1,1,1,1,1,1,1,1,1,104.56867121140714,101.0018692451156,103.86905093421672,100.61239268178461,74.46310878937456,63.5888085221811,2.42563179624242,1,1,0.09145289987126955,0.10689207211337495,0.09831394285087855,0.10164634554120856,0.03820088183892288,0.04440085815798606,0.040776576635045254,0.04269192241758483,0.07761039181239705,0.088843609326084,0.08174311197331449,0.08889263723785433,0.03312577753220832,0.03952704336735963,0.03464158596154202,0.03852258994822759,0.06930473613825565,0.07213159620264097,0.06876654615012459,0.07941096485710943,0.07743262184447983,0.09746528459838351,0.0886942943488681,0.09108042332975386,0.06221385867500413,0.08132109960276664,0.07353761252616227,0.06747849310246982,1.2987742229415384,1.5100992206439947,1.4029841578272537,1.494124558394843,1,1,1,1,0.3938451456149868,0.47640434185550395,1.9692257280749332,1.9692257280749332,1,1,1,2.1354037041252503,12.253011883745739,6.496860260140735,6.645231370547779,3.4466205534981516,0.5,0.2193868281304574,1.2302570325226467,1,0.5110311085691185,13.796187933582388,13.923815687360973,7.826908129787276,0.35310214166580683,37.85200789593373,15.320274031383509,11.531110004127786,9.9713876380658,1.7172361143561443,0.23128274726765427,0.27545040805182797,0.25876495754361917,0.49800302740658386,3.099715954523012,0.6869634966017228,0.3324431169695176,1.6487121500815507,0.07969637805686433,3.621611716980636,0.22258304740090665,2.3471064401900548,6.539285653331512,2.432097623871379,2.842765163623298,5.608761637917004,0.21644109390340383,0.298673726494246,0.5216723683970415,0.34315432615909564,0.2976041662946249,41.794817954339905]},