{"season":2018,"week":2,"generated_at":"2025-11-07T00:39:34.956Z","feature_hash":"05d3cd91ba9ccd98d14363ef3a0a17ec94f396fe","logistic":{"weights":[-0.16625810391649232,-0.3786873264276306,-0.35257285441024094,-0.2989014717776267,2.0689335009178382,0.6681053101669999,0.01093083632467994,-0.4464387330321763,0.17639333301886623,-0.9872063827006208,2.8687296624541645,-2.2853720372322797,0,0,0,0,1.2148906819365626,-1.1520305890533098,-1.4474001167443367,0.5405683036888208,-3.1384776857290655,0.13614205523435327,0,0,0,0,0,0,0,0,0,0,0,0,0,0,0,0,0,0,-0.4123428546235471,-0.20353380733387194,-0.07502766852327104,0.11342145731280943,-0.2546161976107325,-0.3309384976572746,0.08261162457303942,0,0,1.9724201993572354,1.0894671229743746,0.004891255676243701,-0.08564996530745148,0.19172263009147408,-0.11004283760762046,-0.20716489562241125,-0.2756298830393312,-2.0405449929544717,-1.7069841086853845,0.1552489381305089,1.0766140325394382,-0.06786391097954383,-0.11648083215078783,-0.20799447124255202,0.4997260499844891,-0.27187587578770345,0.2945554967486718,-0.5436837044531219,0.5055660696512277,-0.09024732824748201,0.43733935675985924,0.29528923676736973,-0.27869410023164964,-0.040456668032863415,0.07260505398210539,0.09524988531410189,-0.07171138126951478,-0.04712432015352348,-0.35274063687310375,0.010772095562439424,0.12720695186516637,0,0,0,0,-0.0789633073355611,-0.020145319832896403,-0.07896330733555927,0.07896330733556137,0,0,0,-0.0006371545201467747,0.0010230981757731485,0.0016219779837599942,-0.019015925311485122,-0.0238143997592577,-0.023285440724860777,-0.000696033331185382,-0.00812746060209187,0,-0.006414514406937835,0.0006674024617890879,0.0013742819769556427,-0.009774019118865588,-0.00032707373027544997,-0.01260850868233199,-0.0042976865057564664,-0.0013249809679863511,0.001133610748330445,0.001707403715477281,0.0002204845878425038,0.008166618447010662,-0.0002318747918874382,0.006026201502571093,0.00947673635155489,-0.005793114615475811,-0.005048347259311377,-0.007866431193777732,-0.005082792978515049,-0.022725508723887736,-0.011413037854981043,-0.014253444642424595,-0.017745698807624534,-0.004995599236555576,-0.01881718955361351,-0.019486318499003775,-0.008660255432421566,0.013245396439890391,-0.0014344200930433164,-0.00021445061848577552,-0.0002907356353357446,-0.001126696522258977],"bias":0.8857517882843561,"scaler":{"mu":[32.2,376.2,100.46666666666667,275.73333333333335,1.9333333333333333,27.533333333333335,346.46666666666664,118.26666666666667,228.2,1.4666666666666666,0.5333333333333333,0.4666666666666667,1,0,0,0,30.758620689655174,-30.758620689655174,0.4827586206896553,0,1450,0,0,0,0,0,0,0,0,0,0,0,0,0,0,0,0,0,0,0,0,0,0,0,0,0,0,0,0,-0.059050660847166654,-0.059050660847166654,-0.059050660847166654,-0.059050660847166654,0.4245586408023054,0.4245586408023054,0.4245586408023054,0.4245586408023054,-0.02380455288175157,-0.02380455288175157,-0.02380455288175157,-0.02380455288175157,0.42718379792874234,0.42718379792874234,0.42718379792874234,0.42718379792874234,0.8623261541105977,0.8623261541105977,0.8623261541105977,0.8623261541105977,0.5464408974192256,0.5464408974192256,0.5464408974192256,0.5464408974192256,0.19349888677442859,0.19349888677442859,0.19349888677442859,0.19349888677442859,7.600060323854062,7.600060323854062,7.600060323854062,7.600060323854062,0,0,0,0,0.2,0.6666666666666666,66,4,0,0,0,-0.4666666666666667,1.8,2.64,-2.7333333333333334,-1.4933333333333334,-0.06666666666666667,-0.06666666666666667,0.2,0,0.06666666666666667,-10.4,-7.2,1.1333333333333333,0,6.3933333333333335,2.066666666666667,-3.933333333333333,-6.466666666666667,0.3333333333333333,-0.06666666666666667,-0.2,0.06666666666666667,-0.2,0.26666666666666666,0.06666666666666667,0.0021999999999999945,0.06666666666666667,-0.008333333333333333,-1.4666666666666666,-0.02773333333333333,-1.2,-1.7333333333333334,-1.6,-1.0666666666666667,-3.8666666666666667,-0.08153333333333332,-0.06666666666666667,0.2,0.09113333333333333,0.06666666666666667,1.853333333333333],"sd":[9.346657156438337,82.59394650941435,32.91375936527998,87.12096316169962,1.0624918300339485,5.953896949804295,73.194596036107,34.92175380602883,70.18375880501128,1.2578641509408803,0.49888765156985887,0.49888765156985887,1,1,1,1,102.51194646311986,102.51194646311986,1.6836628435494763,2.1031656113071597,1,1,1,1,1,1,1,1,1,1,1,1,1,1,1,1,1,1,1,1,1,1,1,1,1,1,1,1,1,0.13288488241432592,0.13288488241432592,0.13288488241432592,0.13288488241432592,0.06586247227998465,0.06586247227998465,0.06586247227998465,0.06586247227998465,0.18204343193230077,0.18204343193230077,0.18204343193230077,0.18204343193230077,0.07577425549006189,0.07577425549006189,0.07577425549006189,0.07577425549006189,0.10692790726139449,0.10692790726139449,0.10692790726139449,0.10692790726139449,0.16546865896533883,0.16546865896533883,0.16546865896533883,0.16546865896533883,0.10545806000585586,0.10545806000585586,0.10545806000585586,0.10545806000585586,1.5258691913704878,1.5258691913704878,1.5258691913704878,1.5258691913704878,1,1,1,1,0.4000000000000001,0.4714045207910317,2,2,1,1,1,1.0241527663824812,4.707440918375928,4.50256223351401,5.131168374638361,4.07471335051791,0.2494438257849295,0.2494438257849295,0.9092121131323903,1,0.2494438257849295,16.807934634174025,10.864007854685427,3.7791827452800177,0.3651483716701107,30.376733786823685,11.987308102971056,7.066037707859255,18.154399527999328,1.0749676997731399,0.2494438257849295,0.4000000000000001,0.24944382578492946,0.5416025603090641,2.0805982045769644,0.573488351136175,0.28839722606155554,1.9482185594936612,0.05408100919505437,3.0302181806302695,0.11831904139045225,1.7204650534085253,5.246797965320266,2.33238075793812,2.7680719322702254,4.529410067056807,0.13593030894134278,0.2494438257849295,0.8326663997864531,0.3094414035358265,0.4422166387140532,31.684483408900462]},