{"season":2009,"week":4,"generated_at":"2025-11-07T00:23:00.338Z","feature_hash":"d7aff85ceb8d3557c757fe33950801108f9078d3","logistic":{"weights":[-0.3249521426313579,-0.3792603147485483,-0.09954357272982622,-0.484136192542865,1.311952155518499,0.7564028155111305,-0.22071017885363695,0.356449342552708,-0.5432779570527321,-0.7287749407478119,2.8941417554812685,-2.7160967344087323,0,0,0,0,0.9756333390876888,-1.0714547115746418,-0.9282383697407186,1.040989697691786,-3.809682633421775,-0.2708559431887249,0,0,0,0,0,0,0,0,0,0,0,0,0,0,0,0,0,0,-0.3295998473969296,0.2117050719858599,0.07010710625075466,0.1360157585705502,-0.5246911159563197,0.18015968305380392,-0.18965390801490004,0,0,1.396462054035231,1.0892485113176684,0.1350192186687703,-0.1684383145134198,0.10373783029229727,-0.03525237342121199,-0.5529186066923866,0.14773336370862403,-1.8580737731924835,-0.7834490052396226,-0.20708708780894483,-0.051435545837691464,-0.4522056704621199,-0.22515702451812408,0.74067342991584,-0.14031126507056554,-0.06548381797383993,0.5732634667415648,0.0839248324167081,0.06250219509350065,0.051255081934200176,-0.11268193148872956,-0.13508397700573352,0.2996747241147424,-0.10314267306521177,-0.1910092869481473,0.0386612590972743,0.4177008820147452,0.0593957040797424,0.0031378997343798802,0.17947026383194917,-0.03198544794899598,0,0,0,0,-0.05697182791567198,-0.10412437833966462,-0.05697182791567103,0.0569718279156721,0,0,0],"bias":0.7435716776867448,"scaler":{"mu":[59.25,701.8541666666666,228.02083333333334,473.8333333333333,3.0416666666666665,57.291666666666664,685.8333333333334,216.97916666666666,468.8541666666667,2.4791666666666665,1.0208333333333333,0.9791666666666666,1,0,0,0,23.010257543625613,-10.304659010522196,0.08494638858690999,0.0011864388592534858,1450.0001873816207,0.0003747632412114399,0,0,0,0,0,0,0,0,0,0,0,0,0,0,0,0,0,0,219.13541666666666,219.13541666666666,238.91666666666666,238.91666666666666,-19.78125,-19.78125,5.231840308718506,0,0,-0.02620973757632432,-0.02620973757632432,-0.02620973757632432,-0.031787932415090044,0.4399301200295222,0.4399301200295222,0.4399301200295222,0.43595916553012143,-0.017810767879938814,-0.017810767879938814,-0.017810767879938814,-0.03664696926193788,0.43372155510204363,0.43372155510204363,0.43372155510204363,0.43203927941791703,0.8710695845401718,0.8710695845401718,0.8710695845401718,0.876062328487806,0.5622177017070552,0.5622177017070552,0.5622177017070552,0.5588372115609317,0.21201013973170027,0.21201013973170027,0.21201013973170027,0.21440690190667652,8.198783533994812,8.198783533994812,8.198783533994812,8.078480054916913,0,0,0,0,0.14583333333333334,0.75,65.72916666666667,4.270833333333333,0,0,0],"sd":[26.160960099608985,303.2068868489614,125.18760747762623,211.1461118646412,1.790697412245358,27.757099942577252,329.02610923079584,136.11935473193697,223.4711940406911,1.8707126909876413,0.8536583853561618,0.8536583853561616,1,1,1,1,199.30138608212656,192.50684387615965,3.0384012471378994,2.713163774476778,1.14026950240938,1.9072033491834053,1,1,1,1,1,1,1,1,1,1,1,1,1,1,1,1,1,1,164.45664130906883,164.45664130906883,180.18061925622175,180.18061925622175,92.89806836942755,92.89806836942755,4.10285509595265,1,1,0.11196290909797066,0.11196290909797066,0.11196290909797066,0.13002059138707303,0.05156065319807053,0.05156065319807053,0.05156065319807053,0.05412314444772775,0.10792298228159923,0.10792298228159923,0.10792298228159923,0.13862108023367778,0.04409489314666011,0.04409489314666011,0.04409489314666011,0.05277128012057975,0.0574647991491135,0.0574647991491135,0.0574647991491135,0.06617044834049457,0.08009515700404311,0.08009515700404311,0.08009515700404311,0.0811245924470798,0.07774899948196279,0.07774899948196279,0.07774899948196279,0.07875427695742644,1.805870075060479,1.805870075060479,1.805870075060479,2.1374860669914275,1,1,1,1,0.3529390488770294,0.4330127018922193,1.7646952443851471,1.7646952443851465,1,1,1]},"features":["off_1st_down_s2d","off_total_yds_s2d","off_rush_yds_s2d","off_pass_yds_s2d","off_turnovers_s2d","def_1st_down_s2d","def_total_yds_s2d","def_rush_yds_s2d","def_pass_yds_s2d","def_turnovers_s2d","wins_s2d","losses_s2d","home","sim_winrate_same_loc_s2d","sim_pointdiff_same_loc_s2d","sim_count_same_loc_s2d","off_total_yds_s2d_minus_opp","def_total_yds_s2d_minus_opp","off_turnovers_s2d_minus_opp","def_turnovers_s2d_minus_opp","elo_pre","elo_diff","rest_days","rest_diff","off_third_down_att_s2d","off_third_down_conv_s2d","off_third_down_pct_s2d","off_red_zone_att_s2d","off_red_zone_td_s2d","off_red_zone_td_pct_s2d","off_dropbacks_s2d","off_sacks_taken_s2d","off_sack_rate_s2d","off_pass_att_s2d","off_rush_att_s2d","off_neutral_pass_rate_s2d","off_third_down_pct_s2d_minus_opp","off_red_zone_td_pct_s2d_minus_opp","off_sack_rate_s2d_minus_opp","off_neutral_pass_rate_s2d_minus_opp","off_yds_for_3g","off_yds_for_5g","def_yds_against_3g","def_yds_against_5g","net_yds_3g","net_yds_5g","qb_ypa_3g","qb_sack_rate_3g","qb_qbr","off_epa_per_play_s2d","off_epa_per_play_w3","off_epa_per_play_w5","off_epa_per_play_exp","off_success_rate_s2d","off_success_rate_w3","off_success_rate_w5","off_success_rate_exp","def_epa_per_play_allowed_s2d","def_epa_per_play_allowed_w3","def_epa_per_play_allowed_w5","def_epa_per_play_allowed_exp","def_success_rate_allowed_s2d","def_success_rate_allowed_w3","def_success_rate_allowed_w5","def_success_rate_allowed_exp","rb_rush_share_s2d","rb_rush_share_w3","rb_rush_share_w5","rb_rush_share_exp","wr_target_share_s2d","wr_target_share_w3","wr_target_share_w5","wr_target_share_exp","te_target_share_s2d","te_target_share_w3","te_target_share_w5","te_target_share_exp","qb_aypa_s2d","qb_aypa_w3","qb_aypa_w5","qb_aypa_exp","qb_sack_rate_s2d","qb_sack_rate_w3","qb_sack_rate_w5","qb_sack_rate_exp","roof_dome","roof_outdoor","weather_temp_f","weather_wind_mph","weather_precip_pct","weather_impact_score","weather_extreme_flag"]},"decision_tree":{"params":{"depth":6,"minSamples":8},"alpha":6},"bt":{"coefficients":[0.2062081497976098,0.05055261995653212,-0.003800337053924346,0.0048090773528743054,0.043531112803136596,0.0026793556131306687,0.0028802710096307847,0.0012703012121941155,-0.0014419833283835734,0.0011354732159327622],"intercept":0.021600598346289402,"scaler":{"mu":[-2.407115869739709,-14.289627300481598,2.364108151301456,0,-0.001443311212279516,0,0,0,0,0],"sd":[55.746017954190094,388.1793442894418,10.332925377061443,1,0.08855241592965546,1,1,1,1,1]},"features":["diff_total_yards","diff_turnovers","diff_penalty_yards","diff_possession_seconds","diff_r_ratio","diff_elo_pre","diff_inj_out","diff_inj_skill_out","diff_inj_practice_dnp","diff_inj_out_trend"],"hyperparams":{"steps":1200,"learningRate":0.001,"l2":0.00001}},"ann":{"seeds":[1],"architecture":[92,128,64,32,1],"committee_size":1,"max_epochs":15,"dropout":0.5},"ensemble":{"weights":{"logistic":0.9473684210526316,"tree":0,"bt":0,"ann":0.05263157894736841},"calibration":{"type":"platt","beta":-0.3021892485996888,"source":"platt"},"calibration_beta":-0.3021892485996888,"calibration_hash":"314c952718a9a3055ed9c7e6bd46d1a859bae7e6b7bd310a99004c4f9004d925","oof_variance":{"ann":{"mean":0.48366566103163083,"var":0.0035483785288252714}}},"pca":[{"component":1,"explained_variance":0.23438236104720364,"top_loadings":[{"feature":"def_total_yds_s2d","loading":-0.22812262757936028},{"feature":"def_1st_down_s2d","loading":-0.22757638193267363},{"feature":"def_yds_against_3g","loading":-0.22722616245104557},{"feature":"def_yds_against_5g","loading":-0.22722616245104557},{"feature":"def_pass_yds_s2d","loading":-0.21459128060271018},{"feature":"off_yds_for_3g","loading":-0.20344344852805094},{"feature":"off_yds_for_5g","loading":-0.20344344852805094},{"feature":"qb_ypa_3g","loading":-0.2031031472736134},{"feature":"def_rush_yds_s2d","loading":-0.1991144530938261},{"feature":"off_total_yds_s2d","loading":-0.18820268539495902}]},{"component":2,"explained_variance":0.17330889866112664,"top_loadings":[{"feature":"wins_s2d",