{"season":2012,"week":6,"generated_at":"2025-11-07T00:28:38.260Z","feature_hash":"41c5c1fa38a0bfe58bb14c4be0f8910a79bf3ea7","logistic":{"weights":[-0.3170401913420907,-0.6057149421758942,-0.6409985202746574,-0.49336033644441335,1.3764241247685858,0.844786455389869,-0.0049405592916230805,0.0031273829650114984,-0.06763653716090424,-0.6324907602196348,3.1442227614636535,-2.901480850197374,0,0,0,0,0.7524109616732672,-0.7828323390577272,-0.7035379150375577,0.675662103050745,-3.6698256785109407,0.007874810006792543,0,0,0,0,0,0,0,0,0,0,0,0,0,0,0,0,0,0,-0.18593764394968101,0.11109818905218286,0.21237972282317336,0.2332787180468475,-0.40545671697586455,-0.02457238100042009,-0.001695880983172944,0,0,1.4998046604829458,1.3830714984980466,-0.21627083007248393,-0.9296335167874223,0.4180017924748052,0.38177279780586715,-0.6329250000915382,0.07253530102145814,-1.7611218844277883,-0.9294412309371816,-0.5168014176459098,0.6188487239354763,-0.22535376878832858,0.5544942258806806,0.22942681677744878,0.12143901201578837,-0.4257391111926297,-0.1685276833952417,-0.37869628909226194,0.5733585047778829,-0.15381598707017244,0.4170413483012589,-0.1988244453945402,-0.6132954802272015,-0.2671452681111051,-0.25388981301835106,-0.3407364613963154,0.1145731857679921,0.48839718318900494,-0.2404623391757529,0.07882546407529616,-0.4149294792687175,0,0,0,0,0.051305982562729155,0.16143429960137917,0.05130598256273103,-0.05130598256272902,0,0,0],"bias":0.9570140331792037,"scaler":{"mu":[89.18181818181819,1034.025974025974,316.6623376623377,717.3636363636364,4.324675324675325,89,1036.6883116883116,319.961038961039,716.7272727272727,3.207792207792208,1.4805194805194806,1.3506493506493507,1,0,0,0,-40.42768201009128,-37.60122529794232,-0.06819767272136244,-0.5634814306457965,1449.854127190469,-0.4217317162746257,0,0,0,0,0,0,0,0,0,0,0,0,0,0,0,0,0,0,284.181818181818,283.7554112554112,287.88961038961037,288.07359307359303,-3.7077922077922114,-4.31818181818182,6.659774751169498,0,0,0.023049123467270977,0.018604638402527424,0.023049123467270977,0.018136182042467124,0.4403598056863092,0.43954214456344043,0.4403598056863092,0.4412041679038002,0.02356170940467662,0.01837716822192134,0.02356170940467662,0.023971753432546972,0.4427166709381896,0.4419465642257302,0.4427166709381896,0.44310397227780607,0.8372374518265147,0.8396647615322136,0.8372374518265147,0.8306657799516144,0.6041683058368363,0.6029820077905552,0.6041683058368363,0.6115912853886468,0.2210630258115343,0.21938731816581453,0.2210630258115343,0.21973465623610727,8.462377619852601,8.426974608166917,8.462377619852601,8.519947050141063,0,0,0,0,0.16883116883116883,0.7272727272727273,65.84415584415585,4.1558441558441555,0,0,0],"sd":[47.13554019994857,551.29307203465,211.33942726479896,378.0367572690744,3.4394259504475317,46.76606606359931,550.9523575165042,199.20820157048388,382.5537781179297,2.4985068909440944,1.039610186815039,1.1138587866177436,1,1,1,1,342.4705522117649,350.6607425977306,4.1563316063919356,3.2643323403231714,1.5566110820838657,2.528948399127636,1,1,1,1,1,1,1,1,1,1,1,1,1,1,1,1,1,1,155.27832429395872,153.87563693123252,156.5317684180775,155.98562943371263,73.21295292554477,70.63018069886445,3.632150004356376,1,1,0.08767335897621453,0.09522414648100967,0.08767335897621453,0.11142844245294477,0.043585342822111385,0.046277090064596224,0.043585342822111385,0.05177677415772353,0.1001056533597796,0.10116895704931188,0.1001056533597796,0.11658025262853353,0.041670282888128324,0.04207659389585884,0.041670282888128324,0.05065850209821472,0.08719073056751626,0.0896984201847174,0.08719073056751626,0.09699687379015996,0.09134630231677444,0.09185987814610398,0.09134630231677444,0.09762571300257641,0.06782700062730429,0.0698342437428509,0.06782700062730429,0.07292793850383245,1.2613993726389574,1.3092724304054355,1.2613993726389574,1.3229545699103877,1,1,1,1,0.37460272991833654,0.44536177141512323,1.8730136495916816,1.8730136495916825,1,1,1]},"features":["off_1st_down_s2d","off_total_yds_s2d","off_rush_yds_s2d","off_pass_yds_s2d","off_turnovers_s2d","def_1st_down_s2d","def_total_yds_s2d","def_rush_yds_s2d","def_pass_yds_s2d","def_turnovers_s2d","wins_s2d","losses_s2d","home","sim_winrate_same_loc_s2d","sim_pointdiff_same_loc_s2d","sim_count_same_loc_s2d","off_total_yds_s2d_minus_opp","def_total_yds_s2d_minus_opp","off_turnovers_s2d_minus_opp","def_turnovers_s2d_minus_opp","elo_pre","elo_diff","rest_days","rest_diff","off_third_down_att_s2d","off_third_down_conv_s2d","off_third_down_pct_s2d","off_red_zone_att_s2d","off_red_zone_td_s2d","off_red_zone_td_pct_s2d","off_dropbacks_s2d","off_sacks_taken_s2d","off_sack_rate_s2d","off_pass_att_s2d","off_rush_att_s2d","off_neutral_pass_rate_s2d","off_third_down_pct_s2d_minus_opp","off_red_zone_td_pct_s2d_minus_opp","off_sack_rate_s2d_minus_opp","off_neutral_pass_rate_s2d_minus_opp","off_yds_for_3g","off_yds_for_5g","def_yds_against_3g","def_yds_against_5g","net_yds_3g","net_yds_5g","qb_ypa_3g","qb_sack_rate_3g","qb_qbr","off_epa_per_play_s2d","off_epa_per_play_w3","off_epa_per_play_w5","off_epa_per_play_exp","off_success_rate_s2d","off_success_rate_w3","off_success_rate_w5","off_success_rate_exp","def_epa_per_play_allowed_s2d","def_epa_per_play_allowed_w3","def_epa_per_play_allowed_w5","def_epa_per_play_allowed_exp","def_success_rate_allowed_s2d","def_success_rate_allowed_w3","def_success_rate_allowed_w5","def_success_rate_allowed_exp","rb_rush_share_s2d","rb_rush_share_w3","rb_rush_share_w5","rb_rush_share_exp","wr_target_share_s2d","wr_target_share_w3","wr_target_share_w5","wr_target_share_exp","te_target_share_s2d","te_target_share_w3","te_target_share_w5","te_target_share_exp","qb_aypa_s2d","qb_aypa_w3","qb_aypa_w5","qb_aypa_exp","qb_sack_rate_s2d","qb_sack_rate_w3","qb_sack_rate_w5","qb_sack_rate_exp","roof_dome","roof_outdoor","weather_temp_f","weather_wind_mph","weather_precip_pct","weather_impact_score","weather_extreme_flag"]},"decision_tree":{"params":{"depth":6,"minSamples":8},"alpha":6},"bt":{"coefficients":[-0.0006845825899629378,-0.08422453597751789,-0.029223210207478707,-0.004973102669623096,-0.024758333266114808,-0.003891577489009191,0.0006019621886307991,0.00044478132450164127,-0.0036912711805876654,-0.004057852569715962],"intercept":0.11448491248914433,"scaler":{"mu":[-0.3113088536850216,-37.68836161258762,1.1455121203186212,0,-0.0012071912211801326,0,0,0,0,0],"sd":[62.11589165558936,584.9655414254157,14.428394115814351,1,0.08853092822661494,1,1,1,1,1]},"features":["diff_total_yards","diff_turnovers","diff_penalty_yards","diff_possession_seconds","diff_r_ratio","diff_elo_pre","diff_inj_out","diff_inj_skill_out","diff_inj_practice_dnp","diff_inj_out_trend"],"hyperparams":{"steps":1200,"learningRate":0.001,"l2":0.00001}},"ann":{"seeds":[1],"architecture":[92,128,64,32,1],"committee_size":1,"max_epochs":15,"dropout":0.5},"ensemble":{"weights":{"logistic":0.9,"tree":0,"bt":0,"ann":0.09999999999999998},"calibration":{"type":"platt","beta":0.1505663564429855,"source":"platt"},"calibration_beta":0.1505663564429855,"calibration_hash":"0980632a623f93aa5b2c27a87013764fabf39ca289bdec58f8cc19713d99ed39","oof_variance":{"ann":{"mean":0.49548692158994834,"var":0.0029613608003328427}}},"pca":[{"component":1,"explained_variance":0.19187922905448807,"top_loadings":[{"feature":"def_total_yds_s2d","loading":-0.2747222075682905},{"feature":"def_1st_down_s2d","loading":-0.2706086655159759},{"feature":"def_pass_yds_s2d","loading":-0.264023397814112},{"feature":"off_total_yds_s2d","loading":-0.25730305485838334},{"feature":"def_rush_yds_s2d","loading":-0.2527792489444752},{"feature":"off_pass_yds_s2d","loading":-0.2523123414880231},{"feature":"off_1st_down_s2d","loading":-0.24607370532775477},{"feature":"def_yds_against_5g","loading":-0.23909411931126442},{"feature":"def_yds_against_3g","loading":-0.2386702478960524},{"feature":"off_yds_for_3g","loading":-0.2294092696612344}]},{"component":2,"explained_variance":0.1833737431762174,"top_loadings":[{"feature":"te_target_share_exp",