{"season":2011,"week":18,"generated_at":"2025-11-07T00:27:31.747Z","feature_hash":"44b83448f10c661d10e539f7337742aedd33fc52","logistic":{"weights":[-0.33162992108163714,-0.5990570245891456,-0.41029118439141393,-0.6007629784668052,1.3456308227327298,0.8334246278068891,-0.0032891315694942506,-0.03309875513172232,-0.04247900768157452,-0.5916315550083908,3.082665389018611,-2.8218971171796077,0,0,0,0,0.9924259825154097,-0.5860767787801998,-0.7116619655459415,0.8217721073882734,-3.6535319442901404,0.3037270452773417,0,0,0,0,0,0,0,0,0,0,0,0,0,0,0,0,0,0,-0.2349262010312826,0.06535047632595664,0.17673985201443873,0.19197074469366612,-0.4012341134161042,-0.01579932637938942,-0.061097602351055956,0,0,1.6098001004466291,1.5104659455652352,-0.10745859409057512,-0.8385145182396535,0.4662055495611064,0.44138916941054057,-0.6027580574179446,0.14460689563317028,-1.7860522395143672,-0.7933590287249143,-0.5287503580031466,0.5859711605854351,-0.28635297105582563,0.5415079500114474,0.21221476510220166,0.04283915812662129,-0.38942070931630224,-0.14517353045479925,-0.30476158614423937,0.5308782860294915,-0.26511027569500784,0.29512404051516744,-0.31566072369816844,-0.7428595770951102,-0.25919381395265456,-0.31733710114903124,-0.3781841272506513,0.18185139918875443,0.43321462678441547,-0.31574540026915915,0.0027512651979182457,-0.4046447195484127,0,0,0,0,0.08731471676832367,0.23640281123772658,0.0873147167683259,-0.08731471676832349,0,0,0],"bias":0.6389635083635418,"scaler":{"mu":[146.51953125,1769.78125,566.328125,1203.453125,7.26953125,146.734375,1774.984375,573.11328125,1201.87109375,5.66015625,2.4453125,2.48046875,1,0,0,0,45.186037188589964,29.16608202718865,-0.18733711378388077,0.172307521661143,1450.038366646693,0.12552796272677824,0,0,0,0,0,0,0,0,0,0,0,0,0,0,0,0,0,0,340.16210937499983,340.5435546874999,339.3945312499999,339.6869791666667,0.7675781249999991,0.8565755208333352,8.196410903627868,0,0,-0.0037303137234662178,-0.0019677051189040643,-0.0039050901361326502,-0.007922278559233826,0.43213898574338955,0.43393926513975284,0.43275520384188076,0.43086620111048135,-0.007064058088041468,-0.009783399179533896,-0.010503742519468598,-0.012447536634492438,0.43222085175965497,0.4329550575902121,0.4327351779525679,0.4300519827001623,0.8384003550437085,0.8327296130961487,0.8348068910827101,0.8339885864240224,0.5898570574401482,0.5926319375133129,0.5912813189641025,0.5888592141818354,0.21639491286684803,0.21723193846208158,0.21717468945108134,0.21706996727301228,8.551821468784738,8.648937376149526,8.613217625418532,8.579955162305085,0,0,0,0,0.16015625,0.734375,65.80078125,4.19921875,0,0,0],"sd":[85.13050418933435,1025.5914714012288,359.95622801110744,716.2209184691092,5.083829428223712,84.50725601011652,1032.7722248907837,369.8375789770537,690.6144590431254,4.2035297638515585,1.9397510864396366,2.06902598588646,1,1,1,1,1000.3535777971598,963.9178346029853,6.132619459598474,4.3933000717083734,4.714936642217462,6.866727780133389,1,1,1,1,1,1,1,1,1,1,1,1,1,1,1,1,1,1,105.62666871246871,104.78825453521051,102.28973260878207,99.40181950371378,68.31858576914215,60.480980272931085,2.5819956440475647,1,1,0.08687271225573497,0.10369760885899929,0.09510226780760037,0.0965300266913401,0.04189459922939551,0.04690431219455544,0.043072008236147374,0.044632706287449815,0.07167247414386023,0.09237847705685713,0.08326082754030137,0.08264258804641712,0.03367325205726493,0.042492880708534915,0.03849857007629425,0.03698272881661789,0.0940505698479703,0.10082625603392842,0.09649830541313852,0.10064011317995716,0.09082685487898186,0.10108752063745502,0.0956323063853959,0.0884245613493278,0.07144787332450726,0.08398795109738044,0.07735441319999713,0.06704701970669673,1.07021569983757,1.4462386472144961,1.2604945916396728,1.2815544225004456,1,1,1,1,0.3667509040015273,0.4416654382844553,1.8337545200076366,1.8337545200076366,1,1,1]},"features":["off_1st_down_s2d","off_total_yds_s2d","off_rush_yds_s2d","off_pass_yds_s2d","off_turnovers_s2d","def_1st_down_s2d","def_total_yds_s2d","def_rush_yds_s2d","def_pass_yds_s2d","def_turnovers_s2d","wins_s2d","losses_s2d","home","sim_winrate_same_loc_s2d","sim_pointdiff_same_loc_s2d","sim_count_same_loc_s2d","off_total_yds_s2d_minus_opp","def_total_yds_s2d_minus_opp","off_turnovers_s2d_minus_opp","def_turnovers_s2d_minus_opp","elo_pre","elo_diff","rest_days","rest_diff","off_third_down_att_s2d","off_third_down_conv_s2d","off_third_down_pct_s2d","off_red_zone_att_s2d","off_red_zone_td_s2d","off_red_zone_td_pct_s2d","off_dropbacks_s2d","off_sacks_taken_s2d","off_sack_rate_s2d","off_pass_att_s2d","off_rush_att_s2d","off_neutral_pass_rate_s2d","off_third_down_pct_s2d_minus_opp","off_red_zone_td_pct_s2d_minus_opp","off_sack_rate_s2d_minus_opp","off_neutral_pass_rate_s2d_minus_opp","off_yds_for_3g","off_yds_for_5g","def_yds_against_3g","def_yds_against_5g","net_yds_3g","net_yds_5g","qb_ypa_3g","qb_sack_rate_3g","qb_qbr","off_epa_per_play_s2d","off_epa_per_play_w3","off_epa_per_play_w5","off_epa_per_play_exp","off_success_rate_s2d","off_success_rate_w3","off_success_rate_w5","off_success_rate_exp","def_epa_per_play_allowed_s2d","def_epa_per_play_allowed_w3","def_epa_per_play_allowed_w5","def_epa_per_play_allowed_exp","def_success_rate_allowed_s2d","def_success_rate_allowed_w3","def_success_rate_allowed_w5","def_success_rate_allowed_exp","rb_rush_share_s2d","rb_rush_share_w3","rb_rush_share_w5","rb_rush_share_exp","wr_target_share_s2d","wr_target_share_w3","wr_target_share_w5","wr_target_share_exp","te_target_share_s2d","te_target_share_w3","te_target_share_w5","te_target_share_exp","qb_aypa_s2d","qb_aypa_w3","qb_aypa_w5","qb_aypa_exp","qb_sack_rate_s2d","qb_sack_rate_w3","qb_sack_rate_w5","qb_sack_rate_exp","roof_dome","roof_outdoor","weather_temp_f","weather_wind_mph","weather_precip_pct","weather_impact_score","weather_extreme_flag"]},"decision_tree":{"params":{"depth":6,"minSamples":14},"alpha":2},"bt":{"coefficients":[0.24047326417416007,-0.09830682278096702,-0.04555644311406913,0.0004011914632886148,0.11489251109153326,-0.0005959752146843779,0.0010499628522609018,0.0046551470678276715,-0.0023442383089470583,0.0012433661645238087],"intercept":0.120281317946368,"scaler":{"mu":[0.42822810613959583,1.3508111845571298,0.26098877993902037,0,0.00222757263361218,0,0,0,0,0],"sd":[62.63540872171685,467.26460456596055,15.207487912910743,1,0.08802132057518991,1,1,1,1,1]},"features":["diff_total_yards","diff_turnovers","diff_penalty_yards","diff_possession_seconds","diff_r_ratio","diff_elo_pre","diff_inj_out","diff_inj_skill_out","diff_inj_practice_dnp","diff_inj_out_trend"],"hyperparams":{"steps":1200,"learningRate":0.001,"l2":0.00001}},"ann":{"seeds":[1],"architecture":[92,128,64,32,1],"committee_size":1,"max_epochs":15,"dropout":0.5},"ensemble":{"weights":{"logistic":0.9,"tree":0,"bt":0,"ann":0.09999999999999998},"calibration":{"type":"platt","beta":0.10009143487249077,"source":"platt"},"calibration_beta":0.10009143487249077,"calibration_hash":"7e6ac50c47caf33929f1514099e912f8cb4e547e8ff261fb4ff4324b4b7e91c7","oof_variance":{"ann":{"mean":0.49132340984636147,"var":0.0329986975141119}}},"pca":[{"component":1,"explained_variance":0.19157426610864606,"top_loadings":[{"feature":"def_total_yds_s2d","loading":0.2659164829258813},{"feature":"def_1st_down_s2d","loading":0.26510136905253096},{"feature":"off_total_yds_s2d","loading":0.26442128221674777},{"feature":"def_pass_yds_s2d","loading":0.2639480051753751},{"feature":"off_1st_down_s2d","loading":0.2601653588937568},{"feature":"off_pass_yds_s2d","loading":0.25740117734091383},{"feature":"def_rush_yds_s2d","loading":0.2496902806691803},{"feature":"off_rush_yds_s2d","loading":0.24122962041277718},{"feature":"off_turnovers_s2d","loading":0.21447074465552735},{"feature":"def_turnovers_s2d","loading":0.20314429055093258}]},{"component":2,"explained_variance":0.17409683394667547,"top_loadings":[{"feature":"off_epa_per_play_exp","loading":-0.2478444203160791},{"feature":"off_success_rate_exp",