{"season":2019,"week":13,"generated_at":"2025-11-07T00:42:52.030Z","feature_hash":"cc928ffa1fde747c7b3ee1f2f227f66321457c08","logistic":{"weights":[-0.5691523324700989,-0.43313288719320886,0.08548863698758499,-0.5617404635179535,1.3598997679633134,0.6514521043396128,0.13299139801864582,-0.02469223560126816,0.1762988407058609,-0.7638350585074635,3.314013915924537,-2.809677140919672,0,0,0,0,1.1073859945334446,-0.7118311695119466,-1.3512319182047172,0.6973471177778654,-3.882695459909077,0.05138374874202897,0,0,0,0,0,0,0,0,0,0,0,0,0,0,0,0,0,0,-0.2094822547212077,-0.03136705033501859,0.11539655242265887,0.020817296857013782,-0.2729689616761212,0.07433792854086414,-0.21249346065020133,0,0,2.1131570593710998,1.2893449567405944,0.045773269267219176,-0.20670810174487766,0.1147067928459003,-0.037356810317263685,-0.25714751922930207,-0.3346807972112266,-1.9813078771897268,-1.1958967392930429,0.14950600827685728,0.752134831848046,-0.2833999771153464,0.46473121595474787,-0.2204999398604606,-0.08176692846164682,-0.5693756881282837,0.7187486465141656,-0.5705731006025606,0.2706903550592039,-0.2450255676114627,0.05658010354040526,-0.10624833776736495,-0.42206462997000255,-0.14963747230511934,0.41429357234757264,-0.000009014396961336468,-0.3414649800601451,-0.03168249612367693,-0.058413587681198476,-0.07511089122608068,0.2666325979625565,0,0,0,0,0.17610954639975407,0.0465537331754389,0.17610954639975573,-0.1761095463997538,0,0,0,-0.030166978299517557,0.042690848297706814,-0.0988532850407408,0.0756620034848286,0.4114686044715419,0.017137992237918283,0.17411283775576583,0.5211669608786342,0,-0.2231591737771453,0.03672664830220698,0.09613007425292928,0.5412984892532681,-0.21649081946270543,-0.7024851004155984,0.3171236703091283,0.2115974788789704,-0.41458177070160274,0.01395225354107531,0.09311084986624592,0.07795397864323086,0.19756378479309475,0.16186201300206787,-0.34365026569532847,0.12427068887861684,-0.054852218344965634,-0.6698411082050328,-0.05049871951483691,-1.0685095652231436,0.1693806040224218,-0.7016858887895784,0.21300278010133303,0.10225347447479316,0.11850760980675931,-0.15856569448491395,-0.18754341458688836,0.14366102360055458,0.22085546812042864,0.2140151663059914,0.06387288503383326,-0.23989332708337543],"bias":0.46548483793159223,"scaler":{"mu":[128.29142857142858,1535.9885714285715,453.22857142857146,1082.76,5.32,126.08,1513.4457142857143,467.25142857142856,1046.1942857142858,3.88,2.1142857142857143,2.0342857142857143,1,0,0,0,-27.36740930800834,-49.0979919106301,-0.08687373871660352,-0.07998049603954031,1450.0711946167714,0.17111581208374965,0,0,0,0,0,0,0,0,0,0,0,0,0,0,0,0,0,0,333.19428571428574,335.06257142857163,336.12190476190483,337.1278095238094,-2.9276190476190447,-2.065238095238093,7.458795757038248,0,0,-0.012512976996838867,-0.01785500135840777,-0.016042246778304837,0.0016430447226375535,0.42334716819189316,0.422099819700285,0.42217343050151473,0.4278925311765181,-0.005369266403478612,-0.013385175999784895,-0.008457742316975067,0.006047745964830596,0.42473316399912375,0.42303681196762566,0.4235641230496167,0.42899585402476453,0.8429037958178484,0.840926335091391,0.8419187139469148,0.8475547432286962,0.5855923156707022,0.582323604021686,0.584321441820516,0.5820843996260758,0.20403524949227025,0.20618090816578338,0.20543720323200762,0.20898343477788542,8.18820990712952,8.21050557276656,8.231245406621204,8.135598674372126,0,0,0,0,0.09142857142857143,0.7942857142857143,65.45714285714286,4.542857142857143,0,0,0,0.19428571428571428,-0.7428571428571429,-0.977142857142857,0.3314285714285714,0.17257142857142843,-0.005714285714285714,0,-0.13714285714285715,0,0.10087428571428571,-1.0171428571428571,-0.5942857142857143,0.8445714285714288,0.017142857142857144,5.831428571428569,-1.3108571428571427,-0.3142857142857143,-0.7028571428571428,0.2,0.03428571428571429,0,-0.017142857142857144,0.02857142857142857,-0.16,-0.13714285714285715,-0.03725142857142857,0.2342857142857143,0.006560000000000002,0.45714285714285713,-0.003679999999999999,0.2342857142857143,0.8514285714285714,0.24,0.18285714285714286,0.6571428571428571,-0.0020685714285714296,-0.04,0.07428571428571429,0.06338857142857143,-0.022857142857142857,-2.505714285714285],"sd":[81.62402087421002,975.0605665500049,313.1633882737604,699.0569644477173,4.08067221353121,78.7754450502004,927.6794989474257,301.8201445245436,651.1502674686465,3.4578936610932067,1.8481099004338546,1.689960753076464,1,1,1,1,1178.901039171114,1159.0009841408148,5.549031315621763,4.925476012860941,3.7361125873302776,5.080849542790322,1,1,1,1,1,1,1,1,1,1,1,1,1,1,1,1,1,1,119.40044148856573,117.70632601868229,120.0449640476321,117.8584537430127,91.16654304360534,86.7761553975413,2.7071014137073024,1,1,0.0982815722165217,0.10773314571428674,0.10200256555396946,0.11461464171566252,0.03693191152398608,0.04227675329132584,0.03869475166792789,0.04309963594687659,0.109203630420196,0.11808207126632848,0.11431752123172291,0.12221205983435826,0.03975379598799479,0.04668785015782408,0.04257116421246289,0.043494424654196825,0.06290714026442608,0.0707832526064133,0.06733251146329554,0.06207030212087521,0.07643785280897036,0.08877253348525815,0.08336661212281571,0.0851962149617295,0.08101506448262866,0.08905004009034613,0.0855238562402246,0.08986187207485422,1.392529059545559,1.5029346962251722,1.4006854632874777,1.3948960163490935,1,1,1,1,0.2882176048667088,0.40422260991605535,1.4410880243335429,1.4410880243335427,1,1,1,1.9761351684744732,13.540928132660534,7.673944253652309,5.750417198706863,4.918053240202811,0.44717708677746,0.282842712474619,0.9462967563192888,1,0.5038023605359869,13.360271291391943,13.240132559913508,10.54509021646896,0.2922676994867301,43.08261811535447,13.25136529277074,11.872107596189911,8.331197331691994,3.224903099319419,0.3839217607369331,0.32071349029490925,0.272014405380844,0.6087793072189283,2.4605690398767526,0.8902923161317664,0.2577292592419179,1.7127993556319032,0.057731750115760185,3.972353438043333,0.167441044294061,2.6375251231998167,7.348522550381769,3.1585891968228066,2.500455468713731,6.176188640452057,0.18105151874761047,0.48237507635212323,0.5347057172703802,0.3821011502367463,0.38477133416074066,41.49992043267515]},