{"season":2005,"week":15,"generated_at":"2025-11-07T00:15:53.346Z","feature_hash":"1c13fcb11cc2a537b87f3669b50fd877e9888225","logistic":{"weights":[-0.44040869693837764,-0.3182526390685651,-0.6672319140378106,-0.08155448347082753,1.122935453640321,0.7531018094003104,-0.030339817716475797,0.1803016607101008,-0.1430740060503954,-0.5926837925820128,3.197473944032459,-3.063908006586233,0,0,0,0,0.9659081073867751,-0.7952983501913184,-0.820011020989184,0.7768423162535912,-2.8898110193648154,0.41098238547928545,0,0,0,0,0,0,0,0,0,0,0,0,0,0,0,0,0,0,0.16641080388240015,0.4694515512785476,0.5450465773630603,0.42293733887180224,-0.437785082480561,0.09209463075896317,-1.4621869854943974,0,0,0.7679822416605794,0.6938013320695479,0.6470268559594907,-0.27245059821696604,-0.09385748295113712,0.12794132503861058,-0.3036645460025519,-0.5063046342455246,-1.1613965390630012,-0.03936088124940408,-0.14409217242747388,0.24213273113443465,-0.6338502508104984,-0.3597185599230453,0.41035121140138653,-0.13222102856799414,-0.17886762912531795,0.0021556149835157716,0.10046356032133524,0.23485719025518093,0.0037466621684743248,-0.49190636006512384,-0.2995529247654677,0.18991645931516027,0.2569877717163783,0.19167943195161216,-0.26725323351792984,0.03943846243822839,0.29233571416428755,0.4362710325087091,-0.11192936536024489,0.017708136524189663,0,0,0,0,0.04674823652388532,0.10702181423320736,0.046748236523886634,-0.04674823652388546,0,0,0],"bias":1.2496686393813092,"scaler":{"mu":[116.72596153846153,1386.4471153846155,476.82211538461536,909.625,6.8798076923076925,115.9375,1376.889423076923,461.1875,915.7019230769231,4.903846153846154,2.1298076923076925,2.0625,1,0,0,0,-9.725247489741733,-40.607621889007014,-0.0740311902220252,0.04768722802477595,1449.9319602429075,-0.10083524714707547,0,0,0,0,0,0,0,0,0,0,0,0,0,0,0,0,0,0,306.26522435897425,306.1762019230771,308.2892628205128,309.1451121794872,-2.024038461538458,-2.968910256410253,6.310745946101938,0,0,0.0010331961352910426,0.002013584735384231,0.0003198670723175322,-0.005749581252214526,0.4447691276936201,0.44701729259134726,0.446764858613695,0.4448931926644767,-0.004701046349913329,-0.003539906464190334,-0.002481203915700257,-0.007687891153117735,0.44458150221206416,0.447134850923168,0.4470705490593515,0.44513673108996316,0.8624462350616924,0.8589640221847381,0.8590686855548533,0.8600905590668659,0,0,0,0,0,0,0,0,6.9886677241669934,6.943108712864073,6.942842223181423,7.100776426685769,0,0,0,0,0.16346153846153846,0.8269230769230769,65.8173076923077,4.1826923076923075,0,0,0],"sd":[70.90443798521022,822.1081993472554,313.5999749977702,550.5491085393396,4.923450162384025,68.77500200975867,811.9902023634781,302.9959355488694,539.0002208471021,3.848124495150531,1.6312677825551414,1.7625750120425863,1,1,1,1,995.5768272971616,976.9360334481423,6.288984984530074,5.2356965834633975,3.8690863846550387,5.452056766889678,1,1,1,1,1,1,1,1,1,1,1,1,1,1,1,1,1,1,103.36494183156509,101.37893056576374,103.62683095147855,100.83874502795145,77.06268579416682,71.28203506689658,2.264353784557054,1,1,0.08502331365659471,0.10203209725221027,0.09214894654710554,0.09265808199887396,0.03686134544039347,0.045761648771806926,0.041687581996405196,0.039165239700569475,0.07848860159476907,0.09730209829055113,0.0867951853422718,0.08638794250619712,0.035553077309193076,0.047254548754304494,0.04222521101440623,0.03658483361086152,0.06564425179205065,0.09075113820259048,0.08425893568807019,0.07261737424347417,1,1,1,1,1,1,1,1,1.3187186355377245,1.4895946317954165,1.3797894312159198,1.6126336987172099,1,1,1,1,0.36978624082748796,0.3783137610174226,1.8489312041374408,1.8489312041374408,1,1,1]},"features":["off_1st_down_s2d","off_total_yds_s2d","off_rush_yds_s2d","off_pass_yds_s2d","off_turnovers_s2d","def_1st_down_s2d","def_total_yds_s2d","def_rush_yds_s2d","def_pass_yds_s2d","def_turnovers_s2d","wins_s2d","losses_s2d","home","sim_winrate_same_loc_s2d","sim_pointdiff_same_loc_s2d","sim_count_same_loc_s2d","off_total_yds_s2d_minus_opp","def_total_yds_s2d_minus_opp","off_turnovers_s2d_minus_opp","def_turnovers_s2d_minus_opp","elo_pre","elo_diff","rest_days","rest_diff","off_third_down_att_s2d","off_third_down_conv_s2d","off_third_down_pct_s2d","off_red_zone_att_s2d","off_red_zone_td_s2d","off_red_zone_td_pct_s2d","off_dropbacks_s2d","off_sacks_taken_s2d","off_sack_rate_s2d","off_pass_att_s2d","off_rush_att_s2d","off_neutral_pass_rate_s2d","off_third_down_pct_s2d_minus_opp","off_red_zone_td_pct_s2d_minus_opp","off_sack_rate_s2d_minus_opp","off_neutral_pass_rate_s2d_minus_opp","off_yds_for_3g","off_yds_for_5g","def_yds_against_3g","def_yds_against_5g","net_yds_3g","net_yds_5g","qb_ypa_3g","qb_sack_rate_3g","qb_qbr","off_epa_per_play_s2d","off_epa_per_play_w3","off_epa_per_play_w5","off_epa_per_play_exp","off_success_rate_s2d","off_success_rate_w3","off_success_rate_w5","off_success_rate_exp","def_epa_per_play_allowed_s2d","def_epa_per_play_allowed_w3","def_epa_per_play_allowed_w5","def_epa_per_play_allowed_exp","def_success_rate_allowed_s2d","def_success_rate_allowed_w3","def_success_rate_allowed_w5","def_success_rate_allowed_exp","rb_rush_share_s2d","rb_rush_share_w3","rb_rush_share_w5","rb_rush_share_exp","wr_target_share_s2d","wr_target_share_w3","wr_target_share_w5","wr_target_share_exp","te_target_share_s2d","te_target_share_w3","te_target_share_w5","te_target_share_exp","qb_aypa_s2d","qb_aypa_w3","qb_aypa_w5","qb_aypa_exp","qb_sack_rate_s2d","qb_sack_rate_w3","qb_sack_rate_w5","qb_sack_rate_exp","roof_dome","roof_outdoor","weather_temp_f","weather_wind_mph","weather_precip_pct","weather_impact_score","weather_extreme_flag"]},"decision_tree":{"params":{"depth":6,"minSamples":11},"alpha":2},"bt":{"coefficients":[0.2668856471276062,-0.16290255522427255,-0.062009309102566176,0.00485530740171317,-0.09268688304733913,-0.0012172028276560272,-0.0025559133629861155,-0.00008917577773271547,-0.001146402107161617,0.003659286604734688],"intercept":0.16425844088782401,"scaler":{"mu":[-0.849622521763582,-7.964171832048668,0.4826868946112365,0,-0.0012309436213606463,0,0,0,0,0],"sd":[58.74899575235654,498.8362413136884,15.668576555925362,1,0.1191547128708586,1,1,1,1,1]},"features":["diff_total_yards","diff_turnovers","diff_penalty_yards","diff_possession_seconds","diff_r_ratio","diff_elo_pre","diff_inj_out","diff_inj_skill_out","diff_inj_practice_dnp","diff_inj_out_trend"],"hyperparams":{"steps":1200,"learningRate":0.001,"l2":0.00001}},"ann":{"seeds":[1],"architecture":[92,128,64,32,1],"committee_size":1,"max_epochs":15,"dropout":0.5},"ensemble":{"weights":{"logistic":0.9,"tree":0,"bt":0,"ann":0.09999999999999998},"calibration":{"type":"platt","beta":0.01351770171068512,"source":"platt"},"calibration_beta":0.01351770171068512,"calibration_hash":"dae88e6b4f3d2997ab7dbc719587e208de19427b948f4366f0eacf3d30f839d8","oof_variance":{"ann":{"mean":0.4970379522766916,"var":0.021116644748710674}}},"pca":[{"component":1,"explained_variance":0.21298568410463975,"top_loadings":[{"feature":"def_total_yds_s2d","loading":0.28641627228573174},{"feature":"off_total_yds_s2d","loading":0.28507401697922635},{"feature":"def_1st_down_s2d","loading":0.2832757687580112},{"feature":"off_1st_down_s2d","loading":0.28238359720381206},{"feature":"def_pass_yds_s2d","loading":0.28156899712030575},{"feature":"off_pass_yds_s2d","loading":0.27749443062512447},{"feature":"def_rush_yds_s2d","loading":0.2666750466984727},{"feature":"off_rush_yds_s2d","loading":0.2601638452769869},{"feature":"off_turnovers_s2d","loading":0.23694160468318268},{"feature":"losses_s2d","loading":0.21371726971409993}]},{"component":2,"explained_variance":0.1902075973502688,"top_loadings":[{"feature":"off_epa_per_play_s2d","loading":-0.2844135541407154},{"feature":"off_epa_per_play_w5","loading":-0.2844057102582795},{"feature":"off_epa_per_play_w3","loading":-0.27053143582674666},{"feature":"off_success_rate_w5","loading":-0.26619163122538186},{"feature":"off_success_rate_exp","loading":-0.265213318078668},{"feature":"off_success_rate_s2d",