{"season":2011,"week":11,"generated_at":"2025-11-07T00:26:55.487Z","feature_hash":"30eea5b3df230e53b0e12d07926574a886d6f6a4","logistic":{"weights":[-0.3731945906855858,-0.5786929344794112,-0.18854557121240356,-0.6824652966899161,1.1551589777118108,0.7619552077957091,-0.05522610503965789,0.06053099521387219,-0.16689507927221428,-0.5382416448437994,3.244731412822899,-2.985465393260227,0,0,0,0,0.939107437275776,-0.6316301610348524,-0.8042302182943012,0.8637983209234379,-4.062806635941565,0.2522698751415813,0,0,0,0,0,0,0,0,0,0,0,0,0,0,0,0,0,0,-0.28869942543304417,0.06902553575071547,0.10718775904382268,0.20229682224232395,-0.37336644535010105,-0.020160972094498745,-0.0991189995834744,0,0,1.624349118774712,1.34562310399752,-0.08567284178789918,-0.8238746581863263,0.3854060934186107,0.15518641008952305,-0.7593068827824746,0.15985046720546964,-1.706693908888423,-0.4534614178248411,-0.23168041085121677,0.43310602175892515,-0.5157066593993629,0.4603207234585538,0.20712209352377284,-0.3158581480511232,-0.3530428040640433,-0.04650978925219158,-0.14692587559083348,0.37726552420759596,-0.1974959809925098,0.14766635492803232,-0.32309361589036845,-0.6661774716288907,-0.28932614901498666,-0.22170569950729732,-0.3412953087909009,0.1798738044792611,0.638437697355093,-0.4817641950231271,-0.1135601753169978,-0.0982724197302933,0,0,0,0,0.07387737725885692,0.18960214748842213,0.0738773772588588,-0.07387737725885676,0,0,0],"bias":0.8719762192578909,"scaler":{"mu":[109.13698630136986,1303.986301369863,403.1232876712329,900.8630136986301,5.171232876712328,108.08219178082192,1294.8972602739725,405.6986301369863,889.1986301369863,3.815068493150685,1.7671232876712328,1.7876712328767124,1,0,0,0,64.14280940415152,56.02354645282647,0.026948112958752685,0.34196486936917714,1449.9317107113527,-0.06808616700349787,0,0,0,0,0,0,0,0,0,0,0,0,0,0,0,0,0,0,326.67694063926945,329.29828767123274,327.99315068493155,328.17168949771707,-1.3162100456621013,1.1265981735159838,7.721026510534067,0,0,-0.0006768069931301642,-0.0007838368128818582,0.000521633432816471,-0.00815947977647429,0.43250737061193867,0.4324432801577997,0.43258519098791,0.43003931288648656,-0.0036802046445687814,-0.000970241969571117,-0.004344110430737041,-0.010162850272367949,0.43335163060567766,0.43498973033342336,0.43401686431571984,0.4299063195826261,0.8379376777036168,0.835658403151288,0.8393577752363777,0.8343111605747092,0.5875307343797318,0.5894624250776289,0.5873911620772567,0.5855758309136188,0.21577955223263184,0.21882540925474783,0.21780285124868173,0.21768104599599694,8.469685341203522,8.577845451242544,8.508676615092924,8.498423592669871,0,0,0,0,0.14383561643835616,0.7602739726027398,65.71917808219177,4.280821917808219,0,0,0],"sd":[70.60187724394923,843.9488313572892,279.7655792278565,595.5857555328681,3.6627700967143526,65.88195201020952,791.5380357552557,269.65272872291223,545.9551341376635,3.0988363362953364,1.5573119442325822,1.6056787243669828,1,1,1,1,1121.3799824902965,978.1849497543918,5.1831096604688,4.022193258571956,3.014349361448787,4.246679112372287,1,1,1,1,1,1,1,1,1,1,1,1,1,1,1,1,1,1,130.9347630889554,131.21604445497658,127.39002460999087,125.27828803692276,76.92092969543509,68.13713527229885,3.0661627232509443,1,1,0.09217290214213601,0.10353031073623974,0.09563342984792814,0.10358195029907778,0.046317361719337126,0.05244354355309046,0.04754519607427009,0.049954983892969845,0.08359538271973449,0.09405752882053756,0.08740834510808333,0.09783006051696282,0.03864195979004877,0.04515140329588003,0.04127008719761579,0.04305719295186561,0.10349600987320622,0.1071758181724986,0.10240047414981283,0.11171147205332596,0.09675415470244546,0.10258924174472715,0.0980774214952799,0.09337494653113174,0.07527512270535353,0.0831136549549674,0.07828461886572952,0.06789238636029145,1.2014061649255472,1.4453221815452402,1.2502842112470007,1.4260996309236278,1,1,1,1,0.3509229714369724,0.42691622033554544,1.7546148571848605,1.7546148571848657,1,1,1]},"features":["off_1st_down_s2d","off_total_yds_s2d","off_rush_yds_s2d","off_pass_yds_s2d","off_turnovers_s2d","def_1st_down_s2d","def_total_yds_s2d","def_rush_yds_s2d","def_pass_yds_s2d","def_turnovers_s2d","wins_s2d","losses_s2d","home","sim_winrate_same_loc_s2d","sim_pointdiff_same_loc_s2d","sim_count_same_loc_s2d","off_total_yds_s2d_minus_opp","def_total_yds_s2d_minus_opp","off_turnovers_s2d_minus_opp","def_turnovers_s2d_minus_opp","elo_pre","elo_diff","rest_days","rest_diff","off_third_down_att_s2d","off_third_down_conv_s2d","off_third_down_pct_s2d","off_red_zone_att_s2d","off_red_zone_td_s2d","off_red_zone_td_pct_s2d","off_dropbacks_s2d","off_sacks_taken_s2d","off_sack_rate_s2d","off_pass_att_s2d","off_rush_att_s2d","off_neutral_pass_rate_s2d","off_third_down_pct_s2d_minus_opp","off_red_zone_td_pct_s2d_minus_opp","off_sack_rate_s2d_minus_opp","off_neutral_pass_rate_s2d_minus_opp","off_yds_for_3g","off_yds_for_5g","def_yds_against_3g","def_yds_against_5g","net_yds_3g","net_yds_5g","qb_ypa_3g","qb_sack_rate_3g","qb_qbr","off_epa_per_play_s2d","off_epa_per_play_w3","off_epa_per_play_w5","off_epa_per_play_exp","off_success_rate_s2d","off_success_rate_w3","off_success_rate_w5","off_success_rate_exp","def_epa_per_play_allowed_s2d","def_epa_per_play_allowed_w3","def_epa_per_play_allowed_w5","def_epa_per_play_allowed_exp","def_success_rate_allowed_s2d","def_success_rate_allowed_w3","def_success_rate_allowed_w5","def_success_rate_allowed_exp","rb_rush_share_s2d","rb_rush_share_w3","rb_rush_share_w5","rb_rush_share_exp","wr_target_share_s2d","wr_target_share_w3","wr_target_share_w5","wr_target_share_exp","te_target_share_s2d","te_target_share_w3","te_target_share_w5","te_target_share_exp","qb_aypa_s2d","qb_aypa_w3","qb_aypa_w5","qb_aypa_exp","qb_sack_rate_s2d","qb_sack_rate_w3","qb_sack_rate_w5","qb_sack_rate_exp","roof_dome","roof_outdoor","weather_temp_f","weather_wind_mph","weather_precip_pct","weather_impact_score","weather_extreme_flag"]},"decision_tree":{"params":{"depth":6,"minSamples":8},"alpha":2},"bt":{"coefficients":[0.08691563717505343,-0.1856784923780432,0.027177907428148847,-0.0011309053308562918,0.020847628413453792,-0.002391503294227318,-0.0017981880782167567,-0.003144116953242505,0.0030527701707271557,-0.002299095475606381],"intercept":-0.0629800605431574,"scaler":{"mu":[0.9126378143182347,30.00869833225287,1.2309579439802838,0,0.0019954506100314257,0,0,0,0,0],"sd":[64.04306229531478,441.92196511480313,15.645618789619235,1,0.08898785391660452,1,1,1,1,1]},"features":["diff_total_yards","diff_turnovers","diff_penalty_yards","diff_possession_seconds","diff_r_ratio","diff_elo_pre","diff_inj_out","diff_inj_skill_out","diff_inj_practice_dnp","diff_inj_out_trend"],"hyperparams":{"steps":1200,"learningRate":0.001,"l2":0.00001}},"ann":{"seeds":[1],"architecture":[92,128,64,32,1],"committee_size":1,"max_epochs":15,"dropout":0.5},"ensemble":{"weights":{"logistic":0.9,"tree":0,"bt":0,"ann":0.09999999999999998},"calibration":{"type":"platt","beta":-0.06133930961282023,"source":"platt"},"calibration_beta":-0.06133930961282023,"calibration_hash":"d2f0fbdc829e2a3fcfa06e534a57d57371a34fbb382881731948212ab6c32945","oof_variance":{"ann":{"mean":0.4554454223895506,"var":0.007990149667822766}}},"pca":[{"component":1,"explained_variance":0.20140916641587192,"top_loadings":[{"feature":"off_total_yds_s2d","loading":0.26919669324714984},{"feature":"off_1st_down_s2d","loading":0.2687669698390424},{"feature":"off_pass_yds_s2d","loading":0.26550926644234857},{"feature":"def_total_yds_s2d","loading":0.25628075119725446},{"feature":"def_pass_yds_s2d","loading":0.25534631510350253},{"feature":"def_1st_down_s2d","loading":0.25460897409544014},{"feature":"off_rush_yds_s2d","loading":0.2468305708183388},{"feature":"def_rush_yds_s2d","loading":0.23529645329813564},{"feature":"off_turnovers_s2d","loading":0.21618585915450078},{"feature":"wins_s2d","loading":0.19773467917459694}]},{"component":2,"explained_variance":0.16188448361986327,"top_loadings":[{"feature":"off_epa_per_play_exp",