{"season":2001,"week":13,"generated_at":"2025-11-07T00:08:30.660Z","feature_hash":"8d4656ea97a6171122fd6171e76e5f112b1b6794","logistic":{"weights":[-0.7505443998279112,-0.32899680914129675,-0.2884298291456947,-0.35404851364096873,0.6775693186560084,0.39896389012664507,0.08001477313902769,0.37436666651051315,-0.06914315591583571,-0.034530282454843075,2.7459558706669633,-2.618137260132867,0,0,0,0,0.8936083157997239,-0.774705317255706,-0.6165082858897742,0.2183149941896442,-3.2699673343219486,0.24066294284713516,0,0,0,0,0,0,0,0,0,0,0,0,0,0,0,0,0,0,-0.12195372820985283,-0.06721732422035796,-0.1442598429621745,0.15219091072770422,-0.01798777808668794,-0.42773496850610265,-0.5598906474609939,0,0,0.21311749590274726,0.5545853139651247,0.2602244029767873,0.19854052002726882,0.17986557697028044,0.39736253197705945,0.09124118768307095,0.17205612082836672,-0.2498657024835323,-0.2540610877464637,-0.24905836247129617,-0.1916022233281031,-0.1428730464182769,0.20785545102660538,-0.004085675743815563,-0.2753768167952535,-0.3551576705234309,0.3903049728868501,-0.00995651010754132,-0.03918899811957753,0.03342122954524069,0.02610606320738214,0.13168179070614083,-0.0683225042189402,-0.09663854321700682,-0.3519703846300512,-0.019477105639054512,-0.0280950570569554,-0.06955973992204885,0.3743821477697939,-0.33324567865479715,0.42734096437675934,0,0,0,0,0.004540741214427659,-0.004540741214427701,0.00454074121442866,-0.0045407412144277595,0,0,0],"bias":0.3244550627425805,"scaler":{"mu":[119.9364161849711,1430.3410404624278,479.8323699421965,950.5086705202312,7.3526011560693645,123.23121387283237,1466.6531791907514,478.9364161849711,987.7167630057803,5.965317919075145,2.1734104046242773,2.2023121387283235,1,0,0,0,-76.666047780023,-23.639275713563453,-0.3968119643469157,-0.2929625922867717,1449.9785026911393,-0.014148542762259924,0,0,0,0,0,0,0,0,0,0,0,0,0,0,0,0,0,0,296.90462427745683,296.2945086705204,305.0751445086707,303.8947013487476,-8.170520231213873,-7.600192678227359,2.921214533857473,0,0,-0.014150957494873329,-0.012536870214479712,-0.010877514567548046,-0.02202244212827477,0.4482172337895735,0.4486694282708084,0.4490116465140131,0.44369813650716067,-0.007024637560148756,-0.004078782910728625,-0.005399472938207218,-0.012072524417867471,0.4486709021226851,0.4489536053640023,0.4481154509936844,0.44430396482232565,0.7839301996673124,0.7842039464744975,0.7825296746311818,0.7651479890350839,0.5961809628846277,0.6032394550959935,0.6015573611743307,0.5815209515284079,0.15759257675998317,0.1550760547873012,0.1552664251027351,0.15483551842429416,3.1252569072673246,3.0983025904995185,3.1211538599613498,3.2514213032211847,0,0,0,0,0.18497109826589594,0.815028901734104,65.92485549132948,4.07514450867052,0,0,0],"sd":[81.56972621355986,940.880736327395,330.6479375489375,642.7421440964132,5.4980245162065176,80.27369192512276,955.446913528333,328.45744131437533,649.1347158443901,5.096633768084527,1.8417095725132986,1.896024247949427,1,1,1,1,1111.4049010457231,1187.3305976698418,7.133943261163298,6.647645167890571,3.408579788602154,5.041801524102712,1,1,1,1,1,1,1,1,1,1,1,1,1,1,1,1,1,1,118.8393522452534,115.39236721186245,118.85465832728914,115.380067543641,125.02510724569463,115.95064029936674,2.3755467645696,1,1,0.09168341633123102,0.10479947737746084,0.09635342437746809,0.10526225691701442,0.036809950485103396,0.04352190751049876,0.03978755882427756,0.03919500427351496,0.08708929776013852,0.10189135940556296,0.09214250658678845,0.10012007213457311,0.031987392171740264,0.04043332873697003,0.03442593430361443,0.03485545916217969,0.14404630755401568,0.1519350283243648,0.1479464489162624,0.16265426326784035,0.11962413713296553,0.12398948309051071,0.12158955583001126,0.13457774707878928,0.07527514881735345,0.07714330095601234,0.07598006787856142,0.08107327173446102,1.808029245944725,2.215505608116988,1.996782775841817,2.103226412040518,1,1,1,1,0.3882741184681314,0.3882741184681314,1.9413705923406572,1.9413705923406575,1,1,1]},"features":["off_1st_down_s2d","off_total_yds_s2d","off_rush_yds_s2d","off_pass_yds_s2d","off_turnovers_s2d","def_1st_down_s2d","def_total_yds_s2d","def_rush_yds_s2d","def_pass_yds_s2d","def_turnovers_s2d","wins_s2d","losses_s2d","home","sim_winrate_same_loc_s2d","sim_pointdiff_same_loc_s2d","sim_count_same_loc_s2d","off_total_yds_s2d_minus_opp","def_total_yds_s2d_minus_opp","off_turnovers_s2d_minus_opp","def_turnovers_s2d_minus_opp","elo_pre","elo_diff","rest_days","rest_diff","off_third_down_att_s2d","off_third_down_conv_s2d","off_third_down_pct_s2d","off_red_zone_att_s2d","off_red_zone_td_s2d","off_red_zone_td_pct_s2d","off_dropbacks_s2d","off_sacks_taken_s2d","off_sack_rate_s2d","off_pass_att_s2d","off_rush_att_s2d","off_neutral_pass_rate_s2d","off_third_down_pct_s2d_minus_opp","off_red_zone_td_pct_s2d_minus_opp","off_sack_rate_s2d_minus_opp","off_neutral_pass_rate_s2d_minus_opp","off_yds_for_3g","off_yds_for_5g","def_yds_against_3g","def_yds_against_5g","net_yds_3g","net_yds_5g","qb_ypa_3g","qb_sack_rate_3g","qb_qbr","off_epa_per_play_s2d","off_epa_per_play_w3","off_epa_per_play_w5","off_epa_per_play_exp","off_success_rate_s2d","off_success_rate_w3","off_success_rate_w5","off_success_rate_exp","def_epa_per_play_allowed_s2d","def_epa_per_play_allowed_w3","def_epa_per_play_allowed_w5","def_epa_per_play_allowed_exp","def_success_rate_allowed_s2d","def_success_rate_allowed_w3","def_success_rate_allowed_w5","def_success_rate_allowed_exp","rb_rush_share_s2d","rb_rush_share_w3","rb_rush_share_w5","rb_rush_share_exp","wr_target_share_s2d","wr_target_share_w3","wr_target_share_w5","wr_target_share_exp","te_target_share_s2d","te_target_share_w3","te_target_share_w5","te_target_share_exp","qb_aypa_s2d","qb_aypa_w3","qb_aypa_w5","qb_aypa_exp","qb_sack_rate_s2d","qb_sack_rate_w3","qb_sack_rate_w5","qb_sack_rate_exp","roof_dome","roof_outdoor","weather_temp_f","weather_wind_mph","weather_precip_pct","weather_impact_score","weather_extreme_flag"]},"decision_tree":{"params":{"depth":6,"minSamples":9},"alpha":2},"bt":{"coefficients":[0.19346800203960102,-0.1504359396175715,0.01563451420706716,0.0010989573797831967,-0.12940505780987804,-0.0012765406545784137,-0.0028018400834780256,-0.0020449932262620626,0.003727590592886954,-0.003459177797643985],"intercept":-0.08740003550614502,"scaler":{"mu":[-3.5428275273565117,-0.9675375077338717,0.5667651881395869,0,0.002835604768966287,0,0,0,0,0],"sd":[77.18388017529807,717.5538412855137,18.21897800417816,1,0.09193383898954617,1,1,1,1,1]},"features":["diff_total_yards","diff_turnovers","diff_penalty_yards","diff_possession_seconds","diff_r_ratio","diff_elo_pre","diff_inj_out","diff_inj_skill_out","diff_inj_practice_dnp","diff_inj_out_trend"],"hyperparams":{"steps":1200,"learningRate":0.001,"l2":0.00001}},"ann":{"seeds":[1],"architecture":[92,128,64,32,1],"committee_size":1,"max_epochs":15,"dropout":0.5},"ensemble":{"weights":{"logistic":0.9,"tree":0,"bt":0,"ann":0.09999999999999998},"calibration":{"type":"platt","beta":-0.24704069813078947,"source":"platt"},"calibration_beta":-0.24704069813078947,"calibration_hash":"5496f49973df65aa9bbd5791f38d0e1e4449ff63f07b129de3853a61c90c7517","oof_variance":{"ann":{"mean":0.5832343554381936,"var":0.036983227598677566}}},"pca":[{"component":1,"explained_variance":0.212908729886333,"top_loadings":[{"feature":"off_total_yds_s2d","loading":0.2269198986875549},{"feature":"off_1st_down_s2d","loading":0.22472328083329907},{"feature":"off_pass_yds_s2d","loading":0.21979713457332517},{"feature":"off_rush_yds_s2d","loading":0.21845495350137156},{"feature":"wins_s2d","loading":0.18439756111803288},{"feature":"def_pass_yds_s2d","loading":0.18037606640642442},{"feature":"def_turnovers_s2d","loading":0.1803687962903588},{"feature":"def_total_yds_s2d","loading":0.17720328774685928},{"feature":"def_1st_down_s2d","loading":0.17582533216851615},{"feature":"off_turnovers_s2d","loading":0.17376573993175207}]},{"component":2,"explained_variance":0.1634279967626108,"top_loadings":[{"feature":"losses_s2d",