{
  "season": 2016,
  "week": 21,
  "generated_at": "2025-11-07T00:37:05.992Z",
  "feature_hash": "7d4e02ca0299036719057b97d039c768a9b262a4",
  "logistic": {
    "weights": [
      -0.26384525333526365,
      -0.5485938448497671,
      -0.3804557284084963,
      -0.5265195947654956,
      1.719356324899107,
      0.7424188191151476,
      0.12776923872617213,
      0.15649583913829437,
      0.035255695706362215,
      -1.421345744492247,
      2.734437979429585,
      -2.1097619440997932,
      0,
      0,
      0,
      0,
      1.1763117699343457,
      -0.46176340101931584,
      -2.0436663329136104,
      0.9109636094887181,
      -3.0742993363900655,
      0.044254610830121874,
      0,
      0,
      0,
      0,
      0,
      0,
      0,
      0,
      0,
      0,
      0,
      0,
      0,
      0,
      0,
      0,
      0,
      0,
      -0.3489659703971117,
      -0.02665668183431709,
      0.09962687782264762,
      0.09868863572321916,
      -0.44838014144664273,
      0.032955392879845315,
      0.3263842214193193,
      0,
      0,
      1.7282573690498357,
      1.0788646121681926,
      0.04070572317485651,
      -0.3114108688859138,
      0.11051561487593665,
      0.12424285570965429,
      0.14695683417175234,
      0.01647631092554161,
      -2.20177332443057,
      -1.0125619296321664,
      0.346869370827027,
      0.14509128534576188,
      -0.2461413079904788,
      0.17402473380067301,
      -0.2943306983233281,
      -0.1446045794500084,
      -0.14161262651713594,
      0.5133236281368005,
      -0.3596295981411945,
      0.564176750935457,
      0.08314429474480728,
      0.2847689285487164,
      0.22645358420162381,
      0.0018222423349413886,
      0.16426617580634253,
      0.47818409216455116,
      0.24354878861947535,
      -0.2174618177233406,
      -0.1982733383136307,
      -0.7887411507272039,
      -0.18639041844488866,
      0.2748213020761186,
      0,
      0,
      0,
      0,
      0.005237615754740137,
      0.06421259381342033,
      0.00523761575474107,
      -0.00523761575473983,
      0,
      0,
      0
    ],
    "bias": 0.9546145716668651,
    "scaler": {
      "mu": [
        150.25,
        1754.6780303030303,
        517.8560606060606,
        1236.8219696969697,
        6.1022727272727275,
        150.38636363636363,
        1754.8068181818182,
        518.060606060606,
        1236.746212121212,
        4.863636363636363,
        2.4431818181818183,
        2.371212121212121,
        1,
        0,
        0,
        0,
        -156.46007963965116,
        -158.82156690084943,
        -0.3560190232073143,
        -0.5389502799467949,
        1450.1807713071867,
        -0.2530363923309646,
        0,
        0,
        0,
        0,
        0,
        0,
        0,
        0,
        0,
        0,
        0,
        0,
        0,
        0,
        0,
        0,
        0,
        0,
        339.70707070707067,
        341.4532828282829,
        342.23106060606074,
        344.20637626262635,
        -2.5239898989898992,
        -2.7530934343434326,
        7.796260473033803,
        0,
        0,
        -0.0011301529076996992,
        -0.0033427759632546467,
        -0.0024178819560897085,
        0.00026749500166106275,
        0.42890267921296593,
        0.4285055629641928,
        0.4280339028591388,
        0.42981342828447916,
        -0.0038886090657754406,
        -0.0073816580025587745,
        -0.0069826181919947624,
        -0.003557994685299244,
        0.42765313281073764,
        0.42595284349797136,
        0.42600876159333617,
        0.4282164917266084,
        0.845294787660236,
        0.843957910665957,
        0.8446311726525729,
        0.8414194937805441,
        0.5996461516695156,
        0.5968437536854784,
        0.5987545566562855,
        0.5998019763882123,
        0.20936481364971607,
        0.21155616597617757,
        0.21171569682938685,
        0.2054789464243348,
        8.23817048851058,
        8.220629773191007,
        8.302893371927778,
        8.12368167472517,
        0,
        0,
        0,
        0,
        0.12878787878787878,
        0.7537878787878788,
        65.64393939393939,
        4.356060606060606,
        0,
        0,
        0
      ],
      "sd": [
        97.15481826508253,
        1120.3023158555336,
        352.4882575429902,
        792.8350181673891,
        4.74191442462518,
        96.96321918467666,
        1133.934316726715,
        358.08435517041863,
        800.5893473035692,
        3.8959433588859302,
        2.027414130820647,
        2.225558503381635,
        1,
        1,
        1,
        1,
        1398.627548064488,
        1398.8816013605879,
        6.017607653625828,
        5.032250419845972,
        4.886044760893184,
        6.26388945279802,
        1,
        1,
        1,
        1,
        1,
        1,
        1,
        1,
        1,
        1,
        1,
        1,
        1,
        1,
        1,
        1,
        1,
        1,
        99.02427945400851,
        96.87027032962601,
        98.90795373140132,
        96.67412061103707,
        63.66534827478285,
        54.942365692425014,
        2.405290656075179,
        1,
        1,
        0.07292866361455372,
        0.09325837360541372,
        0.08207369380879734,
        0.08565109123390152,
        0.03149570008849549,
        0.040928447000397924,
        0.03559725940325299,
        0.03695411276513215,
        0.07892712306066309,
        0.09372473064060319,
        0.08519278997237598,
        0.08650286970178689,
        0.033937030755439745,
        0.040588044978973406,
        0.03628979817536,
        0.03697473219625937,
        0.0775521167172646,
        0.10551124742164289,
        0.09275559341140802,
        0.08573112110903246,
        0.07690702811162461,
        0.09437392084785452,
        0.08463525222351537,
        0.0773858948287694,
        0.07556970374729402,
        0.08982417184809238,
        0.08293686750642817,
        0.08035170571036318,
        1.008818352860047,
        1.3684750257425915,
        1.2025222342607773,
        1.1422902704465208,
        1,
        1,
        1,
        1,
        0.33496501468839573,
        0.43080356611842074,
        1.6748250734419803,
        1.6748250734419796,
        1,
        1,
        1
      ]
    },