{"season":2019,"week":15,"generated_at":"2025-11-07T00:43:04.977Z","feature_hash":"d2b2aab5b217909354ab78c41b4c87e6fafc7831","logistic":{"weights":[-0.593438678023058,-0.43301256161410234,0.1700776392177187,-0.5994729286557644,1.3309309608391418,0.6777327764275889,0.1568824489393274,-0.019220395026397386,0.20780948626474532,-0.8621182876117325,3.3255125018146328,-2.7712366006092215,0,0,0,0,1.0553311834765593,-0.7681396824418175,-1.2923610897576034,0.7126760724963704,-3.686897827581558,0.25119022361801996,0,0,0,0,0,0,0,0,0,0,0,0,0,0,0,0,0,0,-0.17965032548971266,-0.023200005178392512,0.10907078953925281,-0.012464382761753358,-0.22690945975795423,0.1294633142026966,-0.19948824845391855,0,0,2.0818444602120043,1.2666711386492693,0.018917777783272072,-0.20460188258591586,0.07915078397515868,-0.005203383743630301,-0.23671759681800683,-0.3453752278283529,-2.076607552938754,-1.214059744986017,0.11810209255600004,0.715237960474723,-0.3475941002662143,0.6028403982696258,-0.1784790844727891,-0.06051750711386947,-0.4680519053294797,0.7932742883342687,-0.446561268106325,0.3898652556967433,-0.22965676128775928,-0.0882413868411285,-0.15950402859383314,-0.41090561523977304,-0.23143548439548653,0.4786998805606771,-0.023429767415533858,-0.42368977895466486,-0.07024695600355399,0.03632409918889912,-0.10805135315918395,0.35355128325645424,0,0,0,0,0.12311686535411785,0.1810436613198439,0.12311686535411943,-0.12311686535411746,0,0,0,0.011333336606720716,0.10748906281454294,-0.0430006031848852,0.0013664251301874887,0.32608181801380803,0.11748999852444801,0.007182432502429385,0.5492821290025263,0,-0.15548228778663287,0.09164972783715618,0.14096813866416738,0.5188386885910456,-0.286487030606857,-0.7263029913360608,0.35516521143959484,0.3011665410719034,-0.45324757747838657,-0.06431472679523578,0.056125959477187355,0.13738565895189023,0.09901376384603469,0.1184075229234829,-0.32016343285032284,0.10598163257253713,-0.02273676878503653,-0.7007739695879209,-0.0764929172280091,-1.1144632798997305,0.17254225785593866,-0.6109196059926446,0.29940994031600104,0.12577865750251888,-0.006701226768621248,-0.15950417266705463,-0.1382304433901065,0.17369568668325583,0.26744361441739023,0.16788488033536253,0.030202912299525046,-0.12464446964303354],"bias":0.5088194122081112,"scaler":{"mu":[130.8985507246377,1560.352657004831,461.41062801932367,1098.9420289855072,5.521739130434782,129.20289855072463,1549.5507246376812,479.9130434782609,1069.6376811594203,3.9565217391304346,2.130434782608696,2.1207729468599035,1,0,0,0,-41.1763475681566,-41.994394075790154,-0.078319578266185,-0.12238655329701911,1449.9884286228203,0.0011430004451661124,0,0,0,0,0,0,0,0,0,0,0,0,0,0,0,0,0,0,336.95813204508863,338.8760869565218,340.6731078904994,341.3505636070852,-3.7149758454106268,-2.474476650563605,7.580881545433862,0,0,-0.012953901823335091,-0.02116090897528547,-0.0184201686186245,-0.0013557603986830025,0.42288214345489394,0.4211325481307942,0.42120173140312045,0.4267353128553097,-0.005230707745506436,-0.012956238834487764,-0.009775533483495441,0.004969096641909915,0.424719866144472,0.4227931028562516,0.42310239121558346,0.4285010362966907,0.8404236267584649,0.8375037229266775,0.8395093090891058,0.8449039411686572,0.5868412557305694,0.5833569900553982,0.5844310671662709,0.5835198189959273,0.2037743866546628,0.20557290486270602,0.20613453031268167,0.2083072656615345,8.195602768011595,8.205079894764793,8.204735952819169,8.144656478607873,0,0,0,0,0.09178743961352658,0.7729468599033816,65.45893719806763,4.541062801932367,0,0,0,0.15458937198067632,-0.5362318840579711,-0.7850241545893718,0.18357487922705315,0.09565217391304336,0,-0.00966183574879227,-0.14009661835748793,0,0.08648309178743958,-0.22705314009661837,0.12560386473429952,1.0507246376811596,0.024154589371980676,6.124637681159418,-0.8207729468599034,0.42028985507246375,-0.6473429951690821,0.0821256038647343,0.043478260869565216,0.00966183574879227,-0.014492753623188406,0.04830917874396135,-0.13526570048309178,-0.10628019323671498,-0.02496135265700482,0.17391304347826086,-0.00042512077294685883,0.3864734299516908,-0.006154589371980672,0.21739130434782608,1.0241545893719808,0.34782608695652173,0.0966183574879227,0.6618357487922706,-0.004985507246376816,-0.024154589371980676,0.05314009661835749,0.04714975845410628,-0.00966183574879227,-3.0449275362318837],"sd":[80.96032515440714,960.1839126773774,307.9791392695445,691.4526726911457,4.164290437736239,77.95853841244825,915.6585635022119,296.290955992272,645.4749134506625,3.37410478064678,1.8090997318969422,1.6939515537114,1,1,1,1,1179.2053004298784,1159.7744559132975,5.619532614343788,4.729062801983729,4.183001166088958,5.433562920939157,1,1,1,1,1,1,1,1,1,1,1,1,1,1,1,1,1,1,111.30778543957727,109.46705290692583,112.80448012745404,110.13976917098184,88.69733028366312,83.16405310182071,2.5414558656095876,1,1,0.09356513461635316,0.10502397102027172,0.09840026963822551,0.10889749944352545,0.03554780179215473,0.042120697811164544,0.03838452997363076,0.0414203791218147,0.10328924834334836,0.11507721913129791,0.10924871942207753,0.11535540865484807,0.03788532640397563,0.04601619135186464,0.04135444597129192,0.04151141686194154,0.06252587770964109,0.06975808391663223,0.06607824913508481,0.06115176080878397,0.07666236303643746,0.09082647358194157,0.08592008936562388,0.0846723617679731,0.08075669985504098,0.08943549163824135,0.08680151092861846,0.08869010509947706,1.3254431016769135,1.4592634970168998,1.3349734864244645,1.3293455887239107,1,1,1,1,0.2887256579223945,0.4189272152401698,1.4436282896119732,1.4436282896119723,1,1,1,1.9720916825369694,12.903483831122742,7.508456930855259,5.747095109364719,4.900461423091734,0.41702882811414954,0.27785128202025916,1.018991634910488,1,0.4939519412306357,13.771132816347585,13.568885674651865,10.346176542091163,0.3175938147612291,43.435666478750676,13.672868984322802,11.904701053044587,8.125006440323682,3.3112338905525096,0.38453620757743817,0.31068473798673435,0.2501837174149572,0.5877859391016477,2.672288060843721,0.8891776468599079,0.2635098627788818,1.7302915484623136,0.08652040582998563,4.08430608088296,0.16919369817783486,2.6331383080454343,7.779844895891016,3.112198627699827,2.615512653169555,6.194250295769842,0.17947713856706357,0.45513297442758655,0.5127149434365825,0.3736754537324648,0.4051639873673762,41.697038911417394]},