{"season":2017,"week":3,"generated_at":"2025-11-07T00:37:46.327Z","feature_hash":"c27c623eec0869fb39974736637f380eed941ab2","logistic":{"weights":[-0.31326134690557755,-0.5849013699810804,-0.35194877439815236,-0.5923605031843372,1.6596917306918642,0.6837979536363207,0.06279519409363798,0.03965674818503385,0.01338829014827894,-1.4171128924960452,2.8107433163082933,-2.2429043844193606,0,0,0,0,1.114768028437646,-0.5658351539518341,-2.081812240035526,0.8853000842537435,-2.9844526270200573,0.056798575924753146,0,0,0,0,0,0,0,0,0,0,0,0,0,0,0,0,0,0,-0.39899036739791066,-0.07722210401381024,0.0314828715301674,0.03054620435463183,-0.4033994671997547,0.07712810206735854,0.2550521293331596,0,0,1.757933764257068,1.1096310716236597,0.07321482585644026,-0.2677837517708587,0.13438547300254156,0.14808967142579016,0.17076552242866763,0.0627784219308394,-2.2083204621801182,-1.0211052658476163,0.33604410669838214,0.1580708843287697,-0.23059741508365608,0.18886334015229023,-0.2787059151832999,-0.11258480766442612,-0.1713829720729105,0.4824539130723547,-0.3890339825682735,0.5163918109325882,0.07315995191327192,0.27444614060435263,0.2162286838165567,-0.035163523699488525,0.18810287709684392,0.5014938539506095,0.26725240690155283,-0.1529491646460327,-0.1804727530815836,-0.7699494120749445,-0.16860977976441002,0.2953470751759482,0,0,0,0,0.036877312631066826,0.04252386682925226,0.03687731263106779,-0.036877312631066514,0,0,0],"bias":0.8777340218416634,"scaler":{"mu":[43.83870967741935,503.6774193548387,149.7741935483871,353.9032258064516,1.6451612903225807,41.67741935483871,488.19354838709677,146.4516129032258,341.741935483871,1.5483870967741935,0.8064516129032258,0.6774193548387096,1,0,0,0,8.66136379284392,-23.370463275721935,-0.26713614624933,0.06699980609385776,1450.1209677419354,0.24193548387096775,0,0,0,0,0,0,0,0,0,0,0,0,0,0,0,0,0,0,154.93548387096774,154.93548387096774,158.1290322580645,158.1290322580645,-3.193548387096774,-3.193548387096774,3.587247421430818,0,0,-0.03915873962550446,-0.03915873962550446,-0.03915873962550446,-0.04546608021119626,0.4117793942353224,0.4117793942353224,0.4117793942353224,0.4081027268304311,-0.04806095842862174,-0.04806095842862174,-0.04806095842862174,-0.058549109290065376,0.41002888084668077,0.41002888084668077,0.41002888084668077,0.40583345005543864,0.8280150959582379,0.8280150959582379,0.8280150959582379,0.8316918221150863,0.5848750566911683,0.5848750566911683,0.5848750566911683,0.5837807252785343,0.20857386770241182,0.20857386770241182,0.20857386770241182,0.20262639562666349,8.169634989355993,8.169634989355993,8.169634989355993,8.081657091259858,0,0,0,0,0.0967741935483871,0.8387096774193549,65.48387096774194,4.516129032258065,0,0,0],"sd":[15.391863737144035,185.75866881117972,74.98546511950396,136.8461238124683,1.617413049899571,17.758936136354258,210.59614605345996,87.76943354688167,155.0130000254787,1.700829203414718,0.7795513531351338,0.7355970484510568,1,1,1,1,137.9508571547661,137.16098991537166,1.9305534122942272,1.8569870378489566,0.8610546977444606,1.0248600828337768,1,1,1,1,1,1,1,1,1,1,1,1,1,1,1,1,1,1,169.36407348093687,169.36407348093687,170.4121648572118,170.4121648572118,68.11348185190354,68.11348185190354,3.861318163849512,1,1,0.1591803490687637,0.1591803490687637,0.1591803490687637,0.16629937644502443,0.054702369062796186,0.054702369062796186,0.054702369062796186,0.05799427261357595,0.13911025444767858,0.13911025444767858,0.13911025444767858,0.1548404010427465,0.05057005341785942,0.05057005341785942,0.05057005341785942,0.05348223992826397,0.16474303548164485,0.16474303548164485,0.16474303548164485,0.16464549008055582,0.11661166130217192,0.11661166130217192,0.11661166130217192,0.11498182912753648,0.0856461859398602,0.0856461859398602,0.0856461859398602,0.0864055187795362,2.0643521165826435,2.0643521165826435,2.0643521165826435,2.1509564358399067,1,1,1,1,0.29565004483586066,0.3677985242255284,1.478250224179303,1.478250224179303,1,1,1]},"features":["off_1st_down_s2d","off_total_yds_s2d","off_rush_yds_s2d","off_pass_yds_s2d","off_turnovers_s2d","def_1st_down_s2d","def_total_yds_s2d","def_rush_yds_s2d","def_pass_yds_s2d","def_turnovers_s2d","wins_s2d","losses_s2d","home","sim_winrate_same_loc_s2d","sim_pointdiff_same_loc_s2d","sim_count_same_loc_s2d","off_total_yds_s2d_minus_opp","def_total_yds_s2d_minus_opp","off_turnovers_s2d_minus_opp","def_turnovers_s2d_minus_opp","elo_pre","elo_diff","rest_days","rest_diff","off_third_down_att_s2d","off_third_down_conv_s2d","off_third_down_pct_s2d","off_red_zone_att_s2d","off_red_zone_td_s2d","off_red_zone_td_pct_s2d","off_dropbacks_s2d","off_sacks_taken_s2d","off_sack_rate_s2d","off_pass_att_s2d","off_rush_att_s2d","off_neutral_pass_rate_s2d","off_third_down_pct_s2d_minus_opp","off_red_zone_td_pct_s2d_minus_opp","off_sack_rate_s2d_minus_opp","off_neutral_pass_rate_s2d_minus_opp","off_yds_for_3g","off_yds_for_5g","def_yds_against_3g","def_yds_against_5g","net_yds_3g","net_yds_5g","qb_ypa_3g","qb_sack_rate_3g","qb_qbr","off_epa_per_play_s2d","off_epa_per_play_w3","off_epa_per_play_w5","off_epa_per_play_exp","off_success_rate_s2d","off_success_rate_w3","off_success_rate_w5","off_success_rate_exp","def_epa_per_play_allowed_s2d","def_epa_per_play_allowed_w3","def_epa_per_play_allowed_w5","def_epa_per_play_allowed_exp","def_success_rate_allowed_s2d","def_success_rate_allowed_w3","def_success_rate_allowed_w5","def_success_rate_allowed_exp","rb_rush_share_s2d","rb_rush_share_w3","rb_rush_share_w5","rb_rush_share_exp","wr_target_share_s2d","wr_target_share_w3","wr_target_share_w5","wr_target_share_exp","te_target_share_s2d","te_target_share_w3","te_target_share_w5","te_target_share_exp","qb_aypa_s2d","qb_aypa_w3","qb_aypa_w5","qb_aypa_exp","qb_sack_rate_s2d","qb_sack_rate_w3","qb_sack_rate_w5","qb_sack_rate_exp","roof_dome","roof_outdoor","weather_temp_f","weather_wind_mph","weather_precip_pct","weather_impact_score","weather_extreme_flag"]},"decision_tree":{"params":{"depth":6,"minSamples":8},"alpha":6},"bt":{"coefficients":[-0.02635131852329807,-0.16316399976885398,0.21080696681876354,0.0016362245405053609,0.033118643583577745,0.0009818064584894595,0.0004803336895963886,-0.004874456935422712,-0.0008439917673236517,-0.00284913772446855],"intercept":0.01676689834319452,"scaler":{"mu":[-7.158283814374646,-82.8216163431983,0.4233138586504221,0,0.0010235281639731587,0,0,0,0,0],"sd":[48.31159716768714,498.5826472069286,12.461827197600392,1,0.05434516341674098,1,1,1,1,1]},"features":["diff_total_yards","diff_turnovers","diff_penalty_yards","diff_possession_seconds","diff_r_ratio","diff_elo_pre","diff_inj_out","diff_inj_skill_out","diff_inj_practice_dnp","diff_inj_out_trend"],"hyperparams":{"steps":1200,"learningRate":0.001,"l2":0.00001}},"ann":{"seeds":[1],"architecture":[92,128,64,32,1],"committee_size":1,"max_epochs":15,"dropout":0.5},"ensemble":{"weights":{"logistic":0.9350649350649352,"tree":0,"bt":0,"ann":0.06493506493506492},"calibration":{"type":"platt","beta":0.0013077829037902188,"source":"platt"},"calibration_beta":0.0013077829037902188,"calibration_hash":"756d88f5b474b376970871a44fb7ac7f0e1343dbd71d46125d2e9e63c86ac004","oof_variance":{"ann":{"mean":0.44884158324254464,"var":0.018786299050767296}}},"pca":[{"component":1,"explained_variance":0.22899287204163002,"top_loadings":[{"feature":"off_total_yds_s2d","loading":-0.24608599674778356},{"feature":"off_1st_down_s2d","loading":-0.23754856586097},{"feature":"off_pass_yds_s2d","loading":-0.2304931919758717},{"feature":"def_1st_down_s2d","loading":-0.22191627522036977},{"feature":"off_yds_for_3g","loading":-0.22073122704298995},{"feature":"off_yds_for_5g","loading":-0.22073122704298995},{"feature":"def_pass_yds_s2d","loading":-0.21017351786034266},{"feature":"def_total_yds_s2d","loading":-0.20615361408887692},{"feature":"def_yds_against_3g","loading":-0.19574040142988433},{"feature":"def_yds_against_5g","loading":-0.19574040142988433}]},{"component":2,"explained_variance":0.17795913507413283,"top_loadings":[{"feature":"losses_s2d",