{"season":2020,"week":11,"generated_at":"2025-11-07T00:45:05.757Z","feature_hash":"f5463c43664aca935a4c537fe8bfdb9654197953","logistic":{"weights":[-0.6277830914919429,-0.4740744846748767,0.18180995993801022,-0.6571803247282912,1.2212871798627074,0.9133491653128143,0.35040213828702366,-0.059493669742979524,0.4951827131639388,-1.0158919735292673,3.4049458500616367,-2.788298218551792,0,0,0,0,0.6025031805919275,-0.8638555229164306,-1.3880525285448682,0.6042352589515158,-3.5335282023538115,0.2518688257394196,0,0,0,0,0,0,0,0,0,0,0,0,0,0,0,0,0,0,-0.20065504548631313,-0.014366416824053369,0.2885525128762912,0.07073990191260061,-0.4189545512788435,0.033656804710701746,-0.19153218797764612,0,0,2.2337031140918002,1.1602851043663132,-0.04210906712533936,-0.12559149120595284,0.30534477254153625,0.09043624207545808,-0.21747790086803573,-0.2019836589778587,-1.9488089819354062,-1.0306591036723105,0.20297017658680533,0.7407115952642936,-0.43796876756615394,0.8386136704204614,-0.17436455057196357,-0.20415033155016554,-0.30519179191675394,0.4900327059640423,-0.5034546674991822,0.4829994843690544,0.07683102935228901,0.13965887580006442,0.06056840226982103,-0.036103850439955835,-0.21609854298754727,0.5724165345355325,0.17218141569258538,-0.3431558991209001,-0.20346671610821768,0.10884168225291213,-0.36562510075089955,0.4445301174638189,0,0,0,0,-0.04990308949785037,0.19930541648673655,-0.04990308949784897,0.0499030894978506,0,0,0,0.1423752230775277,-0.022587921260902286,-0.26431693888110264,-0.19687815534178746,-0.3227375610729847,-0.051087087593310876,0.5809259498563942,0.34184765416759627,0,0.2961062211694344,-0.028011790571273634,-0.0303472912442332,0.29311579323229425,-0.3261950503113112,-0.7095185497471874,0.23881010042912573,0.12744585852981608,-0.3988057662803801,0.0665200684394064,0.1300808249771556,0.4362971132376227,-0.18662500988581718,0.1944723423865337,-0.33292183410510906,-0.17387736746256663,-0.28087628164152495,-0.3479130584613406,-0.15334397885863893,-1.0124573467148956,-0.05059485391487866,-0.4646838550500511,0.7928887168455213,0.06045787161556411,0.4264547414120871,0.06934621387729216,-0.12562876712925442,0.011826718688244541,-0.005326329450497904,-0.11790222025494375,-0.44496726584513757,-0.0748554133365913],"bias":0.3985176880026605,"scaler":{"mu":[133.23972602739727,1493.2739726027398,461.8082191780822,1031.4657534246576,4.876712328767123,133.34931506849315,1497.7808219178082,471.43835616438355,1026.3424657534247,3.6232876712328768,1.9315068493150684,2.0342465753424657,1,0,0,0,50.671513932340865,71.75683729855443,0.06197110705698784,0.16379617792064666,1450.0838155881024,0.06669709678675184,0,0,0,0,0,0,0,0,0,0,0,0,0,0,0,0,0,0,338.90981735159806,338.83105022831046,335.79566210045664,336.8802511415527,3.1141552511415536,1.9507990867579912,7.08323806425932,0,0,0.035909026793410195,0.03462092137073636,0.03460366582804528,0.02702270134614589,0.44767360741817197,0.44652866759382587,0.44628830057779395,0.44621598211485175,0.034864219794685104,0.0313392058248867,0.03355697592095526,0.02763238684016103,0.44600703086155497,0.44384721626432316,0.44523728956097103,0.4461435991862917,0.8129807904702504,0.8115755815203463,0.8126780214998056,0.8157475712269983,0.5796975338170128,0.5841223106396628,0.581504063227407,0.5865167040168767,0.21475094441576884,0.21306429732523893,0.21394069510199454,0.21104575627420727,7.797571958105564,7.883750258454552,7.826057453223532,7.703856958053586,0,0,0,0,0.17123287671232876,0.6712328767123288,65.85616438356165,4.1438356164383565,0,0,0,0.4863013698630137,0.5136986301369864,-0.6732876712328766,0.9452054794520548,-0.27808219178082183,0.11643835616438356,-0.00684931506849315,-0.07534246575342465,0,0.06231506849315069,0.08904109589041095,-0.0547945205479452,0.3698630136986301,-0.03424657534246575,4.246575342465753,0.4143835616438359,0.6643835616438356,-0.5753424657534246,-0.07534246575342465,-0.04794520547945205,0.03424657534246575,-0.0136986301369863,-0.0273972602739726,-0.10273972602739725,-0.0547945205479452,0.01256164383561644,0.11643835616438356,0.0011301369863013693,-0.2534246575342466,-0.023910958904109585,-0.14383561643835616,-0.5684931506849316,0.07534246575342465,-0.4657534246575342,-0.5342465753424658,0.0013767123287671238,-0.02054794520547945,0.0136986301369863,0.042130136986301366,-0.00684931506849315,-0.7472602739726035],"sd":[85.99325433838263,944.2488536089163,281.86223476106176,689.005528780565,3.925488209684057,86.15282633687787,968.4513799095128,328.9440759523526,664.767622787278,2.872019982566095,1.6784595605877517,1.9634132411794922,1,1,1,1,1084.3406242970623,1101.9693352259271,4.753005517488542,3.6879967780486345,3.3046875995502303,4.352893321725169,1,1,1,1,1,1,1,1,1,1,1,1,1,1,1,1,1,1,130.34736860325614,127.21489273329435,127.04674526907694,126.35499058355676,66.02941941932103,58.09276445553237,2.8454996921679947,1,1,0.08567639541173748,0.09506534778039773,0.08765979376747304,0.09498477811533487,0.0399508481577795,0.0430170977857226,0.04065847307059233,0.04451811678855451,0.08314284212682735,0.09832813217901656,0.08926890992382829,0.09214338176237644,0.03722373956958232,0.04270451957273797,0.0391901673921618,0.04257337950122409,0.07823707095811414,0.08794486982763014,0.0819726606431202,0.08186357182663334,0.09032879075236716,0.0979305942283643,0.09314155737598313,0.09622018403401933,0.07254503066688413,0.0814439926226366,0.07611256174755593,0.07657672067488674,1.2691551197413338,1.3535121058273494,1.2891991247675352,1.4639389818735395,1,1,1,1,0.3767123287671235,0.46976515615019826,1.8835616438356146,1.8835616438356162,1,1,1,2.4389429030870446,12.281089317046993,7.527623022528429,9.255713394289506,3.324493846544203,0.489761949060952,0.27440035101383764,1.0604058181449052,1,0.564820067765853,10.312860194042816,9.977221194601098,8.138184727945553,0.35911580079228306,43.16070664227778,11.487092158759737,10.047338226710673,7.962958437320769,2.34107344667296,0.4582903276252083,0.339507773462842,0.26135320586765626,0.5961658944380537,2.229102196735344,0.889673034582439,0.2668483221269253,1.773126153376877,0.12469608334406944,4.407048594333477,0.189902784113738,1.9584370551553199,8.624517087331855,3.3353351404552383,3.245997289733006,6.642705736433342,0.21815010354538553,0.31987108024207134,0.5361749531720806,0.3753225145307433,0.3791948091963401,42.432618939067936]},