{"season":2012,"week":9,"generated_at":"2025-11-07T00:28:45.636Z","feature_hash":"f480bf9b97f0e3b0c619655be67cfe1b286bda4f","logistic":{"weights":[-0.2847699512279642,-0.5930251393588797,-0.6630072852614767,-0.46254175592081775,1.2278274340751791,0.9380754050975308,0.06624294547561081,0.04424605908612012,0.014071952732734089,-0.6057420223733985,3.320579244514527,-3.0310463239755605,0,0,0,0,0.817122538738699,-0.6375378127024167,-0.6766314287415276,0.722577613378607,-3.6829524499711486,-0.23165338630807242,0,0,0,0,0,0,0,0,0,0,0,0,0,0,0,0,0,0,-0.2009548172973357,0.03389000010412648,0.10687122188878964,0.12769895761271424,-0.24643827764645418,0.02954440054562333,-0.00476719275007248,0,0,1.549699141748757,1.3945309094507365,-0.1547229951708387,-0.8219188927725296,0.4084012997089373,0.39160862258006257,-0.6182626959988042,0.07750839509721669,-1.7572251456694357,-0.864979369807334,-0.540318389999937,0.6076754811049799,-0.1842818988576309,0.5729063709833951,0.20434684815239942,0.2003796146607821,-0.2581879218680844,0.06998608139266475,-0.23906978933189213,0.7702610367864611,-0.05502492672916131,0.4626970347994179,-0.09536313532299262,-0.4361221918974578,-0.18106127236102687,-0.10009516340649698,-0.2273962819202138,0.07663950655239223,0.5941591742117047,-0.11386432942827969,0.1912239999216392,-0.20966198761775828,0,0,0,0,0.08644433938181745,0.06522114638172462,0.08644433938181917,-0.0864443393818173,0,0,0],"bias":1.0015814155685276,"scaler":{"mu":[114.54237288135593,1336.7881355932204,418.73728813559325,918.0508474576271,5.47457627118644,114.38983050847457,1335.8135593220338,412.00847457627117,923.8050847457627,4.398305084745763,1.9830508474576272,1.6864406779661016,1,0,0,0,45.52329492926366,62.30851605565255,0.4116372010660084,-0.016930159317354195,1449.9992694624614,-0.06645688853287901,0,0,0,0,0,0,0,0,0,0,0,0,0,0,0,0,0,0,315.4632768361582,312.8903954802259,313.1172316384181,312.40988700564964,2.3460451977401098,0.48050847457626916,7.340547739532878,0,0,0.02046635530001752,0.016822940542326997,0.02091903460601365,0.01550494318265265,0.440883532959778,0.442319607821515,0.44162718704080595,0.44082737770823216,0.019527934573941738,0.01661908424952117,0.020413247847056348,0.0168971194815797,0.4419493436419701,0.4417018605830197,0.44245586472866977,0.4417815771469874,0.8402187597015387,0.842786771046739,0.8413274639408365,0.8332345955030633,0.6042092416683003,0.6057197682875828,0.604022846101708,0.6110606779624339,0.22104999426351252,0.21682055079023668,0.22121843271456745,0.21841534081258349,8.44801919094803,8.393477683218013,8.439295578922827,8.466478876124274,0,0,0,0,0.15254237288135594,0.7457627118644068,65.76271186440678,4.237288135593221,0,0,0],"sd":[68.20465763555298,791.9254999596583,287.2843458827089,540.0236945124493,4.124568522696647,70.25945064584563,824.2584335266906,280.44182742994917,570.68151732068,3.469332545851285,1.4554575892222703,1.388201815435782,1,1,1,1,748.1576908387398,851.6874349135476,5.155383231884575,4.408001535215758,2.209476933702605,3.181642168464617,1,1,1,1,1,1,1,1,1,1,1,1,1,1,1,1,1,1,135.23209478966922,132.81965753783896,135.7941441324334,133.35127243793306,77.96862797071894,69.7268032863973,3.176901761943825,1,1,0.07899174643332935,0.08856455283870092,0.07998009290223325,0.10141450843583141,0.04020441858578047,0.04302233521562002,0.039932641483434866,0.04792651791628684,0.08869532741738412,0.0932094873828539,0.08938008059594588,0.10523990556566548,0.03654726318766199,0.0386803301462727,0.03748689650619011,0.04448780046433551,0.08321802920646129,0.08697902984634207,0.08467070829744149,0.09026313498615544,0.0846070714854721,0.08460961547612753,0.08434098305745542,0.09096691735734432,0.06361921996302826,0.06768650813277681,0.06456446411063112,0.06937417378168953,1.1814484058966488,1.2610626177454174,1.1931266366034783,1.2320567536112255,1,1,1,1,0.35954582094231247,0.43543161283610554,1.7977291047115602,1.7977291047115613,1,1,1]},"features":["off_1st_down_s2d","off_total_yds_s2d","off_rush_yds_s2d","off_pass_yds_s2d","off_turnovers_s2d","def_1st_down_s2d","def_total_yds_s2d","def_rush_yds_s2d","def_pass_yds_s2d","def_turnovers_s2d","wins_s2d","losses_s2d","home","sim_winrate_same_loc_s2d","sim_pointdiff_same_loc_s2d","sim_count_same_loc_s2d","off_total_yds_s2d_minus_opp","def_total_yds_s2d_minus_opp","off_turnovers_s2d_minus_opp","def_turnovers_s2d_minus_opp","elo_pre","elo_diff","rest_days","rest_diff","off_third_down_att_s2d","off_third_down_conv_s2d","off_third_down_pct_s2d","off_red_zone_att_s2d","off_red_zone_td_s2d","off_red_zone_td_pct_s2d","off_dropbacks_s2d","off_sacks_taken_s2d","off_sack_rate_s2d","off_pass_att_s2d","off_rush_att_s2d","off_neutral_pass_rate_s2d","off_third_down_pct_s2d_minus_opp","off_red_zone_td_pct_s2d_minus_opp","off_sack_rate_s2d_minus_opp","off_neutral_pass_rate_s2d_minus_opp","off_yds_for_3g","off_yds_for_5g","def_yds_against_3g","def_yds_against_5g","net_yds_3g","net_yds_5g","qb_ypa_3g","qb_sack_rate_3g","qb_qbr","off_epa_per_play_s2d","off_epa_per_play_w3","off_epa_per_play_w5","off_epa_per_play_exp","off_success_rate_s2d","off_success_rate_w3","off_success_rate_w5","off_success_rate_exp","def_epa_per_play_allowed_s2d","def_epa_per_play_allowed_w3","def_epa_per_play_allowed_w5","def_epa_per_play_allowed_exp","def_success_rate_allowed_s2d","def_success_rate_allowed_w3","def_success_rate_allowed_w5","def_success_rate_allowed_exp","rb_rush_share_s2d","rb_rush_share_w3","rb_rush_share_w5","rb_rush_share_exp","wr_target_share_s2d","wr_target_share_w3","wr_target_share_w5","wr_target_share_exp","te_target_share_s2d","te_target_share_w3","te_target_share_w5","te_target_share_exp","qb_aypa_s2d","qb_aypa_w3","qb_aypa_w5","qb_aypa_exp","qb_sack_rate_s2d","qb_sack_rate_w3","qb_sack_rate_w5","qb_sack_rate_exp","roof_dome","roof_outdoor","weather_temp_f","weather_wind_mph","weather_precip_pct","weather_impact_score","weather_extreme_flag"]},"decision_tree":{"params":{"depth":6,"minSamples":8},"alpha":2},"bt":{"coefficients":[0.057462198753470244,-0.07680481424757299,-0.02300101557796978,0.004043521750317314,0.04950535769787737,0.004153584858880694,0.003925487789172022,-0.00047359554913343436,0.0018008114064459178,-0.0038272413109771294],"intercept":0.09668406459911252,"scaler":{"mu":[-2.2944456886233584,-13.516477291184087,0.11799560070831772,0,-0.0066711238618802965,0,0,0,0,0],"sd":[65.07293597054162,567.651746716216,15.563055773922986,1,0.09500805463926232,1,1,1,1,1]},"features":["diff_total_yards","diff_turnovers","diff_penalty_yards","diff_possession_seconds","diff_r_ratio","diff_elo_pre","diff_inj_out","diff_inj_skill_out","diff_inj_practice_dnp","diff_inj_out_trend"],"hyperparams":{"steps":1200,"learningRate":0.001,"l2":0.00001}},"ann":{"seeds":[1],"architecture":[92,128,64,32,1],"committee_size":1,"max_epochs":15,"dropout":0.5},"ensemble":{"weights":{"logistic":0.9,"tree":0,"bt":0,"ann":0.09999999999999998},"calibration":{"type":"platt","beta":-0.06080347047262129,"source":"platt"},"calibration_beta":-0.06080347047262129,"calibration_hash":"e70574042be347a6e97589ae6df8599a831e686a954e9812c592bab43cd6b069","oof_variance":{"ann":{"mean":0.5756434612558652,"var":0.02521572167501728}}},"pca":[{"component":1,"explained_variance":0.20012482100090612,"top_loadings":[{"feature":"off_total_yds_s2d","loading":0.2764133329853236},{"feature":"off_pass_yds_s2d","loading":0.2735356596126944},{"feature":"def_total_yds_s2d","loading":0.27318632975730933},{"feature":"off_1st_down_s2d","loading":0.27293148449606147},{"feature":"def_1st_down_s2d","loading":0.27051689120200173},{"feature":"def_pass_yds_s2d","loading":0.26990059888525075},{"feature":"def_rush_yds_s2d","loading":0.25370271468097183},{"feature":"off_rush_yds_s2d","loading":0.2477790052091223},{"feature":"off_turnovers_s2d","loading":0.21560492188029817},{"feature":"def_turnovers_s2d","loading":0.21173955638064768}]},{"component":2,"explained_variance":0.1731581150215008,"top_loadings":[{"feature":"te_target_share_s2d",