{"season":2003,"week":12,"generated_at":"2025-11-07T00:12:08.561Z","feature_hash":"62bdefb46467c8867ea388c8fab572ea52801872","logistic":{"weights":[-0.6173798725998516,-0.20337222459282633,-0.4759054445621613,-0.061040089942628016,1.1079733177141804,0.6328745852289424,0.14353314394749783,0.16525611527780132,0.1361933824203766,-0.5576572084670087,2.8067146862484798,-2.6348112054053914,0,0,0,0,0.874906133632318,-0.9013143231354904,-0.7196976940439153,0.39095661232802975,-3.109530965269114,0.489247222803941,0,0,0,0,0,0,0,0,0,0,0,0,0,0,0,0,0,0,0.07210782298483184,0.25678596054852865,0.24809602593257438,0.2669755252082123,-0.07614657914453873,-0.07839035471075609,-0.976093860297954,0,0,0.8029998097580842,0.4259095342307853,0.40865821412304715,-0.07146256693509563,0.2318895304976525,0.028189571339058167,-0.3044096364670029,-0.36729570682478435,-0.6130331949884631,-0.58912225770286,-0.4590151558571573,0.16761958725067072,-0.050004580322523355,0.00009315274333293616,0.43606507182470283,0.24651515369378812,-0.3894519331140381,0.15246144224661604,-0.15360964398766158,-0.049230904500719215,-0.28567750870036523,-0.35154690913464326,0.050142978510847536,-0.09266033728603681,-0.11407562662885562,0.04919453989504959,-0.350010019710988,-0.3396264569116224,0.10852278206024699,0.5335382333431367,-0.08978138450331812,0.3381660667877756,0,0,0,0,0.04966608089833447,0.015171250095352305,0.0496660808983351,-0.049666080898334644,0,0,0],"bias":1.0578401340269816,"scaler":{"mu":[94.86875,1140.30625,399.45,740.85625,5.5875,92.075,1103.73125,374.5625,729.16875,4.53125,1.86875,1.55,1,0,0,0,-79.20639647963046,-107.86568085739006,-0.34227772704117937,-0.23055268116238353,1449.9980403158047,-0.06602827322612939,0,0,0,0,0,0,0,0,0,0,0,0,0,0,0,0,0,0,296.93125000000003,296.0854166666667,298.47812499999986,296.37906250000015,-1.546875000000003,-0.29364583333333344,6.038739552814883,0,0,-0.011710829858742234,-0.012905328076033498,-0.011335966445790827,-0.019010096049249556,0.4389394590177962,0.4415918217523201,0.44071658309632056,0.43601137238497456,-0.014758451654284743,-0.014253365351935823,-0.013952261814089442,-0.023194590116392654,0.4374868331464274,0.4401876710959941,0.4396184619012118,0.4348126189344554,0.8359933584868152,0.8481819081363599,0.84261725431897,0.8275213172326982,0.0375,0.01875,0.03125,0.005625000000000001,0,0,0,0,6.60696430148616,6.69736948691456,6.676375335486678,6.673869109438257,0,0,0,0,0.1875,0.8,65.9375,4.0625,0,0,0],"sd":[60.42713813707793,721.5207030716009,273.85803347720145,479.8904021606782,3.8913164546204655,59.452559869193166,708.198160138416,261.48273574702785,466.4964793794671,3.558303449328064,1.5456466082193572,1.3865424623862046,1,1,1,1,886.9821205830764,877.215284452671,5.388985427303507,4.499384049260232,3.239999010695947,4.62374139934986,1,1,1,1,1,1,1,1,1,1,1,1,1,1,1,1,1,1,111.27135155202926,108.45971529965372,111.20299743954715,107.48998650466872,75.12900287883312,69.89054008451448,2.4152993066795587,1,1,0.07306416005394782,0.09253072558044886,0.08138514479293309,0.08043871645485372,0.029453584346681508,0.036101566319279646,0.032070630808951,0.03313678665990808,0.07676542850851156,0.09192363851640778,0.08090121235458828,0.08479637289952041,0.03141425477739225,0.0375185355885847,0.0328185818144229,0.034008929502047,0.08263314944414236,0.08451552182884536,0.08390556292665648,0.08971531779410641,0.1899835519196332,0.13564084008881702,0.17399263633843817,0.028497532787944976,1,1,1,1,1.0322442240521965,1.2628387384294637,1.1663860586613966,1.133378592525991,1,1,1,1,0.3903123748998999,0.3999999999999995,1.9515618744994994,1.9515618744994994,1,1,1]},"features":["off_1st_down_s2d","off_total_yds_s2d","off_rush_yds_s2d","off_pass_yds_s2d","off_turnovers_s2d","def_1st_down_s2d","def_total_yds_s2d","def_rush_yds_s2d","def_pass_yds_s2d","def_turnovers_s2d","wins_s2d","losses_s2d","home","sim_winrate_same_loc_s2d","sim_pointdiff_same_loc_s2d","sim_count_same_loc_s2d","off_total_yds_s2d_minus_opp","def_total_yds_s2d_minus_opp","off_turnovers_s2d_minus_opp","def_turnovers_s2d_minus_opp","elo_pre","elo_diff","rest_days","rest_diff","off_third_down_att_s2d","off_third_down_conv_s2d","off_third_down_pct_s2d","off_red_zone_att_s2d","off_red_zone_td_s2d","off_red_zone_td_pct_s2d","off_dropbacks_s2d","off_sacks_taken_s2d","off_sack_rate_s2d","off_pass_att_s2d","off_rush_att_s2d","off_neutral_pass_rate_s2d","off_third_down_pct_s2d_minus_opp","off_red_zone_td_pct_s2d_minus_opp","off_sack_rate_s2d_minus_opp","off_neutral_pass_rate_s2d_minus_opp","off_yds_for_3g","off_yds_for_5g","def_yds_against_3g","def_yds_against_5g","net_yds_3g","net_yds_5g","qb_ypa_3g","qb_sack_rate_3g","qb_qbr","off_epa_per_play_s2d","off_epa_per_play_w3","off_epa_per_play_w5","off_epa_per_play_exp","off_success_rate_s2d","off_success_rate_w3","off_success_rate_w5","off_success_rate_exp","def_epa_per_play_allowed_s2d","def_epa_per_play_allowed_w3","def_epa_per_play_allowed_w5","def_epa_per_play_allowed_exp","def_success_rate_allowed_s2d","def_success_rate_allowed_w3","def_success_rate_allowed_w5","def_success_rate_allowed_exp","rb_rush_share_s2d","rb_rush_share_w3","rb_rush_share_w5","rb_rush_share_exp","wr_target_share_s2d","wr_target_share_w3","wr_target_share_w5","wr_target_share_exp","te_target_share_s2d","te_target_share_w3","te_target_share_w5","te_target_share_exp","qb_aypa_s2d","qb_aypa_w3","qb_aypa_w5","qb_aypa_exp","qb_sack_rate_s2d","qb_sack_rate_w3","qb_sack_rate_w5","qb_sack_rate_exp","roof_dome","roof_outdoor","weather_temp_f","weather_wind_mph","weather_precip_pct","weather_impact_score","weather_extreme_flag"]},"decision_tree":{"params":{"depth":6,"minSamples":8},"alpha":2},"bt":{"coefficients":[0.0871287077520452,-0.04387286175720795,-0.18181363845715348,0.001685930495505527,-0.04210028350965926,-0.0030928538129951014,-0.003132695562438175,0.0015744030699558775,-0.0004164393750336309,0.0015015926965106189],"intercept":0.29782617779259674,"scaler":{"mu":[0.316595636609906,-8.506650518760136,0.3550949409369011,0,0.0043618533009845495,0,0,0,0,0],"sd":[47.1299038578016,542.1612356121102,20.769328392676126,1,0.10963840878542161,1,1,1,1,1]},"features":["diff_total_yards","diff_turnovers","diff_penalty_yards","diff_possession_seconds","diff_r_ratio","diff_elo_pre","diff_inj_out","diff_inj_skill_out","diff_inj_practice_dnp","diff_inj_out_trend"],"hyperparams":{"steps":1200,"learningRate":0.001,"l2":0.00001}},"ann":{"seeds":[1],"architecture":[92,128,64,32,1],"committee_size":1,"max_epochs":15,"dropout":0.5},"ensemble":{"weights":{"logistic":0.9,"tree":0,"bt":0,"ann":0.09999999999999998},"calibration":{"type":"platt","beta":0.4262316430951018,"source":"platt"},"calibration_beta":0.4262316430951018,"calibration_hash":"9506cd706c4749bdbd5b9fbf004dfedf37c87443f999d9b2579874e8070ab79b","oof_variance":{"ann":{"mean":0.4523985774623919,"var":0.021736367716315003}}},"pca":[{"component":1,"explained_variance":0.21613898694696107,"top_loadings":[{"feature":"off_total_yds_s2d","loading":0.27049975239812063},{"feature":"off_1st_down_s2d","loading":0.2703275988947252},{"feature":"off_pass_yds_s2d","loading":0.2684427625987636},{"feature":"def_total_yds_s2d","loading":0.2618859779769668},{"feature":"def_1st_down_s2d","loading":0.26157726287694644},{"feature":"def_pass_yds_s2d","loading":0.2573118621508623},{"feature":"def_rush_yds_s2d","loading":0.25023483782381667},{"feature":"off_rush_yds_s2d","loading":0.24227175441200052},{"feature":"def_turnovers_s2d","loading":0.21889252932462666},{"feature":"off_turnovers_s2d","loading":0.2164629649188164}]},{"component":2,"explained_variance":0.15195728390960497,"top_loadings":[{"feature":"off_epa_per_play_s2d","loading":0.2794268912691716},{"feature":"off_epa_per_play_w5","loading":0.27574968503743164},{"feature":"qb_aypa_w5","loading":0.25148471716421605},{"feature":"off_epa_per_play_w3","loading":0.25063411688831827},{"feature":"off_epa_per_play_exp","loading":0.24338186502118553},{"feature":"qb_aypa_s2d",