{"season":2011,"week":9,"generated_at":"2025-11-07T00:26:50.453Z","feature_hash":"c27ff616793b8b3c91f335f989e93ea8dd2fa9c8","logistic":{"weights":[-0.3229328370005265,-0.5352422388271109,-0.17542712500059104,-0.6270063954063678,1.1792250807446256,0.7544616030071943,-0.04220586469582243,0.16239924503222172,-0.1977214918736958,-0.49273185511883505,3.223118996580161,-2.925310091059995,0,0,0,0,0.867403344178221,-0.7178870394524157,-0.8476099454470568,0.876781751163502,-4.198328251817272,0.16256720964297278,0,0,0,0,0,0,0,0,0,0,0,0,0,0,0,0,0,0,-0.24500000577089792,0.1502704756218946,0.04859107696773588,0.20106002859185657,-0.1995095365264605,0.14053135676277714,-0.09901830794505465,0,0,1.6481766426277873,1.277832148842613,-0.09075096930080293,-0.7708985723116207,0.43359884343290006,0.057422307699602826,-0.7467847743023023,0.22020101269582945,-1.6328858699045792,-0.3856650695067003,-0.13956810355562832,0.43659657909334143,-0.5774554683632713,0.44372370679336387,0.14572524931902076,-0.39488624767206076,-0.38913091263701205,-0.01691547737331941,-0.13355578210738217,0.2703573520196221,-0.1307332519558177,0.07360092962741868,-0.2839965862777202,-0.6203242957331626,-0.3034643473094754,-0.0995315126435138,-0.30720192499719967,0.17028147826317921,0.7265962936160367,-0.5114034983305178,-0.132841281081159,0.006616962910025799,0,0,0,0,0.05426152857034984,0.12484293346578046,0.05426152857035193,-0.05426152857034971,0,0,0],"bias":1.0137828090694323,"scaler":{"mu":[106.60344827586206,1273.4310344827586,388.62068965517244,884.8103448275862,4.887931034482759,104.95689655172414,1255.3706896551723,381.91379310344826,873.4568965517242,3.6982758620689653,1.8189655172413792,1.6206896551724137,1,0,0,0,38.43309765362032,1.609508122419669,-0.29577234324886015,0.15320992829638957,1449.9245219348418,0.02041245947141933,0,0,0,0,0,0,0,0,0,0,0,0,0,0,0,0,0,0,317.41810344827593,317.9168103448277,319.57183908045994,318.7574712643679,-2.153735632183909,-0.8406609195402297,7.463722384230475,0,0,-0.0011569393537003976,-0.001097547593028642,-0.00039093328067578507,-0.00852602732495535,0.43100174705492256,0.430394943614341,0.43105155599192424,0.42893879559764414,-0.007096252348552358,-0.004095706789012338,-0.007609506952894797,-0.013657467657627454,0.4319400612639258,0.43264106650174555,0.4323351415293217,0.42810413721343055,0.8421945358640943,0.8429841747011058,0.8426389835665781,0.8399760876239214,0.5860042713213088,0.5889517796087043,0.5856440681340813,0.5847210192070659,0.21517376239775207,0.21729080906049988,0.21630689705332923,0.21645393024825849,8.465442035863251,8.569463978628212,8.485701156610741,8.474471047177618,0,0,0,0,0.16379310344827586,0.7586206896551724,65.81896551724138,4.181034482758621,0,0,0],"sd":[66.0246661470812,801.6911244593274,265.58506187129495,570.3138112839812,3.263622780043088,62.3194484838732,748.4818834351029,243.43056678287766,528.6321058302328,3.2489250943547012,1.506303639371343,1.3623962941474772,1,1,1,1,932.2236785419035,792.6357381243301,4.4752929152950545,4.042301782681448,2.4252929003663404,3.8972083729427465,1,1,1,1,1,1,1,1,1,1,1,1,1,1,1,1,1,1,142.99663155426674,142.67833712766543,139.16964898748498,137.52963507434362,73.99120129574067,67.06165921329847,3.3039870622942846,1,1,0.09596704984662942,0.10297988836105489,0.0979305474399626,0.10618171733980793,0.048085344875625415,0.0520010079988985,0.04860180021201561,0.05102247089520129,0.08983900012714106,0.09814283581430425,0.09178260598449044,0.10475760666145581,0.041461468127033003,0.04649481257797917,0.04233134535129398,0.04617534183083807,0.10235286038958649,0.10273111227762716,0.10186353437409204,0.10979245903663606,0.09727501184615893,0.10208018937918255,0.09844290139334474,0.09460623090857467,0.07593987222300158,0.0832022031106089,0.07836154747640069,0.06837558255453505,1.276387040349397,1.4763847930060168,1.2983073278620385,1.5377422234572873,1,1,1,1,0.3700877229942356,0.4279197808962363,1.8504386149711811,1.8504386149711798,1,1,1]},"features":["off_1st_down_s2d","off_total_yds_s2d","off_rush_yds_s2d","off_pass_yds_s2d","off_turnovers_s2d","def_1st_down_s2d","def_total_yds_s2d","def_rush_yds_s2d","def_pass_yds_s2d","def_turnovers_s2d","wins_s2d","losses_s2d","home","sim_winrate_same_loc_s2d","sim_pointdiff_same_loc_s2d","sim_count_same_loc_s2d","off_total_yds_s2d_minus_opp","def_total_yds_s2d_minus_opp","off_turnovers_s2d_minus_opp","def_turnovers_s2d_minus_opp","elo_pre","elo_diff","rest_days","rest_diff","off_third_down_att_s2d","off_third_down_conv_s2d","off_third_down_pct_s2d","off_red_zone_att_s2d","off_red_zone_td_s2d","off_red_zone_td_pct_s2d","off_dropbacks_s2d","off_sacks_taken_s2d","off_sack_rate_s2d","off_pass_att_s2d","off_rush_att_s2d","off_neutral_pass_rate_s2d","off_third_down_pct_s2d_minus_opp","off_red_zone_td_pct_s2d_minus_opp","off_sack_rate_s2d_minus_opp","off_neutral_pass_rate_s2d_minus_opp","off_yds_for_3g","off_yds_for_5g","def_yds_against_3g","def_yds_against_5g","net_yds_3g","net_yds_5g","qb_ypa_3g","qb_sack_rate_3g","qb_qbr","off_epa_per_play_s2d","off_epa_per_play_w3","off_epa_per_play_w5","off_epa_per_play_exp","off_success_rate_s2d","off_success_rate_w3","off_success_rate_w5","off_success_rate_exp","def_epa_per_play_allowed_s2d","def_epa_per_play_allowed_w3","def_epa_per_play_allowed_w5","def_epa_per_play_allowed_exp","def_success_rate_allowed_s2d","def_success_rate_allowed_w3","def_success_rate_allowed_w5","def_success_rate_allowed_exp","rb_rush_share_s2d","rb_rush_share_w3","rb_rush_share_w5","rb_rush_share_exp","wr_target_share_s2d","wr_target_share_w3","wr_target_share_w5","wr_target_share_exp","te_target_share_s2d","te_target_share_w3","te_target_share_w5","te_target_share_exp","qb_aypa_s2d","qb_aypa_w3","qb_aypa_w5","qb_aypa_exp","qb_sack_rate_s2d","qb_sack_rate_w3","qb_sack_rate_w5","qb_sack_rate_exp","roof_dome","roof_outdoor","weather_temp_f","weather_wind_mph","weather_precip_pct","weather_impact_score","weather_extreme_flag"]},"decision_tree":{"params":{"depth":6,"minSamples":8},"alpha":2},"bt":{"coefficients":[0.09126713922270867,-0.04354834220470993,-0.04516058543961625,-0.001827952463478491,0.07676236181135682,-0.00045144046290981064,0.0020420119718760872,-0.002153016081308064,-0.00009863555406787743,-0.0020207049641280768],"intercept":0.12519718208944022,"scaler":{"mu":[-2.779034261617526,-6.782634474539974,1.9498291144951636,0,0.002962117744024265,0,0,0,0,0],"sd":[63.26961301558972,432.94411111494173,15.531208195422392,1,0.08951541711965516,1,1,1,1,1]},"features":["diff_total_yards","diff_turnovers","diff_penalty_yards","diff_possession_seconds","diff_r_ratio","diff_elo_pre","diff_inj_out","diff_inj_skill_out","diff_inj_practice_dnp","diff_inj_out_trend"],"hyperparams":{"steps":1200,"learningRate":0.001,"l2":0.00001}},"ann":{"seeds":[1],"architecture":[92,128,64,32,1],"committee_size":1,"max_epochs":15,"dropout":0.5},"ensemble":{"weights":{"logistic":0.9,"tree":0,"bt":0,"ann":0.09999999999999998},"calibration":{"type":"platt","beta":0.3405328576391089,"source":"platt"},"calibration_beta":0.3405328576391089,"calibration_hash":"e5ea1940df0e60a87e1b3ae258256355b9eac6d054a9926b3b86a8613b4bd03f","oof_variance":{"ann":{"mean":0.544615874824935,"var":0.01720810204770254}}},"pca":[{"component":1,"explained_variance":0.2131997051277158,"top_loadings":[{"feature":"off_1st_down_s2d","loading":0.25838663114348326},{"feature":"off_total_yds_s2d","loading":0.2582740437707753},{"feature":"off_pass_yds_s2d","loading":0.25395532872234167},{"feature":"def_total_yds_s2d","loading":0.24607600209879157},{"feature":"def_pass_yds_s2d","loading":0.24531143937328895},{"feature":"def_1st_down_s2d","loading":0.2443774287857257},{"feature":"off_rush_yds_s2d","loading":0.234281915975715},{"feature":"def_rush_yds_s2d","loading":0.22389927222060776},{"feature":"wins_s2d","loading":0.2082699855931073},{"feature":"off_turnovers_s2d","loading":0.20491661816616066}]},{"component":2,"explained_variance":0.15725111036200703,"top_loadings":[{"feature":"te_target_share_exp",