{"season":2001,"week":17,"generated_at":"2025-11-07T00:08:48.678Z","feature_hash":"3b7cb58d313f48d483a1bbc29d4b9d443876cece","logistic":{"weights":[-0.7710402468761234,-0.33712851762334006,-0.2689457546268158,-0.37578170874842926,0.8423243356740974,0.5300491727146059,0.1260591122807975,0.4750280683119705,-0.05158850859609768,0.07520907311738147,2.707394954517427,-2.6058717662364024,0,0,0,0,0.9377349412166293,-0.7665537127099411,-0.5522229977491373,0.18491376855775626,-3.330341120329436,0.4440984169710377,0,0,0,0,0,0,0,0,0,0,0,0,0,0,0,0,0,0,-0.1258156325394193,-0.08732463868889033,-0.18844507730225388,0.054960184156567934,0.0191383628968849,-0.3529069481052529,-0.43340810875681945,0,0,0.21305811652791876,0.711458842270855,0.23562336326562686,0.2550832773897419,0.13516015485656946,0.31765348905323815,-0.09910475279066694,0.17023259125477755,-0.24756217682804516,-0.3133148899106949,-0.3357550324349437,-0.14965748279089705,-0.15611939966327418,0.2073714965279552,0.053554930836065724,-0.31533351876458815,-0.3308620922163846,0.3335107719210274,-0.026496353331314434,0.006498174350167317,-0.014602375584679668,-0.024341698516028562,0.046610934483957533,-0.0012327021593385265,-0.17278010609667602,-0.2914795029373853,-0.028642924497033654,-0.09719048704731101,-0.12985135442647458,0.4196105552790508,-0.4126193951787603,0.43263416263835996,0,0,0,0,0.035066113627708666,-0.03506611362770871,0.035066113627709596,-0.035066113627708756,0,0,0],"bias":0.3996762342076639,"scaler":{"mu":[151.70815450643778,1804.3218884120172,599.5536480686695,1204.7682403433475,8.931330472103005,152.06437768240343,1807.656652360515,592.7167381974249,1214.9399141630902,7.218884120171674,2.742489270386266,2.6909871244635193,1,0,0,0,-77.58931077306042,-86.33123553811801,-0.5503552221437263,-0.27082789636435967,1449.9472473774804,-0.09421291573121984,0,0,0,0,0,0,0,0,0,0,0,0,0,0,0,0,0,0,307.8991416309017,306.8942060085839,309.8826895565095,309.6522889842633,-1.9835479256080095,-2.758082975679539,2.9321553552760835,0,0,-0.010316364638554584,-0.009382438302984046,-0.0062289712856945885,-0.01699370880749127,0.44885166304169744,0.44855765236312134,0.44942780894389556,0.4449423929590655,-0.005827569994961552,-0.002263105164708861,-0.004784992593461437,-0.010163204688813515,0.4488567129780661,0.4487757705271647,0.44830391913079354,0.44502339172290206,0.787542608591488,0.7901508344213144,0.789656934870061,0.7724247160294921,0.6001568770063952,0.6045377020703626,0.6049198630698098,0.5876919044431463,0.15629386132294376,0.15428964134744386,0.15315690536770468,0.15400013083430064,3.0846649401015704,3.078607851705434,3.0742444987817446,3.2345409453184573,0,0,0,0,0.1888412017167382,0.8111587982832618,65.94420600858369,4.055793991416309,0,0,0],"sd":[106.10024724614387,1238.141478701265,424.51883178275347,848.984092433961,6.675463137572451,103.93535532855824,1228.0670085102718,407.07131170098626,844.180998732767,5.930150252448481,2.342506412542628,2.319677971731871,1,1,1,1,1413.740808533947,1501.7680588636608,8.389311485260679,7.542982415999918,4.399374401338125,6.51263233552991,1,1,1,1,1,1,1,1,1,1,1,1,1,1,1,1,1,1,108.68082580295686,104.43310080012537,105.95250045069875,102.19370703364488,116.28608204201659,107.02075991233842,2.235077423771049,1,1,0.08374519591246152,0.09969049317529549,0.09008368780575206,0.0956707311411013,0.03399509543391895,0.04139560050668796,0.037078448676601414,0.03622195488842487,0.07961240572334274,0.09692403283660264,0.08823138643129069,0.09129820543222857,0.02931329033608629,0.03852956944593133,0.03266217678310368,0.031757652465520106,0.13401228587822822,0.14302402389665114,0.13789278112877834,0.14918698892435395,0.10818397962167263,0.11437626332319649,0.11158011172345594,0.12118207932161744,0.07187778367025661,0.07378259237550326,0.07176430843713014,0.07625082071845139,1.638690032992862,2.197937521756964,1.9116898469184893,1.9017317728397318,1,1,1,1,0.39138242455546773,0.39138242455546773,1.9569121227773385,1.9569121227773385,1,1,1]},"features":["off_1st_down_s2d","off_total_yds_s2d","off_rush_yds_s2d","off_pass_yds_s2d","off_turnovers_s2d","def_1st_down_s2d","def_total_yds_s2d","def_rush_yds_s2d","def_pass_yds_s2d","def_turnovers_s2d","wins_s2d","losses_s2d","home","sim_winrate_same_loc_s2d","sim_pointdiff_same_loc_s2d","sim_count_same_loc_s2d","off_total_yds_s2d_minus_opp","def_total_yds_s2d_minus_opp","off_turnovers_s2d_minus_opp","def_turnovers_s2d_minus_opp","elo_pre","elo_diff","rest_days","rest_diff","off_third_down_att_s2d","off_third_down_conv_s2d","off_third_down_pct_s2d","off_red_zone_att_s2d","off_red_zone_td_s2d","off_red_zone_td_pct_s2d","off_dropbacks_s2d","off_sacks_taken_s2d","off_sack_rate_s2d","off_pass_att_s2d","off_rush_att_s2d","off_neutral_pass_rate_s2d","off_third_down_pct_s2d_minus_opp","off_red_zone_td_pct_s2d_minus_opp","off_sack_rate_s2d_minus_opp","off_neutral_pass_rate_s2d_minus_opp","off_yds_for_3g","off_yds_for_5g","def_yds_against_3g","def_yds_against_5g","net_yds_3g","net_yds_5g","qb_ypa_3g","qb_sack_rate_3g","qb_qbr","off_epa_per_play_s2d","off_epa_per_play_w3","off_epa_per_play_w5","off_epa_per_play_exp","off_success_rate_s2d","off_success_rate_w3","off_success_rate_w5","off_success_rate_exp","def_epa_per_play_allowed_s2d","def_epa_per_play_allowed_w3","def_epa_per_play_allowed_w5","def_epa_per_play_allowed_exp","def_success_rate_allowed_s2d","def_success_rate_allowed_w3","def_success_rate_allowed_w5","def_success_rate_allowed_exp","rb_rush_share_s2d","rb_rush_share_w3","rb_rush_share_w5","rb_rush_share_exp","wr_target_share_s2d","wr_target_share_w3","wr_target_share_w5","wr_target_share_exp","te_target_share_s2d","te_target_share_w3","te_target_share_w5","te_target_share_exp","qb_aypa_s2d","qb_aypa_w3","qb_aypa_w5","qb_aypa_exp","qb_sack_rate_s2d","qb_sack_rate_w3","qb_sack_rate_w5","qb_sack_rate_exp","roof_dome","roof_outdoor","weather_temp_f","weather_wind_mph","weather_precip_pct","weather_impact_score","weather_extreme_flag"]},"decision_tree":{"params":{"depth":6,"minSamples":12},"alpha":2},"bt":{"coefficients":[0.14091655991317684,-0.14622446536965586,-0.04523339769254641,0.0038378839576437853,-0.09290531379227977,-0.00026331229318515777,0.0032703716305514476,0.00492979297668835,0.002932576965785505,-0.001783901072492137],"intercept":0.07631658320467095,"scaler":{"mu":[0.18098566071306796,13.113147769997681,0.8233910349694509,0,0.0024256534284105877,0,0,0,0,0],"sd":[76.53255577682741,688.2002157024498,17.90850846633305,1,0.08856234256723064,1,1,1,1,1]},"features":["diff_total_yards","diff_turnovers","diff_penalty_yards","diff_possession_seconds","diff_r_ratio","diff_elo_pre","diff_inj_out","diff_inj_skill_out","diff_inj_practice_dnp","diff_inj_out_trend"],"hyperparams":{"steps":1200,"learningRate":0.001,"l2":0.00001}},"ann":{"seeds":[1],"architecture":[92,128,64,32,1],"committee_size":1,"max_epochs":15,"dropout":0.5},"ensemble":{"weights":{"logistic":0.9,"tree":0,"bt":0,"ann":0.09999999999999998},"calibration":{"type":"platt","beta":0.04595728425937577,"source":"platt"},"calibration_beta":0.04595728425937577,"calibration_hash":"e5bbb6a4824ebfbf1eedd7767bebca7600ade7f8206537960309122f93da284b","oof_variance":{"ann":{"mean":0.49712472484750464,"var":0.03704585171626424}}},"pca":[{"component":1,"explained_variance":0.2120271063533265,"top_loadings":[{"feature":"off_total_yds_s2d","loading":0.24144479768576332},{"feature":"off_1st_down_s2d","loading":0.23940692022277016},{"feature":"off_pass_yds_s2d","loading":0.23616860340078885},{"feature":"off_rush_yds_s2d","loading":0.23188472228280263},{"feature":"def_pass_yds_s2d","loading":0.21445112089592389},{"feature":"def_total_yds_s2d","loading":0.21285607797385028},{"feature":"def_1st_down_s2d","loading":0.21148755052420334},{"feature":"off_turnovers_s2d","loading":0.20261559039660174},{"feature":"wins_s2d","loading":0.1994448845769226},{"feature":"def_turnovers_s2d","loading":0.19768796939877167}]},{"component":2,"explained_variance":0.15759912273553417,