{"season":2017,"week":2,"generated_at":"2025-11-07T00:37:45.376Z","feature_hash":"5e9722b0f2124a1ede88aadf3304f92cca7ddfc5","logistic":{"weights":[-0.26054142407352915,-0.5436228419436224,-0.37715594914651385,-0.5225081612862768,1.7167820429988399,0.7408657263607171,0.12678789077879055,0.15703219252681988,0.03382654279006692,-1.420412739215442,2.736962376371192,-2.1128108487443584,0,0,0,0,1.1790672098984178,-0.4651188097710974,-2.043658965283099,0.909209115471594,-3.0717180084826006,0.04421745255453762,0,0,0,0,0,0,0,0,0,0,0,0,0,0,0,0,0,0,-0.3486729619748419,-0.026634299616709108,0.09954322635871474,0.09860577205196684,-0.44800366015916065,0.032927721964936305,0.3261101737072668,0,0,1.7289488373813413,1.0801013415373646,0.042814140112252576,-0.30900679811448534,0.1105755649969395,0.12429127978651539,0.1469861865122349,0.016615220917762248,-2.2015664349010406,-1.0133535585373692,0.3449362987602518,0.14332763575421484,-0.24555431691535115,0.1742589334879853,-0.29370324514464496,-0.14410284344029123,-0.14289977443937177,0.5114865645925769,-0.36073368864722705,0.5622969886912372,0.08545395958914961,0.2869092997631535,0.22864291975210152,0.00420018904139518,0.16336095898263264,0.47701529493129674,0.24257700234411492,-0.2180465175723073,-0.19879106486466086,-0.7887630924258601,-0.1869181224604798,0.27390634276910536,0,0,0,0,0.007937867364655704,0.061227558077720685,0.007937867364656655,-0.007937867364655399,0,0,0],"bias":0.9508310697029141,"scaler":{"mu":[30.666666666666668,347.06666666666666,100.2,246.86666666666667,1.3333333333333333,26.933333333333334,314.6,85.73333333333333,228.86666666666667,1.0666666666666667,0.4666666666666667,0.5333333333333333,1,0,0,0,33.58620689655172,-33.58620689655172,0.0689655172413793,-0.13793103448275865,1450,0,0,0,0,0,0,0,0,0,0,0,0,0,0,0,0,0,0,0,0,0,0,0,0,0,0,0,0,-0.06669357370261361,-0.06669357370261361,-0.06669357370261361,-0.06669357370261361,0.400378671087835,0.400378671087835,0.400378671087835,0.400378671087835,-0.03822617121143149,-0.03822617121143149,-0.03822617121143149,-0.03822617121143149,0.41108885624136904,0.41108885624136904,0.41108885624136904,0.41108885624136904,0.7883606323455968,0.7883606323455968,0.7883606323455968,0.7883606323455968,0.5745409216935672,0.5745409216935672,0.5745409216935672,0.5745409216935672,0.21640296760755867,0.21640296760755867,0.21640296760755867,0.21640296760755867,8.396696253050502,8.396696253050502,8.396696253050502,8.396696253050502,0,0,0,0,0.13333333333333333,0.8,65.66666666666667,4.333333333333333,0,0,0],"sd":[5.2998951771604785,65.78800971470578,37.13075993476747,52.129155842857166,1.5347819244295118,7.602338821412498,79.80626541819883,46.74964052149374,72.14694880743207,1.0624918300339485,0.49888765156985887,0.49888765156985887,1,1,1,1,101.28487273970256,101.28487273970256,1.9796827716423897,1.6836628435494763,1,1,1,1,1,1,1,1,1,1,1,1,1,1,1,1,1,1,1,1,1,1,1,1,1,1,1,1,1,0.1644875378715204,0.1644875378715204,0.1644875378715204,0.1644875378715204,0.05182036343084015,0.05182036343084015,0.05182036343084015,0.05182036343084015,0.15246483247936407,0.15246483247936407,0.15246483247936407,0.15246483247936407,0.05752373926504069,0.05752373926504069,0.05752373926504069,0.05752373926504069,0.21571330146106105,0.21571330146106105,0.21571330146106105,0.21571330146106105,0.14480556270779169,0.14480556270779169,0.14480556270779169,0.14480556270779169,0.10187768967380413,0.10187768967380413,0.10187768967380413,0.10187768967380413,2.4784936445168957,2.4784936445168957,2.4784936445168957,2.4784936445168957,1,1,1,1,0.33993463423951903,0.4,1.6996731711975948,1.6996731711975952,1,1,1]},"features":["off_1st_down_s2d","off_total_yds_s2d","off_rush_yds_s2d","off_pass_yds_s2d","off_turnovers_s2d","def_1st_down_s2d","def_total_yds_s2d","def_rush_yds_s2d","def_pass_yds_s2d","def_turnovers_s2d","wins_s2d","losses_s2d","home","sim_winrate_same_loc_s2d","sim_pointdiff_same_loc_s2d","sim_count_same_loc_s2d","off_total_yds_s2d_minus_opp","def_total_yds_s2d_minus_opp","off_turnovers_s2d_minus_opp","def_turnovers_s2d_minus_opp","elo_pre","elo_diff","rest_days","rest_diff","off_third_down_att_s2d","off_third_down_conv_s2d","off_third_down_pct_s2d","off_red_zone_att_s2d","off_red_zone_td_s2d","off_red_zone_td_pct_s2d","off_dropbacks_s2d","off_sacks_taken_s2d","off_sack_rate_s2d","off_pass_att_s2d","off_rush_att_s2d","off_neutral_pass_rate_s2d","off_third_down_pct_s2d_minus_opp","off_red_zone_td_pct_s2d_minus_opp","off_sack_rate_s2d_minus_opp","off_neutral_pass_rate_s2d_minus_opp","off_yds_for_3g","off_yds_for_5g","def_yds_against_3g","def_yds_against_5g","net_yds_3g","net_yds_5g","qb_ypa_3g","qb_sack_rate_3g","qb_qbr","off_epa_per_play_s2d","off_epa_per_play_w3","off_epa_per_play_w5","off_epa_per_play_exp","off_success_rate_s2d","off_success_rate_w3","off_success_rate_w5","off_success_rate_exp","def_epa_per_play_allowed_s2d","def_epa_per_play_allowed_w3","def_epa_per_play_allowed_w5","def_epa_per_play_allowed_exp","def_success_rate_allowed_s2d","def_success_rate_allowed_w3","def_success_rate_allowed_w5","def_success_rate_allowed_exp","rb_rush_share_s2d","rb_rush_share_w3","rb_rush_share_w5","rb_rush_share_exp","wr_target_share_s2d","wr_target_share_w3","wr_target_share_w5","wr_target_share_exp","te_target_share_s2d","te_target_share_w3","te_target_share_w5","te_target_share_exp","qb_aypa_s2d","qb_aypa_w3","qb_aypa_w5","qb_aypa_exp","qb_sack_rate_s2d","qb_sack_rate_w3","qb_sack_rate_w5","qb_sack_rate_exp","roof_dome","roof_outdoor","weather_temp_f","weather_wind_mph","weather_precip_pct","weather_impact_score","weather_extreme_flag"]},"decision_tree":{"params":{"depth":6,"minSamples":8},"alpha":6},"bt":{"coefficients":[-0.10844338274133158,-0.23841614995327134,0.26848296792479237,0.0049410558127665144,-0.011834883428559147,0.004883239507082934,-0.003454880369512516,0.0019378911384186636,0.0015309831862759813,0.0038874087637490316],"intercept":-0.03455246846320029,"scaler":{"mu":[-14.234619023047818,-264.4459178993235,-3.4904626762985895,0,-0.02426646393317437,0,0,0,0,0],"sd":[51.01529468117605,454.53215872672706,11.02622970737058,1,0.0549682163077786,1,1,1,1,1]},"features":["diff_total_yards","diff_turnovers","diff_penalty_yards","diff_possession_seconds","diff_r_ratio","diff_elo_pre","diff_inj_out","diff_inj_skill_out","diff_inj_practice_dnp","diff_inj_out_trend"],"hyperparams":{"steps":1200,"learningRate":0.001,"l2":0.00001}},"ann":{"seeds":[1],"architecture":[92,128,64,32,1],"committee_size":1,"max_epochs":15,"dropout":0.5},"ensemble":{"weights":{"logistic":0.9350649350649352,"tree":0,"bt":0,"ann":0.06493506493506492},"calibration":{"type":"platt","beta":-0.06658115977105554,"source":"platt"},"calibration_beta":-0.06658115977105554,"calibration_hash":"f93c061a7d55bac5984e52fb921fa4da8f57a44da8bce29e478ecf1cf466fbf5","oof_variance":{"ann":{"mean":0.47986977919464807,"var":0.010578805805155024}}},"pca":[{"component":1,"explained_variance":0.26956774553956503,"top_loadings":[{"feature":"wins_s2d","loading":-0.24285842350278203},{"feature":"losses_s2d","loading":0.24285842350278203},{"feature":"off_total_yds_s2d_minus_opp","loading":-0.23211149452860272},{"feature":"def_total_yds_s2d_minus_opp","loading":0.23211149452860272},{"feature":"off_total_yds_s2d","loading":-0.20104751698483828},{"feature":"off_1st_down_s2d","loading":-0.19852265455130316},{"feature":"off_pass_yds_s2d","loading":-0.19293926526478894},{"feature":"off_epa_per_play_s2d","loading":-0.1905827491774891},{"feature":"off_epa_per_play_w3","loading":-0.1905827491774891},{"feature":"off_epa_per_play_w5","loading":-0.1905827491774891}]},{"component":2,"explained_variance":0.2370784399308076,"top_loadings":[{"feature":"def_success_rate_allowed_s2d","loading":-0.23181332822978884},{"feature":"def_success_rate_allowed_w3","loading":-0.23181332822978884},{"feature":"def_success_rate_allowed_w5","loading":-0.23181332822978884},{"feature":"def_success_rate_allowed_exp","loading":-0.23181332822978884},{"feature":"def_pass_yds_s2d",