{"season":2007,"week":13,"generated_at":"2025-11-07T00:19:36.767Z","feature_hash":"42dfc7bebaf7feb7fb84cd1a61b6b1353bc6ef6b","logistic":{"weights":[-0.5223637718108078,-0.4088285340879221,-0.2827022883523993,-0.4168022236754986,1.0503172454334078,0.7523148747212092,-0.15421031465660975,0.2435156868467572,-0.39321766215349513,-0.6686961333305965,2.954906842926157,-3.0370574508777204,0,0,0,0,0.9014905279814062,-0.8380213177967926,-1.1339827696889644,1.0093009994456588,-3.3161061707735504,0.4236872467997455,0,0,0,0,0,0,0,0,0,0,0,0,0,0,0,0,0,0,-0.10529381077945066,0.3093269582193658,0.46191496738671944,0.25924100242749365,-0.7479255231355313,0.12973533884182803,-0.8999253567287552,0,0,1.1756397218450012,0.9510530493241569,0.4619274671732583,0.0035432412952571854,0.09697826675509323,-0.22271554471879307,-0.23971170966615107,0.24240319749791953,-1.7075345901386676,-0.9769780264197111,-0.12240191713431192,0.1907083006715519,-0.14717266726370165,-0.3816322482042572,0.8938156654589964,0.18343118985931428,-0.26434299473533296,0.3933429770215874,-0.04975020387717227,0.22486370671616254,-0.2475878974901906,-0.04108854821458912,0.1044054363319652,-0.06726680018512489,-0.21179757035770333,-0.3933708100257741,-0.09348500033102067,0.20444939476151056,0.39210311281124055,0.11596230545093657,-0.03983717882307633,-0.14442221062420793,0,0,0,0,-0.20031614248444518,-0.14007206142803313,-0.20031614248444438,0.20031614248444515,0,0,0],"bias":0.5241069665084942,"scaler":{"mu":[106.23295454545455,1239.4545454545455,397.39772727272725,842.0568181818181,6.034090909090909,106.85795454545455,1240.1136363636363,397.7443181818182,842.3693181818181,4.426136363636363,1.8977272727272727,1.75,1,0,0,0,32.788882322068915,31.63752523559896,-0.012215698104147304,0.11907403033558599,1450.013058580524,-0.016490429816636783,0,0,0,0,0,0,0,0,0,0,0,0,0,0,0,0,0,0,308.35890151515156,307.7991477272728,306.26609848484856,307.0380681818183,2.0928030303030325,0.7610795454545474,7.401461092862025,0,0,-0.010470527368894998,-0.009411995457601094,-0.008313849103239993,-0.02454124663601015,0.44493769791799404,0.4484613977260363,0.4456520329003972,0.4387892273211177,-0.010677985783431132,-0.008944402451992236,-0.010226315945022527,-0.02356434428354642,0.445891171867254,0.44689409582969586,0.44608175074705353,0.43918007462915243,0.869202915611514,0.8693275863190665,0.8699210523960683,0.8689314378015944,0.022727272727272728,0.017045454545454544,0.022727272727272728,0.00340909090909091,0.10227272727272728,0.03409090909090909,0.05113636363636364,0.044318181818181826,8.150449473132257,8.165035544742507,8.201082930207106,8.045003126080216,0,0,0,0,0.18181818181818182,0.7670454545454546,65.9090909090909,4.090909090909091,0,0,0],"sd":[63.5904620878272,720.5810614467343,247.5282830383745,508.9820022258902,4.349631289589027,63.663151575643724,729.0408227100087,264.4659014616038,499.42469740373053,3.0104361779325197,1.5265809445179408,1.6634438537400216,1,1,1,1,1004.7771487983665,975.9627796658033,6.579818157839175,3.7773787445228906,3.5367454291218134,4.962021586612564,1,1,1,1,1,1,1,1,1,1,1,1,1,1,1,1,1,1,110.14025641144652,108.30646998331103,110.16715974735112,108.26753660262338,79.40693546677032,72.43422740602549,2.7106806613785563,1,1,0.0944106582991848,0.11222469884746256,0.0998524042405797,0.10749672332598072,0.04165431706046067,0.04893556328412643,0.044820146605960835,0.04354066255990788,0.08981639524907258,0.10823688951648015,0.0952862283461901,0.09908456367611508,0.03836472194736048,0.04713083776220221,0.040806347049285,0.04274425868222163,0.05088039431787825,0.05936212933386581,0.055054674734076825,0.05239568439704796,0.14903269373413647,0.12944074715789233,0.14903269373413647,0.02235490406012046,0.3030066278630319,0.18146272071217398,0.22027581789750178,0.18346906758451295,1.184099903180338,1.356614445790746,1.2472634503453932,1.4090446633036822,1,1,1,1,0.3856946079199348,0.42271352616945096,1.9284730395996732,1.9284730395996728,1,1,1]},"features":["off_1st_down_s2d","off_total_yds_s2d","off_rush_yds_s2d","off_pass_yds_s2d","off_turnovers_s2d","def_1st_down_s2d","def_total_yds_s2d","def_rush_yds_s2d","def_pass_yds_s2d","def_turnovers_s2d","wins_s2d","losses_s2d","home","sim_winrate_same_loc_s2d","sim_pointdiff_same_loc_s2d","sim_count_same_loc_s2d","off_total_yds_s2d_minus_opp","def_total_yds_s2d_minus_opp","off_turnovers_s2d_minus_opp","def_turnovers_s2d_minus_opp","elo_pre","elo_diff","rest_days","rest_diff","off_third_down_att_s2d","off_third_down_conv_s2d","off_third_down_pct_s2d","off_red_zone_att_s2d","off_red_zone_td_s2d","off_red_zone_td_pct_s2d","off_dropbacks_s2d","off_sacks_taken_s2d","off_sack_rate_s2d","off_pass_att_s2d","off_rush_att_s2d","off_neutral_pass_rate_s2d","off_third_down_pct_s2d_minus_opp","off_red_zone_td_pct_s2d_minus_opp","off_sack_rate_s2d_minus_opp","off_neutral_pass_rate_s2d_minus_opp","off_yds_for_3g","off_yds_for_5g","def_yds_against_3g","def_yds_against_5g","net_yds_3g","net_yds_5g","qb_ypa_3g","qb_sack_rate_3g","qb_qbr","off_epa_per_play_s2d","off_epa_per_play_w3","off_epa_per_play_w5","off_epa_per_play_exp","off_success_rate_s2d","off_success_rate_w3","off_success_rate_w5","off_success_rate_exp","def_epa_per_play_allowed_s2d","def_epa_per_play_allowed_w3","def_epa_per_play_allowed_w5","def_epa_per_play_allowed_exp","def_success_rate_allowed_s2d","def_success_rate_allowed_w3","def_success_rate_allowed_w5","def_success_rate_allowed_exp","rb_rush_share_s2d","rb_rush_share_w3","rb_rush_share_w5","rb_rush_share_exp","wr_target_share_s2d","wr_target_share_w3","wr_target_share_w5","wr_target_share_exp","te_target_share_s2d","te_target_share_w3","te_target_share_w5","te_target_share_exp","qb_aypa_s2d","qb_aypa_w3","qb_aypa_w5","qb_aypa_exp","qb_sack_rate_s2d","qb_sack_rate_w3","qb_sack_rate_w5","qb_sack_rate_exp","roof_dome","roof_outdoor","weather_temp_f","weather_wind_mph","weather_precip_pct","weather_impact_score","weather_extreme_flag"]},"decision_tree":{"params":{"depth":6,"minSamples":9},"alpha":2},"bt":{"coefficients":[0.32664139677336884,-0.03816118954641677,-0.057809914670531065,0.00496007639850058,0.08937296640096501,-0.0019511162558528772,-0.0036677754560953883,0.004567104159064778,-0.0011768062018364157,-0.0007419563444785027],"intercept":0.07374332385959094,"scaler":{"mu":[-0.7384629437899558,2.704393270665538,0.1167802799947723,0,0.0043331009499188436,0,0,0,0,0],"sd":[54.32924845002486,546.8210046876009,15.177916179712653,1,0.09905190783034376,1,1,1,1,1]},"features":["diff_total_yards","diff_turnovers","diff_penalty_yards","diff_possession_seconds","diff_r_ratio","diff_elo_pre","diff_inj_out","diff_inj_skill_out","diff_inj_practice_dnp","diff_inj_out_trend"],"hyperparams":{"steps":1200,"learningRate":0.001,"l2":0.00001}},"ann":{"seeds":[1],"architecture":[92,128,64,32,1],"committee_size":1,"max_epochs":15,"dropout":0.5},"ensemble":{"weights":{"logistic":0.9,"tree":0,"bt":0,"ann":0.09999999999999998},"calibration":{"type":"platt","beta":-0.019388170602497267,"source":"platt"},"calibration_beta":-0.019388170602497267,"calibration_hash":"68d2a316a045932e34e2f94485eb8ed05480e96a7c9ce07c3fd3ab643651b42b","oof_variance":{"ann":{"mean":0.46746702758441927,"var":0.03392762901100449}}},"pca":[{"component":1,"explained_variance":0.20656273829987842,"top_loadings":[{"feature":"off_total_yds_s2d","loading":0.2615021743303979},{"feature":"off_1st_down_s2d","loading":0.26124415525760436},{"feature":"off_pass_yds_s2d","loading":0.25718673583307905},{"feature":"def_1st_down_s2d","loading":0.2514060610937104},{"feature":"def_total_yds_s2d","loading":0.246921396024908},{"feature":"def_pass_yds_s2d","loading":0.24634117496592167},{"feature":"off_rush_yds_s2d","loading":0.2324182670892865},{"feature":"def_rush_yds_s2d","loading":0.21547923805043537},{"feature":"def_turnovers_s2d","loading":0.1858843191894429},{"feature":"wins_s2d","loading":0.17964840263382456}]},{"component":2,"explained_variance":0.13890962710262492,"top_loadings":[{"feature":"off_epa_per_play_exp",