{"season":2010,"week":6,"generated_at":"2025-11-07T00:24:58.956Z","feature_hash":"16be0a252c7bff063ffa4adf36f2886e6d1d713b","logistic":{"weights":[-0.25287197598238853,-0.4342528706571904,-0.4776371442741576,-0.34556555001460515,1.32118141820908,1.1093146447495217,0.08933576752631293,0.24173360215627754,-0.02960927681302785,-1.1677860341115012,2.9781194304793384,-2.439431085441564,0,0,0,0,0.6480744865540012,-0.6900331769444992,-0.8119924188573037,0.734304162791473,-3.933745478589626,-0.1556854284381669,0,0,0,0,0,0,0,0,0,0,0,0,0,0,0,0,0,0,-0.6176609307827199,0.13551655856810288,0.036778645517630854,0.18896977147400332,-0.7972716507698441,0.049966292566239134,-0.008642909260642961,0,0,2.0110998221710656,0.9699037315588696,-0.09854707598982021,-0.32309346038923803,0.4803301447883589,-0.20065753656594532,-0.7715592925914658,0.3042549265239212,-1.7359027188376979,-0.40460654723141104,-0.2582464951858627,0.33707700365377313,-0.19361752056415082,-0.16251303107542442,0.2591302873496937,0.07062493193295698,-0.18768963321781168,0.10877906789527989,-0.21077379975947738,0.037264345791693396,0.24729635731021715,0.483768995795036,0.10232915259255482,0.07528716626092996,-0.006919560394097061,-0.28798840653718455,0.12923644160695036,0.4752088291482621,0.5743751934514839,-0.13048893120943433,-0.23618761979598396,0.039553438365444206,0,0,0,0,0.07535705222817358,0.0252395747691665,0.07535705222817485,-0.0753570522281735,0,0,0],"bias":0.8514513439575252,"scaler":{"mu":[82.1842105263158,975.3026315789474,317.07894736842104,658.2236842105264,4.855263157894737,81.98684210526316,986.4736842105264,325.1578947368421,661.3157894736842,3.5,1.368421052631579,1.5,1,0,0,0,19.30757853879105,41.68309125810723,0.312096666480147,-0.10921608785349447,1449.6555460165969,-0.5910496242192949,0,0,0,0,0,0,0,0,0,0,0,0,0,0,0,0,0,0,264.68640350877183,263.0701754385965,269.9210526315789,269.3333333333333,-5.23464912280702,-6.2631578947368425,6.662658792623743,0,0,-0.023964037295493058,-0.018959656218193826,-0.023964037295493058,-0.03766160522119757,0.43190456656638326,0.435553470590042,0.43190456656638326,0.42597787732731046,-0.025099825595702036,-0.021670267404544457,-0.025099825595702036,-0.038200711758857725,0.4311307637799129,0.43411425698719946,0.4311307637799129,0.4257241955776882,0.8382411313743292,0.8359499062759875,0.8382411313743292,0.8466259164163774,0.5795298864240617,0.5787819091694928,0.5795298864240617,0.5783621791495722,0.21329303253366963,0.21611997515538484,0.21329303253366963,0.21358781186029963,8.317290904900815,8.309241981411924,8.317290904900815,8.211799624010919,0,0,0,0,0.15789473684210525,0.7368421052631579,65.78947368421052,4.2105263157894735,0,0,0],"sd":[44.30715474072824,494.7365864710986,173.3337033432374,356.1599507127237,3.3977699628170255,44.69383962644087,526.9832583399942,202.66319302254706,365.7470081370712,2.5,1.0367218738732742,1.2193613513897994,1,1,1,1,403.10375500259505,396.82546611656676,3.4993880442395886,2.8400291974940983,1.8565820271145597,2.675432939002768,1,1,1,1,1,1,1,1,1,1,1,1,1,1,1,1,1,1,147.6684585826122,146.1848114404354,147.92791895348734,147.41509289273293,77.71905082308841,75.219544715979,3.6915866133970434,1,1,0.10115747081448032,0.10554139375740235,0.10115747081448032,0.10818708099822075,0.04444542765172283,0.04535571618393444,0.04444542765172283,0.04893677780643151,0.09715388814514407,0.10322326999597871,0.09715388814514407,0.10336841766383915,0.04300923367018777,0.046433727176912916,0.04300923367018777,0.04578438082196687,0.12416428093957857,0.13465477719140667,0.12416428093957857,0.10639706667507312,0.1015037273305028,0.10506698864439046,0.1015037273305028,0.10931399367834284,0.07895091625264855,0.08080806054987988,0.07895091625264855,0.08711618209764799,1.2682352849370488,1.384168631355905,1.2682352849370488,1.3293867503878025,1,1,1,1,0.36464227527765875,0.44034738238635546,1.8232113763882927,1.8232113763882916,1,1,1]},"features":["off_1st_down_s2d","off_total_yds_s2d","off_rush_yds_s2d","off_pass_yds_s2d","off_turnovers_s2d","def_1st_down_s2d","def_total_yds_s2d","def_rush_yds_s2d","def_pass_yds_s2d","def_turnovers_s2d","wins_s2d","losses_s2d","home","sim_winrate_same_loc_s2d","sim_pointdiff_same_loc_s2d","sim_count_same_loc_s2d","off_total_yds_s2d_minus_opp","def_total_yds_s2d_minus_opp","off_turnovers_s2d_minus_opp","def_turnovers_s2d_minus_opp","elo_pre","elo_diff","rest_days","rest_diff","off_third_down_att_s2d","off_third_down_conv_s2d","off_third_down_pct_s2d","off_red_zone_att_s2d","off_red_zone_td_s2d","off_red_zone_td_pct_s2d","off_dropbacks_s2d","off_sacks_taken_s2d","off_sack_rate_s2d","off_pass_att_s2d","off_rush_att_s2d","off_neutral_pass_rate_s2d","off_third_down_pct_s2d_minus_opp","off_red_zone_td_pct_s2d_minus_opp","off_sack_rate_s2d_minus_opp","off_neutral_pass_rate_s2d_minus_opp","off_yds_for_3g","off_yds_for_5g","def_yds_against_3g","def_yds_against_5g","net_yds_3g","net_yds_5g","qb_ypa_3g","qb_sack_rate_3g","qb_qbr","off_epa_per_play_s2d","off_epa_per_play_w3","off_epa_per_play_w5","off_epa_per_play_exp","off_success_rate_s2d","off_success_rate_w3","off_success_rate_w5","off_success_rate_exp","def_epa_per_play_allowed_s2d","def_epa_per_play_allowed_w3","def_epa_per_play_allowed_w5","def_epa_per_play_allowed_exp","def_success_rate_allowed_s2d","def_success_rate_allowed_w3","def_success_rate_allowed_w5","def_success_rate_allowed_exp","rb_rush_share_s2d","rb_rush_share_w3","rb_rush_share_w5","rb_rush_share_exp","wr_target_share_s2d","wr_target_share_w3","wr_target_share_w5","wr_target_share_exp","te_target_share_s2d","te_target_share_w3","te_target_share_w5","te_target_share_exp","qb_aypa_s2d","qb_aypa_w3","qb_aypa_w5","qb_aypa_exp","qb_sack_rate_s2d","qb_sack_rate_w3","qb_sack_rate_w5","qb_sack_rate_exp","roof_dome","roof_outdoor","weather_temp_f","weather_wind_mph","weather_precip_pct","weather_impact_score","weather_extreme_flag"]},"decision_tree":{"params":{"depth":6,"minSamples":8},"alpha":6},"bt":{"coefficients":[0.12660002664923004,-0.06640477638066683,0.09277900650129871,0.0035326654638928104,0.043673021536412164,-0.0009920348716824863,-0.0027685760284854397,-0.00007874020650441967,-0.003036439383784212,0.0022505322775022256],"intercept":0.06827298520840167,"scaler":{"mu":[-3.8997635584704735,55.6949343576304,-0.37350389486357827,0,-0.008959166497687037,0,0,0,0,0],"sd":[53.00766469135848,520.8419071007276,14.781861337768444,1,0.09625440402276673,1,1,1,1,1]},"features":["diff_total_yards","diff_turnovers","diff_penalty_yards","diff_possession_seconds","diff_r_ratio","diff_elo_pre","diff_inj_out","diff_inj_skill_out","diff_inj_practice_dnp","diff_inj_out_trend"],"hyperparams":{"steps":1200,"learningRate":0.001,"l2":0.00001}},"ann":{"seeds":[1],"architecture":[92,128,64,32,1],"committee_size":1,"max_epochs":15,"dropout":0.5},"ensemble":{"weights":{"logistic":0.9,"tree":0,"bt":0,"ann":0.09999999999999998},"calibration":{"type":"platt","beta":-0.046949881937144555,"source":"platt"},"calibration_beta":-0.046949881937144555,"calibration_hash":"0eb97312513a7d0cee2ca5ac1d58ac424f04cad8f8c9ae62835375c72c44d16a","oof_variance":{"ann":{"mean":0.4917393689673967,"var":0.004581368339092762}}},"pca":[{"component":1,"explained_variance":0.23246108521593284,"top_loadings":[{"feature":"off_1st_down_s2d","loading":-0.22068619022695438},{"feature":"off_total_yds_s2d","loading":-0.2183656462449522},{"feature":"def_total_yds_s2d","loading":-0.2175792603368891},{"feature":"def_1st_down_s2d","loading":-0.21731399296698295},{"feature":"off_pass_yds_s2d","loading":-0.21057244110220172},{"feature":"def_pass_yds_s2d","loading":-0.20737173011120735},{"feature":"def_rush_yds_s2d","loading":-0.19152485027135163},{"feature":"off_rush_yds_s2d","loading":-0.19059192496422214},{"feature":"off_yds_for_3g","loading":-0.19058316809113696},{"feature":"off_yds_for_5g","loading":-0.1893195898522652}]},{"component":2,"explained_variance":0.15925169733642083,"top_loadings":[{"feature":"off_epa_per_play_exp",