{"season":2002,"week":20,"generated_at":"2025-11-07T00:11:06.723Z","feature_hash":"93b4cd871e7fb5994b4258cab4bb901dae907cbf","logistic":{"weights":[-0.5929499639254528,-0.2085565485949225,-0.5326227427801131,-0.06970792984224,0.9947349239254631,0.45920134976839494,0.07477205153999061,0.5009157725154461,-0.13496620370829887,-0.34778984715582034,2.5977692733700537,-2.554930970145318,0,0,0,0,1.149449488534446,-0.9613601505147216,-0.6055298259646049,0.13706372226338406,-2.6274461185436877,-0.16223535148057505,0,0,0,0,0,0,0,0,0,0,0,0,0,0,0,0,0,0,-0.16081422882210422,0.020549648641025767,0.22180973084011915,0.19866407814323264,-0.4377629457683908,-0.3901169541109961,-0.9911840682814363,0,0,0.9273933741693762,0.5798496141289498,0.5006279161035387,0.30001400800971506,0.4132106702259753,0.14603618204464977,-0.14923883445507932,0.03877546990352646,-0.7571629077886155,-1.0411530054442717,-0.74387882483819,-0.45527550465297806,-0.1118543299807245,0.013085827720691907,0.3371731047446023,-0.31407721139763545,-0.1864786910366263,0.2405994630328284,0.041798875534454466,0.0958462687021749,-0.37628775067155096,-0.24930397200636165,0.05599551477092846,-0.21129489317178257,-0.11922583611953935,0.027353981347293683,-0.33800971709347827,-0.3525788097789553,0.04876197398690515,0.6055607710176399,-0.17033684802351914,0.11319142833778247,0,0,0,0,0.03652793177644356,0.18538060746032348,0.036527931776444374,-0.036527931776443694,0,0,0],"bias":0.8936625102995501,"scaler":{"mu":[154.18631178707224,1824.12927756654,608.4752851711027,1215.6539923954372,8.338403041825096,156.48669201520912,1843.8441064638782,612.5703422053232,1231.273764258555,6.547528517110266,2.7604562737642584,2.5209125475285172,1,0,0,0,-69.76027263449683,-41.87956911864654,-0.2708825747337269,-0.23164872490601338,1450.0283775591488,-0.30677386314746935,0,0,0,0,0,0,0,0,0,0,0,0,0,0,0,0,0,0,324.3561470215463,324.8038656527251,321.52027883396715,321.486121673004,2.8358681875792153,3.3177439797211674,3.065211037095553,0,0,0.00755136197773238,0.0029972845806287116,0.005552975673011324,0.017717054809007062,0.46026002354442574,0.4582866519489025,0.45892713115321254,0.4620389885308354,0.0074887787214315705,0.0034133159030735856,0.005236266001942353,0.016012581241247787,0.46007229304287195,0.4567237091682431,0.4586996068031882,0.46080943801196156,0.8205464847091897,0.8196636646721972,0.8196553467922271,0.8093424285849636,0.594598005206871,0.5970391292076246,0.5957406053434157,0.5820957009123117,0.15504736938126246,0.1590176358425864,0.15876541642321254,0.14850718026103174,3.118691878814943,3.2593658172204094,3.2308713128982074,3.1020973769858387,0,0,0,0,0.18250950570342206,0.8060836501901141,65.91254752851711,4.08745247148289,0,0,0],"sd":[108.30919461305156,1251.306732348384,434.5179733463741,851.891470785668,6.300727862256174,106.71214439819417,1239.620174576922,434.07549784299,831.7935276146646,5.266710105619943,2.224909743328645,2.061446740848733,1,1,1,1,1360.0883261523045,1361.2713097085057,7.242009598349897,6.608639476888372,4.086106131116493,5.5387916174217,1,1,1,1,1,1,1,1,1,1,1,1,1,1,1,1,1,1,106.92848940015749,102.9099170616123,106.8355355426045,102.678645441282,115.24913863624602,105.2872624390968,2.227425097215074,1,1,0.08342163177561021,0.099245382718541,0.09108604427470586,0.09479514580030667,0.03817170511264396,0.043365311874952614,0.04003178342973251,0.0425481408863697,0.07643302820886053,0.096998925234199,0.08532688050005857,0.08487538110801587,0.03425351737019806,0.04301618218083932,0.03857747105640795,0.03948629692116977,0.0901554874398038,0.1062554361627925,0.09972909783290101,0.12464581942486164,0.08874081125482895,0.09735216859263322,0.09297948098734946,0.10468139521345918,0.05768995077496372,0.07279711101498859,0.06654550318168856,0.05847055793506132,1.665114146618378,2.1461931994714476,1.8900737593542956,1.8037669353422139,1,1,1,1,0.3862638813444952,0.39536413480017996,1.931319406722474,1.931319406722474,1,1,1]},"features":["off_1st_down_s2d","off_total_yds_s2d","off_rush_yds_s2d","off_pass_yds_s2d","off_turnovers_s2d","def_1st_down_s2d","def_total_yds_s2d","def_rush_yds_s2d","def_pass_yds_s2d","def_turnovers_s2d","wins_s2d","losses_s2d","home","sim_winrate_same_loc_s2d","sim_pointdiff_same_loc_s2d","sim_count_same_loc_s2d","off_total_yds_s2d_minus_opp","def_total_yds_s2d_minus_opp","off_turnovers_s2d_minus_opp","def_turnovers_s2d_minus_opp","elo_pre","elo_diff","rest_days","rest_diff","off_third_down_att_s2d","off_third_down_conv_s2d","off_third_down_pct_s2d","off_red_zone_att_s2d","off_red_zone_td_s2d","off_red_zone_td_pct_s2d","off_dropbacks_s2d","off_sacks_taken_s2d","off_sack_rate_s2d","off_pass_att_s2d","off_rush_att_s2d","off_neutral_pass_rate_s2d","off_third_down_pct_s2d_minus_opp","off_red_zone_td_pct_s2d_minus_opp","off_sack_rate_s2d_minus_opp","off_neutral_pass_rate_s2d_minus_opp","off_yds_for_3g","off_yds_for_5g","def_yds_against_3g","def_yds_against_5g","net_yds_3g","net_yds_5g","qb_ypa_3g","qb_sack_rate_3g","qb_qbr","off_epa_per_play_s2d","off_epa_per_play_w3","off_epa_per_play_w5","off_epa_per_play_exp","off_success_rate_s2d","off_success_rate_w3","off_success_rate_w5","off_success_rate_exp","def_epa_per_play_allowed_s2d","def_epa_per_play_allowed_w3","def_epa_per_play_allowed_w5","def_epa_per_play_allowed_exp","def_success_rate_allowed_s2d","def_success_rate_allowed_w3","def_success_rate_allowed_w5","def_success_rate_allowed_exp","rb_rush_share_s2d","rb_rush_share_w3","rb_rush_share_w5","rb_rush_share_exp","wr_target_share_s2d","wr_target_share_w3","wr_target_share_w5","wr_target_share_exp","te_target_share_s2d","te_target_share_w3","te_target_share_w5","te_target_share_exp","qb_aypa_s2d","qb_aypa_w3","qb_aypa_w5","qb_aypa_exp","qb_sack_rate_s2d","qb_sack_rate_w3","qb_sack_rate_w5","qb_sack_rate_exp","roof_dome","roof_outdoor","weather_temp_f","weather_wind_mph","weather_precip_pct","weather_impact_score","weather_extreme_flag"]},"decision_tree":{"params":{"depth":6,"minSamples":14},"alpha":2},"bt":{"coefficients":[0.17436156088089352,-0.18943425359647673,0.09334721868388064,-0.0005968929285641122,0.011833666483993746,0.0007024225326599556,0.0023960183624039664,0.0035757291079513745,-0.0038966773059159387,-0.0018238560326729442],"intercept":0.40869260495035364,"scaler":{"mu":[-0.13101557357272578,1.1775085553542415,-0.06310979063262766,0,-0.002790404330173989,0,0,0,0,0],"sd":[78.45425106359396,509.5696971579252,15.965093305838874,1,0.09029248020645099,1,1,1,1,1]},"features":["diff_total_yards","diff_turnovers","diff_penalty_yards","diff_possession_seconds","diff_r_ratio","diff_elo_pre","diff_inj_out","diff_inj_skill_out","diff_inj_practice_dnp","diff_inj_out_trend"],"hyperparams":{"steps":1200,"learningRate":0.001,"l2":0.00001}},"ann":{"seeds":[1],"architecture":[92,128,64,32,1],"committee_size":1,"max_epochs":15,"dropout":0.5},"ensemble":{"weights":{"logistic":0.9,"tree":0,"bt":0,"ann":0.09999999999999998},"calibration":{"type":"platt","beta":0.13986230932526728,"source":"platt"},"calibration_beta":0.13986230932526728,"calibration_hash":"eebab931bc59b5ca7c8a26b80d8756914ef68ff301a045f0d33b486c8eff7aca","oof_variance":{"ann":{"mean":0.5082393890474879,"var":0.03536459998150242}}},"pca":[{"component":1,"explained_variance":0.18448086005083708,"top_loadings":[{"feature":"off_total_yds_s2d","loading":0.28107683043208204},{"feature":"off_1st_down_s2d","loading":0.2796541412679406},{"feature":"off_pass_yds_s2d","loading":0.27741815187401037},{"feature":"def_pass_yds_s2d","loading":0.2758153818522003},{"feature":"def_total_yds_s2d","loading":0.2748970490712019},{"feature":"def_1st_down_s2d","loading":0.27358409789124744},{"feature":"off_rush_yds_s2d","loading":0.26554292315139516},{"feature":"def_rush_yds_s2d","loading":0.25651408354629407},{"feature":"off_turnovers_s2d","loading":0.23842895273745002},{"feature":"def_turnovers_s2d","loading":0.22832741932183698}]},{"component":2,"explained_variance":0.1507972723163065,"top_loadings":[{"feature":"off_success_rate_w5",