{"season":2005,"week":5,"generated_at":"2025-11-07T00:15:20.140Z","feature_hash":"311195485621a24dfcf1c4bb8711c2e5646f03c7","logistic":{"weights":[-0.48021158830358784,-0.3033761265711746,-0.6029616675930765,-0.09525669890737312,1.257292817412148,0.8270585509711609,-0.032948895273909984,-0.17217505306584252,0.03536421604001807,-0.5943792506450439,2.771277062774949,-2.6452998397330356,0,0,0,0,0.807479308077942,-1.132738558543443,-0.8428308770023384,0.25788499094893563,-3.1998320131935736,0.1611208802571385,0,0,0,0,0,0,0,0,0,0,0,0,0,0,0,0,0,0,0.1986109527595527,0.48673081566578574,0.5347540317159942,0.4127428756743056,-0.4027149676294546,0.10443040970501503,-1.1391023744171247,0,0,0.9030708310791051,0.9509274004755706,0.5643897390117474,-0.04434878240412497,-0.02250776706350784,0.30684708802946575,-0.5442508341183998,-0.406411714829714,-1.084906798511734,-0.13353550899415095,-0.5726714947220973,0.4528264498096553,-0.3072347725550941,-0.39938955248846736,0.20879026234476683,0.12622575957147372,-0.37592707758642535,0.3187755640219576,0.01182844626957419,0.250712823790895,0.0037782666933408537,-0.49605577789080724,-0.3020797679752087,0.19151847710889056,0.2591555616201352,0.19329632109216546,-0.2695076165085951,0.03977114091597196,0.29756882026513487,0.2459087911102838,-0.272317024001725,0.32454565976059413,0,0,0,0,0.06468962376153031,-0.12358608351835772,0.06468962376153106,-0.06468962376153044,0,0,0],"bias":1.0632781430278453,"scaler":{"mu":[67.86666666666666,800.2666666666667,259.81666666666666,540.45,4.016666666666667,65.26666666666667,769.4666666666667,237.63333333333333,531.8333333333334,3.2333333333333334,1.2666666666666666,1.0666666666666667,1,0,0,0,19.140470072016537,-38.145699011399934,-0.03537046707414196,0.06993013246431015,1449.8744031063568,-0.2928604538977311,0,0,0,0,0,0,0,0,0,0,0,0,0,0,0,0,0,0,242.1472222222222,242.1472222222222,247.98055555555555,247.98055555555555,-5.833333333333332,-5.833333333333332,5.1201145897425935,0,0,0.000620945112201614,0.0006052215696334356,0.000620945112201614,-0.009124533482620684,0.43863160320445244,0.43790032847457566,0.43863160320445244,0.43941387234812085,-0.02084693642734564,-0.019199174076697065,-0.02084693642734564,-0.016321871854559022,0.43510096949179905,0.43515232756243294,0.43510096949179905,0.4377174419836734,0.8630629068184011,0.8612307065944644,0.8630629068184011,0.8629908851456938,0,0,0,0,0,0,0,0,7.282310594337317,7.2752707710866,7.282310594337317,7.349122027830897,0,0,0,0,0.15,0.85,65.75,4.25,0,0,0],"sd":[34.07270005281191,399.8510500451664,148.3045842926719,295.11531220863486,2.6738964494202504,34.681823609621354,401.49933443974174,137.3294052836302,288.83231390472145,2.6417586734766085,0.910433352249844,0.9104333522498446,1,1,1,1,354.0954216605931,293.01446960068586,3.7816268563794293,3.298405891860347,1.5048926341266156,2.1162560283999636,1,1,1,1,1,1,1,1,1,1,1,1,1,1,1,1,1,1,154.40680723955657,154.40680723955657,157.85078541219525,157.85078541219525,77.45904533173452,77.45904533173452,3.4474922439376923,1,1,0.0992569115958248,0.1012571799123774,0.0992569115958248,0.11594073211893516,0.04271866899186156,0.04317008919794032,0.04271866899186156,0.04642364896020423,0.10196157849210759,0.1021800067549184,0.10196157849210759,0.11801673047218912,0.044043746690167584,0.044203529085278144,0.044043746690167584,0.04705384174947686,0.07237161393456541,0.07302743667665454,0.07237161393456541,0.07728538645080489,1,1,1,1,1,1,1,1,1.9869948767087378,1.9994964289326866,1.9869948767087378,2.324668518668544,1,1,1,1,0.3570714214271425,0.3570714214271425,1.7853571071357126,1.7853571071357126,1,1,1]},"features":["off_1st_down_s2d","off_total_yds_s2d","off_rush_yds_s2d","off_pass_yds_s2d","off_turnovers_s2d","def_1st_down_s2d","def_total_yds_s2d","def_rush_yds_s2d","def_pass_yds_s2d","def_turnovers_s2d","wins_s2d","losses_s2d","home","sim_winrate_same_loc_s2d","sim_pointdiff_same_loc_s2d","sim_count_same_loc_s2d","off_total_yds_s2d_minus_opp","def_total_yds_s2d_minus_opp","off_turnovers_s2d_minus_opp","def_turnovers_s2d_minus_opp","elo_pre","elo_diff","rest_days","rest_diff","off_third_down_att_s2d","off_third_down_conv_s2d","off_third_down_pct_s2d","off_red_zone_att_s2d","off_red_zone_td_s2d","off_red_zone_td_pct_s2d","off_dropbacks_s2d","off_sacks_taken_s2d","off_sack_rate_s2d","off_pass_att_s2d","off_rush_att_s2d","off_neutral_pass_rate_s2d","off_third_down_pct_s2d_minus_opp","off_red_zone_td_pct_s2d_minus_opp","off_sack_rate_s2d_minus_opp","off_neutral_pass_rate_s2d_minus_opp","off_yds_for_3g","off_yds_for_5g","def_yds_against_3g","def_yds_against_5g","net_yds_3g","net_yds_5g","qb_ypa_3g","qb_sack_rate_3g","qb_qbr","off_epa_per_play_s2d","off_epa_per_play_w3","off_epa_per_play_w5","off_epa_per_play_exp","off_success_rate_s2d","off_success_rate_w3","off_success_rate_w5","off_success_rate_exp","def_epa_per_play_allowed_s2d","def_epa_per_play_allowed_w3","def_epa_per_play_allowed_w5","def_epa_per_play_allowed_exp","def_success_rate_allowed_s2d","def_success_rate_allowed_w3","def_success_rate_allowed_w5","def_success_rate_allowed_exp","rb_rush_share_s2d","rb_rush_share_w3","rb_rush_share_w5","rb_rush_share_exp","wr_target_share_s2d","wr_target_share_w3","wr_target_share_w5","wr_target_share_exp","te_target_share_s2d","te_target_share_w3","te_target_share_w5","te_target_share_exp","qb_aypa_s2d","qb_aypa_w3","qb_aypa_w5","qb_aypa_exp","qb_sack_rate_s2d","qb_sack_rate_w3","qb_sack_rate_w5","qb_sack_rate_exp","roof_dome","roof_outdoor","weather_temp_f","weather_wind_mph","weather_precip_pct","weather_impact_score","weather_extreme_flag"]},"decision_tree":{"params":{"depth":6,"minSamples":8},"alpha":6},"bt":{"coefficients":[0.10250556356976244,-0.00516503670830725,-0.013351753558115699,0.004719577434851632,-0.045709796057013266,-0.004217473499108735,-0.0003434571109177479,-0.003070897776336307,-0.0008508780734238356,0.0023719156138116452],"intercept":0.15557873435310896,"scaler":{"mu":[-3.707416938997821,-20.863536220043574,3.0443314270152495,0,0.0010466054388946545,0,0,0,0,0],"sd":[54.13499140623662,450.6018300392373,13.201667628376143,1,0.09211093655045455,1,1,1,1,1]},"features":["diff_total_yards","diff_turnovers","diff_penalty_yards","diff_possession_seconds","diff_r_ratio","diff_elo_pre","diff_inj_out","diff_inj_skill_out","diff_inj_practice_dnp","diff_inj_out_trend"],"hyperparams":{"steps":1200,"learningRate":0.001,"l2":0.00001}},"ann":{"seeds":[1],"architecture":[92,128,64,32,1],"committee_size":1,"max_epochs":15,"dropout":0.5},"ensemble":{"weights":{"logistic":0.9,"tree":0,"bt":0,"ann":0.09999999999999998},"calibration":{"type":"platt","beta":0.918866446110213,"source":"platt"},"calibration_beta":0.918866446110213,"calibration_hash":"6a1b1f14affbca4bb1ab5091469e56ee4c6e1c14cc95c119d39a19398811118d","oof_variance":{"ann":{"mean":0.44040148304545507,"var":0.013998152312191325}}},"pca":[{"component":1,"explained_variance":0.2306855482892923,"top_loadings":[{"feature":"def_total_yds_s2d","loading":-0.2599937161084038},{"feature":"def_1st_down_s2d","loading":-0.25541656568032783},{"feature":"off_total_yds_s2d","loading":-0.255043111825732},{"feature":"off_1st_down_s2d","loading":-0.2547418350780901},{"feature":"def_pass_yds_s2d","loading":-0.2508124259228215},{"feature":"off_pass_yds_s2d","loading":-0.24930305415250475},{"feature":"def_rush_yds_s2d","loading":-0.2326127501587753},{"feature":"off_yds_for_3g","loading":-0.2148370290658103},{"feature":"off_yds_for_5g","loading":-0.2148370290658103},{"feature":"qb_ypa_3g","loading":-0.2123698065810312}]},{"component":2,"explained_variance":0.18022335388369426,"top_loadings":[{"feature":"off_epa_per_play_s2d","loading":-0.2693967900506351},{"feature":"off_epa_per_play_w5","loading":-0.2693967900506351},{"feature":"off_epa_per_play_w3","loading":-0.2644456673114287},{"feature":"off_epa_per_play_exp","loading":-0.24869012997944248},{"feature":"qb_aypa_s2d","loading":-0.24659468663386253},{"feature":"qb_aypa_w5","loading":-0.24659468663386253},{"feature":"qb_aypa_w3",