{"season":2007,"week":20,"generated_at":"2025-11-07T00:20:16.215Z","feature_hash":"bb4369c8a05da7c670cabec36c91b7aa287d8ded","logistic":{"weights":[-0.49759197562048113,-0.4491667264727116,-0.13722791374717896,-0.5507784406351017,1.572375229328088,0.8536661624370949,-0.07974555690540702,0.4987909643493427,-0.412657487470568,-0.7224641905116479,2.5512164231184618,-2.4929466947875762,0,0,0,0,0.7660605945869798,-1.00593556059702,-0.7635659799769846,0.7120764421601959,-3.16759629714145,0.3685561016590598,0,0,0,0,0,0,0,0,0,0,0,0,0,0,0,0,0,0,-0.38384778869065095,0.2047948844535893,0.348042361458821,0.18109126750137236,-0.9655647307318908,0.08743202793708088,-0.5458047634872765,0,0,1.2684168239966487,0.9874030352426685,0.23170788720189175,0.05646811756968076,0.13285418922491815,-0.16329097639032936,-0.24423815710841976,0.5202232812214902,-1.8013564899288257,-0.8572932419747377,-0.11933749261514465,0.17204183024763292,-0.2200014036224715,-0.30359912008508283,0.8402093720179218,0.01389961564541082,-0.3408967600637345,0.4579405728373902,-0.03918533392124789,-0.03042781968437224,0.21650747529015305,-0.2586824797294504,-0.22875177555746914,0.11980559052677586,-0.21370277615471295,-0.5533338347836809,0.3647223209321136,0.29155069435646064,0.32290316391967167,0.06664252411971074,0.14975127985715042,-0.40551111082396574,0,0,0,0,-0.24869869804703756,-0.0490145087457031,-0.2486986980470366,0.24869869804703745,0,0,0],"bias":0.6709260086643599,"scaler":{"mu":[147.02651515151516,1707.0833333333333,553.7424242424242,1153.340909090909,8.424242424242424,147.3068181818182,1703.7954545454545,541.030303030303,1162.7651515151515,6.511363636363637,2.617424242424242,2.4204545454545454,1,0,0,0,-43.64242718043699,-50.100131479684975,-0.25746803056074086,-0.211359318731607,1450.1712570253633,-0.15505617649016862,0,0,0,0,0,0,0,0,0,0,0,0,0,0,0,0,0,0,318.160984848485,318.7312500000002,315.8693181818181,316.6784090909091,2.291666666666666,2.052840909090911,7.709250881746314,0,0,-0.00800452736764446,-0.008236234846618777,-0.007478178091680498,-0.019475188322176255,0.44720478194398844,0.449110419650479,0.4482784291464906,0.4422303928812784,-0.01188702805261706,-0.01231815568294225,-0.01398191748121275,-0.023361280532760684,0.4463663934950449,0.44652615237050425,0.4464688099502305,0.4409847840157026,0.8694965773097759,0.8688684310182135,0.8700423527709932,0.8689546431868341,0.058712121212121215,0.022727272727272728,0.041666666666666664,0.010142045454545454,0.11553030303030302,0.03409090909090909,0.045454545454545456,0.04368371212121213,8.161400543411396,8.171033344434154,8.213727591601355,8.105323911035603,0,0,0,0,0.1856060606060606,0.7765151515151515,65.9280303030303,4.071969696969697,0,0,0],"sd":[92.14898210510711,1046.1150354038414,372.22678858402656,715.43982371458,6.009615038496846,90.5903229941204,1034.189858153043,349.4783437039983,721.0333479011794,4.823382877495847,2.092881014589813,2.065526517231969,1,1,1,1,1142.8549545520366,1085.090207694311,7.384145439999819,5.237977760252158,5.202947595172714,7.0363008175595265,1,1,1,1,1,1,1,1,1,1,1,1,1,1,1,1,1,1,94.12450601123147,92.61180274032532,94.79675599235016,91.70269940883043,74.98041375846472,67.04289824823736,2.373382864798529,1,1,0.08963104733673892,0.10734927022494868,0.097031655621776,0.09977247781972778,0.03928967884470403,0.047313401248106735,0.04243020456685731,0.04068776378523168,0.07743737509665012,0.10542985978310379,0.08963594100155167,0.0862595539461192,0.033645271242312355,0.04539215661911662,0.03841510421317719,0.0376878396352819,0.04802054844626156,0.05703893158780062,0.05272714449382612,0.049053001341824415,0.22896309515724456,0.14903269373413655,0.1998263134713631,0.03940134031404753,0.3151858864561037,0.181462720712174,0.20829889522526618,0.17426780092504285,1.0236444281072021,1.3856671321978957,1.1856534209740466,1.2200214336936284,1,1,1,1,0.3887884397360089,0.4165805696171548,1.9439421986800445,1.943942198680047,1,1,1]},"features":["off_1st_down_s2d","off_total_yds_s2d","off_rush_yds_s2d","off_pass_yds_s2d","off_turnovers_s2d","def_1st_down_s2d","def_total_yds_s2d","def_rush_yds_s2d","def_pass_yds_s2d","def_turnovers_s2d","wins_s2d","losses_s2d","home","sim_winrate_same_loc_s2d","sim_pointdiff_same_loc_s2d","sim_count_same_loc_s2d","off_total_yds_s2d_minus_opp","def_total_yds_s2d_minus_opp","off_turnovers_s2d_minus_opp","def_turnovers_s2d_minus_opp","elo_pre","elo_diff","rest_days","rest_diff","off_third_down_att_s2d","off_third_down_conv_s2d","off_third_down_pct_s2d","off_red_zone_att_s2d","off_red_zone_td_s2d","off_red_zone_td_pct_s2d","off_dropbacks_s2d","off_sacks_taken_s2d","off_sack_rate_s2d","off_pass_att_s2d","off_rush_att_s2d","off_neutral_pass_rate_s2d","off_third_down_pct_s2d_minus_opp","off_red_zone_td_pct_s2d_minus_opp","off_sack_rate_s2d_minus_opp","off_neutral_pass_rate_s2d_minus_opp","off_yds_for_3g","off_yds_for_5g","def_yds_against_3g","def_yds_against_5g","net_yds_3g","net_yds_5g","qb_ypa_3g","qb_sack_rate_3g","qb_qbr","off_epa_per_play_s2d","off_epa_per_play_w3","off_epa_per_play_w5","off_epa_per_play_exp","off_success_rate_s2d","off_success_rate_w3","off_success_rate_w5","off_success_rate_exp","def_epa_per_play_allowed_s2d","def_epa_per_play_allowed_w3","def_epa_per_play_allowed_w5","def_epa_per_play_allowed_exp","def_success_rate_allowed_s2d","def_success_rate_allowed_w3","def_success_rate_allowed_w5","def_success_rate_allowed_exp","rb_rush_share_s2d","rb_rush_share_w3","rb_rush_share_w5","rb_rush_share_exp","wr_target_share_s2d","wr_target_share_w3","wr_target_share_w5","wr_target_share_exp","te_target_share_s2d","te_target_share_w3","te_target_share_w5","te_target_share_exp","qb_aypa_s2d","qb_aypa_w3","qb_aypa_w5","qb_aypa_exp","qb_sack_rate_s2d","qb_sack_rate_w3","qb_sack_rate_w5","qb_sack_rate_exp","roof_dome","roof_outdoor","weather_temp_f","weather_wind_mph","weather_precip_pct","weather_impact_score","weather_extreme_flag"]},"decision_tree":{"params":{"depth":6,"minSamples":14},"alpha":2},"bt":{"coefficients":[0.3118979064023632,-0.012637283548298173,0.0589800848851521,0.003288320288958565,-0.027514557851494204,-0.0045889541763477005,-0.004042906161589825,0.002598642512101483,-0.0045918518467165425,0.000178680303532785],"intercept":0.10475538447371233,"scaler":{"mu":[-0.29756831028019093,7.134969158996924,0.4070411336677515,0,0.004148186639261695,0,0,0,0,0],"sd":[52.42509456482427,506.4218087060659,15.174999981340813,1,0.09456966625890709,1,1,1,1,1]},"features":["diff_total_yards","diff_turnovers","diff_penalty_yards","diff_possession_seconds","diff_r_ratio","diff_elo_pre","diff_inj_out","diff_inj_skill_out","diff_inj_practice_dnp","diff_inj_out_trend"],"hyperparams":{"steps":1200,"learningRate":0.001,"l2":0.00001}},"ann":{"seeds":[1],"architecture":[92,128,64,32,1],"committee_size":1,"max_epochs":15,"dropout":0.5},"ensemble":{"weights":{"logistic":0.9,"tree":0,"bt":0,"ann":0.09999999999999998},"calibration":{"type":"platt","beta":0.023561500744107417,"source":"platt"},"calibration_beta":0.023561500744107417,"calibration_hash":"f503102560bbcc2285490cbc7c7a5976f2bacf54ff425ad173dac3d54c8f6266","oof_variance":{"ann":{"mean":0.5830855524664181,"var":0.013524985128060866}}},"pca":[{"component":1,"explained_variance":0.19457775304424615,"top_loadings":[{"feature":"off_total_yds_s2d","loading":0.27355993252710303},{"feature":"off_1st_down_s2d","loading":0.27341098440271566},{"feature":"off_pass_yds_s2d","loading":0.2706138734958225},{"feature":"def_1st_down_s2d","loading":0.2668647439380857},{"feature":"def_total_yds_s2d","loading":0.2638644562132071},{"feature":"def_pass_yds_s2d","loading":0.26339690971464363},{"feature":"off_rush_yds_s2d","loading":0.24868499364117008},{"feature":"def_rush_yds_s2d","loading":0.23740523668803987},{"feature":"wins_s2d","loading":0.22057067548917034},{"feature":"def_turnovers_s2d","loading":0.21746082797560556}]},{"component":2,"explained_variance":0.14282851491034976,"top_loadings":[{"feature":"off_epa_per_play_s2d",