{"season":2001,"week":19,"generated_at":"2025-11-07T00:09:01.124Z","feature_hash":"40d523a47989cf57049221b9bba05169993dd156","logistic":{"weights":[-0.7655526167626839,-0.32930561385578155,-0.22831423483861515,-0.38481893620784086,0.9219388069490447,0.5804145091091911,0.1341943707439454,0.5256068638940333,-0.06393888878026235,0.07431045043211246,2.6290839568674835,-2.5245192755918198,0,0,0,0,0.9270054136109607,-0.7554123549806807,-0.5377706757273623,0.1585327984860341,-3.3494594160738442,0.5556308741997708,0,0,0,0,0,0,0,0,0,0,0,0,0,0,0,0,0,0,-0.1427922412946297,-0.06910373276828129,-0.16457111241793387,0.016263054448456053,-0.018372251727253774,-0.29804170119296597,-0.39400946122468933,0,0,0.2321273626072848,0.7039050381541901,0.1995673801283177,0.25269808392426835,0.18926685269830687,0.2373227617618595,-0.16800653613204297,0.18356159710705902,-0.19597396422003432,-0.34698253354774594,-0.37664040921724457,-0.1217131813688135,-0.09159853069700986,0.1542209900871852,0.05517660367628777,-0.3398632118630831,-0.2569638139063234,0.2899448599065647,-0.017982892057152564,0.03279308880396867,-0.05670275468052123,-0.02320907108021069,0.01598187662197644,-0.01988656148401818,-0.1521172377483569,-0.2640463060092213,0.006443195250883224,-0.10772641541142128,-0.1554018919777827,0.46975068521012037,-0.44814701787296746,0.40929863258716825,0,0,0,0,0.06458538176308831,-0.06458538176308835,0.06458538176308926,-0.06458538176308841,0,0,0],"bias":0.4531114262273574,"scaler":{"mu":[164.19444444444446,1955.3968253968253,650.484126984127,1304.9126984126983,9.55952380952381,163.38492063492063,1943.0595238095239,638.6349206349206,1304.4246031746031,7.781746031746032,3.0238095238095237,2.8333333333333335,1,0,0,0,-12.090972481604243,-46.119392063618115,-0.33340205474790074,-0.04898978125670571,1450.1195345112158,0.017376935447016097,0,0,0,0,0,0,0,0,0,0,0,0,0,0,0,0,0,0,310.07473544973567,309.06170634920664,311.8333333333335,311.13882275132295,-1.7585978835978826,-2.0771164021163986,2.998590690481017,0,0,-0.008802203385995874,-0.008893079113641312,-0.005846498599352199,-0.015445446309414954,0.44925010415229916,0.449279978120372,0.4496264171916608,0.4455318827974191,-0.006382930518171533,-0.0035014956341960215,-0.005426037862746146,-0.010840333497961832,0.44835524282249434,0.44848786468669866,0.4477547374933703,0.4447563696582529,0.7893193421937701,0.7934337652728961,0.7918610598983047,0.7756312850317716,0.6013075807922957,0.6045880567372726,0.604312910058408,0.5893594113056929,0.15529089361026674,0.15444204565258648,0.15355923904387878,0.15352158863447143,3.0930810932573163,3.1220786634792357,3.1021921929789578,3.2578772705220906,0,0,0,0,0.19047619047619047,0.8095238095238095,65.95238095238095,4.0476190476190474,0,0,0],"sd":[114.81592362709169,1349.3432593000543,464.48763774837244,921.084708372406,7.092391167417047,111.73309436235691,1319.8196427217088,437.45478865121896,907.5742165801281,6.262446664141298,2.62456129581019,2.419333503916854,1,1,1,1,1464.4651794180782,1547.3524101742653,8.669189361339441,7.6722987644268015,4.793769449137538,6.831339446657328,1,1,1,1,1,1,1,1,1,1,1,1,1,1,1,1,1,1,105.53618260471055,101.37739703669992,102.74034496362744,98.80127587144675,112.9888264565596,104.03169074663606,2.24077828474058,1,1,0.08190365824193474,0.09999584793698466,0.08864781952792009,0.09349631883107917,0.033483529391779496,0.04143691507557116,0.03657269373823484,0.03569015150516589,0.0781838066516948,0.09841870403679256,0.08802330158895984,0.08996816847990721,0.028604622187714892,0.038855974414126165,0.032542697462056125,0.03108240445857495,0.13160888138400484,0.14121934219602947,0.13605884690707024,0.14598127933924004,0.10563926251619107,0.11213808371278017,0.10879854022050642,0.11820971938190743,0.07089906215458824,0.07260088837587221,0.07044313388943026,0.07476973877298325,1.5944730575328396,2.1842075982907083,1.9002040353701026,1.8608417891247964,1,1,1,1,0.3926767262493005,0.3926767262493005,1.9633836312465087,1.9633836312465087,1,1,1]},"features":["off_1st_down_s2d","off_total_yds_s2d","off_rush_yds_s2d","off_pass_yds_s2d","off_turnovers_s2d","def_1st_down_s2d","def_total_yds_s2d","def_rush_yds_s2d","def_pass_yds_s2d","def_turnovers_s2d","wins_s2d","losses_s2d","home","sim_winrate_same_loc_s2d","sim_pointdiff_same_loc_s2d","sim_count_same_loc_s2d","off_total_yds_s2d_minus_opp","def_total_yds_s2d_minus_opp","off_turnovers_s2d_minus_opp","def_turnovers_s2d_minus_opp","elo_pre","elo_diff","rest_days","rest_diff","off_third_down_att_s2d","off_third_down_conv_s2d","off_third_down_pct_s2d","off_red_zone_att_s2d","off_red_zone_td_s2d","off_red_zone_td_pct_s2d","off_dropbacks_s2d","off_sacks_taken_s2d","off_sack_rate_s2d","off_pass_att_s2d","off_rush_att_s2d","off_neutral_pass_rate_s2d","off_third_down_pct_s2d_minus_opp","off_red_zone_td_pct_s2d_minus_opp","off_sack_rate_s2d_minus_opp","off_neutral_pass_rate_s2d_minus_opp","off_yds_for_3g","off_yds_for_5g","def_yds_against_3g","def_yds_against_5g","net_yds_3g","net_yds_5g","qb_ypa_3g","qb_sack_rate_3g","qb_qbr","off_epa_per_play_s2d","off_epa_per_play_w3","off_epa_per_play_w5","off_epa_per_play_exp","off_success_rate_s2d","off_success_rate_w3","off_success_rate_w5","off_success_rate_exp","def_epa_per_play_allowed_s2d","def_epa_per_play_allowed_w3","def_epa_per_play_allowed_w5","def_epa_per_play_allowed_exp","def_success_rate_allowed_s2d","def_success_rate_allowed_w3","def_success_rate_allowed_w5","def_success_rate_allowed_exp","rb_rush_share_s2d","rb_rush_share_w3","rb_rush_share_w5","rb_rush_share_exp","wr_target_share_s2d","wr_target_share_w3","wr_target_share_w5","wr_target_share_exp","te_target_share_s2d","te_target_share_w3","te_target_share_w5","te_target_share_exp","qb_aypa_s2d","qb_aypa_w3","qb_aypa_w5","qb_aypa_exp","qb_sack_rate_s2d","qb_sack_rate_w3","qb_sack_rate_w5","qb_sack_rate_exp","roof_dome","roof_outdoor","weather_temp_f","weather_wind_mph","weather_precip_pct","weather_impact_score","weather_extreme_flag"]},"decision_tree":{"params":{"depth":6,"minSamples":14},"alpha":2},"bt":{"coefficients":[0.15028389646408405,-0.13517939402147766,-0.040990682792947555,0.0027165915085653734,-0.09651705611828762,0.003890940711745782,-0.003930433648220355,0.0002665866920425727,-0.0024205617822544807,-0.001084151916946139],"intercept":0.09271855144362914,"scaler":{"mu":[1.284138858251897,12.157576443423777,1.3366902558778393,0,0.00388822362766129,0,0,0,0,0],"sd":[75.35744702172038,671.7156627074612,17.626494142326692,1,0.08869564361063721,1,1,1,1,1]},"features":["diff_total_yards","diff_turnovers","diff_penalty_yards","diff_possession_seconds","diff_r_ratio","diff_elo_pre","diff_inj_out","diff_inj_skill_out","diff_inj_practice_dnp","diff_inj_out_trend"],"hyperparams":{"steps":1200,"learningRate":0.001,"l2":0.00001}},"ann":{"seeds":[1],"architecture":[92,128,64,32,1],"committee_size":1,"max_epochs":15,"dropout":0.5},"ensemble":{"weights":{"logistic":0.9,"tree":0,"bt":0,"ann":0.09999999999999998},"calibration":{"type":"platt","beta":0.032886777049397256,"source":"platt"},"calibration_beta":0.032886777049397256,"calibration_hash":"3400a360ec98c312f0e93ce0f5a68c4ed30294673fc335ef2dd0d27f574f94b7","oof_variance":{"ann":{"mean":0.5400321083958067,"var":0.03264488739551304}}},"pca":[{"component":1,"explained_variance":0.21572286161311768,"top_loadings":[{"feature":"off_total_yds_s2d","loading":0.24078839753291878},{"feature":"off_1st_down_s2d","loading":0.23884263933490354},{"feature":"off_pass_yds_s2d","loading":0.23606204607577816},{"feature":"off_rush_yds_s2d","loading":0.23137980761379445},{"feature":"def_pass_yds_s2d","loading":0.21679722967592827},{"feature":"def_total_yds_s2d","loading":0.21521177169684222},{"feature":"def_1st_down_s2d","loading":0.2145398122326395},{"feature":"off_turnovers_s2d","loading":0.20570200497595015},{"feature":"wins_s2d","loading":0.20114284942510716},{"feature":"def_rush_yds_s2d","loading":0.19952038476860376}]},{"component":2,"explained_variance":0.15487755490366364,