{"season":2012,"week":19,"generated_at":"2025-11-07T00:29:28.784Z","feature_hash":"d3f3a49a52f315d159fe574d4ff1f27e293c7d2c","logistic":{"weights":[-0.4914444409164531,-0.7631923931664635,-0.8188158424693273,-0.6294370340917597,1.3002330289193884,0.9671643788383362,0.11755371644876135,0.2511920116669444,-0.010773854705309019,-0.8579419792536167,3.1170809056571342,-2.8468708434233476,0,0,0,0,0.8345991107672898,-0.6942737508965396,-1.0119835403448867,0.5635509260535864,-3.6639813108226176,0.4135647035744178,0,0,0,0,0,0,0,0,0,0,0,0,0,0,0,0,0,0,-0.11261062802188249,-0.150114028804552,0.11342091284732614,0.1814794108002039,-0.1259898967092394,-0.37776635969209604,-0.017628539883802963,0,0,1.4674183371605691,1.0779901643712755,-0.2960150860899186,-0.634870734566252,0.4975324256505672,0.08015071529675677,-0.5638218957185184,0.13310389953864685,-1.6856939915056144,-0.7464272497899165,-0.09667029983219713,0.5108797052153925,-0.28171956639205115,0.4568106115674609,0.2668206457183022,0.17235809373434535,-0.43661368572658316,0.017457022985991173,-0.5789109861287997,0.6887582443764803,-0.3128469462932957,0.3764775141879239,-0.01903682801571401,-0.1552459846471529,0.36349553134418067,0.06334836835906184,-0.1340450629958222,-0.0972014159704537,0.41145130776097266,-0.49442831096774037,0.22340058608431992,-0.22050888443832975,0,0,0,0,0.025327636773859265,-0.20842505325910798,0.025327636773861052,-0.02532763677385887,0,0,0],"bias":0.7577323914209952,"scaler":{"mu":[157.4169884169884,1869.857142857143,589.942084942085,1279.915057915058,7.250965250965251,154.47104247104247,1837.142857142857,581.8301158301158,1255.3127413127413,5.783783783783784,2.718146718146718,2.386100386100386,1,0,0,0,102.04325484174596,90.72144858734336,0.3609053587601163,0.27924423711730756,1450.0450399915271,-0.1281087004349519,0,0,0,0,0,0,0,0,0,0,0,0,0,0,0,0,0,0,340.14800514800515,340.2674388674389,339.52316602316597,341.29716859716854,0.624839124839123,-1.0297297297297305,8.099063063582012,0,0,0.020737486505228605,0.011501167772672492,0.015294943902796444,0.015529698642172424,0.44286458273649465,0.4416019358691845,0.44248711169446703,0.4421158970807461,0.01922790903589096,0.01011342064740786,0.015049021225350978,0.014609154760425555,0.4434849077901869,0.44222444758314977,0.4434945142007436,0.44254359719699243,0.8444337907617786,0.8447508470263093,0.8436833304779824,0.8391717241076199,0.6007691738593794,0.6059887711252739,0.6041120543844224,0.606512237802325,0.22056658178781655,0.21727986888077522,0.21892585447456653,0.21798138986000146,8.485894286070113,8.589002104507873,8.580232209714449,8.545049725772897,0,0,0,0,0.15444015444015444,0.7335907335907336,65.77220077220078,4.227799227799228,0,0,0],"sd":[94.05541300347733,1097.5933830057886,357.36185943151236,786.5795708993916,5.150509686772903,88.10060353328288,1058.9551959384137,353.3172118938587,729.1762149068779,4.0726471957499335,2.0157916237462836,1.9702320986983144,1,1,1,1,1074.6248157288353,1077.9354642600733,6.530667134700297,4.787832391474388,4.374755626780903,5.983969521362474,1,1,1,1,1,1,1,1,1,1,1,1,1,1,1,1,1,1,101.7545560527279,99.03824193165016,102.81222496955068,98.77577950392391,75.27087555564367,62.75546256902372,2.4547820759422594,1,1,0.07010973061055528,0.09751701960809003,0.0835092780064587,0.08707569166013392,0.03345290331470733,0.04052169264884843,0.0355284795950634,0.03899048944902973,0.07062711960019635,0.08670380303908903,0.07773880510267844,0.08310959352105343,0.028354772956347304,0.03613926759665887,0.0320742960521136,0.03369085595076888,0.08053714799047515,0.09764546860220244,0.09387584779199656,0.0856341035227475,0.07480179376086614,0.08284465598599046,0.07798574602838534,0.08093601312457518,0.05490272010314974,0.06067501206910462,0.05638246400322118,0.05879191928389016,0.9920556819807204,1.2735897337511857,1.1342938228791126,1.0381768463333036,1,1,1,1,0.36137016082772394,0.4420807269951301,1.8068508041386244,1.8068508041386253,1,1,1]},"features":["off_1st_down_s2d","off_total_yds_s2d","off_rush_yds_s2d","off_pass_yds_s2d","off_turnovers_s2d","def_1st_down_s2d","def_total_yds_s2d","def_rush_yds_s2d","def_pass_yds_s2d","def_turnovers_s2d","wins_s2d","losses_s2d","home","sim_winrate_same_loc_s2d","sim_pointdiff_same_loc_s2d","sim_count_same_loc_s2d","off_total_yds_s2d_minus_opp","def_total_yds_s2d_minus_opp","off_turnovers_s2d_minus_opp","def_turnovers_s2d_minus_opp","elo_pre","elo_diff","rest_days","rest_diff","off_third_down_att_s2d","off_third_down_conv_s2d","off_third_down_pct_s2d","off_red_zone_att_s2d","off_red_zone_td_s2d","off_red_zone_td_pct_s2d","off_dropbacks_s2d","off_sacks_taken_s2d","off_sack_rate_s2d","off_pass_att_s2d","off_rush_att_s2d","off_neutral_pass_rate_s2d","off_third_down_pct_s2d_minus_opp","off_red_zone_td_pct_s2d_minus_opp","off_sack_rate_s2d_minus_opp","off_neutral_pass_rate_s2d_minus_opp","off_yds_for_3g","off_yds_for_5g","def_yds_against_3g","def_yds_against_5g","net_yds_3g","net_yds_5g","qb_ypa_3g","qb_sack_rate_3g","qb_qbr","off_epa_per_play_s2d","off_epa_per_play_w3","off_epa_per_play_w5","off_epa_per_play_exp","off_success_rate_s2d","off_success_rate_w3","off_success_rate_w5","off_success_rate_exp","def_epa_per_play_allowed_s2d","def_epa_per_play_allowed_w3","def_epa_per_play_allowed_w5","def_epa_per_play_allowed_exp","def_success_rate_allowed_s2d","def_success_rate_allowed_w3","def_success_rate_allowed_w5","def_success_rate_allowed_exp","rb_rush_share_s2d","rb_rush_share_w3","rb_rush_share_w5","rb_rush_share_exp","wr_target_share_s2d","wr_target_share_w3","wr_target_share_w5","wr_target_share_exp","te_target_share_s2d","te_target_share_w3","te_target_share_w5","te_target_share_exp","qb_aypa_s2d","qb_aypa_w3","qb_aypa_w5","qb_aypa_exp","qb_sack_rate_s2d","qb_sack_rate_w3","qb_sack_rate_w5","qb_sack_rate_exp","roof_dome","roof_outdoor","weather_temp_f","weather_wind_mph","weather_precip_pct","weather_impact_score","weather_extreme_flag"]},"decision_tree":{"params":{"depth":6,"minSamples":14},"alpha":2},"bt":{"coefficients":[0.09087295745928058,-0.31650091684471576,0.13097162775845628,0.0037535367817016817,0.13278860358066846,-0.0001544915365074099,-0.0015194694096876675,0.0028653828975908676,0.0029227198231402784,-0.003355917322993242],"intercept":0.20349847933934964,"scaler":{"mu":[-0.12678810791924752,-15.920773914897095,0.3882639890269257,0,-0.0007045309256298645,0,0,0,0,0],"sd":[55.376718998962154,487.1630195150364,13.91152393508104,1,0.0908516452975031,1,1,1,1,1]},"features":["diff_total_yards","diff_turnovers","diff_penalty_yards","diff_possession_seconds","diff_r_ratio","diff_elo_pre","diff_inj_out","diff_inj_skill_out","diff_inj_practice_dnp","diff_inj_out_trend"],"hyperparams":{"steps":1200,"learningRate":0.001,"l2":0.00001}},"ann":{"seeds":[1],"architecture":[92,128,64,32,1],"committee_size":1,"max_epochs":15,"dropout":0.5},"ensemble":{"weights":{"logistic":0.9,"tree":0,"bt":0,"ann":0.09999999999999998},"calibration":{"type":"platt","beta":0.046352980351688305,"source":"platt"},"calibration_beta":0.046352980351688305,"calibration_hash":"f1ff213779bd861fd2fa6c0e4eed9f55e608765ad50523aa362c38068a96db10","oof_variance":{"ann":{"mean":0.5268763600645315,"var":0.045401872674388534}}},"pca":[{"component":1,"explained_variance":0.1925429766738095,"top_loadings":[{"feature":"off_total_yds_s2d","loading":0.28083544567829727},{"feature":"def_total_yds_s2d","loading":0.28013300642957667},{"feature":"def_1st_down_s2d","loading":0.27800174603991523},{"feature":"def_pass_yds_s2d","loading":0.27797644355518836},{"feature":"off_1st_down_s2d","loading":0.2777181648106166},{"feature":"off_pass_yds_s2d","loading":0.27725684037597653},{"feature":"def_rush_yds_s2d","loading":0.2659210720700106},{"feature":"off_rush_yds_s2d","loading":0.2522892636095729},{"feature":"off_turnovers_s2d","loading":0.2318233472575334},{"feature":"def_turnovers_s2d","loading":0.2211345208886256}]},{"component":2,"explained_variance":0.1659131714111626,"top_loadings":[{"feature":"te_target_share_exp",