{"season":2018,"week":21,"generated_at":"2025-11-07T00:41:10.609Z","feature_hash":"550ee2ca83d1338df63c1aed1772004432b560ba","logistic":{"weights":[-0.5329643396791176,-0.5310898318770628,-0.22787988545139237,-0.5519690192253038,1.8052688002446304,0.5571335557915678,-0.10105173766181802,-0.12657840709319215,-0.11609598828499595,-0.6164910144690482,2.9135777916369796,-2.6412099078807127,0,0,0,0,1.0864779441285122,-0.9816208411510062,-1.159272516310484,0.38041963322778577,-3.623946171108745,0.15104363537967755,0,0,0,0,0,0,0,0,0,0,0,0,0,0,0,0,0,0,-0.26503245156272814,-0.015220136402412333,0.21809690787860886,0.21926545900431202,-0.49022981390695075,-0.1816922354600341,-0.021541232949645085,0,0,2.0141064522835195,1.0415226990959294,-0.07096508710831965,-0.23346136233959128,0.5017996560036013,0.19405543216227567,0.15160491891975336,-0.01258257033677221,-1.9168583089163567,-1.463826153338328,0.11608577972293473,0.903213245308626,-0.03513069842415223,0.13250447428034437,-0.16549700810340187,0.35787857774022547,-0.5382870964126524,0.7904443443326439,-0.6032881330583533,0.31385950791656997,-0.0032445376622535125,0.39469370282282207,0.2941135637801391,-0.3146778825509216,-0.14379870155404306,0.35318540033369006,-0.028165952194114927,-0.3720640646678504,0.18831961928459953,-0.23810366477841946,0.15244690208463205,0.15092215486317817,0,0,0,0,-0.030754699765623297,0.1869251879329563,-0.030754699765621576,0.03075469976562361,0,0,0,-0.07505348458867195,-0.09459776560005707,-0.04622317632072066,-0.2422530728276549,0.07883194632204801,-0.009414654254694737,0.23968029480471725,0.5308194468230998,0,-0.39770808208476277,0.006723833478951401,0.11133270919887482,0.6703808977038659,-0.16555265965223218,-0.5546670034728264,0.0013539587265860964,-0.34121934332492965,0.3332745851737811,-0.285434994638493,0.2272457317997497,0.06827792332095621,-0.07602696165408859,0.12517377264675544,0.06390066911013811,-0.12155383789467554,-0.3062693671269131,-0.3593555913838142,0.29116237035876136,-0.8527699241316958,0.07098562632637191,-0.5886164984278909,0.2688788485998421,0.09004878039704443,0.06649662796487356,-0.14503975345155792,-0.3073324850271305,-0.28234091600170824,-0.16084700047616063,0.09445145474011468,-0.32340865964271165,-0.39449830647967543],"bias":1.415824494764101,"scaler":{"mu":[157.33333333333334,1860.0757575757575,583.9621212121212,1276.1136363636363,6.356060606060606,155.75378787878788,1838.2878787878788,555.9545454545455,1282.3333333333333,5.193181818181818,2.617424242424242,2.3295454545454546,1,0,0,0,60.97507973178959,20.471875977113083,0.007669190856307288,0.23304801540740716,1450.287265205181,-0.056136021761221164,0,0,0,0,0,0,0,0,0,0,0,0,0,0,0,0,0,0,351.9785353535353,353.15460858585857,350.6250000000002,352.49482323232303,1.3535353535353523,0.6597853535353533,7.648882592144414,0,0,-0.001269933218083164,0.0002223980477387325,-0.001269843358434603,-0.012028524405666726,0.4329889840789223,0.43229468710841246,0.4332054589668208,0.4308002396180719,-0.005948130360129461,-0.004691389163767371,-0.0033420483836484383,-0.01775893562260041,0.4299076015756193,0.4301787415983097,0.43054655169119316,0.4277038163701679,0.8246307951078808,0.8226630550841381,0.8247456530876719,0.8250068485138629,0.5823792926799961,0.585124090317588,0.582390039206975,0.5812681053075892,0.19741642811729435,0.19782031067545391,0.19799772659511627,0.1972177206458721,8.093065805712365,8.100230406936802,8.07327117218059,8.127135038549858,0,0,0,0,0.09848484848484848,0.7575757575757576,65.49242424242425,4.507575757575758,0,0,0,0.011363636363636364,-0.5568181818181818,-0.6852272727272728,-0.0946969696969697,0.056818181818181816,-0.01893939393939394,0.045454545454545456,0.05303030303030303,0,-0.018196969696969705,-1.6818181818181819,-1.018939393939394,-0.7189393939393939,-0.007575757575757576,-4.091666666666666,0.3920454545454545,-1.803030303030303,0.12121212121212122,0.015151515151515152,0.007575757575757576,-0.030303030303030304,0.041666666666666664,0.022727272727272728,-0.12121212121212122,-0.07575757575757576,-0.028939393939393945,0.07575757575757576,-0.0038787878787878787,0.022727272727272728,0.027265151515151506,-0.05303030303030303,0.3787878787878788,-0.1590909090909091,-0.13636363636363635,-0.3484848484848485,-0.03340530303030303,-0.003787878787878788,-0.045454545454545456,-0.029034090909090905,-0.026515151515151516,3.6431818181818185],"sd":[93.64355910374269,1084.4786040976733,367.682698460256,763.7003631415495,4.792880730134706,91.96645872874805,1067.7327262482688,336.9077826267752,759.3571360703799,4.057889681091867,1.977486781633071,1.9426722706015516,1,1,1,1,1243.3741513456982,1221.5601493214403,5.958431613272722,5.328685481643705,4.562715324169513,5.921848671622716,1,1,1,1,1,1,1,1,1,1,1,1,1,1,1,1,1,1,103.37270023438033,101.10272585395172,101.03506486815587,98.42298204646237,73.07892777313428,65.60737635729382,2.3921006116212205,1,1,0.09501917131886563,0.10891974513675542,0.09858341588780005,0.1044779273038672,0.04170652865077552,0.04821559971961334,0.042680608897487954,0.045724263697499525,0.07476581367151561,0.10139484002917487,0.0834774152113855,0.08744528695690888,0.03367556379579403,0.04185938381241376,0.03570470154226003,0.040832950927696884,0.07141136127258033,0.08830636701324282,0.07770562365180328,0.07514346488102569,0.0861636795975908,0.09166205546721352,0.0882078163237083,0.09336555060043641,0.06595822162994894,0.07571365924373832,0.07070282837102145,0.06837944948181976,1.1190938855761117,1.333236452954581,1.2246856522622256,1.326638315801059,1,1,1,1,0.29796909756510837,0.4285495643554843,1.489845487825543,1.4898454878255423,1,1,1,2.0216310444514374,12.015322876037374,7.680142731264147,7.900094115223238,3.9906366390745256,0.447659329306097,0.3664662612862974,1.263199364884799,1,0.4625975399093812,13.646965575595457,12.381163188707994,7.4416888008333375,0.33701479423538167,37.7668847281677,13.848130999515865,11.530880406043407,9.658980985708444,1.8667133996511398,0.39879006631066183,0.32425658422776743,0.29220729116519445,0.6211659258507469,2.687034816767315,0.7499617376220961,0.2529300645218488,1.658866042599913,0.08688267343944533,3.856254088138712,0.206897696863453,2.3494499483257334,7.147822621451365,3.670788754837936,2.536917502250149,6.417288260114768,0.2412609208752525,0.22187400978193114,0.5346145080114333,0.3613109165016532,0.3631428153163525,39.27439348755655]},