{"season":2017,"week":4,"generated_at":"2025-11-07T00:37:47.614Z","feature_hash":"c3d87d6b004fac7c5f6d97493735279669a1094d","logistic":{"weights":[-0.26626042299804464,-0.5413658467723265,-0.26259964837959043,-0.5756890859840206,1.7218381262223215,0.7403594252317095,0.11127250033821637,0.02538076196530296,0.08489188667784749,-1.4010257232637533,2.8323635206806155,-2.2109576415418792,0,0,0,0,1.1146324484685224,-0.5350099022893676,-2.0282667280679014,0.8866094308633042,-3.0884611537793454,-0.08927323616450632,0,0,0,0,0,0,0,0,0,0,0,0,0,0,0,0,0,0,-0.40119636835653366,-0.07969827690662873,0.053052796052855976,0.052116915347620085,-0.4635148444511681,0.01660925101943878,0.23524591222109736,0,0,1.7345621859646165,1.0868038390990928,0.0512578176939838,-0.2789461759065534,0.10855511239046617,0.12224780411707674,0.14490461539720276,0.037413633105366884,-2.162753975380628,-0.9765356213797066,0.37947422401990294,0.2521494355337464,-0.16461089651058927,0.25449765952967135,-0.21267900242596346,-0.010911240743572423,-0.14853958580128776,0.5047483068049037,-0.3660078461588135,0.5341458444827663,0.010441097442862484,0.21155827667864888,0.15338970203584396,-0.11724673837769807,0.20036926174192918,0.5134971006296124,0.2794523338378103,-0.12886376678680111,-0.21925374947495935,-0.8082354558354905,-0.20740073687427374,0.2403801703774778,0,0,0,0,0.03996176046295969,0.04270600764003573,0.03996176046296064,-0.03996176046295939,0,0,0],"bias":0.8823652210812911,"scaler":{"mu":[59.42553191489362,691.3829787234042,206.2127659574468,485.17021276595744,2.234042553191489,57.829787234042556,670.5106382978723,197.5744680851064,472.93617021276594,2.106382978723404,1.0425531914893618,0.9574468085106383,1,0,0,0,31.311411266753847,-11.880189428374496,-0.24216966802780615,0.15397648473126427,1449.920595505362,-0.15880898927658332,0,0,0,0,0,0,0,0,0,0,0,0,0,0,0,0,0,0,216.74468085106383,216.74468085106383,220.64893617021278,220.64893617021278,-3.904255319148936,-3.904255319148936,5.139997241383785,0,0,-0.034427350740420984,-0.034427350740420984,-0.034427350740420984,-0.04791824423809621,0.41273252235332863,0.41273252235332863,0.41273252235332863,0.4057740633912822,-0.037150933602527324,-0.037150933602527324,-0.037150933602527324,-0.048774357323432785,0.41435540339946453,0.41435540339946453,0.41435540339946453,0.410611675097645,0.8193987057904585,0.8193987057904585,0.8193987057904585,0.821731547835318,0.5772859586631193,0.5772859586631193,0.5772859586631193,0.5762098281516833,0.21021352517547628,0.21021352517547628,0.21021352517547628,0.20291738722893823,8.13083110752408,8.13083110752408,8.13083110752408,8.125450546157332,0,0,0,0,0.10638297872340426,0.8085106382978723,65.53191489361703,4.468085106382978,0,0,0],"sd":[26.48302923539949,313.6569174080746,109.49301661792938,231.87949173479913,1.8008599122977726,27.86618415039395,316.95364264976394,110.94521260146898,237.18054925949318,1.9703552174962085,0.8240390098313656,0.8240390098313652,1,1,1,1,194.71663644951815,177.63784816723106,2.444324022498005,2.4872658041039912,1.1917865288163974,1.850436157069153,1,1,1,1,1,1,1,1,1,1,1,1,1,1,1,1,1,1,165.73838242204752,165.73838242204752,167.10026659049038,167.10026659049038,66.6605116367966,66.6605116367966,3.9607859111847272,1,1,0.13613888327760687,0.13613888327760687,0.13613888327760687,0.1482411720682676,0.04937566388043849,0.04937566388043849,0.04937566388043849,0.05156027198422807,0.12115154868701032,0.12115154868701032,0.12115154868701032,0.14452122440682932,0.04564749913737405,0.04564749913737405,0.04564749913737405,0.05022632390892469,0.1828892349376909,0.1828892349376909,0.1828892349376909,0.18238275743192528,0.11386231916786717,0.11386231916786717,0.11386231916786717,0.12003754278513151,0.08255810985282372,0.08255810985282372,0.08255810985282372,0.08696945071559116,1.9034733882790897,1.9034733882790897,1.9034733882790897,2.1183450659836707,1,1,1,1,0.3083271648125413,0.39347323423206243,1.5416358240627066,1.5416358240627055,1,1,1]},"features":["off_1st_down_s2d","off_total_yds_s2d","off_rush_yds_s2d","off_pass_yds_s2d","off_turnovers_s2d","def_1st_down_s2d","def_total_yds_s2d","def_rush_yds_s2d","def_pass_yds_s2d","def_turnovers_s2d","wins_s2d","losses_s2d","home","sim_winrate_same_loc_s2d","sim_pointdiff_same_loc_s2d","sim_count_same_loc_s2d","off_total_yds_s2d_minus_opp","def_total_yds_s2d_minus_opp","off_turnovers_s2d_minus_opp","def_turnovers_s2d_minus_opp","elo_pre","elo_diff","rest_days","rest_diff","off_third_down_att_s2d","off_third_down_conv_s2d","off_third_down_pct_s2d","off_red_zone_att_s2d","off_red_zone_td_s2d","off_red_zone_td_pct_s2d","off_dropbacks_s2d","off_sacks_taken_s2d","off_sack_rate_s2d","off_pass_att_s2d","off_rush_att_s2d","off_neutral_pass_rate_s2d","off_third_down_pct_s2d_minus_opp","off_red_zone_td_pct_s2d_minus_opp","off_sack_rate_s2d_minus_opp","off_neutral_pass_rate_s2d_minus_opp","off_yds_for_3g","off_yds_for_5g","def_yds_against_3g","def_yds_against_5g","net_yds_3g","net_yds_5g","qb_ypa_3g","qb_sack_rate_3g","qb_qbr","off_epa_per_play_s2d","off_epa_per_play_w3","off_epa_per_play_w5","off_epa_per_play_exp","off_success_rate_s2d","off_success_rate_w3","off_success_rate_w5","off_success_rate_exp","def_epa_per_play_allowed_s2d","def_epa_per_play_allowed_w3","def_epa_per_play_allowed_w5","def_epa_per_play_allowed_exp","def_success_rate_allowed_s2d","def_success_rate_allowed_w3","def_success_rate_allowed_w5","def_success_rate_allowed_exp","rb_rush_share_s2d","rb_rush_share_w3","rb_rush_share_w5","rb_rush_share_exp","wr_target_share_s2d","wr_target_share_w3","wr_target_share_w5","wr_target_share_exp","te_target_share_s2d","te_target_share_w3","te_target_share_w5","te_target_share_exp","qb_aypa_s2d","qb_aypa_w3","qb_aypa_w5","qb_aypa_exp","qb_sack_rate_s2d","qb_sack_rate_w3","qb_sack_rate_w5","qb_sack_rate_exp","roof_dome","roof_outdoor","weather_temp_f","weather_wind_mph","weather_precip_pct","weather_impact_score","weather_extreme_flag"]},"decision_tree":{"params":{"depth":6,"minSamples":8},"alpha":6},"bt":{"coefficients":[0.08083407009801431,-0.1645777850194895,0.13404780281115863,-0.0039406849713284646,0.03783356045105182,-0.003288111047464419,0.0014170438648546625,-0.0033984913056862996,0.003638435236086234,-0.001571299492652339],"intercept":0.07733984928499568,"scaler":{"mu":[-4.817698932876621,-29.19559418205505,-0.7361131238609651,0,0.0005818691332187182,0,0,0,0,0],"sd":[49.496870782199295,488.4728104092241,12.877234935554489,1,0.062103454638900824,1,1,1,1,1]},"features":["diff_total_yards","diff_turnovers","diff_penalty_yards","diff_possession_seconds","diff_r_ratio","diff_elo_pre","diff_inj_out","diff_inj_skill_out","diff_inj_practice_dnp","diff_inj_out_trend"],"hyperparams":{"steps":1200,"learningRate":0.001,"l2":0.00001}},"ann":{"seeds":[1],"architecture":[92,128,64,32,1],"committee_size":1,"max_epochs":15,"dropout":0.5},"ensemble":{"weights":{"logistic":0.9473684210526316,"tree":0,"bt":0,"ann":0.05263157894736841},"calibration":{"type":"platt","beta":0.34312739085700794,"source":"platt"},"calibration_beta":0.34312739085700794,"calibration_hash":"05d07316c410fdf89416cb83c29a177054367a8ab21da0d26421a6221e9ae083","oof_variance":{"ann":{"mean":0.5308174547935706,"var":0.025252667600184353}}},"pca":[{"component":1,"explained_variance":0.22321088620416718,"top_loadings":[{"feature":"off_total_yds_s2d","loading":-0.23958579208693442},{"feature":"def_1st_down_s2d","loading":-0.2383113193488426},{"feature":"def_total_yds_s2d","loading":-0.23658686374825105},{"feature":"off_pass_yds_s2d","loading":-0.23353302605586795},{"feature":"def_pass_yds_s2d","loading":-0.23347101893783315},{"feature":"off_1st_down_s2d","loading":-0.2302437260667074},{"feature":"off_yds_for_3g","loading":-0.22593423029845372},{"feature":"off_yds_for_5g","loading":-0.22593423029845372},{"feature":"def_yds_against_3g","loading":-0.21875281525227921},{"feature":"def_yds_against_5g","loading":-0.21875281525227921}]},{"component":2,"explained_variance":0.1584220849760558,