{"season":2014,"week":5,"generated_at":"2025-11-07T00:32:22.757Z","feature_hash":"169935dd5f313864cff37b58485197627652b22e","logistic":{"weights":[-0.2574573614572575,-0.7436851264889092,-0.7034323974758168,-0.693129646624216,1.6367845690846874,0.950399718386253,-0.0002694169250259566,0.48542683064395153,-0.30292752909270815,-0.6574225391173807,3.0324202752773854,-2.7686466598888715,0,0,0,0,1.0073455332002481,-0.791419678390239,-0.9895000253647924,1.0361593885655527,-3.4954112008067004,-0.3106986416784418,0,0,0,0,0,0,0,0,0,0,0,0,0,0,0,0,0,0,-0.16946911219456942,-0.22116324874804505,0.006061244278912197,0.2741449942866208,-0.04262435551767377,-0.6466884737778217,0.4337547350383861,0,0,2.030258393078761,1.182927633217188,-0.03882254485677769,0.08057158655776572,0.6049376807785812,-0.03083313066503689,-0.3952065472623632,0.39443499889379346,-2.0029282758924074,-1.1630079550971566,0.3080980056728874,0.5230615841770124,-0.7535434490019312,0.13699648495527028,0.303779895954547,-0.3732408129028271,-0.3247904859772613,-0.03618013818025494,-0.36562733926103136,0.7149996195507624,-0.4569113095489925,0.26298698681597427,-0.16927751473785072,-0.2600395039744703,0.33250060082429483,0.00745737802477192,-0.14208468237578092,-0.26103186584522775,0.37876372057000934,-0.3494064072394903,0.3296527933621129,-0.14651187082336492,0,0,0,0,0.010541214386487429,-0.06253605275171635,0.010541214386488366,-0.010541214386487165,0,0,0],"bias":1.3051741898712068,"scaler":{"mu":[77.9672131147541,904.9344262295082,287.1803278688525,617.7540983606557,3.1475409836065573,75,866.7868852459017,263.5081967213115,603.2786885245902,2.3934426229508197,1.2950819672131149,1.1311475409836065,1,0,0,0,39.621773888453944,-39.13590954022533,-0.16986846038460873,-0.03382868997914596,1449.9799494943222,0.08211309966739717,0,0,0,0,0,0,0,0,0,0,0,0,0,0,0,0,0,0,263.7213114754099,263.7213114754099,273.33333333333337,273.33333333333337,-9.612021857923493,-9.612021857923493,5.774947771384769,0,0,-0.0005857810074415291,0.003974131829507705,-0.0005857810074415291,-0.011308582757498622,0.4349690296700831,0.4353890633920172,0.4349690296700831,0.42933682962337805,-0.011927577455901808,-0.010454155668990519,-0.011927577455901808,-0.018490558703478564,0.4262131409760129,0.4271190374685073,0.4262131409760129,0.42402364167385376,0.8302077698957209,0.8303845211635177,0.8302077698957209,0.8236472863900155,0.5878328331069114,0.5864546221192198,0.5878328331069114,0.5850080070871664,0.22488008177420427,0.22394971653023288,0.22488008177420427,0.23168407429873036,8.196289438287303,8.185468724161579,8.196289438287303,8.148220601205484,0,0,0,0,0.11475409836065574,0.7704918032786885,65.57377049180327,4.426229508196721,0,0,0],"sd":[38.09090387227692,425.79406508782506,155.1931116644332,293.9376902710708,2.2892196793063837,35.447028130418616,409.91610956046065,139.76920354885985,293.7025444693802,1.935676172996887,0.9115697557021535,0.931689982844775,1,1,1,1,192.97737796530436,167.04107300530296,2.52877242718076,2.682542793465457,1.3277829105482266,2.0708685599452505,1,1,1,1,1,1,1,1,1,1,1,1,1,1,1,1,1,1,166.45636656015154,166.45636656015154,170.02649531019603,170.02649531019603,77.15634614099025,77.15634614099025,3.6139939015367157,1,1,0.09006684752130077,0.09585628651908323,0.09006684752130077,0.09801453595851232,0.04307628090423614,0.043176143677341176,0.04307628090423614,0.04982672683576545,0.09122553105236292,0.09248778616855328,0.09122553105236292,0.0976928593668838,0.04326024757305037,0.04517438091414196,0.04326024757305037,0.04922802083131286,0.08772808339069041,0.0893927695249598,0.08772808339069041,0.09266433994239387,0.09238482544992749,0.09398132968415607,0.09238482544992749,0.0892922347831211,0.07106314391906214,0.07128882975166448,0.07106314391906214,0.07161384247423745,1.2665449023169115,1.332453335021938,1.2665449023169115,1.3870139869871825,1,1,1,1,0.3187249523807142,0.42051656847149727,1.5936247619035726,1.5936247619035715,1,1,1]},"features":["off_1st_down_s2d","off_total_yds_s2d","off_rush_yds_s2d","off_pass_yds_s2d","off_turnovers_s2d","def_1st_down_s2d","def_total_yds_s2d","def_rush_yds_s2d","def_pass_yds_s2d","def_turnovers_s2d","wins_s2d","losses_s2d","home","sim_winrate_same_loc_s2d","sim_pointdiff_same_loc_s2d","sim_count_same_loc_s2d","off_total_yds_s2d_minus_opp","def_total_yds_s2d_minus_opp","off_turnovers_s2d_minus_opp","def_turnovers_s2d_minus_opp","elo_pre","elo_diff","rest_days","rest_diff","off_third_down_att_s2d","off_third_down_conv_s2d","off_third_down_pct_s2d","off_red_zone_att_s2d","off_red_zone_td_s2d","off_red_zone_td_pct_s2d","off_dropbacks_s2d","off_sacks_taken_s2d","off_sack_rate_s2d","off_pass_att_s2d","off_rush_att_s2d","off_neutral_pass_rate_s2d","off_third_down_pct_s2d_minus_opp","off_red_zone_td_pct_s2d_minus_opp","off_sack_rate_s2d_minus_opp","off_neutral_pass_rate_s2d_minus_opp","off_yds_for_3g","off_yds_for_5g","def_yds_against_3g","def_yds_against_5g","net_yds_3g","net_yds_5g","qb_ypa_3g","qb_sack_rate_3g","qb_qbr","off_epa_per_play_s2d","off_epa_per_play_w3","off_epa_per_play_w5","off_epa_per_play_exp","off_success_rate_s2d","off_success_rate_w3","off_success_rate_w5","off_success_rate_exp","def_epa_per_play_allowed_s2d","def_epa_per_play_allowed_w3","def_epa_per_play_allowed_w5","def_epa_per_play_allowed_exp","def_success_rate_allowed_s2d","def_success_rate_allowed_w3","def_success_rate_allowed_w5","def_success_rate_allowed_exp","rb_rush_share_s2d","rb_rush_share_w3","rb_rush_share_w5","rb_rush_share_exp","wr_target_share_s2d","wr_target_share_w3","wr_target_share_w5","wr_target_share_exp","te_target_share_s2d","te_target_share_w3","te_target_share_w5","te_target_share_exp","qb_aypa_s2d","qb_aypa_w3","qb_aypa_w5","qb_aypa_exp","qb_sack_rate_s2d","qb_sack_rate_w3","qb_sack_rate_w5","qb_sack_rate_exp","roof_dome","roof_outdoor","weather_temp_f","weather_wind_mph","weather_precip_pct","weather_impact_score","weather_extreme_flag"]},"decision_tree":{"params":{"depth":6,"minSamples":8},"alpha":6},"bt":{"coefficients":[0.10213704263907393,0.037608429131284836,-0.077645370026973,0.0008208023022841767,0.02380436505268001,-0.0037720143263999706,0.002146008716699412,0.0034428903899321895,0.004448170476268202,-0.004898092179717817],"intercept":0.09352118037493828,"scaler":{"mu":[-3.5054355794661904,-17.681576832631233,1.8253470988625535,0,-0.00393230911634017,0,0,0,0,0],"sd":[53.62110132751069,426.92853939734977,16.031133303846804,1,0.07922635142321367,1,1,1,1,1]},"features":["diff_total_yards","diff_turnovers","diff_penalty_yards","diff_possession_seconds","diff_r_ratio","diff_elo_pre","diff_inj_out","diff_inj_skill_out","diff_inj_practice_dnp","diff_inj_out_trend"],"hyperparams":{"steps":1200,"learningRate":0.001,"l2":0.00001}},"ann":{"seeds":[1],"architecture":[92,128,64,32,1],"committee_size":1,"max_epochs":15,"dropout":0.5},"ensemble":{"weights":{"logistic":0.9,"tree":0,"bt":0,"ann":0.09999999999999998},"calibration":{"type":"platt","beta":0.043974208835108046,"source":"platt"},"calibration_beta":0.043974208835108046,"calibration_hash":"563a492c8f599638df9dffe64c2530045f04f30233897d03547d3c65ad963595","oof_variance":{"ann":{"mean":0.5316052398746305,"var":0.030798492210816052}}},"pca":[{"component":1,"explained_variance":0.22037882652355176,"top_loadings":[{"feature":"def_1st_down_s2d","loading":-0.23534095730711244},{"feature":"def_total_yds_s2d","loading":-0.23531779558576132},{"feature":"def_pass_yds_s2d","loading":-0.23234299763356672},{"feature":"off_total_yds_s2d","loading":-0.2267920581179809},{"feature":"off_1st_down_s2d","loading":-0.2265194619693836},{"feature":"off_pass_yds_s2d","loading":-0.21772169385673426},{"feature":"off_rush_yds_s2d","loading":-0.2098682099496833},{"feature":"off_yds_for_3g","loading":-0.20954257280082775},{"feature":"off_yds_for_5g","loading":-0.20954257280082775},{"feature":"def_yds_against_3g","loading":-0.20808865748976824}]},{"component":2,"explained_variance":0.14804103138004399,"top_loadings":[{"feature":"wr_target_share_w3",