{"season":2012,"week":20,"generated_at":"2025-11-07T00:29:36.006Z","feature_hash":"93b4cd871e7fb5994b4258cab4bb901dae907cbf","logistic":{"weights":[-0.5135654582285085,-0.7757180226323299,-0.8243369240781644,-0.6444699579761505,1.3200794517089283,0.9447328923943642,0.1015571517989272,0.2641425314770249,-0.04025353357817333,-0.8901691987537746,3.078772968580972,-2.8130176407472134,0,0,0,0,0.7913430476423962,-0.7681102303088395,-1.073730908798789,0.4951447747830663,-3.6301795773658463,0.414365719050996,0,0,0,0,0,0,0,0,0,0,0,0,0,0,0,0,0,0,-0.0948933204644992,-0.16320795216461978,0.12478262150852495,0.19075739589901183,-0.1177709262498147,-0.4126918657304792,0.013529697557585206,0,0,1.4908367409788141,1.0436614715216872,-0.2872430781104219,-0.5980539625287307,0.5423385729374404,0.020389167377236984,-0.5511578440642633,0.1476966061319152,-1.6881513290506538,-0.7291490121912585,-0.026635844025859726,0.4982027750877635,-0.2941020940626185,0.4330906251958543,0.2712998333520715,0.17235193069721863,-0.413829380640188,0.017133355926088698,-0.6134461814675007,0.702711194119957,-0.3421968293341735,0.37718181948494234,-0.007542171671357457,-0.15206845690644413,0.4068374968219264,0.06901445087949801,-0.14909212222884408,-0.11057298346904965,0.3935978842322382,-0.4683089444340017,0.26111816510297636,-0.2145358302350782,0,0,0,0,0.030340283485231764,-0.21435236037559033,0.030340283485233547,-0.030340283485231382,0,0,0],"bias":0.7532252241084654,"scaler":{"mu":[155.6045627376426,1848.5817490494296,583.7718631178707,1264.809885931559,7.163498098859316,152.69961977186313,1816.0038022813687,574.7794676806084,1241.2243346007604,5.7072243346007605,2.688212927756654,2.3536121673003803,1,0,0,0,47.310417898396516,42.28139842615276,0.23031465180480035,0.11857055828619935,1450.201526081038,-0.09890894738519843,0,0,0,0,0,0,0,0,0,0,0,0,0,0,0,0,0,0,341.13814955640044,341.008618504436,339.6330798479087,341.3656527249683,1.5050697084917597,-0.35703422053232037,8.118295518394323,0,0,0.021856454195689292,0.012701201176402898,0.016699082614697356,0.016813793317174634,0.44351570366482723,0.44201159468786494,0.44308945455480486,0.4427561731442176,0.018554284134229028,0.009342474052162719,0.014382209593544682,0.013735147834545842,0.4432973565059665,0.44189653999574563,0.4432454369706087,0.4422970238253743,0.8447972930480203,0.8450412186308823,0.8438691074045201,0.839556050219405,0.6004972323819154,0.6060787833656265,0.6040133365778835,0.6063340214753964,0.22105112057386628,0.21744242604444927,0.21913533387827136,0.2183822236996814,8.485345315780927,8.590735287454098,8.589469434180254,8.546313086998707,0,0,0,0,0.155893536121673,0.7338403041825095,65.77946768060836,4.220532319391635,0,0,0],"sd":[94.46996172008514,1102.6198873322878,358.23558062192126,789.9942833077478,5.161266086069687,88.58836472626888,1064.5720556084966,355.1930402642881,732.4585137663537,4.088589460751877,2.0155606264938837,1.9733144305916464,1,1,1,1,1155.292751786252,1140.6085352076636,6.578242386890017,4.926521110778548,4.526772064752435,5.955279673208975,1,1,1,1,1,1,1,1,1,1,1,1,1,1,1,1,1,1,101.4208310479995,98.55567520437621,102.30519749584202,98.21245640863339,75.82839212627455,63.24947035979315,2.448188560102239,1,1,0.07028013485258455,0.09784102077290861,0.08374352861403263,0.08713295866723328,0.033657983451503816,0.040415128257854746,0.03560894283970776,0.039077761740200855,0.07032611300240127,0.08676873302658691,0.07756975916910622,0.08280352989406671,0.028248809331379462,0.03605365881341322,0.03213426025320318,0.03355859312916932,0.08037015720836248,0.09764069152147198,0.09368198713030111,0.08543958013625597,0.07429898093670503,0.08232954321615721,0.07758632319592272,0.08038786397769483,0.05469977244723101,0.06055768128338946,0.05621475383134781,0.05859012155188414,0.9849667434143743,1.2791867210833059,1.1347513073271596,1.0319221200777502,1,1,1,1,0.3627543818028303,0.4419487664196294,1.8137719090141489,1.813771909014148,1,1,1]},"features":["off_1st_down_s2d","off_total_yds_s2d","off_rush_yds_s2d","off_pass_yds_s2d","off_turnovers_s2d","def_1st_down_s2d","def_total_yds_s2d","def_rush_yds_s2d","def_pass_yds_s2d","def_turnovers_s2d","wins_s2d","losses_s2d","home","sim_winrate_same_loc_s2d","sim_pointdiff_same_loc_s2d","sim_count_same_loc_s2d","off_total_yds_s2d_minus_opp","def_total_yds_s2d_minus_opp","off_turnovers_s2d_minus_opp","def_turnovers_s2d_minus_opp","elo_pre","elo_diff","rest_days","rest_diff","off_third_down_att_s2d","off_third_down_conv_s2d","off_third_down_pct_s2d","off_red_zone_att_s2d","off_red_zone_td_s2d","off_red_zone_td_pct_s2d","off_dropbacks_s2d","off_sacks_taken_s2d","off_sack_rate_s2d","off_pass_att_s2d","off_rush_att_s2d","off_neutral_pass_rate_s2d","off_third_down_pct_s2d_minus_opp","off_red_zone_td_pct_s2d_minus_opp","off_sack_rate_s2d_minus_opp","off_neutral_pass_rate_s2d_minus_opp","off_yds_for_3g","off_yds_for_5g","def_yds_against_3g","def_yds_against_5g","net_yds_3g","net_yds_5g","qb_ypa_3g","qb_sack_rate_3g","qb_qbr","off_epa_per_play_s2d","off_epa_per_play_w3","off_epa_per_play_w5","off_epa_per_play_exp","off_success_rate_s2d","off_success_rate_w3","off_success_rate_w5","off_success_rate_exp","def_epa_per_play_allowed_s2d","def_epa_per_play_allowed_w3","def_epa_per_play_allowed_w5","def_epa_per_play_allowed_exp","def_success_rate_allowed_s2d","def_success_rate_allowed_w3","def_success_rate_allowed_w5","def_success_rate_allowed_exp","rb_rush_share_s2d","rb_rush_share_w3","rb_rush_share_w5","rb_rush_share_exp","wr_target_share_s2d","wr_target_share_w3","wr_target_share_w5","wr_target_share_exp","te_target_share_s2d","te_target_share_w3","te_target_share_w5","te_target_share_exp","qb_aypa_s2d","qb_aypa_w3","qb_aypa_w5","qb_aypa_exp","qb_sack_rate_s2d","qb_sack_rate_w3","qb_sack_rate_w5","qb_sack_rate_exp","roof_dome","roof_outdoor","weather_temp_f","weather_wind_mph","weather_precip_pct","weather_impact_score","weather_extreme_flag"]},"decision_tree":{"params":{"depth":6,"minSamples":14},"alpha":2},"bt":{"coefficients":[0.15653289762641961,-0.24135584724602496,0.04527097492160372,-0.0027460250646455914,0.08432967391015256,0.0012033400404734228,0.0033043301205530244,-0.0011221336741774623,-0.0019003112801546799,-0.0025574024855611957],"intercept":0.2713836702719827,"scaler":{"mu":[0.2639933931629508,-15.235247718025478,0.21030560136111695,0,-0.000056432635548085647,0,0,0,0,0],"sd":[55.092338502386596,484.043352806492,13.977230681832133,1,0.09163532903487162,1,1,1,1,1]},"features":["diff_total_yards","diff_turnovers","diff_penalty_yards","diff_possession_seconds","diff_r_ratio","diff_elo_pre","diff_inj_out","diff_inj_skill_out","diff_inj_practice_dnp","diff_inj_out_trend"],"hyperparams":{"steps":1200,"learningRate":0.001,"l2":0.00001}},"ann":{"seeds":[1],"architecture":[92,128,64,32,1],"committee_size":1,"max_epochs":15,"dropout":0.5},"ensemble":{"weights":{"logistic":0.9,"tree":0,"bt":0,"ann":0.09999999999999998},"calibration":{"type":"platt","beta":0.1174110932254569,"source":"platt"},"calibration_beta":0.1174110932254569,"calibration_hash":"8392d27d33a1dab72babc5c7323643f5ff8fd4cc8dfff01d990003c828f5d8f1","oof_variance":{"ann":{"mean":0.4904896679517838,"var":0.05487223347589289}}},"pca":[{"component":1,"explained_variance":0.19352565478811398,"top_loadings":[{"feature":"def_total_yds_s2d","loading":0.28027130949111856},{"feature":"def_1st_down_s2d","loading":0.27808568874927814},{"feature":"def_pass_yds_s2d","loading":0.2763934488574122},{"feature":"off_total_yds_s2d","loading":0.2737464840534228},{"feature":"off_pass_yds_s2d","loading":0.27098187249509353},{"feature":"def_rush_yds_s2d","loading":0.27005672531425595},{"feature":"off_1st_down_s2d","loading":0.2687264044626641},{"feature":"off_rush_yds_s2d","loading":0.24499014615208567},{"feature":"off_turnovers_s2d","loading":0.24130923332086648},{"feature":"def_turnovers_s2d","loading":0.22199850257064438}]},{"component":2,"explained_variance":0.16680742976830223,"top_loadings":[{"feature":"off_success_rate_s2d",