{"season":2008,"week":5,"generated_at":"2025-11-07T00:21:08.914Z","feature_hash":"311195485621a24dfcf1c4bb8711c2e5646f03c7","logistic":{"weights":[-0.4027922461351063,-0.31654523544015606,-0.030673093328965024,-0.44252002086066033,1.4559909878225505,0.9224451333878956,-0.04358474830970349,0.4446695814234634,-0.3288420737045315,-0.5229304999978568,2.7203741293830053,-2.588505609982483,0,0,0,0,0.8035564988245475,-1.0091410781617578,-0.7585444903455355,0.8636859821519568,-3.121509104512627,0.130311029600486,0,0,0,0,0,0,0,0,0,0,0,0,0,0,0,0,0,0,-0.33164768052921945,0.2808032147847497,0.3468888715377256,0.19404915094651484,-0.8786500911841445,0.18648266175552958,-0.43452204037333453,0,0,1.3591756964807702,1.0811784565664004,0.27160918797303857,0.09690136118958861,0.16552959195622882,-0.1711010941543546,-0.26065721770618017,0.5235235991073347,-1.8370793880015208,-0.8199568138017764,-0.17357592557842655,0.16202741529175682,-0.19892980789022466,-0.24875366145789468,0.8323884958454004,0.03657924161019969,-0.34506896090730566,0.4663673764240832,-0.00650147060427187,-0.02956505642439776,0.354021057373168,-0.22129754842169633,-0.16940590850916723,0.21056830301395288,-0.22008956232927995,-0.58957605559614,0.38600086128040745,0.30881085765802824,0.22146661478329058,-0.023593836657464437,0.14639050274486173,-0.3315466515586163,0,0,0,0,-0.0831261881106748,-0.1307813056149575,-0.08312618811067393,0.08312618811067479,0,0,0],"bias":0.8521076666678802,"scaler":{"mu":[64.85,806.2833333333333,287.18333333333334,519.1,3.0833333333333335,66.25,804.3166666666667,273.15,531.1666666666666,2.45,1.2833333333333334,1.1166666666666667,1,0,0,0,27.98222747090826,19.41805957401236,0.03428773489037692,0.24163239846991755,1449.9371230844868,-0.16756876970778573,0,0,0,0,0,0,0,0,0,0,0,0,0,0,0,0,0,0,241.9083333333333,241.9083333333333,246.84166666666667,246.84166666666667,-4.933333333333332,-4.933333333333332,6.174642166805809,0,0,0.0017655433816529506,0.0021257741544971334,0.0017655433816529506,-0.00032556690424226516,0.437025103293612,0.4383892978045619,0.437025103293612,0.43060306255814507,-0.0073474052069836355,-0.00653785480365191,-0.0073474052069836355,-0.011564428819450738,0.4381397387519201,0.4393815541574614,0.4381397387519201,0.43137599055126075,0.8734295937933251,0.872483773119093,0.8734295937933251,0.875827126547817,0.03333333333333333,0.016666666666666666,0.03333333333333333,0.03333333333333333,0.016666666666666666,0.016666666666666666,0.016666666666666666,0.0025000000000000005,8.298916707007521,8.301102559852021,8.298916707007521,8.30383209320841,0,0,0,0,0.15,0.8166666666666667,65.75,4.25,0,0,0],"sd":[32.86225037942472,398.52574536938295,155.69430429173985,282.0456050594182,2.32588095615881,35.41592156078958,408.78036040831944,160.23605763581014,284.73193045779436,2.2017038856304,1.0502645169458766,1.0180318702716966,1,1,1,1,238.9111413093762,257.8265304932787,2.0600324509607737,2.654347541954459,1.6479347111421454,2.4874074468057423,1,1,1,1,1,1,1,1,1,1,1,1,1,1,1,1,1,1,158.2135436475605,158.2135436475605,161.2135500721073,161.2135500721073,100.25966841712129,100.25966841712129,3.965081160267944,1,1,0.12248258084186504,0.1235903599529925,0.12248258084186504,0.1409798667133328,0.05032979838836606,0.051551282098775034,0.05032979838836606,0.05549056552448183,0.13742613989437283,0.1399074524512395,0.13742613989437283,0.14325698770121703,0.05600818607123074,0.05788147089293488,0.05600818607123074,0.05745681147321725,0.09326645510247893,0.09325475516000287,0.09326645510247893,0.09918787435089003,0.17950549357115003,0.12801909579781026,0.17950549357115003,0.17950549357115003,0.12801909579781015,0.12801909579781015,0.12801909579781015,0.019202864369671523,1.282736829185885,1.302389470710802,1.282736829185885,1.4692148276444392,1,1,1,1,0.3570714214271425,0.38693955887479675,1.7853571071357126,1.7853571071357126,1,1,1]},"features":["off_1st_down_s2d","off_total_yds_s2d","off_rush_yds_s2d","off_pass_yds_s2d","off_turnovers_s2d","def_1st_down_s2d","def_total_yds_s2d","def_rush_yds_s2d","def_pass_yds_s2d","def_turnovers_s2d","wins_s2d","losses_s2d","home","sim_winrate_same_loc_s2d","sim_pointdiff_same_loc_s2d","sim_count_same_loc_s2d","off_total_yds_s2d_minus_opp","def_total_yds_s2d_minus_opp","off_turnovers_s2d_minus_opp","def_turnovers_s2d_minus_opp","elo_pre","elo_diff","rest_days","rest_diff","off_third_down_att_s2d","off_third_down_conv_s2d","off_third_down_pct_s2d","off_red_zone_att_s2d","off_red_zone_td_s2d","off_red_zone_td_pct_s2d","off_dropbacks_s2d","off_sacks_taken_s2d","off_sack_rate_s2d","off_pass_att_s2d","off_rush_att_s2d","off_neutral_pass_rate_s2d","off_third_down_pct_s2d_minus_opp","off_red_zone_td_pct_s2d_minus_opp","off_sack_rate_s2d_minus_opp","off_neutral_pass_rate_s2d_minus_opp","off_yds_for_3g","off_yds_for_5g","def_yds_against_3g","def_yds_against_5g","net_yds_3g","net_yds_5g","qb_ypa_3g","qb_sack_rate_3g","qb_qbr","off_epa_per_play_s2d","off_epa_per_play_w3","off_epa_per_play_w5","off_epa_per_play_exp","off_success_rate_s2d","off_success_rate_w3","off_success_rate_w5","off_success_rate_exp","def_epa_per_play_allowed_s2d","def_epa_per_play_allowed_w3","def_epa_per_play_allowed_w5","def_epa_per_play_allowed_exp","def_success_rate_allowed_s2d","def_success_rate_allowed_w3","def_success_rate_allowed_w5","def_success_rate_allowed_exp","rb_rush_share_s2d","rb_rush_share_w3","rb_rush_share_w5","rb_rush_share_exp","wr_target_share_s2d","wr_target_share_w3","wr_target_share_w5","wr_target_share_exp","te_target_share_s2d","te_target_share_w3","te_target_share_w5","te_target_share_exp","qb_aypa_s2d","qb_aypa_w3","qb_aypa_w5","qb_aypa_exp","qb_sack_rate_s2d","qb_sack_rate_w3","qb_sack_rate_w5","qb_sack_rate_exp","roof_dome","roof_outdoor","weather_temp_f","weather_wind_mph","weather_precip_pct","weather_impact_score","weather_extreme_flag"]},"decision_tree":{"params":{"depth":6,"minSamples":8},"alpha":6},"bt":{"coefficients":[0.04520338620690383,-0.10063213852567429,0.021985784836793372,0.002878105076360176,-0.07010278618795229,0.0000193634684510311,-0.00394297918884348,0.00416975435042083,0.0026780381796496513,-0.004597309326093493],"intercept":0.12103354855304209,"scaler":{"mu":[0.8279481424148656,-53.22081108817797,-0.3298935328517371,0,-0.010133227127041743,0,0,0,0,0],"sd":[48.27946846490685,417.20611380933525,13.571818133808685,1,0.0939564232142296,1,1,1,1,1]},"features":["diff_total_yards","diff_turnovers","diff_penalty_yards","diff_possession_seconds","diff_r_ratio","diff_elo_pre","diff_inj_out","diff_inj_skill_out","diff_inj_practice_dnp","diff_inj_out_trend"],"hyperparams":{"steps":1200,"learningRate":0.001,"l2":0.00001}},"ann":{"seeds":[1],"architecture":[92,128,64,32,1],"committee_size":1,"max_epochs":15,"dropout":0.5},"ensemble":{"weights":{"logistic":0.9,"tree":0,"bt":0,"ann":0.09999999999999998},"calibration":{"type":"platt","beta":0.44614546934937666,"source":"platt"},"calibration_beta":0.44614546934937666,"calibration_hash":"aff86db80ae83a1dece6a36263aeb493eb44a3348b0d2325fccb51a56053887b","oof_variance":{"ann":{"mean":0.4695369592836346,"var":0.031209533238859676}}},"pca":[{"component":1,"explained_variance":0.21081336879560772,"top_loadings":[{"feature":"def_total_yds_s2d","loading":-0.25835186616568945},{"feature":"def_pass_yds_s2d","loading":-0.2545044326890634},{"feature":"def_1st_down_s2d","loading":-0.2523647664365704},{"feature":"off_total_yds_s2d","loading":-0.24674438533790147},{"feature":"off_pass_yds_s2d","loading":-0.2437207118480964},{"feature":"off_1st_down_s2d","loading":-0.24207434737880384},{"feature":"def_yds_against_3g","loading":-0.21727988002955778},{"feature":"def_yds_against_5g","loading":-0.21727988002955778},{"feature":"off_yds_for_3g","loading":-0.21282946311374873},{"feature":"off_yds_for_5g","loading":-0.21282946311374873}]},{"component":2,"explained_variance":0.17590497309309408,"top_loadings":[{"feature":"net_yds_3g","loading":-0.2470138482638742},{"feature":"net_yds_5g","loading":-0.2470138482638742},{"feature":"wins_s2d",