{"season":2008,"week":20,"generated_at":"2025-11-07T00:22:14.668Z","feature_hash":"93b4cd871e7fb5994b4258cab4bb901dae907cbf","logistic":{"weights":[-0.30497106693285353,-0.35851932502238554,-0.04851050892553678,-0.4821255117652409,1.4004633819449162,0.7329328407355741,-0.22050211586164842,0.37259823679900744,-0.554686612981349,-0.7596580285975688,2.8057406783654786,-2.6167548000228207,0,0,0,0,1.0671462609081916,-1.049890202200021,-0.8242127895574939,1.055049264095609,-3.8140490951916806,-0.2721371762568063,0,0,0,0,0,0,0,0,0,0,0,0,0,0,0,0,0,0,-0.3281055228343852,0.22680623033684108,0.10760748384497515,0.14079229879568256,-0.5634990691439128,0.1956328228610581,-0.18060396858884492,0,0,1.3711541060941177,1.0716941083338984,0.16087691253673467,-0.14628308035355347,0.09413716515014141,-0.0015159945932101714,-0.5214488224286182,0.18749601246383324,-1.8901972830271667,-0.7425618785923641,-0.2036291788822109,-0.08726219538955426,-0.539121899463859,-0.20839158549813944,0.7003007586619603,-0.2529670788574342,-0.07952969162591389,0.610368695119858,0.07758414633153683,0.09588330840364696,0.07414899608078401,-0.12907063397522747,-0.13572263018565964,0.3346383497739501,-0.12605075392622878,-0.22089464991760732,0.04160472865085039,0.3895799375188805,0.046559605341035405,0.04244276950589331,0.12269652090685206,-0.040388659662607025,0,0,0,0,-0.1415793568439995,-0.04077371019677239,-0.14157935684399872,0.14157935684399964,0,0,0],"bias":0.8376992045771091,"scaler":{"mu":[150.2471482889734,1811.8859315589355,613.1368821292775,1198.7490494296578,7.418250950570342,149.8593155893536,1795.7984790874525,597.0912547528517,1198.7072243346008,5.840304182509506,2.688212927756654,2.6007604562737643,1,0,0,0,-41.102280081527866,-50.94469434107265,-0.22588857647389599,-0.24238626840467278,1450.0904892240196,-0.23847008248605714,0,0,0,0,0,0,0,0,0,0,0,0,0,0,0,0,0,0,319.30228136882135,318.3723700887198,318.99049429657805,318.8399239543727,0.3117870722433468,-0.467553865652724,7.767511225258277,0,0,0.008702744628601622,0.011283910938278234,0.008430601903796645,0.004577703820400599,0.44972794093640406,0.4545489728479104,0.45247905087527174,0.4460685063692224,0.004169048303827583,0.007170429725831969,0.004408716599621708,0.00044378396861619756,0.4493710163214598,0.4537563247113439,0.45188029232564453,0.4452095837612465,0.8714804083696086,0.8618014789860504,0.8644552278268262,0.8699651414456621,0.0817490494296578,0.022813688212927757,0.045627376425855515,0.042519011406844116,0.09695817490494296,0.039923954372623575,0.058935361216730035,0.015798479087452466,8.26636346486911,8.233026581012059,8.259851187246081,8.248179635346592,0,0,0,0,0.155893536121673,0.8022813688212928,65.77946768060836,4.220532319391635,0,0,0],"sd":[99.03056591863103,1159.562367588218,414.2309704170323,794.2556154357286,5.642718783336829,96.58137085633939,1141.8406698322046,415.5087486319395,754.2826634197829,4.86443318112529,2.281045604480279,2.2513872765152025,1,1,1,1,1182.3097126428609,1143.358939037413,6.085448052721761,5.881273623009067,4.9573501530379165,6.6627525451850484,1,1,1,1,1,1,1,1,1,1,1,1,1,1,1,1,1,1,97.74427972803548,94.3217840655303,96.67631400686638,94.04761821460677,83.50218356659285,75.21835386098776,2.3559160812559226,1,1,0.0838448361677717,0.10630311865838141,0.09645054684046202,0.09591422384985014,0.03592170919434816,0.047065693545679216,0.04122434784137416,0.04019403486630004,0.0896984370332225,0.10916857462523175,0.09822318223163033,0.0978269072471405,0.036021984351459126,0.045423611524071136,0.04007505938469105,0.039296100368713595,0.07795282560665158,0.09898457841638032,0.09007593131802585,0.08503461401314592,0.27224175286829116,0.14930915525529917,0.20867563093554709,0.18416185542119876,0.29429019161677794,0.19333768876675592,0.23347679557673057,0.04887984100835858,0.9925916524975329,1.2585486984779737,1.1036656033160102,1.0610427433406309,1,1,1,1,0.3627543818028302,0.3982787642638325,1.813771909014149,1.8137719090141482,1,1,1]},"features":["off_1st_down_s2d","off_total_yds_s2d","off_rush_yds_s2d","off_pass_yds_s2d","off_turnovers_s2d","def_1st_down_s2d","def_total_yds_s2d","def_rush_yds_s2d","def_pass_yds_s2d","def_turnovers_s2d","wins_s2d","losses_s2d","home","sim_winrate_same_loc_s2d","sim_pointdiff_same_loc_s2d","sim_count_same_loc_s2d","off_total_yds_s2d_minus_opp","def_total_yds_s2d_minus_opp","off_turnovers_s2d_minus_opp","def_turnovers_s2d_minus_opp","elo_pre","elo_diff","rest_days","rest_diff","off_third_down_att_s2d","off_third_down_conv_s2d","off_third_down_pct_s2d","off_red_zone_att_s2d","off_red_zone_td_s2d","off_red_zone_td_pct_s2d","off_dropbacks_s2d","off_sacks_taken_s2d","off_sack_rate_s2d","off_pass_att_s2d","off_rush_att_s2d","off_neutral_pass_rate_s2d","off_third_down_pct_s2d_minus_opp","off_red_zone_td_pct_s2d_minus_opp","off_sack_rate_s2d_minus_opp","off_neutral_pass_rate_s2d_minus_opp","off_yds_for_3g","off_yds_for_5g","def_yds_against_3g","def_yds_against_5g","net_yds_3g","net_yds_5g","qb_ypa_3g","qb_sack_rate_3g","qb_qbr","off_epa_per_play_s2d","off_epa_per_play_w3","off_epa_per_play_w5","off_epa_per_play_exp","off_success_rate_s2d","off_success_rate_w3","off_success_rate_w5","off_success_rate_exp","def_epa_per_play_allowed_s2d","def_epa_per_play_allowed_w3","def_epa_per_play_allowed_w5","def_epa_per_play_allowed_exp","def_success_rate_allowed_s2d","def_success_rate_allowed_w3","def_success_rate_allowed_w5","def_success_rate_allowed_exp","rb_rush_share_s2d","rb_rush_share_w3","rb_rush_share_w5","rb_rush_share_exp","wr_target_share_s2d","wr_target_share_w3","wr_target_share_w5","wr_target_share_exp","te_target_share_s2d","te_target_share_w3","te_target_share_w5","te_target_share_exp","qb_aypa_s2d","qb_aypa_w3","qb_aypa_w5","qb_aypa_exp","qb_sack_rate_s2d","qb_sack_rate_w3","qb_sack_rate_w5","qb_sack_rate_exp","roof_dome","roof_outdoor","weather_temp_f","weather_wind_mph","weather_precip_pct","weather_impact_score","weather_extreme_flag"]},"decision_tree":{"params":{"depth":6,"minSamples":14},"alpha":2},"bt":{"coefficients":[0.19214471011280013,0.08164741574880947,0.08853637984569933,-0.0013150515641661348,0.10179612282597027,0.00335220766796036,0.0029728001269340165,0.004541480275847651,-0.004789240512837836,-0.002217530393924506],"intercept":-0.04047996793631054,"scaler":{"mu":[1.0527760645404745,-3.3676941759199974,-0.7598293619142888,0,0.0018273905823987793,0,0,0,0,0],"sd":[55.49020675717487,457.4473458204172,13.634143642177193,1,0.1022912273296307,1,1,1,1,1]},"features":["diff_total_yards","diff_turnovers","diff_penalty_yards","diff_possession_seconds","diff_r_ratio","diff_elo_pre","diff_inj_out","diff_inj_skill_out","diff_inj_practice_dnp","diff_inj_out_trend"],"hyperparams":{"steps":1200,"learningRate":0.001,"l2":0.00001}},"ann":{"seeds":[1],"architecture":[92,128,64,32,1],"committee_size":1,"max_epochs":15,"dropout":0.5},"ensemble":{"weights":{"logistic":0.9,"tree":0,"bt":0,"ann":0.09999999999999998},"calibration":{"type":"platt","beta":-0.051179763936130745,"source":"platt"},"calibration_beta":-0.051179763936130745,"calibration_hash":"86819cf9a2a31bd1c2a4822412dd0bfa8c58c3c629d2c2d749e64562f5a79733","oof_variance":{"ann":{"mean":0.5391242706193943,"var":0.054215538008212626}}},"pca":[{"component":1,"explained_variance":0.19360993112230987,"top_loadings":[{"feature":"off_total_yds_s2d","loading":0.2759354015040291},{"feature":"def_pass_yds_s2d","loading":0.27534241845410634},{"feature":"def_1st_down_s2d","loading":0.27420421320273014},{"feature":"off_1st_down_s2d","loading":0.27406380384651696},{"feature":"def_total_yds_s2d","loading":0.27354397845216655},{"feature":"off_pass_yds_s2d","loading":0.2727918219448848},{"feature":"def_rush_yds_s2d","loading":0.2518782749700584},{"feature":"off_rush_yds_s2d","loading":0.24937264092241168},{"feature":"off_turnovers_s2d","loading":0.24128425659203392},{"feature":"def_turnovers_s2d","loading":0.21831479180921778}]},{"component":2,"explained_variance":0.15162300869897255,"top_loadings":[{"feature":"net_yds_5g",