{"season":2000,"week":11,"generated_at":"2025-11-07T00:06:39.942Z","feature_hash":"1728f2321c4eec1f05df4aab77cf6ca78fde441f","logistic":{"weights":[-0.14435283338442711,0.1715219910914633,0.15178537897189118,0.1492014238722997,0.017316531783290994,-0.10173611095051041,-0.10883663419042737,0.21091715537727204,-0.2671382256565856,-0.1966827529765488,3.1064996029113168,-2.5892231235152363,0,0,0,0,0.7914785104350612,-0.6752170768451762,-0.9428881551070075,-0.12949867608701685,-2.381967884606557,-0.15442294986764238,0,0,0,0,0,0,0,0,0,0,0,0,0,0,0,0,0,0,0.031191178587184808,0.0701190728785915,-0.02455311343276201,0.23171065082159592,-0.07077953060981661,-0.40139201974700006,-0.5854025707909408,0,0,0,0,0,0,0,0,0,0,0,0,0,0,0,0,0,0,-0.10197797067063319,0.14119777144597223,0.03582942828395591,-0.23645489921277385,0.0033351367672537144,0.14318894361759624,-0.0956416194589409,-0.20265527920412818,-0.006171055123805016,-0.34986669426339156,-0.08339056689748778,-0.043886132635589666,-0.10703109955956279,0.556872879618508,-0.010532095753647231,-0.21776125987863376,0,0,0,0,0.07234976667558822,-0.07234976667558826,0.07234976667558914,-0.07234976667558829,0,0,0],"bias":0.26135324786246344,"scaler":{"mu":[108.9020979020979,1291.5874125874127,432.8111888111888,858.7762237762238,6.566433566433567,110.96503496503496,1323.8041958041958,439.6293706293706,884.1748251748252,4.909090909090909,1.8601398601398602,2.097902097902098,1,0,0,0,-10.864588181584496,41.457840798675065,0.4462056015077021,0.14576042180161505,1449.8008047315911,-0.40638473313232665,0,0,0,0,0,0,0,0,0,0,0,0,0,0,0,0,0,0,287.6317016317015,288.57855477855486,294.3251748251749,292.432167832168,-6.693473193473196,-3.8536130536130533,2.8598210300168816,0,0,0,0,0,0,0,0,0,0,0,0,0,0,0,0,0,0,0.7868537856038451,0.7926237999736813,0.7906463380285451,0.7767441355920538,0.6064230753147003,0.6010917782632189,0.6057368875626338,0.6052886900428049,0.15345758541789287,0.1579237912872832,0.155461423358225,0.15011350842120386,3.227705054586198,3.182946469869278,3.1706972598930143,3.441646202093213,0,0,0,0,0.1958041958041958,0.8041958041958042,65.97902097902097,4.020979020979021,0,0,0],"sd":[70.88465117232772,820.0879394144422,294.49824464432163,559.354228303858,5.037703218145948,74.10061319144687,896.5621305678759,322.9942232119256,596.5696146305927,3.8210112726321146,1.5264630656942384,1.9658435983954168,1,1,1,1,930.5215321719139,1083.9915354672023,6.063828896500257,4.555135915477011,3.1275308879325814,4.556206117098609,1,1,1,1,1,1,1,1,1,1,1,1,1,1,1,1,1,1,120.48702460252991,119.30053967600776,118.2752366145188,115.70868896425756,76.47722528260833,71.98439594843883,2.2496951702390224,1,1,1,1,1,1,1,1,1,1,1,1,1,1,1,1,1,1,0.12628231421900335,0.12790605133962799,0.12752517276666744,0.13774813851979947,0.08364715900259422,0.09516825788561355,0.08613457790462598,0.08464942958637198,0.07599628518899265,0.08352403193720666,0.07804068065075793,0.0817832867589033,1.7267006116778065,2.025789437508011,1.8206230100045426,2.056735048786133,1,1,1,1,0.3968184883667438,0.3968184883667438,1.9840924418337196,1.9840924418337227,1,1,1]},"features":["off_1st_down_s2d","off_total_yds_s2d","off_rush_yds_s2d","off_pass_yds_s2d","off_turnovers_s2d","def_1st_down_s2d","def_total_yds_s2d","def_rush_yds_s2d","def_pass_yds_s2d","def_turnovers_s2d","wins_s2d","losses_s2d","home","sim_winrate_same_loc_s2d","sim_pointdiff_same_loc_s2d","sim_count_same_loc_s2d","off_total_yds_s2d_minus_opp","def_total_yds_s2d_minus_opp","off_turnovers_s2d_minus_opp","def_turnovers_s2d_minus_opp","elo_pre","elo_diff","rest_days","rest_diff","off_third_down_att_s2d","off_third_down_conv_s2d","off_third_down_pct_s2d","off_red_zone_att_s2d","off_red_zone_td_s2d","off_red_zone_td_pct_s2d","off_dropbacks_s2d","off_sacks_taken_s2d","off_sack_rate_s2d","off_pass_att_s2d","off_rush_att_s2d","off_neutral_pass_rate_s2d","off_third_down_pct_s2d_minus_opp","off_red_zone_td_pct_s2d_minus_opp","off_sack_rate_s2d_minus_opp","off_neutral_pass_rate_s2d_minus_opp","off_yds_for_3g","off_yds_for_5g","def_yds_against_3g","def_yds_against_5g","net_yds_3g","net_yds_5g","qb_ypa_3g","qb_sack_rate_3g","qb_qbr","off_epa_per_play_s2d","off_epa_per_play_w3","off_epa_per_play_w5","off_epa_per_play_exp","off_success_rate_s2d","off_success_rate_w3","off_success_rate_w5","off_success_rate_exp","def_epa_per_play_allowed_s2d","def_epa_per_play_allowed_w3","def_epa_per_play_allowed_w5","def_epa_per_play_allowed_exp","def_success_rate_allowed_s2d","def_success_rate_allowed_w3","def_success_rate_allowed_w5","def_success_rate_allowed_exp","rb_rush_share_s2d","rb_rush_share_w3","rb_rush_share_w5","rb_rush_share_exp","wr_target_share_s2d","wr_target_share_w3","wr_target_share_w5","wr_target_share_exp","te_target_share_s2d","te_target_share_w3","te_target_share_w5","te_target_share_exp","qb_aypa_s2d","qb_aypa_w3","qb_aypa_w5","qb_aypa_exp","qb_sack_rate_s2d","qb_sack_rate_w3","qb_sack_rate_w5","qb_sack_rate_exp","roof_dome","roof_outdoor","weather_temp_f","weather_wind_mph","weather_precip_pct","weather_impact_score","weather_extreme_flag"]},"decision_tree":{"params":{"depth":6,"minSamples":8},"alpha":2},"bt":{"coefficients":[0.047540353346613766,-0.15032413952275578,0.007032916309463972,0.004284573872395067,-0.24955092495379433,-0.0033945559334222033,-0.002023331978063454,-0.004865189373271347,-0.003215309238485632,-0.0004248036015359683],"intercept":0.05127340763799136,"scaler":{"mu":[-5.5013390694273046,31.284926837868007,-0.8247375826787592,0,0.003405655588558077,0,0,0,0,0],"sd":[74.81907872048919,532.7846355901502,15.789196537893273,1,0.09171554742067196,1,1,1,1,1]},"features":["diff_total_yards","diff_turnovers","diff_penalty_yards","diff_possession_seconds","diff_r_ratio","diff_elo_pre","diff_inj_out","diff_inj_skill_out","diff_inj_practice_dnp","diff_inj_out_trend"],"hyperparams":{"steps":1200,"learningRate":0.001,"l2":0.00001}},"ann":{"seeds":[1],"architecture":[92,128,64,32,1],"committee_size":1,"max_epochs":15,"dropout":0.5},"ensemble":{"weights":{"logistic":0.9,"tree":0,"bt":0,"ann":0.09999999999999998},"calibration":{"type":"platt","beta":0.0553288443117435,"source":"platt"},"calibration_beta":0.0553288443117435,"calibration_hash":"07e5f6407e413618a178de273dac5da6f99f2935c102f1b5c4307a6767ddc1cd","oof_variance":{"ann":{"mean":0.5018176968307356,"var":0.018359255659212977}}},"pca":[{"component":1,"explained_variance":0.2763133216011101,"top_loadings":[{"feature":"def_total_yds_s2d","loading":0.2739316671010546},{"feature":"def_pass_yds_s2d","loading":0.2727518034839675},{"feature":"def_1st_down_s2d","loading":0.27185512552951546},{"feature":"off_total_yds_s2d","loading":0.2679821453932443},{"feature":"off_1st_down_s2d","loading":0.2671163108488385},{"feature":"off_pass_yds_s2d","loading":0.2650643245810154},{"feature":"def_rush_yds_s2d","loading":0.2566031056769743},{"feature":"off_turnovers_s2d","loading":0.2526236457181517},{"feature":"off_rush_yds_s2d","loading":0.24279966345764958},{"feature":"def_turnovers_s2d","loading":0.22283918383012266}]},{"component":2,"explained_variance":0.13938195854718208,"top_loadings":[{"feature":"wr_target_share_s2d","loading":-0.3291135654142544},{"feature":"wr_target_share_w5","loading":-0.32843598343633407},{"feature":"wr_target_share_exp","loading":-0.32770073784601755},{"feature":"wr_target_share_w3","loading":-0.32029076622726044},{"feature":"te_target_share_w5","loading":0.31595951287170027},{"feature":"te_target_share_w3","loading":0.3136201289947302},{"feature":"te_target_share_s2d","loading":0.3127541793622356},{"feature":"te_target_share_exp","loading":0.28622791531825764},{"feature":"qb_aypa_exp","loading":-0.17875493156710007},{"feature":"qb_aypa_s2d","loading":-0.16392057152573306}]},{"component":3,"explained_variance":0.11490710577944496,"top_loadings":[{"feature":"roof_outdoor","loading":-0.34111953190598127},{"feature":"roof_dome","loading":0.3411195319059811},{"feature":"weather_temp_f","loading":0.3411195319059811},{"feature":"weather_wind_mph",