{"season":2007,"week":17,"generated_at":"2025-11-07T00:19:58.006Z","feature_hash":"b6aba028be44c07b6d171db8652cf018cbd3bb6a","logistic":{"weights":[-0.4751286458127771,-0.4035667116945688,-0.14732658796296016,-0.4787525657747792,1.3961331275475712,0.8203974108096929,-0.09401502948810471,0.48030145583896594,-0.4242832363228943,-0.6480466276476212,2.7477567871091364,-2.6971443081514486,0,0,0,0,0.8890165453534,-0.9188111513433832,-0.921614288661981,0.9176514624091294,-3.169384035012308,0.5059471890724155,0,0,0,0,0,0,0,0,0,0,0,0,0,0,0,0,0,0,-0.29049747099602985,0.19512362690577167,0.4148977888782333,0.20759647326664835,-0.9328750374225677,0.03785018116509858,-0.7352960934402994,0,0,1.219529139993955,0.9497871154039585,0.28377825340221574,0.008549863035382984,0.11417127273179765,-0.1710072519858234,-0.2555511019549231,0.4045526344022811,-1.7836903530515889,-0.9242393635668403,-0.1443893492727885,0.1571386281904348,-0.19196566031460488,-0.29906873076170726,0.8862257206246822,0.09028117175391742,-0.2988019256080512,0.4133006040646031,-0.06958986344957153,0.053525683607739453,-0.04240875721342225,-0.175262366597353,-0.09148175576565298,0.024715589963849368,-0.19527596551716755,-0.4120579412667757,0.28622776532333716,0.2159795661106251,0.3676320002761974,0.12378579528374417,0.028610685707606116,-0.3364150433338806,0,0,0,0,-0.25679835959680614,-0.0764678158863599,-0.25679835959680536,0.256798359596806,0,0,0],"bias":0.5644266432881567,"scaler":{"mu":[137.89583333333334,1599.5125,518.7041666666667,1080.8083333333334,7.916666666666667,138.74166666666667,1605.0083333333334,506.075,1098.9333333333334,6.058333333333334,2.4583333333333335,2.2666666666666666,1,0,0,0,55.99020325091821,56.17069993803978,0.16109458012918682,0.27798348810030016,1449.9878508634704,-0.05554383969483657,0,0,0,0,0,0,0,0,0,0,0,0,0,0,0,0,0,0,316.4868055555556,316.1210416666668,315.12013888888885,315.17291666666677,1.3666666666666663,0.9481250000000018,7.675114983768944,0,0,-0.010406443747316887,-0.010457821274049376,-0.00956326225230601,-0.022054783447251657,0.44628422027227904,0.44897781087412875,0.44779884033818956,0.44128775221154787,-0.011452421214543446,-0.012293410685291632,-0.01364600619105896,-0.02329123918415148,0.44651162012521417,0.44769994655380196,0.4470684354817378,0.44105135560410685,0.8687983538449288,0.8697863102335975,0.8700812000861794,0.8685086810914734,0.052083333333333336,0.020833333333333332,0.0375,0.00928125,0.10625,0.025,0.0375,0.04138541666666667,8.169628820841435,8.207916721951083,8.244242706715799,8.103559542397038,0,0,0,0,0.19166666666666668,0.7666666666666667,65.95833333333333,4.041666666666667,0,0,0],"sd":[84.89038019296152,958.5082636630821,348.9952482713372,655.1399188447372,5.6525559607038725,84.56402858518244,961.1080930869442,318.36021690583954,679.8676431646253,4.4521452382219335,1.955316825705975,1.9610088106776966,1,1,1,1,1028.3197902423817,977.0228771729593,6.900698851617996,4.395244587021574,4.65552476288872,6.7907872861207865,1,1,1,1,1,1,1,1,1,1,1,1,1,1,1,1,1,1,97.92313896802474,96.22715827125538,98.1641672808549,95.30840177740593,75.13708182259151,67.83191866497224,2.4218521287692947,1,1,0.09099612497980392,0.10805692812132554,0.09876554631345781,0.10191415954248453,0.03997578520573692,0.04703804847802691,0.04324938369413875,0.04151051199754869,0.07988097207180829,0.10537395252824829,0.089846914577409,0.08880717400728003,0.034655176833874396,0.045344627627448425,0.0384229866669506,0.038748816412512516,0.04928986177413632,0.057523530401507685,0.05394002079218419,0.05037540515341864,0.21504804049844797,0.1428261375083549,0.1899835519196332,0.03812437243335951,0.3030444480600169,0.15612494995996065,0.1899835519196334,0.17102884867469917,1.0566645109598878,1.338290527554338,1.1730560822523424,1.2573515433495293,1,1,1,1,0.39361218928731795,0.42295258468165076,1.9680609464365855,1.968060946436595,1,1,1]},"features":["off_1st_down_s2d","off_total_yds_s2d","off_rush_yds_s2d","off_pass_yds_s2d","off_turnovers_s2d","def_1st_down_s2d","def_total_yds_s2d","def_rush_yds_s2d","def_pass_yds_s2d","def_turnovers_s2d","wins_s2d","losses_s2d","home","sim_winrate_same_loc_s2d","sim_pointdiff_same_loc_s2d","sim_count_same_loc_s2d","off_total_yds_s2d_minus_opp","def_total_yds_s2d_minus_opp","off_turnovers_s2d_minus_opp","def_turnovers_s2d_minus_opp","elo_pre","elo_diff","rest_days","rest_diff","off_third_down_att_s2d","off_third_down_conv_s2d","off_third_down_pct_s2d","off_red_zone_att_s2d","off_red_zone_td_s2d","off_red_zone_td_pct_s2d","off_dropbacks_s2d","off_sacks_taken_s2d","off_sack_rate_s2d","off_pass_att_s2d","off_rush_att_s2d","off_neutral_pass_rate_s2d","off_third_down_pct_s2d_minus_opp","off_red_zone_td_pct_s2d_minus_opp","off_sack_rate_s2d_minus_opp","off_neutral_pass_rate_s2d_minus_opp","off_yds_for_3g","off_yds_for_5g","def_yds_against_3g","def_yds_against_5g","net_yds_3g","net_yds_5g","qb_ypa_3g","qb_sack_rate_3g","qb_qbr","off_epa_per_play_s2d","off_epa_per_play_w3","off_epa_per_play_w5","off_epa_per_play_exp","off_success_rate_s2d","off_success_rate_w3","off_success_rate_w5","off_success_rate_exp","def_epa_per_play_allowed_s2d","def_epa_per_play_allowed_w3","def_epa_per_play_allowed_w5","def_epa_per_play_allowed_exp","def_success_rate_allowed_s2d","def_success_rate_allowed_w3","def_success_rate_allowed_w5","def_success_rate_allowed_exp","rb_rush_share_s2d","rb_rush_share_w3","rb_rush_share_w5","rb_rush_share_exp","wr_target_share_s2d","wr_target_share_w3","wr_target_share_w5","wr_target_share_exp","te_target_share_s2d","te_target_share_w3","te_target_share_w5","te_target_share_exp","qb_aypa_s2d","qb_aypa_w3","qb_aypa_w5","qb_aypa_exp","qb_sack_rate_s2d","qb_sack_rate_w3","qb_sack_rate_w5","qb_sack_rate_exp","roof_dome","roof_outdoor","weather_temp_f","weather_wind_mph","weather_precip_pct","weather_impact_score","weather_extreme_flag"]},"decision_tree":{"params":{"depth":6,"minSamples":13},"alpha":2},"bt":{"coefficients":[0.2934451502527394,-0.08721446980443075,-0.05417435617990327,-0.004150147552284248,0.010296894990754979,0.0013427533774938325,-0.0006509334914858598,0.00010211378970317814,0.00265565599730664,-0.0013922749224771459],"intercept":0.12125050681634336,"scaler":{"mu":[-1.0294401331382754,8.597600061824721,0.05348768984498427,0,0.001490314056675826,0,0,0,0,0],"sd":[53.171803383814456,519.4411694295217,15.158463233712286,1,0.09659679213648949,1,1,1,1,1]},"features":["diff_total_yards","diff_turnovers","diff_penalty_yards","diff_possession_seconds","diff_r_ratio","diff_elo_pre","diff_inj_out","diff_inj_skill_out","diff_inj_practice_dnp","diff_inj_out_trend"],"hyperparams":{"steps":1200,"learningRate":0.001,"l2":0.00001}},"ann":{"seeds":[1],"architecture":[92,128,64,32,1],"committee_size":1,"max_epochs":15,"dropout":0.5},"ensemble":{"weights":{"logistic":0.9,"tree":0,"bt":0,"ann":0.09999999999999998},"calibration":{"type":"platt","beta":0.07478879695632903,"source":"platt"},"calibration_beta":0.07478879695632903,"calibration_hash":"cf2b4282b95b01a061847f6147d00f4ec20bb37542b75c31c7e8c8619369ac8f","oof_variance":{"ann":{"mean":0.5548414971422385,"var":0.026922850873719102}}},"pca":[{"component":1,"explained_variance":0.20239838928912499,"top_loadings":[{"feature":"off_total_yds_s2d","loading":0.2666836866389436},{"feature":"off_1st_down_s2d","loading":0.2662413116198673},{"feature":"off_pass_yds_s2d","loading":0.2634279742937326},{"feature":"def_1st_down_s2d","loading":0.2570908745981599},{"feature":"def_total_yds_s2d","loading":0.2535117522095775},{"feature":"def_pass_yds_s2d","loading":0.25317006045712237},{"feature":"off_rush_yds_s2d","loading":0.23792970287886095},{"feature":"def_rush_yds_s2d","loading":0.22468279835229377},{"feature":"wins_s2d","loading":0.21460225607919642},{"feature":"def_turnovers_s2d","loading":0.20698696032308905}]},{"component":2,"explained_variance":0.14256318088620873,"top_loadings":[{"feature":"off_epa_per_play_s2d","loading":0.27228025492116903},{"feature":"off_epa_per_play_exp",