{"season":2016,"week":3,"generated_at":"2025-11-07T00:35:51.556Z","feature_hash":"8f4f67314b9d20bffd64b84b4ef0a94e1cc174d4","logistic":{"weights":[-0.28905091512962316,-0.5882478602132415,-0.29361104302811436,-0.621783616277217,2.080188410968347,1.131714762423453,0.2512037852882177,0.1275396354303996,0.2201384884719092,-1.464072169671018,2.989203340457564,-2.449839325888459,0,0,0,0,0.5360697661098118,-1.2172508466464036,-1.2952494761185562,0.8812902461291928,-2.8621695823269073,-0.06405415890327254,0,0,0,0,0,0,0,0,0,0,0,0,0,0,0,0,0,0,-0.4744545827615504,-0.20558024527369642,-0.13125412313052173,-0.08152849366263872,-0.2291647510728738,0.0432305294561604,0.0960291584223849,0,0,1.7423748201615692,0.8774203907743089,0.32420540675871445,-0.4637061584461851,-0.2464065166982887,-0.2595414670572797,-0.04248924617360436,-0.37960431952765805,-2.234780861947146,-0.7764612478260471,0.7320350337966516,0.26128551178435405,-0.5588349237906197,0.18946310086890308,0.287471434777467,-0.12536187648802813,-0.30160660594881067,0.5052463971838684,-0.34467818338497064,0.08325350027064192,0.06181805808508416,0.8956528750678111,0.27279712321412425,-0.13375128351886628,0.28305201956637466,0.2616165745495193,0.4000129260878343,-0.22661588722172965,0.10581389172548693,-0.3734544271788401,-0.0141206736147097,-0.17822439702034476,0,0,0,0,0.14838489542637578,0.4366421573238462,0.1483848954263765,-0.1483848954263753,0,0,0],"bias":0.5473341433489052,"scaler":{"mu":[47.9375,562.0625,159.96875,402.09375,1.65625,47.25,542.8125,148.65625,394.15625,1.1875,0.78125,0.71875,1,0,0,0,22.72760492308374,-17.09836471110378,-0.09684363169526522,0.09684353559654278,1450,0,0,0,0,0,0,0,0,0,0,0,0,0,0,0,0,0,0,0,172.875,172.875,189.03125,189.03125,-16.15625,-16.15625,3.8075119131074473,0,0,0.00004205076371015769,0.00004205076371015769,0.00004205076371015769,-4.95803098838829e-7,0.4368002113163012,0.4368002113163012,0.4368002113163012,0.43868658069766936,-0.0024755771325458593,-0.0024755771325458593,-0.0024755771325458593,0.007304551821107447,0.43140488100086916,0.43140488100086916,0.43140488100086916,0.43557266597419075,0.856445802926987,0.856445802926987,0.856445802926987,0.8518562450829185,0.6031182690443226,0.6031182690443226,0.6031182690443226,0.6008036848798055,0.2006242850726492,0.2006242850726492,0.2006242850726492,0.19670838528749177,8.044831869056623,8.044831869056623,8.044831869056623,7.699450857729247,0,0,0,0,0.125,0.71875,65.625,4.375,0,0,0],"sd":[16.320879074057256,205.69682446199795,84.38138286042425,144.6194055475872,1.3831434985206705,20.8611480987984,228.8027859178074,59.34307529895548,187.08823275646574,1.2103072956898178,0.7388494010960556,0.6724198372296879,1,1,1,1,105.22023785460034,121.07132099356184,2.090486226407867,1.3772362067295465,0.8838834764831844,1.3975424859373686,1,1,1,1,1,1,1,1,1,1,1,1,1,1,1,1,1,1,182.2451559712905,182.2451559712905,193.6991036980747,193.6991036980747,46.21154440112882,46.21154440112882,4.107905653917006,1,1,0.1041143608572763,0.1041143608572763,0.1041143608572763,0.12796350490363773,0.049895517353696704,0.049895517353696704,0.049895517353696704,0.05680799842746223,0.15393823631602613,0.15393823631602613,0.15393823631602613,0.15432048545302512,0.06550911197103886,0.06550911197103886,0.06550911197103886,0.06586729312816222,0.07613061384428396,0.07613061384428396,0.07613061384428396,0.0811768987319483,0.08076942268985288,0.08076942268985288,0.08076942268985288,0.08150579156094907,0.09539168015517913,0.09539168015517913,0.09539168015517913,0.09711928493274936,1.8821355624448737,1.8821355624448737,1.8821355624448737,1.9150587495720264,1,1,1,1,0.33071891388307384,0.4496092053105675,1.653594569415369,1.653594569415369,1,1,1]},"features":["off_1st_down_s2d","off_total_yds_s2d","off_rush_yds_s2d","off_pass_yds_s2d","off_turnovers_s2d","def_1st_down_s2d","def_total_yds_s2d","def_rush_yds_s2d","def_pass_yds_s2d","def_turnovers_s2d","wins_s2d","losses_s2d","home","sim_winrate_same_loc_s2d","sim_pointdiff_same_loc_s2d","sim_count_same_loc_s2d","off_total_yds_s2d_minus_opp","def_total_yds_s2d_minus_opp","off_turnovers_s2d_minus_opp","def_turnovers_s2d_minus_opp","elo_pre","elo_diff","rest_days","rest_diff","off_third_down_att_s2d","off_third_down_conv_s2d","off_third_down_pct_s2d","off_red_zone_att_s2d","off_red_zone_td_s2d","off_red_zone_td_pct_s2d","off_dropbacks_s2d","off_sacks_taken_s2d","off_sack_rate_s2d","off_pass_att_s2d","off_rush_att_s2d","off_neutral_pass_rate_s2d","off_third_down_pct_s2d_minus_opp","off_red_zone_td_pct_s2d_minus_opp","off_sack_rate_s2d_minus_opp","off_neutral_pass_rate_s2d_minus_opp","off_yds_for_3g","off_yds_for_5g","def_yds_against_3g","def_yds_against_5g","net_yds_3g","net_yds_5g","qb_ypa_3g","qb_sack_rate_3g","qb_qbr","off_epa_per_play_s2d","off_epa_per_play_w3","off_epa_per_play_w5","off_epa_per_play_exp","off_success_rate_s2d","off_success_rate_w3","off_success_rate_w5","off_success_rate_exp","def_epa_per_play_allowed_s2d","def_epa_per_play_allowed_w3","def_epa_per_play_allowed_w5","def_epa_per_play_allowed_exp","def_success_rate_allowed_s2d","def_success_rate_allowed_w3","def_success_rate_allowed_w5","def_success_rate_allowed_exp","rb_rush_share_s2d","rb_rush_share_w3","rb_rush_share_w5","rb_rush_share_exp","wr_target_share_s2d","wr_target_share_w3","wr_target_share_w5","wr_target_share_exp","te_target_share_s2d","te_target_share_w3","te_target_share_w5","te_target_share_exp","qb_aypa_s2d","qb_aypa_w3","qb_aypa_w5","qb_aypa_exp","qb_sack_rate_s2d","qb_sack_rate_w3","qb_sack_rate_w5","qb_sack_rate_exp","roof_dome","roof_outdoor","weather_temp_f","weather_wind_mph","weather_precip_pct","weather_impact_score","weather_extreme_flag"]},"decision_tree":{"params":{"depth":6,"minSamples":8},"alpha":6},"bt":{"coefficients":[-0.0008864537754594259,0.08088086114957599,-0.1188163516574564,-0.00483292027507898,-0.06635315139379157,0.0023440922298203714,-0.001843512611161635,0.0023831466792466893,0.0018782728423792261,0.0005318524220920627],"intercept":0.03240598082149878,"scaler":{"mu":[-1.3773860777863778,109.1069866378569,-0.89288691627967,0,-0.0010697761552734657,0,0,0,0,0],"sd":[36.71489393727572,372.8727454721995,10.63434110116277,1,0.06958408186375797,1,1,1,1,1]},"features":["diff_total_yards","diff_turnovers","diff_penalty_yards","diff_possession_seconds","diff_r_ratio","diff_elo_pre","diff_inj_out","diff_inj_skill_out","diff_inj_practice_dnp","diff_inj_out_trend"],"hyperparams":{"steps":1200,"learningRate":0.001,"l2":0.00001}},"ann":{"seeds":[1],"architecture":[92,128,64,32,1],"committee_size":1,"max_epochs":15,"dropout":0.5},"ensemble":{"weights":{"logistic":0.9350649350649352,"tree":0,"bt":0,"ann":0.06493506493506492},"calibration":{"type":"platt","beta":0.019277321659508694,"source":"platt"},"calibration_beta":0.019277321659508694,"calibration_hash":"9be0d59e777ff8240583f6f7165d077f447146ad690fe278d66d2366bad7c93e","oof_variance":{"ann":{"mean":0.48721607250481264,"var":0.00245587460597558}}},"pca":[{"component":1,"explained_variance":0.23312040764075453,"top_loadings":[{"feature":"def_total_yds_s2d","loading":-0.2475471156315251},{"feature":"def_1st_down_s2d","loading":-0.2462537233846896},{"feature":"def_pass_yds_s2d","loading":-0.24344783295843025},{"feature":"off_total_yds_s2d","loading":-0.23175897790417735},{"feature":"off_pass_yds_s2d","loading":-0.23133471671664843},{"feature":"off_1st_down_s2d","loading":-0.22799557180024482},{"feature":"off_yds_for_3g","loading":-0.22365772864845662},{"feature":"off_yds_for_5g","loading":-0.22365772864845662},{"feature":"def_yds_against_3g","loading":-0.2223568924066061},{"feature":"def_yds_against_5g","loading":-0.2223568924066061}]},{"component":2,"explained_variance":0.17529543806739725,"top_loadings":[{"feature":"off_success_rate_s2d","loading":-0.2347988863084311},{"feature":"off_success_rate_w3","loading":-0.2347988863084311},{"feature":"off_success_rate_w5","loading":-0.2347988863084311},{"feature":"off_epa_per_play_exp",