{"season":2013,"week":17,"generated_at":"2025-11-07T00:31:14.255Z","feature_hash":"6b7b436827ec2e04427231755f35411dd9e475ce","logistic":{"weights":[-0.3011450816441383,-0.7240491835188911,-0.718042732322891,-0.6345649766550747,1.7262942410988111,0.924395292694396,0.00925079717424983,0.44656046634764873,-0.2557815185766759,-0.6449709203500514,3.195367693247167,-2.8388919295653943,0,0,0,0,1.0545666717588824,-0.8277443174048161,-0.8913273423694665,0.8570570253278392,-3.4269770587513486,-0.15838568410274317,0,0,0,0,0,0,0,0,0,0,0,0,0,0,0,0,0,0,-0.1311720261492773,-0.23916741285284912,0.0626680861000687,0.2254155061373835,-0.050992239272057475,-0.5788275841862879,0.22993080873806723,0,0,1.8462801844829104,1.254459961779341,-0.004484819515008984,-0.09220497760077051,0.6374105589022765,0.11836793878236365,-0.3275929025370116,0.39901765788059124,-1.9664794040798121,-1.0827840246713072,0.1418017341841923,0.45596310325113315,-0.7411783365216669,0.1300945911384948,0.1969131021909366,-0.3006156339665726,-0.4189606514268648,-0.18788057913120523,-0.5681195220873193,0.6263453770986336,-0.4874327434395469,0.24125890891189297,-0.1690359086052665,-0.3177102137211437,0.4038998401920176,0.05003301429866159,-0.09836704505262835,-0.17043071737275242,0.3793256563410346,-0.31801807192820614,0.32216854702866105,-0.18790829469815945,0,0,0,0,-0.05485311966513366,-0.07069919036695965,-0.05485311966513272,0.054853119665133905,0,0,0],"bias":1.3614796384766006,"scaler":{"mu":[141.99163179916317,1699.958158995816,529.1506276150627,1170.807531380753,6.7866108786610875,141.82008368200837,1678.878661087866,500.5355648535565,1178.3430962343095,5.414225941422594,2.414225941422594,2.221757322175732,1,0,0,0,7.834277815071685,-2.485281022959125,-0.06340226829248032,0.30004471894675017,1449.7985680272302,-0.3932742842507536,0,0,0,0,0,0,0,0,0,0,0,0,0,0,0,0,0,0,340.49581589958166,340.92740585774027,341.4804741980474,343.26178521617857,-0.984658298465831,-2.334379358437939,7.80601816898465,0,0,0.004696895352507276,0.009539305944602932,0.007897229757681172,0.005844016989538102,0.43474824668742373,0.4366079162611438,0.4353915533646578,0.43375786715441467,0.004524085780746033,0.007896083610393434,0.005979435829503261,0.00517018224832716,0.43441533216282097,0.4353508738885958,0.4347096266981774,0.4331743042516956,0.8369968178015711,0.8384931522764933,0.837705143367544,0.8403444863454945,0.5985052849966357,0.5922617769206393,0.593642457520333,0.5958749204821858,0.2079332902932956,0.20981559526854196,0.20957476288618865,0.20691760828509867,8.45251982795034,8.404539298953523,8.436764259425843,8.270998338204942,0,0,0,0,0.15481171548117154,0.7322175732217573,65.77405857740585,4.2259414225941425,0,0,0],"sd":[84.37795978415946,1013.1288740353531,358.67087614553196,693.1759457930744,4.8913368704236015,86.08187363801188,1014.6176423521653,328.2320044345785,713.3441834948808,4.21790943071172,1.9683602246680048,1.8536934316647424,1,1,1,1,1224.650710436108,1246.783968719189,6.271885273288622,5.58066077594025,4.227467087281579,5.83560325934202,1,1,1,1,1,1,1,1,1,1,1,1,1,1,1,1,1,1,105.11119936372008,102.86238861280583,106.02724836814748,103.99032782721078,69.96989122587503,62.16018209510737,2.619838670193133,1,1,0.08030368758894682,0.09957387645849272,0.08455066796218882,0.07959223754834321,0.03477847843368422,0.04249136420268397,0.03663599374267943,0.03234540857462808,0.06767450096999832,0.08857999555736147,0.0778979747752602,0.06709101124298726,0.03241802354868804,0.03944546394123954,0.035506416659356194,0.03184199307999851,0.087618788009165,0.09766930007569255,0.09071532075338132,0.08648088580360103,0.08407057792596388,0.0882532076213874,0.08416574789215418,0.08501614031485553,0.05620390037219988,0.06442828106217185,0.058803612830258534,0.06089999909816949,1.4268172630679574,1.6173053339136152,1.4582507166028191,1.6568750753100727,1,1,1,1,0.36172510036068667,0.44280356670537024,1.8086255018034316,1.8086255018034307,1,1,1]},"features":["off_1st_down_s2d","off_total_yds_s2d","off_rush_yds_s2d","off_pass_yds_s2d","off_turnovers_s2d","def_1st_down_s2d","def_total_yds_s2d","def_rush_yds_s2d","def_pass_yds_s2d","def_turnovers_s2d","wins_s2d","losses_s2d","home","sim_winrate_same_loc_s2d","sim_pointdiff_same_loc_s2d","sim_count_same_loc_s2d","off_total_yds_s2d_minus_opp","def_total_yds_s2d_minus_opp","off_turnovers_s2d_minus_opp","def_turnovers_s2d_minus_opp","elo_pre","elo_diff","rest_days","rest_diff","off_third_down_att_s2d","off_third_down_conv_s2d","off_third_down_pct_s2d","off_red_zone_att_s2d","off_red_zone_td_s2d","off_red_zone_td_pct_s2d","off_dropbacks_s2d","off_sacks_taken_s2d","off_sack_rate_s2d","off_pass_att_s2d","off_rush_att_s2d","off_neutral_pass_rate_s2d","off_third_down_pct_s2d_minus_opp","off_red_zone_td_pct_s2d_minus_opp","off_sack_rate_s2d_minus_opp","off_neutral_pass_rate_s2d_minus_opp","off_yds_for_3g","off_yds_for_5g","def_yds_against_3g","def_yds_against_5g","net_yds_3g","net_yds_5g","qb_ypa_3g","qb_sack_rate_3g","qb_qbr","off_epa_per_play_s2d","off_epa_per_play_w3","off_epa_per_play_w5","off_epa_per_play_exp","off_success_rate_s2d","off_success_rate_w3","off_success_rate_w5","off_success_rate_exp","def_epa_per_play_allowed_s2d","def_epa_per_play_allowed_w3","def_epa_per_play_allowed_w5","def_epa_per_play_allowed_exp","def_success_rate_allowed_s2d","def_success_rate_allowed_w3","def_success_rate_allowed_w5","def_success_rate_allowed_exp","rb_rush_share_s2d","rb_rush_share_w3","rb_rush_share_w5","rb_rush_share_exp","wr_target_share_s2d","wr_target_share_w3","wr_target_share_w5","wr_target_share_exp","te_target_share_s2d","te_target_share_w3","te_target_share_w5","te_target_share_exp","qb_aypa_s2d","qb_aypa_w3","qb_aypa_w5","qb_aypa_exp","qb_sack_rate_s2d","qb_sack_rate_w3","qb_sack_rate_w5","qb_sack_rate_exp","roof_dome","roof_outdoor","weather_temp_f","weather_wind_mph","weather_precip_pct","weather_impact_score","weather_extreme_flag"]},"decision_tree":{"params":{"depth":6,"minSamples":13},"alpha":2},"bt":{"coefficients":[0.05971814926462414,-0.1322871386889489,-0.10058267755588436,0.0025056805462368554,-0.029168392645920548,0.0006648845863310557,-0.0006064988357915787,-0.0011361153277097357,0.0036748526257186563,-0.0021452556242531943],"intercept":0.175345963883349,"scaler":{"mu":[-1.7628635833029416,15.472209179026196,0.8381300228342865,0,-0.002681121754324568,0,0,0,0,0],"sd":[56.78788785010107,533.8863361854122,15.755185269636181,1,0.09739003386509475,1,1,1,1,1]},"features":["diff_total_yards","diff_turnovers","diff_penalty_yards","diff_possession_seconds","diff_r_ratio","diff_elo_pre","diff_inj_out","diff_inj_skill_out","diff_inj_practice_dnp","diff_inj_out_trend"],"hyperparams":{"steps":1200,"learningRate":0.001,"l2":0.00001}},"ann":{"seeds":[1],"architecture":[92,128,64,32,1],"committee_size":1,"max_epochs":15,"dropout":0.5},"ensemble":{"weights":{"logistic":0.9,"tree":0,"bt":0,"ann":0.09999999999999998},"calibration":{"type":"platt","beta":-0.06149049944350773,"source":"platt"},"calibration_beta":-0.06149049944350773,"calibration_hash":"13d955e3cbd7a623fea994a095bbf71f8e6959eb336481537cdcfdb293b6d1a3","oof_variance":{"ann":{"mean":0.5927153940821545,"var":0.049974460967883924}}},"pca":[{"component":1,"explained_variance":0.19830958547012764,"top_loadings":[{"feature":"off_total_yds_s2d","loading":0.2727282796028949},{"feature":"def_1st_down_s2d","loading":0.27206066945849067},{"feature":"off_1st_down_s2d","loading":0.2715034410024086},{"feature":"def_total_yds_s2d","loading":0.27104914695962035},{"feature":"off_pass_yds_s2d","loading":0.26950882156759404},{"feature":"def_pass_yds_s2d","loading":0.2689466543595917},{"feature":"def_rush_yds_s2d","loading":0.2533565093238432},{"feature":"off_rush_yds_s2d","loading":0.24950969954324922},{"feature":"def_turnovers_s2d","loading":0.2185981133174069},{"feature":"off_turnovers_s2d","loading":0.20908186229016995}]},{"component":2,"explained_variance":0.15378866866976468,"top_loadings":[{"feature":"off_success_rate_s2d",