{"season":2009,"week":10,"generated_at":"2025-11-07T00:23:16.367Z","feature_hash":"c891ff37fbb88efc450eeb9decd815c6729a1e95","logistic":{"weights":[-0.3667919392409544,-0.4735235807188497,-0.36324628562555533,-0.4815041717711445,1.0517355588796595,0.9539206142644517,-0.10922793682641713,0.3264098923919349,-0.3617479235506073,-0.8914230156606401,3.08087571948991,-2.9110111547165363,0,0,0,0,0.7808165638094832,-0.8854248213073929,-0.9084704566155676,1.0362514347674299,-3.6888879148831455,-0.44529332197283494,0,0,0,0,0,0,0,0,0,0,0,0,0,0,0,0,0,0,-0.45519777373756826,0.1343663144709028,0.053138771483678376,0.12504542022976847,-0.6776517762473345,0.08551063217424235,-0.29308396496271333,0,0,1.6089364051048807,1.2239574887520295,0.21229134072596947,-0.016247848844314298,0.18198225745317115,-0.02498111211574853,-0.5582161201188821,0.29993711958050145,-1.8862669805156793,-0.7890893962376706,-0.3878369430040233,0.1350491081814833,-0.36892815518396893,-0.12158441956073421,0.7215938785295888,0.09855141591798673,-0.14724970726131706,0.23754467319084052,-0.058087150504167524,0.11985911927627897,0.10530883323815682,0.1421208954207471,-0.06568175234312953,0.17606091910439725,-0.036593245036453115,-0.19927999225519338,0.04969869632661021,0.5440838528631922,0.0964506967788454,-0.0746696305295702,0.012120621769401273,-0.10039998136536157,0,0,0,0,0.19127256030846762,-0.1595247819927457,0.1912725603084688,-0.1912725603084674,0,0,0],"bias":0.7359522266870742,"scaler":{"mu":[96.92248062015504,1166.2945736434108,388.6511627906977,777.6434108527131,5.069767441860465,94.98449612403101,1144.6511627906978,380.5658914728682,764.0852713178294,4.108527131782946,1.7131782945736433,1.6589147286821706,1,0,0,0,12.071728306226943,-32.37145127530832,-0.09077386657077563,-0.008366881617743377,1450.0939645780065,0.05403170254919675,0,0,0,0,0,0,0,0,0,0,0,0,0,0,0,0,0,0,300.1175710594314,299.7507751937986,303.90956072351423,304.0651162790699,-3.791989664082692,-4.314341085271314,7.069257662596734,0,0,-0.011546701103623694,-0.009481308321719045,-0.01314665952837174,-0.025270747272611215,0.4406603650277247,0.44100128981364783,0.44016577428388076,0.43799952980401374,-0.01513829016427353,-0.012256508179241591,-0.01485035106507128,-0.03189129492954671,0.4357175609948483,0.43765125809228933,0.4363182344474805,0.4329618097128352,0.865383662723294,0.8618893352269323,0.8622221208785502,0.872086936996284,0.5707792134905064,0.5766955999763191,0.5728119090934927,0.5672908802135568,0.21520427727827157,0.21584923132985265,0.21471646556824803,0.21598819876335879,8.178185708034718,8.19698574401436,8.17915381908052,8.055461366188853,0,0,0,0,0.14728682170542637,0.7751937984496124,65.73643410852713,4.263565891472868,0,0,0],"sd":[57.76517719328925,696.2961523884934,262.7430923471963,465.70997393326684,4.013902287528148,59.1773034870796,726.2928878439857,278.0937281337104,477.5611496379611,2.9941553145609334,1.4370177907742627,1.704968225992359,1,1,1,1,814.7472172159861,916.627543171854,5.595962687042481,3.55488863492526,3.114648102394885,4.124642406535788,1,1,1,1,1,1,1,1,1,1,1,1,1,1,1,1,1,1,127.60724223205061,126.05374108326686,126.89247689441495,125.28802703237533,93.98856160134405,88.93724729658159,3.062977594143389,1,1,0.09632596572789368,0.10998364200329966,0.10154934237811293,0.10706364226354773,0.045035035787098436,0.05064580407967608,0.04683015050499682,0.04773194616373905,0.08391579433264815,0.09357233959402621,0.08552622839003142,0.10813261087415163,0.03477074700129626,0.041170914212767314,0.03540667310772012,0.04217836479563942,0.05626192027952483,0.06695460397906734,0.0616595391649077,0.061488189929128884,0.0736675834467821,0.08228841796488066,0.0749704141501873,0.07171460717239096,0.06827354103321392,0.07403595594927023,0.06901684141735479,0.06899196754618774,1.3161753764744704,1.449526492833982,1.3278904849601965,1.621900317257657,1,1,1,1,0.354391610873255,0.4174546362119774,1.7719580543662712,1.7719580543662719,1,1,1]},"features":["off_1st_down_s2d","off_total_yds_s2d","off_rush_yds_s2d","off_pass_yds_s2d","off_turnovers_s2d","def_1st_down_s2d","def_total_yds_s2d","def_rush_yds_s2d","def_pass_yds_s2d","def_turnovers_s2d","wins_s2d","losses_s2d","home","sim_winrate_same_loc_s2d","sim_pointdiff_same_loc_s2d","sim_count_same_loc_s2d","off_total_yds_s2d_minus_opp","def_total_yds_s2d_minus_opp","off_turnovers_s2d_minus_opp","def_turnovers_s2d_minus_opp","elo_pre","elo_diff","rest_days","rest_diff","off_third_down_att_s2d","off_third_down_conv_s2d","off_third_down_pct_s2d","off_red_zone_att_s2d","off_red_zone_td_s2d","off_red_zone_td_pct_s2d","off_dropbacks_s2d","off_sacks_taken_s2d","off_sack_rate_s2d","off_pass_att_s2d","off_rush_att_s2d","off_neutral_pass_rate_s2d","off_third_down_pct_s2d_minus_opp","off_red_zone_td_pct_s2d_minus_opp","off_sack_rate_s2d_minus_opp","off_neutral_pass_rate_s2d_minus_opp","off_yds_for_3g","off_yds_for_5g","def_yds_against_3g","def_yds_against_5g","net_yds_3g","net_yds_5g","qb_ypa_3g","qb_sack_rate_3g","qb_qbr","off_epa_per_play_s2d","off_epa_per_play_w3","off_epa_per_play_w5","off_epa_per_play_exp","off_success_rate_s2d","off_success_rate_w3","off_success_rate_w5","off_success_rate_exp","def_epa_per_play_allowed_s2d","def_epa_per_play_allowed_w3","def_epa_per_play_allowed_w5","def_epa_per_play_allowed_exp","def_success_rate_allowed_s2d","def_success_rate_allowed_w3","def_success_rate_allowed_w5","def_success_rate_allowed_exp","rb_rush_share_s2d","rb_rush_share_w3","rb_rush_share_w5","rb_rush_share_exp","wr_target_share_s2d","wr_target_share_w3","wr_target_share_w5","wr_target_share_exp","te_target_share_s2d","te_target_share_w3","te_target_share_w5","te_target_share_exp","qb_aypa_s2d","qb_aypa_w3","qb_aypa_w5","qb_aypa_exp","qb_sack_rate_s2d","qb_sack_rate_w3","qb_sack_rate_w5","qb_sack_rate_exp","roof_dome","roof_outdoor","weather_temp_f","weather_wind_mph","weather_precip_pct","weather_impact_score","weather_extreme_flag"]},"decision_tree":{"params":{"depth":6,"minSamples":8},"alpha":2},"bt":{"coefficients":[0.4569066984000429,0.4073929088713123,0.01350456495459059,-0.0041060961327916675,0.3658189623474441,0.0012750647761339926,0.004486609768436853,0.0010404096104229762,-0.0005473969932266526,-0.003638063631130229],"intercept":-0.2403122329116449,"scaler":{"mu":[1.8670310494658895,-19.378410644143408,-0.041104442593030976,0,0.00011343523196281784,0,0,0,0,0],"sd":[64.76385947913532,521.1148714176564,12.288190437327142,1,0.09533130758418835,1,1,1,1,1]},"features":["diff_total_yards","diff_turnovers","diff_penalty_yards","diff_possession_seconds","diff_r_ratio","diff_elo_pre","diff_inj_out","diff_inj_skill_out","diff_inj_practice_dnp","diff_inj_out_trend"],"hyperparams":{"steps":1200,"learningRate":0.001,"l2":0.00001}},"ann":{"seeds":[1],"architecture":[92,128,64,32,1],"committee_size":1,"max_epochs":15,"dropout":0.5},"ensemble":{"weights":{"logistic":0.9,"tree":0,"bt":0,"ann":0.09999999999999998},"calibration":{"type":"platt","beta":0.03098763395215291,"source":"platt"},"calibration_beta":0.03098763395215291,"calibration_hash":"09767ebf54ca2fc9f2af890f3afcb8316552e87eb161588c9dd2cfa92f19f529","oof_variance":{"ann":{"mean":0.4267296998029646,"var":0.04916386347069623}}},"pca":[{"component":1,"explained_variance":0.2043822969165451,"top_loadings":[{"feature":"losses_s2d","loading":0.24344300933857063},{"feature":"def_rush_yds_s2d","loading":0.2199335829225245},{"feature":"def_total_yds_s2d","loading":0.2139090005124087},{"feature":"def_1st_down_s2d","loading":0.20853808944600277},{"feature":"def_pass_yds_s2d","loading":0.19724895078391597},{"feature":"off_turnovers_s2d","loading":0.18958055107483263},{"feature":"net_yds_5g","loading":-0.16567371206468615},{"feature":"off_success_rate_w5","loading":-0.16562284683971634},{"feature":"off_success_rate_s2d","loading":-0.16411827366118953},{"feature":"def_total_yds_s2d_minus_opp","loading":0.15916350127838105}]},{"component":2,"explained_variance":0.1697395548224887,"top_loadings":[{"feature":"wins_s2d",