{
  "season": 2025,
  "week": 4,
  "generated_at": "2025-09-29T23:19:58.952Z",
  "logistic": {
    "weights": [
      0.2781978916808583,
      0.22192475297616987,
      0.3419793714557247,
      0.13281264416820282,
      -0.04895188516848409,
      -0.21648843730808795,
      -0.11491783551916283,
      -0.12674925582653088,
      -0.09544811717864743,
      0.3251915510187142,
      1.2549625600412955,
      -1.2290732850263186,
      0,
      0,
      0,
      0,
      0.1126714132906554,
      -0.24965469123715864,
      -0.538316904458594,
      0.5281240289836882,
      -0.5005184445721128,
      -0.3544501106300383,
      0,
      0
    ],
    "bias": 0.6225737623600858,
    "scaler": {
      "mu": [
        56.4375,
        674.3958333333334,
        221.95833333333334,
        452.4375,
        1.8333333333333333,
        55.375,
        664.25,
        222.22916666666666,
        442.0208333333333,
        1.5,
        1.0625,
        0.9375,
        1,
        0,
        0,
        0,
        11.875,
        -8.416666666666666,
        -0.22916666666666666,
        0.3125,
        1449.9475419034254,
        -0.10491619314908955,
        0,
        0
      ],
      "sd": [
        24.7738994457877,
        290.6184310786893,
        110.16785646104867,
        201.94078198096426,
        1.711886548681178,
        25.45553721688073,
        308.6278435807977,
        121.66385377741501,
        210.02028568522982,
        1.567907310185565,
        0.9444189130535947,
        0.8757437315409876,
        1,
        1,
        1,
        1,
        175.92193166761973,
        157.66153532876123,
        2.302531065057659,
        1.6349853465194524,
        1.3470548797695734,
        1.971741408321413,
        1,
        1
      ]
    },
    "features": [
      "off_1st_down_s2d",
      "off_total_yds_s2d",
      "off_rush_yds_s2d",
      "off_pass_yds_s2d",
      "off_turnovers_s2d",
      "def_1st_down_s2d",
      "def_total_yds_s2d",
      "def_rush_yds_s2d",
      "def_pass_yds_s2d",
      "def_turnovers_s2d",
      "wins_s2d",
      "losses_s2d",
      "home",
      "sim_winrate_same_loc_s2d",
      "sim_pointdiff_same_loc_s2d",
      "sim_count_same_loc_s2d",
      "off_total_yds_s2d_minus_opp",
      "def_total_yds_s2d_minus_opp",
      "off_turnovers_s2d_minus_opp",
      "def_turnovers_s2d_minus_opp",
      "elo_pre",
      "elo_diff",
      "rest_days",
      "rest_diff"
    ]
  },
  "decision_tree": {
    "params": {
      "depth": 6,
      "minSamples": 8
    },
    "alpha": 6
  },
  "bt": {
    "coefficients": [
      0.6530163869505192,
      -0.9773823008951815,
      -0.14705137985208983,
      0,
      -0.2863420148466925,
      0
    ],
    "intercept": 0.334859833606405,
    "scaler": {
      "mu": [
        -5.79667002473504,
        1.0270875411568152,
        -0.03106285935426802,
        0,
        -0.011546411134308272,
        0
      ],
      "sd": [
        48.56247798142433,
        15.573096522028331,
        0.713114155223591,
        1,
        0.09086328016542698,
        1
      ]
    },
    "features": [
      "diff_total_yards",
      "diff_penalty_yards",
      "diff_turnovers",
      "diff_possession_seconds",
      "diff_r_ratio",
      "delta_power_rank"
    ]
  },
  "ann": {
    "seeds": [
      1,
      2,
      3,
      4,
      5,
      6,
      7,
      8,
      9,
      10,
      11,
      12,
      13,
      14,
      15
    ],
    "architecture": [
      24,
      32,
      16,
      1
    ],
    "committee_size": 15
  },
  "ensemble": {
    "weights": {
      "logistic": 0.65,
      "tree": 0.35,
      "bt": 0,
      "ann": 0
    },
    "calibration_beta": 0.19768393114824206
  },
  "pca": [
    {
      "component": 1,
      "explained_variance": 0.42783427617745595,
      "top_loadings": [
        {
          "feature": "def_total_yds_s2d",
          "loading": 0.34569532780363377
        },
        {
          "feature": "off_total_yds_s2d",
          "loading": 0.3402998465396147
        },
        {
          "feature": "def_1st_down_s2d",
          "loading": 0.33880257448564033
        },
        {
          "feature": "def_pass_yds_s2d",
          "loading": 0.33430818400607615
        },
        {
          "feature": "off_1st_down_s2d",
          "loading": 0.32991650478257106
        },
        {
          "feature": "off_pass_yds_s2d",
          "loading": 0.32866897991817795
        },
        {
          "feature": "def_rush_yds_s2d",
          "loading": 0.29984010954367646
        },
        {
          "feature": "off_rush_yds_s2d",
          "loading": 0.29523799159693
        },
        {
          "feature": "def_turnovers_s2d",
          "loading": 0.20285865143640142
        },
        {
          "feature": "off_turnovers_s2d",
          "loading": 0.1947986409830347
        }
      ]
    },
    {
      "component": 2,
      "explained_variance": 0.24517812299456404,
      "top_loadings": [
        {
          "feature": "losses_s2d",
          "loading": 0.3978250497522661
        },
        {
          "feature": "elo_pre",
          "loading": -0.3780170491404599
        },
        {
          "feature": "wins_s2d",
          "loading": -0.3657143607509965
        },
        {
          "feature": "elo_diff",
          "loading": -0.3511419327576595
        },
        {
          "feature": "off_total_yds_s2d_minus_opp",
          "loading": -0.3354412129221717
        },
        {
          "feature": "def_total_yds_s2d_minus_opp",
          "loading": 0.3224234184136647
        },
        {
          "feature": "off_turnovers_s2d_minus_opp",
          "loading": 0.2969568172053304
        },
        {
          "feature": "off_turnovers_s2d",
          "loading": 0.1941154684760012
        },
        {
          "feature": "def_turnovers_s2d_minus_opp",
          "loading": -0.14499679815025615
        },
        {
          "feature": "off_rush_yds_s2d",
          "loading": -0.1297147912120542
        }
      ]
    },
    {
      "component": 3,
      "explained_variance": 0.08047536361237244,
      "top_loadings": [
        {
          "feature": "def_turnovers_s2d_minus_opp",
          "loading": -0.6606538640943429
        },
        {
          "feature": "def_turnovers_s2d",
          "loading": -0.5305014324611178
        },
        {
          "feature": "off_turnovers_s2d_minus_opp",
          "loading": 0.27638884759195187
        },
        {
          "feature": "def_total_yds_s2d_minus_opp",
          "loading": -0.230814901878782
        },
        {
          "feature": "off_total_yds_s2d_minus_opp",
          "loading": 0.22362423579819668
        },
        {
          "feature": "off_pass_yds_s2d",
          "loading": 0.19586965967944397
        },
        {
          "feature": "elo_pre",
          "loading": 0.14057837560848171
        },
        {
          "feature": "off_total_yds_s2d",
          "loading": 0.1292149193844451
        },
        {
          "feature": "off_1st_down_s2d",
          "loading": 0.1267963317129873
        },
        {
          "feature": "off_turnovers_s2d",
          "loading": 0.06549411944826371
        }
      ]
    },
    {
      "component": 4,
      "explained_variance": 0.07525718851159408,
      "top_loadings": [
        {
          "feature": "off_turnovers_s2d",
          "loading": -0.46071694770111155
        },
        {
          "feature": "def_total_yds_s2d_minus_opp",
          "loading": 0.4077311857643441
        },
        {
          "feature": "off_turnovers_s2d_minus_opp",
          "loading": -0.3932776690665812
        },
        {
          "feature": "def_turnovers_s2d",
          "loading": -0.3284659502402641
        },
        {
          "feature": "off_total_yds_s2d_minus_opp",
          "loading": -0.3166279519953603
        },
        {
          "feature": "def_rush_yds_s2d",