{"season":2007,"week":15,"generated_at":"2025-11-07T00:19:47.558Z","feature_hash":"1c13fcb11cc2a537b87f3669b50fd877e9888225","logistic":{"weights":[-0.46341293946619166,-0.3641978126766638,-0.1551096171761367,-0.4173533630026702,1.2125644043944526,0.8022799632010659,-0.1055021560788545,0.39005366098921107,-0.39743192783056536,-0.5910833306344643,2.929631551714892,-2.911552453116237,0,0,0,0,0.8752449409148204,-0.9281786777858848,-1.104568833935774,1.022359793125349,-3.1059593221484487,0.5526163591938315,0,0,0,0,0,0,0,0,0,0,0,0,0,0,0,0,0,0,-0.19854768799787362,0.24289392912709418,0.43421822602856425,0.22642141369936347,-0.8372136329547314,0.0798546680534353,-0.8248366119929428,0,0,1.2336624461346541,0.9666728304735822,0.3908690887074194,0.04226921670532782,0.11925332086373786,-0.20875348774132985,-0.2750265422480335,0.3384631553657723,-1.766856760470733,-0.9413020216083602,-0.15301690875780843,0.17781640491621345,-0.16254698120569083,-0.3052651652196547,0.8966427408848955,0.16057113429548567,-0.21392155384395536,0.40832441182287244,-0.05046687402228834,0.17939938122207813,-0.22709275539645715,-0.07263570106853055,0.06317656643730911,-0.06687799643393437,-0.24597546265248496,-0.39475222362127443,0.11884503766485083,0.19250581471411965,0.3690836181082387,0.2022889607442402,0.01782359563629424,-0.2509277557744286,0,0,0,0,-0.1911441724233269,-0.13593902779830916,-0.19114417242332613,0.19114417242332687,0,0,0],"bias":0.5054129887006114,"scaler":{"mu":[121.34615384615384,1409.3509615384614,452.8557692307692,956.4951923076923,7.028846153846154,121.16826923076923,1404.8846153846155,445.33653846153845,959.5480769230769,5.1201923076923075,2.1201923076923075,2.0240384615384617,1,0,0,0,72.9629212818181,56.28207071933651,0.36661102830022424,0.1161388342205215,1449.8908893896396,-0.2542737976071987,0,0,0,0,0,0,0,0,0,0,0,0,0,0,0,0,0,0,314.0392628205128,313.05024038461545,311.5857371794872,311.166826923077,2.453525641025641,1.883413461538463,7.58772132412481,0,0,-0.010829934296465645,-0.010691074973943605,-0.00937421117573551,-0.02358989108571597,0.44570649331172874,0.4493115853830378,0.4472263842287391,0.44026188023920826,-0.010397389096849851,-0.009126147250981612,-0.010078708656433658,-0.022470119076082387,0.4462842153334305,0.448705284430624,0.44725253504886714,0.4403842119340468,0.8690259634080432,0.870440198951235,0.8699026445122793,0.8690663539465124,0.036057692307692304,0.019230769230769232,0.028846153846153848,0.00576923076923077,0.10817307692307693,0.028846153846153848,0.04326923076923077,0.04508413461538462,8.163255227370907,8.207461169530323,8.244911642574271,8.084090739195396,0,0,0,0,0.18269230769230768,0.7692307692307693,65.91346153846153,4.086538461538462,0,0,0],"sd":[73.50945376548113,829.0708984825205,291.51911199614966,575.0911967612359,5.1496017970945145,71.87017912183354,820.7796927276424,282.24026898047623,574.5819781473192,3.5164415964834794,1.6756100959910034,1.8172250184695011,1,1,1,1,1019.5797939820443,980.5429958200972,6.823919097480689,3.914995088576348,4.031060464359493,5.439509199873198,1,1,1,1,1,1,1,1,1,1,1,1,1,1,1,1,1,1,103.5129638650724,101.77023255180994,103.7663692914565,100.85066013176504,76.42885866142319,69.59791401622782,2.557820439840676,1,1,0.09203376498586409,0.1102976999690606,0.09976222596099879,0.10440480232833552,0.040399531276565155,0.04789117562325884,0.04394929806184275,0.042144403848961974,0.0841613672204057,0.10583896726907238,0.09156511188225568,0.0928063950292179,0.03629937556692864,0.04606304971165733,0.03917691130807525,0.04043749887694712,0.04983173367270679,0.05743844327717562,0.05475403080329494,0.05111558578947666,0.1831819097405991,0.13733516208736252,0.1673739921685501,0.02884615384615387,0.308657964865882,0.1673739921685506,0.20346253816825857,0.18254319533127247,1.113106695696511,1.3020720793294083,1.1852530988532455,1.318255593176837,1,1,1,1,0.3864140634117335,0.42132504423474293,1.9320703170586666,1.9320703170586673,1,1,1]},"features":["off_1st_down_s2d","off_total_yds_s2d","off_rush_yds_s2d","off_pass_yds_s2d","off_turnovers_s2d","def_1st_down_s2d","def_total_yds_s2d","def_rush_yds_s2d","def_pass_yds_s2d","def_turnovers_s2d","wins_s2d","losses_s2d","home","sim_winrate_same_loc_s2d","sim_pointdiff_same_loc_s2d","sim_count_same_loc_s2d","off_total_yds_s2d_minus_opp","def_total_yds_s2d_minus_opp","off_turnovers_s2d_minus_opp","def_turnovers_s2d_minus_opp","elo_pre","elo_diff","rest_days","rest_diff","off_third_down_att_s2d","off_third_down_conv_s2d","off_third_down_pct_s2d","off_red_zone_att_s2d","off_red_zone_td_s2d","off_red_zone_td_pct_s2d","off_dropbacks_s2d","off_sacks_taken_s2d","off_sack_rate_s2d","off_pass_att_s2d","off_rush_att_s2d","off_neutral_pass_rate_s2d","off_third_down_pct_s2d_minus_opp","off_red_zone_td_pct_s2d_minus_opp","off_sack_rate_s2d_minus_opp","off_neutral_pass_rate_s2d_minus_opp","off_yds_for_3g","off_yds_for_5g","def_yds_against_3g","def_yds_against_5g","net_yds_3g","net_yds_5g","qb_ypa_3g","qb_sack_rate_3g","qb_qbr","off_epa_per_play_s2d","off_epa_per_play_w3","off_epa_per_play_w5","off_epa_per_play_exp","off_success_rate_s2d","off_success_rate_w3","off_success_rate_w5","off_success_rate_exp","def_epa_per_play_allowed_s2d","def_epa_per_play_allowed_w3","def_epa_per_play_allowed_w5","def_epa_per_play_allowed_exp","def_success_rate_allowed_s2d","def_success_rate_allowed_w3","def_success_rate_allowed_w5","def_success_rate_allowed_exp","rb_rush_share_s2d","rb_rush_share_w3","rb_rush_share_w5","rb_rush_share_exp","wr_target_share_s2d","wr_target_share_w3","wr_target_share_w5","wr_target_share_exp","te_target_share_s2d","te_target_share_w3","te_target_share_w5","te_target_share_exp","qb_aypa_s2d","qb_aypa_w3","qb_aypa_w5","qb_aypa_exp","qb_sack_rate_s2d","qb_sack_rate_w3","qb_sack_rate_w5","qb_sack_rate_exp","roof_dome","roof_outdoor","weather_temp_f","weather_wind_mph","weather_precip_pct","weather_impact_score","weather_extreme_flag"]},"decision_tree":{"params":{"depth":6,"minSamples":11},"alpha":2},"bt":{"coefficients":[0.31720429800896216,-0.06829679868854303,-0.06890121925349604,0.002368613817874116,0.01839497446760339,-0.0024114616273252414,-0.004336449147547267,-0.003775903792018479,-0.0017629577416791952,0.00487141205869842],"intercept":0.08994702875329406,"scaler":{"mu":[-0.6332667216684243,3.414971753500211,0.2539714257298424,0,0.003146419991045214,0,0,0,0,0],"sd":[53.160055504828556,530.5756968804137,15.218009810689308,1,0.09855677977570422,1,1,1,1,1]},"features":["diff_total_yards","diff_turnovers","diff_penalty_yards","diff_possession_seconds","diff_r_ratio","diff_elo_pre","diff_inj_out","diff_inj_skill_out","diff_inj_practice_dnp","diff_inj_out_trend"],"hyperparams":{"steps":1200,"learningRate":0.001,"l2":0.00001}},"ann":{"seeds":[1],"architecture":[92,128,64,32,1],"committee_size":1,"max_epochs":15,"dropout":0.5},"ensemble":{"weights":{"logistic":0.9,"tree":0,"bt":0,"ann":0.09999999999999998},"calibration":{"type":"platt","beta":0.035539522184095444,"source":"platt"},"calibration_beta":0.035539522184095444,"calibration_hash":"5745b2c78a8697556e9e180561e911b94ed61405be2d007fd0dc05361b079d3f","oof_variance":{"ann":{"mean":0.539848291546955,"var":0.04015066195780205}}},"pca":[{"component":1,"explained_variance":0.20700497159241432,"top_loadings":[{"feature":"off_total_yds_s2d","loading":0.2621202801285849},{"feature":"off_1st_down_s2d","loading":0.261507099926235},{"feature":"off_pass_yds_s2d","loading":0.258049584889005},{"feature":"def_1st_down_s2d","loading":0.25431821836222585},{"feature":"def_total_yds_s2d","loading":0.25047627878381507},{"feature":"def_pass_yds_s2d","loading":0.24968759391871828},{"feature":"off_rush_yds_s2d","loading":0.23639702758167064},{"feature":"def_rush_yds_s2d","loading":0.22009563598941453},{"feature":"def_turnovers_s2d","loading":0.19660495143540144},{"feature":"wins_s2d","loading":0.19219550965579296}]},{"component":2,"explained_variance":0.13895140186637905,"top_loadings":[{"feature":"off_epa_per_play_s2d",