{"season":2013,"week":6,"generated_at":"2025-11-07T00:30:30.420Z","feature_hash":"44062dba85dd7745702d17b7dbf19a08cce54d88","logistic":{"weights":[-0.4391208150594017,-0.6956160404055689,-0.7557871353567533,-0.5735384964718824,1.3395602979813328,0.9173973457172376,0.1253004428688927,0.29110423707289024,-0.021498438195436873,-0.8258774098983331,3.2501266215062947,-2.9049056544573966,0,0,0,0,0.8397003268777097,-0.7825313979421757,-1.104932816727094,0.5406003877723132,-3.569718208583802,0.2937637420368224,0,0,0,0,0,0,0,0,0,0,0,0,0,0,0,0,0,0,-0.03019613145418725,-0.1253912587447662,0.14788065177524579,0.21052037399027326,-0.019400202077054528,-0.3473088353428863,0.04353975550047748,0,0,1.535224237251879,1.0492509754486352,-0.24307023984320839,-0.5009031388334735,0.541173035672221,-0.05997087046098574,-0.5688938394543289,0.14798932006070156,-1.7460772880577142,-0.7807467204179375,-0.02428063560237769,0.5265973115559734,-0.45224208023532514,0.2671831424961165,0.12657403359551117,0.076133198402161,-0.29594437856089206,0.10798819291982674,-0.5500642524191014,0.8108652907502863,-0.34733073593048586,0.3951922209989788,0.024214938361305352,-0.17017098132026257,0.41373436242203726,0.042901510385985095,-0.18974644171198807,-0.13336763524487427,0.3288010985194734,-0.4968930638713783,0.2478816795446107,-0.25930569149019783,0,0,0,0,-0.020239803302635598,-0.2728212475672251,-0.020239803302633964,0.020239803302635948,0,0,0],"bias":0.9859900746505231,"scaler":{"mu":[90.51948051948052,1067.064935064935,299.68831168831167,767.3766233766233,4.324675324675325,90.58441558441558,1063.3896103896104,297.4155844155844,765.974025974026,3.4675324675324677,1.5454545454545454,1.3376623376623376,1,0,0,0,-9.475690799032348,-13.239232370408685,-0.5111133487504556,0.3909932654511787,1449.902479697285,-0.4212637552678531,0,0,0,0,0,0,0,0,0,0,0,0,0,0,0,0,0,0,291.8679653679654,292.5097402597403,293.9675324675324,293.5119047619047,-2.099567099567101,-1.0021645021645047,6.505060795333116,0,0,0.002143915467036098,0.0017618775951583996,0.002143915467036098,0.004351686093097101,0.43411573842547446,0.4343551290410004,0.43411573842547446,0.43196317158743497,-0.0026591777456335688,-0.001670341189061978,-0.0026591777456335688,0.001920446073153506,0.4321215435329554,0.4344000647849556,0.4321215435329554,0.4316666796552766,0.8391453317184377,0.8368497915878184,0.8391453317184377,0.8432893076759005,0.5972586956293439,0.5990070406174037,0.5972586956293439,0.596034387590928,0.2112394846630148,0.2108514007660883,0.2112394846630148,0.2089697252949314,8.367987301709272,8.410084825857913,8.367987301709272,8.144014139437026,0,0,0,0,0.15584415584415584,0.7272727272727273,65.77922077922078,4.220779220779221,0,0,0],"sd":[45.53936798083363,523.0746101002125,171.07887295769248,396.30543903910154,3.277001949603145,47.285359379742964,545.6257019654616,168.83814970582637,403.3730500506549,2.6016199528017134,1.1458049350707935,1.21260040002467,1,1,1,1,310.4574061335198,345.5648044041809,4.08375722760511,3.1801272700280085,1.7926903508726229,2.3474855334844187,1,1,1,1,1,1,1,1,1,1,1,1,1,1,1,1,1,1,158.78158998201488,158.47957871983633,162.01622858642503,161.51202701068163,74.35559263200551,72.33996864207226,3.766236997861441,1,1,0.09862798137382087,0.10479301547642494,0.09862798137382087,0.09712845359397754,0.04244498179371567,0.04571481231082866,0.04244498179371567,0.03802047387489962,0.08433213307473458,0.08915896393573616,0.08433213307473458,0.0829091070091157,0.0383274870347887,0.041408974983925026,0.0383274870347887,0.03605446232986465,0.08555267161306974,0.08999923837254788,0.08555267161306974,0.08703167536377793,0.10670477060309386,0.10865130396565277,0.10670477060309386,0.10908118559776521,0.07195784609969369,0.07350369122175339,0.07195784609969369,0.07708213641057614,2.0567008295701523,2.0338238709636762,2.0567008295701523,2.28479401494484,1,1,1,1,0.3627075336043881,0.44536177141512323,1.8135376680219415,1.8135376680219415,1,1,1]},"features":["off_1st_down_s2d","off_total_yds_s2d","off_rush_yds_s2d","off_pass_yds_s2d","off_turnovers_s2d","def_1st_down_s2d","def_total_yds_s2d","def_rush_yds_s2d","def_pass_yds_s2d","def_turnovers_s2d","wins_s2d","losses_s2d","home","sim_winrate_same_loc_s2d","sim_pointdiff_same_loc_s2d","sim_count_same_loc_s2d","off_total_yds_s2d_minus_opp","def_total_yds_s2d_minus_opp","off_turnovers_s2d_minus_opp","def_turnovers_s2d_minus_opp","elo_pre","elo_diff","rest_days","rest_diff","off_third_down_att_s2d","off_third_down_conv_s2d","off_third_down_pct_s2d","off_red_zone_att_s2d","off_red_zone_td_s2d","off_red_zone_td_pct_s2d","off_dropbacks_s2d","off_sacks_taken_s2d","off_sack_rate_s2d","off_pass_att_s2d","off_rush_att_s2d","off_neutral_pass_rate_s2d","off_third_down_pct_s2d_minus_opp","off_red_zone_td_pct_s2d_minus_opp","off_sack_rate_s2d_minus_opp","off_neutral_pass_rate_s2d_minus_opp","off_yds_for_3g","off_yds_for_5g","def_yds_against_3g","def_yds_against_5g","net_yds_3g","net_yds_5g","qb_ypa_3g","qb_sack_rate_3g","qb_qbr","off_epa_per_play_s2d","off_epa_per_play_w3","off_epa_per_play_w5","off_epa_per_play_exp","off_success_rate_s2d","off_success_rate_w3","off_success_rate_w5","off_success_rate_exp","def_epa_per_play_allowed_s2d","def_epa_per_play_allowed_w3","def_epa_per_play_allowed_w5","def_epa_per_play_allowed_exp","def_success_rate_allowed_s2d","def_success_rate_allowed_w3","def_success_rate_allowed_w5","def_success_rate_allowed_exp","rb_rush_share_s2d","rb_rush_share_w3","rb_rush_share_w5","rb_rush_share_exp","wr_target_share_s2d","wr_target_share_w3","wr_target_share_w5","wr_target_share_exp","te_target_share_s2d","te_target_share_w3","te_target_share_w5","te_target_share_exp","qb_aypa_s2d","qb_aypa_w3","qb_aypa_w5","qb_aypa_exp","qb_sack_rate_s2d","qb_sack_rate_w3","qb_sack_rate_w5","qb_sack_rate_exp","roof_dome","roof_outdoor","weather_temp_f","weather_wind_mph","weather_precip_pct","weather_impact_score","weather_extreme_flag"]},"decision_tree":{"params":{"depth":6,"minSamples":8},"alpha":6},"bt":{"coefficients":[0.10884870195486426,-0.053150075540284135,0.004279687667270582,-0.004159904784310007,-0.03244911965433713,-0.0013601398295641615,0.0008956680338107583,0.001501567737043884,-0.004391056956817225,-0.0022866261694951197],"intercept":0.14144832340964908,"scaler":{"mu":[-0.9909740148052768,-31.986535735506337,0.29287977072806815,0,0.0027907449247886744,0,0,0,0,0],"sd":[53.81482058588626,492.54051072698246,14.929472212365487,1,0.09892450695477142,1,1,1,1,1]},"features":["diff_total_yards","diff_turnovers","diff_penalty_yards","diff_possession_seconds","diff_r_ratio","diff_elo_pre","diff_inj_out","diff_inj_skill_out","diff_inj_practice_dnp","diff_inj_out_trend"],"hyperparams":{"steps":1200,"learningRate":0.001,"l2":0.00001}},"ann":{"seeds":[1],"architecture":[92,128,64,32,1],"committee_size":1,"max_epochs":15,"dropout":0.5},"ensemble":{"weights":{"logistic":0.9,"tree":0,"bt":0,"ann":0.09999999999999998},"calibration":{"type":"platt","beta":0.6233646372567011,"source":"platt"},"calibration_beta":0.6233646372567011,"calibration_hash":"e0405fd71181d6ca4c231e40c77a62012836c8b3f42fdbac380378e25cc1f3fc","oof_variance":{"ann":{"mean":0.436625447851505,"var":0.03224098150337365}}},"pca":[{"component":1,"explained_variance":0.20230193373090963,"top_loadings":[{"feature":"def_pass_yds_s2d","loading":-0.2550379100878408},{"feature":"def_total_yds_s2d","loading":-0.2534459131684471},{"feature":"off_total_yds_s2d","loading":-0.2523691073737202},{"feature":"def_1st_down_s2d","loading":-0.2512570835326276},{"feature":"off_pass_yds_s2d","loading":-0.24716901677762518},{"feature":"off_1st_down_s2d","loading":-0.2465702093129308},{"feature":"def_yds_against_5g","loading":-0.2267062276037083},{"feature":"def_yds_against_3g","loading":-0.22646261450525226},{"feature":"def_rush_yds_s2d","loading":-0.20973449823889262},{"feature":"qb_ypa_3g","loading":-0.2052996915622163}]},{"component":2,"explained_variance":0.15253411523186147,"top_loadings":[{"feature":"te_target_share_w3",