{"season":2013,"week":10,"generated_at":"2025-11-07T00:30:39.799Z","feature_hash":"41a62e5cac730aa0e8840e76bb133f315b402b8e","logistic":{"weights":[-0.3623154332086522,-0.6153753997338836,-0.6310480255133359,-0.5210707995766981,1.4890117766685658,0.9954757369449964,0.1779006524762576,0.36183997232975007,0.02008957645250656,-0.745253988548705,3.4229575792143225,-2.9556781220221495,0,0,0,0,0.9562018552532396,-0.7882511808679012,-1.028319502731395,0.5368912995572998,-3.56334269466162,0.10006298568762846,0,0,0,0,0,0,0,0,0,0,0,0,0,0,0,0,0,0,-0.1078430296231934,-0.18261941795761313,0.09794117305108076,0.1541803462013058,-0.06619642551961948,-0.3421401496999643,-0.014874347391860526,0,0,1.6225659899100031,1.1410563262793854,-0.1272676972909295,-0.4054480921946912,0.6121707190883292,0.029465403644320463,-0.46292919770442337,0.26641343220213504,-1.81176131276569,-0.891388997622211,-0.054135695074835566,0.5138425061994175,-0.5811289029202195,0.19952904744144592,0.041968232027340166,-0.02898759921008616,-0.3371744654009473,0.048589927794668315,-0.5882088753926507,0.7244550261817894,-0.3912884727928834,0.3926816225280418,-0.018201503847529173,-0.27369014777227274,0.43601119417728534,-0.011396084645041032,-0.19090710031285218,-0.05150656070206987,0.342669987081058,-0.4886666042078266,0.23160804790546743,-0.25805074801478983,0,0,0,0,-0.0747324679705975,-0.17779728853371643,-0.07473246797059607,0.07473246797059781,0,0,0],"bias":1.185203631108228,"scaler":{"mu":[125.94736842105263,1499.045112781955,444.09774436090225,1054.9473684210527,6.090225563909774,126.15789473684211,1488.609022556391,426.61654135338347,1061.9924812030076,4.954887218045113,2.2406015037593985,1.8195488721804511,1,0,0,0,81.21004842193614,72.23682865745099,0.03052318131699533,0.5559931327889364,1449.9615945603116,-0.20738230421886356,0,0,0,0,0,0,0,0,0,0,0,0,0,0,0,0,0,0,322.68295739348366,323.6680451127818,324.53258145363407,327.09298245614036,-1.8496240601503773,-3.4249373433583963,7.26265358908333,0,0,0.0018665643691461885,0.005284267341123922,0.0029690334985247595,0.0030547224940270998,0.4337765973279372,0.43516425345160675,0.4345039163548016,0.43229785624787376,-0.00031285959742719064,0.00799012915851733,0.0023928485504941116,0.0018994876190823482,0.43230110321657506,0.43505079259083246,0.433301976732438,0.43098656913097916,0.8351205796045391,0.8331450003022064,0.8343174892180191,0.8390140514229716,0.6010764375109334,0.5988710408109494,0.5999296221484215,0.5992827390157086,0.2073676358821719,0.21002085008178664,0.20833701677435787,0.20561035088576407,8.39497385161857,8.369673770164018,8.423806627677083,8.141403003843322,0,0,0,0,0.15037593984962405,0.7368421052631579,65.75187969924812,4.2481203007518795,0,0,0],"sd":[76.82891018648652,899.679808244763,299.8194159412683,642.4936536451373,4.684735485132782,78.60588300940438,921.632931633019,288.07932078635827,660.1896343679795,3.9714482153403257,1.8563055553666155,1.667173495967538,1,1,1,1,966.9772635022628,1000.6967834104686,5.866495655967912,4.910574627936528,2.870455200428112,4.257219063686718,1,1,1,1,1,1,1,1,1,1,1,1,1,1,1,1,1,1,129.97673120053562,129.40540803392142,131.860680728721,132.1947515759903,69.21147615355474,66.49788746790747,3.2289306963643414,1,1,0.0898562939943283,0.09722497455857329,0.09219943114580971,0.08816639788182581,0.038864715786093774,0.04209641829885539,0.03933715522611818,0.035029462675413924,0.07716568957548549,0.08753999954696037,0.07941009894351818,0.07675776751143931,0.035249762195012656,0.03864863712952701,0.03559899716656512,0.034119963011516714,0.0888784593532922,0.1005807289635981,0.09187595305045371,0.08834405546677301,0.09569606466758392,0.09961182710716845,0.0961033904828087,0.09805517897405212,0.06480557233221067,0.07106420325725009,0.06577379981829495,0.07046181625721877,1.7293758643234172,1.8756655016801356,1.7236200956044205,2.0074943588489815,1,1,1,1,0.35743952854149513,0.4403473823863562,1.787197642707476,1.787197642707476,1,1,1]},"features":["off_1st_down_s2d","off_total_yds_s2d","off_rush_yds_s2d","off_pass_yds_s2d","off_turnovers_s2d","def_1st_down_s2d","def_total_yds_s2d","def_rush_yds_s2d","def_pass_yds_s2d","def_turnovers_s2d","wins_s2d","losses_s2d","home","sim_winrate_same_loc_s2d","sim_pointdiff_same_loc_s2d","sim_count_same_loc_s2d","off_total_yds_s2d_minus_opp","def_total_yds_s2d_minus_opp","off_turnovers_s2d_minus_opp","def_turnovers_s2d_minus_opp","elo_pre","elo_diff","rest_days","rest_diff","off_third_down_att_s2d","off_third_down_conv_s2d","off_third_down_pct_s2d","off_red_zone_att_s2d","off_red_zone_td_s2d","off_red_zone_td_pct_s2d","off_dropbacks_s2d","off_sacks_taken_s2d","off_sack_rate_s2d","off_pass_att_s2d","off_rush_att_s2d","off_neutral_pass_rate_s2d","off_third_down_pct_s2d_minus_opp","off_red_zone_td_pct_s2d_minus_opp","off_sack_rate_s2d_minus_opp","off_neutral_pass_rate_s2d_minus_opp","off_yds_for_3g","off_yds_for_5g","def_yds_against_3g","def_yds_against_5g","net_yds_3g","net_yds_5g","qb_ypa_3g","qb_sack_rate_3g","qb_qbr","off_epa_per_play_s2d","off_epa_per_play_w3","off_epa_per_play_w5","off_epa_per_play_exp","off_success_rate_s2d","off_success_rate_w3","off_success_rate_w5","off_success_rate_exp","def_epa_per_play_allowed_s2d","def_epa_per_play_allowed_w3","def_epa_per_play_allowed_w5","def_epa_per_play_allowed_exp","def_success_rate_allowed_s2d","def_success_rate_allowed_w3","def_success_rate_allowed_w5","def_success_rate_allowed_exp","rb_rush_share_s2d","rb_rush_share_w3","rb_rush_share_w5","rb_rush_share_exp","wr_target_share_s2d","wr_target_share_w3","wr_target_share_w5","wr_target_share_exp","te_target_share_s2d","te_target_share_w3","te_target_share_w5","te_target_share_exp","qb_aypa_s2d","qb_aypa_w3","qb_aypa_w5","qb_aypa_exp","qb_sack_rate_s2d","qb_sack_rate_w3","qb_sack_rate_w5","qb_sack_rate_exp","roof_dome","roof_outdoor","weather_temp_f","weather_wind_mph","weather_precip_pct","weather_impact_score","weather_extreme_flag"]},"decision_tree":{"params":{"depth":6,"minSamples":8},"alpha":2},"bt":{"coefficients":[-0.0077758130632039546,-0.24153695150055118,-0.3309229880980996,-0.003943886459084745,-0.29257157147483326,-0.00039326380614235586,-0.002590896464112301,-0.004080648983092011,-0.0016290852019970065,-0.004966640177739112],"intercept":0.22131846168174296,"scaler":{"mu":[-0.64374507051204,4.18970523297038,0.7155340455665185,0,-0.003096728760196737,0,0,0,0,0],"sd":[59.826252223876615,600.3312428156844,16.247425577976784,1,0.10289605647553068,1,1,1,1,1]},"features":["diff_total_yards","diff_turnovers","diff_penalty_yards","diff_possession_seconds","diff_r_ratio","diff_elo_pre","diff_inj_out","diff_inj_skill_out","diff_inj_practice_dnp","diff_inj_out_trend"],"hyperparams":{"steps":1200,"learningRate":0.001,"l2":0.00001}},"ann":{"seeds":[1],"architecture":[92,128,64,32,1],"committee_size":1,"max_epochs":15,"dropout":0.5},"ensemble":{"weights":{"logistic":0.9,"tree":0,"bt":0,"ann":0.09999999999999998},"calibration":{"type":"platt","beta":0.14694850019039943,"source":"platt"},"calibration_beta":0.14694850019039943,"calibration_hash":"b67b680247dc770a02d95d35f4d96fbfcd03a9052b5d5794d3046c82630a3cf2","oof_variance":{"ann":{"mean":0.5552652400890954,"var":0.01316581799584272}}},"pca":[{"component":1,"explained_variance":0.20624867954975976,"top_loadings":[{"feature":"off_total_yds_s2d","loading":0.26675054993373803},{"feature":"off_1st_down_s2d","loading":0.26469104093523427},{"feature":"off_pass_yds_s2d","loading":0.2640251524738709},{"feature":"def_pass_yds_s2d","loading":0.2632562979573894},{"feature":"def_total_yds_s2d","loading":0.2625247933083124},{"feature":"def_1st_down_s2d","loading":0.2616964772915907},{"feature":"def_rush_yds_s2d","loading":0.23657517521043597},{"feature":"off_rush_yds_s2d","loading":0.23465991528780925},{"feature":"def_turnovers_s2d","loading":0.22686261448938744},{"feature":"off_turnovers_s2d","loading":0.20548312630872753}]},{"component":2,"explained_variance":0.15401054963787938,"top_loadings":[{"feature":"off_success_rate_s2d",