{"season":2015,"week":11,"generated_at":"2025-11-07T00:34:20.080Z","feature_hash":"30eea5b3df230e53b0e12d07926574a886d6f6a4","logistic":{"weights":[-0.20728301691978082,-0.5055691308057804,-0.42984224253936765,-0.46249763336488064,1.6683113027100325,1.1388076072767717,0.1583088546533551,0.14588607029294962,0.08505477205467275,-1.6113459911280534,3.360358175398693,-2.83557466158707,0,0,0,0,0.8955641511284971,-1.0751643063755463,-1.3506071050597042,0.7550906771844907,-3.519032587408137,-0.31146014739974787,0,0,0,0,0,0,0,0,0,0,0,0,0,0,0,0,0,0,-0.5514759343093381,-0.377360744147398,-0.2134637323043376,-0.1466923268874775,-0.2743949615451539,-0.15467277442055682,0.006263283003415305,0,0,1.8709687829100679,0.9731320109921487,0.06817879653816501,-0.48691546151002457,0.03758112875177503,-0.43497011101011074,-0.24023066862855602,-0.5031440574838635,-2.0222848902832125,-0.9280656841938073,0.5741224567937085,0.5990512826608357,-0.5593034664067259,0.13596229061893286,0.4353336859146488,-0.1191446131706248,-0.19125183843807006,0.32104200017112666,-0.3874983692387246,0.1792904293568167,-0.09315988755996175,0.8850115108180477,0.04365115881982992,-0.1519116356762475,0.13602096524350865,0.17721147074480265,0.42322720309073547,-0.2814890726167389,0.16947065838299047,-0.8123481173836435,0.01155178910193523,-0.013942512125811287,0,0,0,0,0.11220658159904406,0.3026070567025461,0.11220658159904456,-0.1122065815990436,0,0,0],"bias":0.8385395905179808,"scaler":{"mu":[120.73287671232876,1449.8013698630136,420.56164383561645,1029.2397260273972,5.431506849315069,122.13013698630137,1451.6780821917807,419.9109589041096,1031.7671232876712,4.054794520547945,1.86986301369863,2.006849315068493,1,0,0,0,73.37183804703328,70.32367373294628,0.22346546556981134,0.07780301165069656,1449.9905458788544,-0.05300467137895756,0,0,0,0,0,0,0,0,0,0,0,0,0,0,0,0,0,0,328.23173515981733,326.565296803653,332.1506849315069,330.1130136986302,-3.9189497716894968,-3.547716894977167,7.295596698711039,0,0,-0.002905827946563299,-0.0031623128646697486,-0.002797074095624531,-0.0057347998460223,0.43127021306407204,0.4310887441396307,0.43128873143891255,0.4308895521697765,-0.002853256138618585,-0.0006781469774720646,-0.000528942448844203,-0.007110291332813984,0.4299484481134388,0.4300510985677425,0.431544385093763,0.42990591117262683,0.8443558969578793,0.847313573063928,0.8464637133685002,0.841371157804053,0.5827875875672851,0.5837469206046911,0.5817296058700296,0.5769665779945059,0.21922781522387813,0.22221889896059982,0.2212782541100649,0.21911240632519122,8.11371570889549,8.223356449406145,8.174923607000157,7.899474130354422,0,0,0,0,0.1232876712328767,0.773972602739726,65.61643835616438,4.383561643835616,0,0,0],"sd":[76.62810842839308,909.4215805835046,252.48580517818397,684.7679069342023,3.9429276624512073,79.88144157562763,955.8796274230085,277.08138662026596,695.5790338586834,3.334709167491343,1.4583895162934883,1.7807824020905596,1,1,1,1,1035.0950366854217,1082.4820979196356,5.102287037362627,4.418777587857952,3.216395405922113,4.562650231639276,1,1,1,1,1,1,1,1,1,1,1,1,1,1,1,1,1,1,123.44847361030938,121.26198777229729,125.80738238068193,122.63509119203465,63.70100629150209,55.9199725332619,2.919414714514777,1,1,0.08695068452775567,0.09241056369041908,0.08790757100847094,0.09960743093461885,0.03575510747525928,0.038947945585582615,0.036874147329666394,0.04265299623440462,0.08285704464048277,0.09390115070863146,0.08629287098353934,0.09494976135958054,0.034965009014844194,0.041835771358703006,0.03746078792301563,0.042218359578466466,0.09027743305804917,0.09219588552657243,0.0901403920821582,0.09382214191181598,0.09891557816723995,0.10052558782632677,0.09782987586033466,0.10264199269624079,0.08470867623546299,0.08773585828842069,0.08615595535796011,0.08365690517940087,1.4743337056497936,1.5593504976189905,1.5054723022021463,1.579525083781771,1,1,1,1,0.3287671232876716,0.41825711344580924,1.643835616438358,1.6438356164383583,1,1,1]},"features":["off_1st_down_s2d","off_total_yds_s2d","off_rush_yds_s2d","off_pass_yds_s2d","off_turnovers_s2d","def_1st_down_s2d","def_total_yds_s2d","def_rush_yds_s2d","def_pass_yds_s2d","def_turnovers_s2d","wins_s2d","losses_s2d","home","sim_winrate_same_loc_s2d","sim_pointdiff_same_loc_s2d","sim_count_same_loc_s2d","off_total_yds_s2d_minus_opp","def_total_yds_s2d_minus_opp","off_turnovers_s2d_minus_opp","def_turnovers_s2d_minus_opp","elo_pre","elo_diff","rest_days","rest_diff","off_third_down_att_s2d","off_third_down_conv_s2d","off_third_down_pct_s2d","off_red_zone_att_s2d","off_red_zone_td_s2d","off_red_zone_td_pct_s2d","off_dropbacks_s2d","off_sacks_taken_s2d","off_sack_rate_s2d","off_pass_att_s2d","off_rush_att_s2d","off_neutral_pass_rate_s2d","off_third_down_pct_s2d_minus_opp","off_red_zone_td_pct_s2d_minus_opp","off_sack_rate_s2d_minus_opp","off_neutral_pass_rate_s2d_minus_opp","off_yds_for_3g","off_yds_for_5g","def_yds_against_3g","def_yds_against_5g","net_yds_3g","net_yds_5g","qb_ypa_3g","qb_sack_rate_3g","qb_qbr","off_epa_per_play_s2d","off_epa_per_play_w3","off_epa_per_play_w5","off_epa_per_play_exp","off_success_rate_s2d","off_success_rate_w3","off_success_rate_w5","off_success_rate_exp","def_epa_per_play_allowed_s2d","def_epa_per_play_allowed_w3","def_epa_per_play_allowed_w5","def_epa_per_play_allowed_exp","def_success_rate_allowed_s2d","def_success_rate_allowed_w3","def_success_rate_allowed_w5","def_success_rate_allowed_exp","rb_rush_share_s2d","rb_rush_share_w3","rb_rush_share_w5","rb_rush_share_exp","wr_target_share_s2d","wr_target_share_w3","wr_target_share_w5","wr_target_share_exp","te_target_share_s2d","te_target_share_w3","te_target_share_w5","te_target_share_exp","qb_aypa_s2d","qb_aypa_w3","qb_aypa_w5","qb_aypa_exp","qb_sack_rate_s2d","qb_sack_rate_w3","qb_sack_rate_w5","qb_sack_rate_exp","roof_dome","roof_outdoor","weather_temp_f","weather_wind_mph","weather_precip_pct","weather_impact_score","weather_extreme_flag"]},"decision_tree":{"params":{"depth":6,"minSamples":8},"alpha":2},"bt":{"coefficients":[-0.02006827904879572,-0.020613242017891855,-0.04589728504913712,0.0003097511323782243,-0.015880794514039884,-0.0038245880683794387,0.0021700133283416565,0.003033997187979348,-0.0009314658361341224,0.0017511114855518813],"intercept":-0.16678460927711378,"scaler":{"mu":[-3.1248301892254142,4.617820904497349,0.006064617627872961,0,0.0003399980449058816,0,0,0,0,0],"sd":[46.01207128674818,493.3294509079236,14.385517603543855,1,0.08203013521545116,1,1,1,1,1]},"features":["diff_total_yards","diff_turnovers","diff_penalty_yards","diff_possession_seconds","diff_r_ratio","diff_elo_pre","diff_inj_out","diff_inj_skill_out","diff_inj_practice_dnp","diff_inj_out_trend"],"hyperparams":{"steps":1200,"learningRate":0.001,"l2":0.00001}},"ann":{"seeds":[1],"architecture":[92,128,64,32,1],"committee_size":1,"max_epochs":15,"dropout":0.5},"ensemble":{"weights":{"logistic":0.9,"tree":0,"bt":0,"ann":0.09999999999999998},"calibration":{"type":"platt","beta":-0.2243089582742424,"source":"platt"},"calibration_beta":-0.2243089582742424,"calibration_hash":"daac926c5210dfb8635e3329abaddd48542dcbbe303ae50f7c77c08d6069a365","oof_variance":{"ann":{"mean":0.5743978844576962,"var":0.008003588961000042}}},"pca":[{"component":1,"explained_variance":0.2188734972189985,"top_loadings":[{"feature":"off_pass_yds_s2d","loading":0.2565553101093317},{"feature":"def_total_yds_s2d","loading":0.2560783529375657},{"feature":"off_1st_down_s2d","loading":0.25506958966500043},{"feature":"off_total_yds_s2d","loading":0.25489429299517363},{"feature":"def_pass_yds_s2d","loading":0.25296149826833303},{"feature":"def_1st_down_s2d","loading":0.2528421882625746},{"feature":"def_rush_yds_s2d","loading":0.24839404359719675},{"feature":"off_rush_yds_s2d","loading":0.2222918158165543},{"feature":"losses_s2d","loading":0.21231355713086236},{"feature":"off_turnovers_s2d","loading":0.20669396253701455}]},{"component":2,"explained_variance":0.14539473998579205,"top_loadings":[{"feature":"wr_target_share_s2d",