{"season":2020,"week":3,"generated_at":"2025-11-07T00:44:39.485Z","feature_hash":"4ddaa9a0d7a9d31fc5225fb304eed4874ae656ad","logistic":{"weights":[-0.5952009511667429,-0.4551366342913541,0.07275575648482491,-0.5910523873315908,1.1244361045458982,0.8275269104187252,0.30833465068498483,-0.06406752230474033,0.4335017207496408,-1.092635242255451,3.279778734455432,-2.6707923271816103,0,0,0,0,0.9415687964712192,-0.8117464563058348,-1.2765304615740356,0.6703946373656688,-3.4011963587195457,0.5126489377307096,0,0,0,0,0,0,0,0,0,0,0,0,0,0,0,0,0,0,-0.2222746960548522,0.0009898808548290446,0.29112286293607814,0.05484932031575117,-0.45824495205571836,0.10881536916723898,-0.2587098748075495,0,0,2.1701465351027545,1.1248305830281926,-0.1302352567186052,-0.04291391878486409,0.17274324602115684,-0.011916043755144445,-0.3164548347995026,-0.10811570216199862,-2.018981673376773,-1.188510923006289,0.1842569440957611,0.8073131982245147,-0.41583650685019014,0.7082821815339033,-0.15165929843550946,0.060646835436483235,-0.35076101358901074,0.5786149166271262,-0.42774107829811436,0.42008075779176807,-0.08352714290647106,-0.1312914748578598,-0.15355094701081975,-0.19267189858846293,-0.3398777854081552,0.5966388846530781,0.06333684957462876,-0.5262560920160333,-0.17563542416617342,0.03799632828463512,-0.36469094182159306,0.4582178350641216,0,0,0,0,-0.06272347310668938,0.23710520310056668,-0.06272347310668819,0.06272347310668974,0,0,0,0.2170457461292199,0.08170223685809067,-0.03235090289872686,-0.19667588887401952,-0.19789519495729327,-0.0029329734282929724,-0.13314833462950845,0.46541797507066046,0,0.12020875422693501,0.013303043624987281,-0.03496647689602139,0.22694045291048476,-0.4347009979767068,-0.7971937616072362,0.45579103480360045,0.19589191137770176,-0.4315666654383643,-0.0748880567146763,0.10118892756417375,0.05430057231746553,-0.06734152245493644,0.017320414154497747,-0.21561141082442786,-0.08428423608498958,-0.29501910388593416,-0.5717607855590475,-0.04859810425237879,-1.0153201386737793,0.13903762586951443,-0.4216703419078043,0.5824859967296849,0.06934768654379826,0.4402377198167964,0.08595472224833055,-0.21467571594687243,-0.037409922548848375,0.2233462846007752,0.004600813670937892,-0.029691372969685898,-0.1669449560713937],"bias":0.3247218894432107,"scaler":{"mu":[51.46875,572.53125,186.59375,385.9375,1.59375,51.96875,569.65625,176.90625,392.75,1.15625,0.84375,0.65625,1,0,0,0,2.9904457160611777,-3.008337376206587,-0.0002507455915480711,-0.16099721682723983,1450,0,0,0,0,0,0,0,0,0,0,0,0,0,0,0,0,0,0,0,186.28125,186.28125,183.125,183.125,3.15625,3.15625,3.9623153400848676,0,0,0.03551585910637976,0.03551585910637976,0.03551585910637976,0.025109385050175913,0.4549297619984622,0.4549297619984622,0.4549297619984622,0.44965842573849957,0.027038386277559476,0.027038386277559476,0.027038386277559476,0.022356719686767498,0.4459125203830613,0.4459125203830613,0.4459125203830613,0.4469294817878738,0.819935864667885,0.819935864667885,0.819935864667885,0.8205666892007488,0.5808760106785601,0.5808760106785601,0.5808760106785601,0.5885537294350341,0.21670387753006215,0.21670387753006215,0.21670387753006215,0.21093220272627625,7.460376823953309,7.460376823953309,7.460376823953309,7.530272883696446,0,0,0,0,0.1875,0.65625,65.9375,4.0625,0,0,0,0.4375,0.9375,-0.21250000000000002,0.6875,0.340625,0.0625,0.09375,-0.0625,0,0.06665625,-0.03125,0.515625,0.48124999999999996,-0.03125,5.1375,3.7593750000000004,2.90625,-2.9375,-0.0625,-0.1875,-0.03125,0.09375,-0.125,-0.15625,-0.28125,-0.04565625,0.40625,-0.0186875,-1.3125,-0.04603125,-0.46875,-0.6875,-0.6875,-0.34375,-1.5,-0.055375,0.03125,-0.0625,0.02084375,-0.03125,2.334374999999999],"sd":[18.90764457666528,226.69003953292147,91.8891517587223,154.47267911753846,1.4111027381094545,21.430825309294555,215.75211606363794,79.85430458614927,163.25440269714014,1.1755151796127516,0.7545435292281023,0.6896273903348097,1,1,1,1,132.76020048156826,135.9580732403903,1.753673811914983,1.9540422042594943,0.8838834764831844,1.0825317547305484,1,1,1,1,1,1,1,1,1,1,1,1,1,1,1,1,1,1,191.15393573881104,191.15393573881104,189.42953010288548,189.42953010288548,60.93906247996846,60.93906247996846,4.2085169367669675,1,1,0.11393142766374749,0.11393142766374749,0.11393142766374749,0.12610381079043406,0.055537358556986556,0.055537358556986556,0.055537358556986556,0.058865101820744836,0.1251660498251737,0.1251660498251737,0.1251660498251737,0.12946213634493497,0.05024793023234758,0.05024793023234758,0.05024793023234758,0.05690162278791536,0.09308045463788382,0.09308045463788382,0.09308045463788382,0.0958247634644993,0.11352752402403961,0.11352752402403961,0.11352752402403961,0.11245040610343034,0.09487601697108654,0.09487601697108654,0.09487601697108654,0.09322573328666897,1.722079160419815,1.722079160419815,1.722079160419815,1.9366821872631332,1,1,1,1,0.3903123748998999,0.47495887979908324,1.9515618744994994,1.9515618744994994,1,1,1,2.105610065990377,11.171776660406348,6.310098553113097,4.530711174859858,2.245253239475449,0.34798527267687634,0.38400642898264087,0.9333240326917549,1,0.5156522331823431,9.001681700521297,9.643233034588297,9.385475397522494,0.3045873232752801,35.99303535060637,9.640437599475193,9.418596548185935,10.11786013690642,2.3840288903450815,0.7680128579652817,0.39404750665370286,0.2914805954090255,0.8569568250501305,2.4636022279377814,1.1520192869479227,0.2572416919667912,2.2893691134240455,0.18655385239589667,3.0967472854593736,0.11449030646057988,1.870567677872148,7.539220367518117,2.962658223622833,2.593373466645327,5.25594901040716,0.12490790357299254,0.3045873232752801,0.6091746465505602,0.3991000116962384,0.46666201634587745,38.578220939532386]},