{"season":2012,"week":11,"generated_at":"2025-11-07T00:28:53.042Z","feature_hash":"e4ce2b1a084c3e03bce4e0a9c1c35e7a313b65d1","logistic":{"weights":[-0.3640184204396849,-0.6758049024283544,-0.7279273936498738,-0.550242819868173,1.084131734406374,0.9461355676340909,0.04782182537085275,0.005106369604723628,0.006310222117970719,-0.7155961558315279,3.3571230188550256,-3.156724267050518,0,0,0,0,0.8514758934005205,-0.573768302375825,-0.7032288317961153,0.7693056993519803,-3.468455181549756,-0.10414242372912036,0,0,0,0,0,0,0,0,0,0,0,0,0,0,0,0,0,0,-0.18122175481966346,0.006614603273125252,0.10970314483871389,0.1204453027003675,-0.21870083166872376,-0.007097144990815123,-0.019509387386443942,0,0,1.6034556621122373,1.4488232849223102,-0.055566301906949896,-0.7685865860141955,0.37688939866324617,0.3783406487686831,-0.6018276989245345,0.03396793630526186,-1.7499644906593566,-0.7843424521931829,-0.4613656425201803,0.5593497025753381,-0.1455812972137828,0.6098349553178853,0.2824023497236096,0.2471493437864234,-0.26798630635162013,0.10934418677341246,-0.27663905092420565,0.7963535807422324,-0.13703906903472315,0.37675185720788446,-0.17284385327847035,-0.41690633884746153,0.0027775786445704857,0.02709960603153561,-0.05082402169513427,0.09858432844561159,0.5447559933049971,-0.21229318280728054,0.1696961412724811,-0.17692003102753617,0,0,0,0,0.18573562724561007,-0.1392151193951176,0.18573562724561168,-0.18573562724560994,0,0,0],"bias":1.0355724525398393,"scaler":{"mu":[120.24137931034483,1416.606896551724,448.1034482758621,968.5034482758621,5.606896551724138,122.42068965517241,1425.9586206896552,438.8344827586207,987.1241379310345,4.572413793103448,2.0965517241379312,1.806896551724138,1,0,0,0,86.4552916450376,124.92605171196486,0.39113577156887386,0.11431313294255577,1449.9991065639863,-0.07097610646968672,0,0,0,0,0,0,0,0,0,0,0,0,0,0,0,0,0,0,322.88735632183904,322.7770114942528,325.89310344827584,325.21218390804574,-3.005747126436784,-2.4351724137931043,7.5334408312455725,0,0,0.02234607303603741,0.019785697006312032,0.02222606838915634,0.01671268092047139,0.44143951600109227,0.4435401627011377,0.44195328658897287,0.4409735456377142,0.02141907380646737,0.020110965062659535,0.02189041784314682,0.018535211588263704,0.44322825797920196,0.4434375336235789,0.4442292329144644,0.44298554369295956,0.8418765352629405,0.8455973932872597,0.8434340362407623,0.83538958899425,0.6031292514774848,0.6039328711573791,0.6041025639619436,0.6090372094556198,0.22006539433488262,0.21677292531120032,0.21900261348900227,0.21754379169785124,8.443333336617258,8.378611864797954,8.438737144293738,8.46119924645619,0,0,0,0,0.15172413793103448,0.7517241379310344,65.75862068965517,4.241379310344827,0,0,0],"sd":[73.37144759533803,871.3251762178446,325.88216030016514,581.554754727988,4.269049077227998,78.7821675048723,913.9587244574509,300.9068595450828,636.5230974248236,3.7522312030562652,1.585817043545842,1.5235917261258487,1,1,1,1,939.9567566165168,1037.6155559976319,5.606304557101131,4.83134365969027,2.634551250713655,3.848091084476895,1,1,1,1,1,1,1,1,1,1,1,1,1,1,1,1,1,1,124.85229416145619,123.13909160575405,128.24046300175698,124.80525803798436,79.7273356588675,68.19844789632941,2.9513514283289304,1,1,0.0761028166950258,0.08757434589956517,0.07898571730243548,0.09689168444077155,0.03800208250234728,0.04144937763877664,0.03817798360518711,0.045059628457702644,0.0838338377787871,0.0899023410830335,0.08493423749905912,0.09963739953393644,0.03442194227065387,0.037975768699784064,0.03584855159976899,0.04159867380031923,0.08333007932304512,0.08744483505483333,0.08510267110377889,0.08976192015506486,0.08247093015162471,0.08336134900419885,0.08188332803151772,0.08891537028351848,0.061340817828786864,0.06586971406353175,0.06246405409124171,0.06682763830828853,1.1359773946865386,1.2096363750208718,1.1709643562570076,1.1833595077933678,1,1,1,1,0.3587532911348956,0.4320126831273325,1.7937664556744786,1.793766455674479,1,1,1]},"features":["off_1st_down_s2d","off_total_yds_s2d","off_rush_yds_s2d","off_pass_yds_s2d","off_turnovers_s2d","def_1st_down_s2d","def_total_yds_s2d","def_rush_yds_s2d","def_pass_yds_s2d","def_turnovers_s2d","wins_s2d","losses_s2d","home","sim_winrate_same_loc_s2d","sim_pointdiff_same_loc_s2d","sim_count_same_loc_s2d","off_total_yds_s2d_minus_opp","def_total_yds_s2d_minus_opp","off_turnovers_s2d_minus_opp","def_turnovers_s2d_minus_opp","elo_pre","elo_diff","rest_days","rest_diff","off_third_down_att_s2d","off_third_down_conv_s2d","off_third_down_pct_s2d","off_red_zone_att_s2d","off_red_zone_td_s2d","off_red_zone_td_pct_s2d","off_dropbacks_s2d","off_sacks_taken_s2d","off_sack_rate_s2d","off_pass_att_s2d","off_rush_att_s2d","off_neutral_pass_rate_s2d","off_third_down_pct_s2d_minus_opp","off_red_zone_td_pct_s2d_minus_opp","off_sack_rate_s2d_minus_opp","off_neutral_pass_rate_s2d_minus_opp","off_yds_for_3g","off_yds_for_5g","def_yds_against_3g","def_yds_against_5g","net_yds_3g","net_yds_5g","qb_ypa_3g","qb_sack_rate_3g","qb_qbr","off_epa_per_play_s2d","off_epa_per_play_w3","off_epa_per_play_w5","off_epa_per_play_exp","off_success_rate_s2d","off_success_rate_w3","off_success_rate_w5","off_success_rate_exp","def_epa_per_play_allowed_s2d","def_epa_per_play_allowed_w3","def_epa_per_play_allowed_w5","def_epa_per_play_allowed_exp","def_success_rate_allowed_s2d","def_success_rate_allowed_w3","def_success_rate_allowed_w5","def_success_rate_allowed_exp","rb_rush_share_s2d","rb_rush_share_w3","rb_rush_share_w5","rb_rush_share_exp","wr_target_share_s2d","wr_target_share_w3","wr_target_share_w5","wr_target_share_exp","te_target_share_s2d","te_target_share_w3","te_target_share_w5","te_target_share_exp","qb_aypa_s2d","qb_aypa_w3","qb_aypa_w5","qb_aypa_exp","qb_sack_rate_s2d","qb_sack_rate_w3","qb_sack_rate_w5","qb_sack_rate_exp","roof_dome","roof_outdoor","weather_temp_f","weather_wind_mph","weather_precip_pct","weather_impact_score","weather_extreme_flag"]},"decision_tree":{"params":{"depth":6,"minSamples":8},"alpha":2},"bt":{"coefficients":[0.16408115002904317,-0.2316800449353155,0.13543340044751698,0.003301940753357173,0.11559615949915064,0.004603746146597191,-0.002783832268409691,0.004826817556352506,0.0003681145655173161,0.00017140568787658836],"intercept":0.20049149631396654,"scaler":{"mu":[-3.83476018053925,-45.18043154708949,0.3696830099250831,0,-0.006362771137884969,0,0,0,0,0],"sd":[62.986534058580354,560.9046907163173,15.405770969959738,1,0.09203005721045476,1,1,1,1,1]},"features":["diff_total_yards","diff_turnovers","diff_penalty_yards","diff_possession_seconds","diff_r_ratio","diff_elo_pre","diff_inj_out","diff_inj_skill_out","diff_inj_practice_dnp","diff_inj_out_trend"],"hyperparams":{"steps":1200,"learningRate":0.001,"l2":0.00001}},"ann":{"seeds":[1],"architecture":[92,128,64,32,1],"committee_size":1,"max_epochs":15,"dropout":0.5},"ensemble":{"weights":{"logistic":0.9,"tree":0,"bt":0,"ann":0.09999999999999998},"calibration":{"type":"platt","beta":0.06510868026302792,"source":"platt"},"calibration_beta":0.06510868026302792,"calibration_hash":"aa5b5dcbf58c19f2b3186613902d6de27e703d95ecdf3bec711d488e844ae07f","oof_variance":{"ann":{"mean":0.5797423782012517,"var":0.02518443679735711}}},"pca":[{"component":1,"explained_variance":0.20408874200880525,"top_loadings":[{"feature":"def_total_yds_s2d","loading":0.27418144026202956},{"feature":"def_1st_down_s2d","loading":0.2713782052132746},{"feature":"def_pass_yds_s2d","loading":0.2691833993054903},{"feature":"def_rush_yds_s2d","loading":0.2633674367886733},{"feature":"off_total_yds_s2d","loading":0.26316178586453937},{"feature":"off_pass_yds_s2d","loading":0.2622093639038061},{"feature":"off_1st_down_s2d","loading":0.25685380042917044},{"feature":"off_rush_yds_s2d","loading":0.23569988323083904},{"feature":"losses_s2d","loading":0.2319459589830894},{"feature":"off_turnovers_s2d","loading":0.2281993461084347}]},{"component":2,"explained_variance":0.16893893854050993,"top_loadings":[{"feature":"te_target_share_exp",