{"season":2011,"week":6,"generated_at":"2025-11-07T00:26:44.967Z","feature_hash":"93e5176a06caffda5f062c3ab935b65cea0bfca7","logistic":{"weights":[-0.3368122052291289,-0.5490835558068529,-0.19935625216954872,-0.633867205334988,1.2074958042576363,0.7212638955284947,-0.052409125835781056,0.2512422816405311,-0.2512995457128176,-0.5316602223196885,3.0034982116993834,-2.69900241875205,0,0,0,0,0.7006077340791694,-0.8511190659354524,-1.0286044384619963,0.8539862499556189,-4.414254248446002,0.01860484813119693,0,0,0,0,0,0,0,0,0,0,0,0,0,0,0,0,0,0,-0.30398706809968035,0.13141763935211362,0.01178767901885811,0.1886683630665914,-0.24884783567422908,0.12416699873082765,-0.14655680177812128,0,0,1.7130802850690154,1.2715924522455933,-0.08917184430909823,-0.6710498734933269,0.4765108857847773,-0.004511460119429205,-0.7316512920707875,0.338072648712934,-1.5609579144697066,-0.21974540462067527,-0.06872232860672375,0.434072568815145,-0.5235547685743772,0.5687353718846049,0.1514913764688754,-0.41181517717170724,-0.21842532238859264,0.2404831116285916,0.07465238315807994,0.26775390619564216,-0.02772810504987518,0.050872788705605694,-0.14547544747527913,-0.5083579966656337,-0.34219930846293045,-0.034940696290367904,-0.3480716630555657,0.10890427881215144,0.7581958983190507,-0.5183297336945486,-0.1016408169812016,0.039046370415747794,0,0,0,0,0.08678015881890189,-0.15077603187197708,0.08678015881890365,-0.08678015881890173,0,0,0],"bias":0.7862685190228074,"scaler":{"mu":[90.88311688311688,1073.987012987013,321.8961038961039,752.0909090909091,4.2727272727272725,91.33766233766234,1079.3116883116884,316.23376623376623,763.077922077922,3.090909090909091,1.4545454545454546,1.4675324675324675,1,0,0,0,-8.643108785972533,-1.4423930913042542,-0.37723704889129517,-0.1332303115204576,1449.7721457357295,-0.5201784661269387,0,0,0,0,0,0,0,0,0,0,0,0,0,0,0,0,0,0,291.98051948051955,292.0032467532468,294.80952380952385,293.3041125541126,-2.8290043290043267,-1.3008658008657996,6.746207579155791,0,0,-0.0016368389211414323,-0.0010541620545297932,-0.0016368389211414323,-0.01134476996651557,0.43134975084600996,0.43002427900584755,0.43134975084600996,0.4290483247172095,-0.004474671491539121,-0.00025467879579146906,-0.004474671491539121,-0.01354836371799889,0.4341867079005514,0.4357777882194476,0.4341867079005514,0.4288260120508927,0.8378614379118726,0.8384667951007437,0.8378614379118726,0.8337478738689814,0.5840454138529675,0.5833008148536248,0.5840454138529675,0.5815630221093258,0.21448795344619792,0.21521742079146666,0.21448795344619792,0.21669414736809522,8.32198726975909,8.385697424437758,8.32198726975909,8.32164044264815,0,0,0,0,0.15584415584415584,0.7532467532467533,65.77922077922078,4.220779220779221,0,0,0],"sd":[45.37977523825619,542.6311199137679,190.67049052972607,392.4263577806565,2.7428128685919027,45.66126278598369,538.6947250034109,176.63072463706723,388.62243440845305,2.533832466001158,1.1458049350707935,1.222987778388941,1,1,1,1,288.0800205831362,217.21133646260805,3.266539052690351,2.973808413468633,1.7811504595895309,2.420493456818788,1,1,1,1,1,1,1,1,1,1,1,1,1,1,1,1,1,1,165.16857227819403,165.70123273053713,161.34752208162362,159.91910482398436,71.82240188629974,69.76207007111252,3.753395729887448,1,1,0.10723776918294844,0.10744082817890033,0.10723776918294844,0.1192895584637013,0.05346513797938388,0.05546795412929359,0.05346513797938388,0.05599672424180425,0.0988896962831651,0.10167147020730122,0.0988896962831651,0.11449328599254403,0.04551565142039995,0.04641013527695587,0.04551565142039995,0.051702099689437175,0.11306562736663264,0.11238455977023529,0.11306562736663264,0.12156522743004698,0.10328623134922148,0.10688454996102725,0.10328623134922148,0.10109911482788507,0.07717657606690534,0.08386519568519327,0.07717657606690534,0.06986019382487342,1.3753526314072717,1.4433124363211889,1.3753526314072717,1.6778464712594912,1,1,1,1,0.3627075336043881,0.4311218876025412,1.8135376680219415,1.8135376680219415,1,1,1]},"features":["off_1st_down_s2d","off_total_yds_s2d","off_rush_yds_s2d","off_pass_yds_s2d","off_turnovers_s2d","def_1st_down_s2d","def_total_yds_s2d","def_rush_yds_s2d","def_pass_yds_s2d","def_turnovers_s2d","wins_s2d","losses_s2d","home","sim_winrate_same_loc_s2d","sim_pointdiff_same_loc_s2d","sim_count_same_loc_s2d","off_total_yds_s2d_minus_opp","def_total_yds_s2d_minus_opp","off_turnovers_s2d_minus_opp","def_turnovers_s2d_minus_opp","elo_pre","elo_diff","rest_days","rest_diff","off_third_down_att_s2d","off_third_down_conv_s2d","off_third_down_pct_s2d","off_red_zone_att_s2d","off_red_zone_td_s2d","off_red_zone_td_pct_s2d","off_dropbacks_s2d","off_sacks_taken_s2d","off_sack_rate_s2d","off_pass_att_s2d","off_rush_att_s2d","off_neutral_pass_rate_s2d","off_third_down_pct_s2d_minus_opp","off_red_zone_td_pct_s2d_minus_opp","off_sack_rate_s2d_minus_opp","off_neutral_pass_rate_s2d_minus_opp","off_yds_for_3g","off_yds_for_5g","def_yds_against_3g","def_yds_against_5g","net_yds_3g","net_yds_5g","qb_ypa_3g","qb_sack_rate_3g","qb_qbr","off_epa_per_play_s2d","off_epa_per_play_w3","off_epa_per_play_w5","off_epa_per_play_exp","off_success_rate_s2d","off_success_rate_w3","off_success_rate_w5","off_success_rate_exp","def_epa_per_play_allowed_s2d","def_epa_per_play_allowed_w3","def_epa_per_play_allowed_w5","def_epa_per_play_allowed_exp","def_success_rate_allowed_s2d","def_success_rate_allowed_w3","def_success_rate_allowed_w5","def_success_rate_allowed_exp","rb_rush_share_s2d","rb_rush_share_w3","rb_rush_share_w5","rb_rush_share_exp","wr_target_share_s2d","wr_target_share_w3","wr_target_share_w5","wr_target_share_exp","te_target_share_s2d","te_target_share_w3","te_target_share_w5","te_target_share_exp","qb_aypa_s2d","qb_aypa_w3","qb_aypa_w5","qb_aypa_exp","qb_sack_rate_s2d","qb_sack_rate_w3","qb_sack_rate_w5","qb_sack_rate_exp","roof_dome","roof_outdoor","weather_temp_f","weather_wind_mph","weather_precip_pct","weather_impact_score","weather_extreme_flag"]},"decision_tree":{"params":{"depth":6,"minSamples":8},"alpha":6},"bt":{"coefficients":[0.13613751296108803,-0.0374599132047515,-0.03889086648657849,0.0033707568837442617,0.13454271973833715,-0.0009976941923312878,0.00013983110410444656,0.0022587008752825237,-0.004861111450666935,-0.004727447837292335],"intercept":0.08760192737462051,"scaler":{"mu":[-4.92963974106388,-20.03441408780419,-0.24772187822497382,0,0.0000611575616377118,0,0,0,0,0],"sd":[54.08309540472956,411.52804004099073,15.481137190037757,1,0.08703139054829209,1,1,1,1,1]},"features":["diff_total_yards","diff_turnovers","diff_penalty_yards","diff_possession_seconds","diff_r_ratio","diff_elo_pre","diff_inj_out","diff_inj_skill_out","diff_inj_practice_dnp","diff_inj_out_trend"],"hyperparams":{"steps":1200,"learningRate":0.001,"l2":0.00001}},"ann":{"seeds":[1],"architecture":[92,128,64,32,1],"committee_size":1,"max_epochs":15,"dropout":0.5},"ensemble":{"weights":{"logistic":0.9,"tree":0,"bt":0,"ann":0.09999999999999998},"calibration":{"type":"platt","beta":0.22400057878875512,"source":"platt"},"calibration_beta":0.22400057878875512,"calibration_hash":"e9d4ac50e200913cbc70132b51679d18a4a446eefed0563df1f50f73c5163aa0","oof_variance":{"ann":{"mean":0.5451260528381456,"var":0.012748108916254249}}},"pca":[{"component":1,"explained_variance":0.20786519684959776,"top_loadings":[{"feature":"off_total_yds_s2d","loading":-0.2499844628177066},{"feature":"def_total_yds_s2d","loading":-0.24896456145040588},{"feature":"off_1st_down_s2d","loading":-0.24820861216519277},{"feature":"def_pass_yds_s2d","loading":-0.24556357427750328},{"feature":"def_1st_down_s2d","loading":-0.24356588325031572},{"feature":"off_pass_yds_s2d","loading":-0.23787397309995312},{"feature":"def_yds_against_3g","loading":-0.2301966742719323},{"feature":"def_yds_against_5g","loading":-0.2297059280662154},{"feature":"off_yds_for_5g","loading":-0.2251070067422487},{"feature":"off_yds_for_3g","loading":-0.22439252835015447}]},{"component":2,"explained_variance":0.16995220238674003,