{"season":2013,"week":3,"generated_at":"2025-11-07T00:30:25.837Z","feature_hash":"8f4f67314b9d20bffd64b84b4ef0a94e1cc174d4","logistic":{"weights":[-0.46806668687007175,-0.727373453144368,-0.7872218867637261,-0.6027889187868815,1.347130437540365,0.9222704070448781,0.1069704343172983,0.3112703614602919,-0.05493615360180701,-0.8789880226651259,3.1161095050499537,-2.8120312690783265,0,0,0,0,0.8512242711622338,-0.8099229366791552,-1.0950107892568128,0.4777948506336462,-3.5845160004161607,0.38256587377621254,0,0,0,0,0,0,0,0,0,0,0,0,0,0,0,0,0,0,-0.03608029711299575,-0.13364753912839628,0.15146040150335768,0.21443167621719286,-0.04162778099744944,-0.3755184851319481,0.058852851859206905,0,0,1.5124471082420181,1.0225853514290593,-0.27033432346976266,-0.5454857532752208,0.583878600025803,-0.024644792144528554,-0.5289891721143348,0.18027642620529588,-1.7079662398864344,-0.7336015788544745,0.018174813081991516,0.485471396240545,-0.3482045563750061,0.3700075509904022,0.23207201390307172,0.14027538874770934,-0.35363437447915624,0.055816677871106134,-0.6083954381717208,0.7497167522473688,-0.33826959150371994,0.40671152052976617,0.03421355889230711,-0.12962372566823854,0.416529870672359,0.05141326199557194,-0.18847362332831558,-0.14799690089603423,0.37236329747844205,-0.44945018614846854,0.29123970435513263,-0.2204803217994999,0,0,0,0,0.02620380348516825,-0.2652226604064308,0.026203803485170034,-0.026203803485167876,0,0,0],"bias":0.7895191529182986,"scaler":{"mu":[47.9375,564.46875,156.5,407.96875,2.25,47.5,548.15625,143.625,404.53125,1.6875,0.875,0.625,1,0,0,0,23.240301433439292,-10.534380129990048,-0.25867642691419235,0.03263397295874207,1449.921875,-0.15625,0,0,0,0,0,0,0,0,0,0,0,0,0,0,0,0,0,0,190.78125,190.78125,180.75,180.75,10.03125,10.03125,3.723947462700602,0,0,0.0010616090560347166,0.0010616090560347166,0.0010616090560347166,0.0040919382896894355,0.4321879301282585,0.4321879301282585,0.4321879301282585,0.4305050694965608,0.005246848582561384,0.005246848582561384,0.005246848582561384,0.012562591299456699,0.4296527425211609,0.4296527425211609,0.4296527425211609,0.431495832694793,0.8477316452691215,0.8477316452691215,0.8477316452691215,0.8482790514008062,0.5875066191038789,0.5875066191038789,0.5875066191038789,0.5860179502692354,0.204789821979818,0.204789821979818,0.204789821979818,0.20160991788687968,7.947468186334324,7.947468186334324,7.947468186334324,7.7905413033670925,0,0,0,0,0.125,0.75,65.625,4.375,0,0,0],"sd":[19.093417550297275,237.6410087157465,92.67955545857997,185.39796458817312,1.695582495781317,18.36096402697854,201.29690592738254,70.00926278000648,170.03988215544464,1.184205957593526,0.649519052838329,0.5994789404140899,1,1,1,1,144.39546172141502,122.96995350853277,2.282960494935877,2.139290175757436,0.8804240366863004,1.0711960313126632,1,1,1,1,1,1,1,1,1,1,1,1,1,1,1,1,1,1,196.75789920213495,196.75789920213495,189.93469272357802,189.93469272357802,74.78656479233085,74.78656479233085,4.128432529451539,1,1,0.11032873555100069,0.11032873555100069,0.11032873555100069,0.1087251493499712,0.046216889691651976,0.046216889691651976,0.046216889691651976,0.04235468728171984,0.08708922054783033,0.08708922054783033,0.08708922054783033,0.08817670663850051,0.042335760400127306,0.042335760400127306,0.042335760400127306,0.03956364746605167,0.08750744487420717,0.08750744487420717,0.08750744487420717,0.09319859508971048,0.11594857145813486,0.11594857145813486,0.11594857145813486,0.1187750188548926,0.08416812197330817,0.08416812197330817,0.08416812197330817,0.08576178503494238,2.493580381828422,2.493580381828422,2.493580381828422,2.426936103619183,1,1,1,1,0.33071891388307384,0.4330127018922193,1.653594569415369,1.653594569415369,1,1,1]},"features":["off_1st_down_s2d","off_total_yds_s2d","off_rush_yds_s2d","off_pass_yds_s2d","off_turnovers_s2d","def_1st_down_s2d","def_total_yds_s2d","def_rush_yds_s2d","def_pass_yds_s2d","def_turnovers_s2d","wins_s2d","losses_s2d","home","sim_winrate_same_loc_s2d","sim_pointdiff_same_loc_s2d","sim_count_same_loc_s2d","off_total_yds_s2d_minus_opp","def_total_yds_s2d_minus_opp","off_turnovers_s2d_minus_opp","def_turnovers_s2d_minus_opp","elo_pre","elo_diff","rest_days","rest_diff","off_third_down_att_s2d","off_third_down_conv_s2d","off_third_down_pct_s2d","off_red_zone_att_s2d","off_red_zone_td_s2d","off_red_zone_td_pct_s2d","off_dropbacks_s2d","off_sacks_taken_s2d","off_sack_rate_s2d","off_pass_att_s2d","off_rush_att_s2d","off_neutral_pass_rate_s2d","off_third_down_pct_s2d_minus_opp","off_red_zone_td_pct_s2d_minus_opp","off_sack_rate_s2d_minus_opp","off_neutral_pass_rate_s2d_minus_opp","off_yds_for_3g","off_yds_for_5g","def_yds_against_3g","def_yds_against_5g","net_yds_3g","net_yds_5g","qb_ypa_3g","qb_sack_rate_3g","qb_qbr","off_epa_per_play_s2d","off_epa_per_play_w3","off_epa_per_play_w5","off_epa_per_play_exp","off_success_rate_s2d","off_success_rate_w3","off_success_rate_w5","off_success_rate_exp","def_epa_per_play_allowed_s2d","def_epa_per_play_allowed_w3","def_epa_per_play_allowed_w5","def_epa_per_play_allowed_exp","def_success_rate_allowed_s2d","def_success_rate_allowed_w3","def_success_rate_allowed_w5","def_success_rate_allowed_exp","rb_rush_share_s2d","rb_rush_share_w3","rb_rush_share_w5","rb_rush_share_exp","wr_target_share_s2d","wr_target_share_w3","wr_target_share_w5","wr_target_share_exp","te_target_share_s2d","te_target_share_w3","te_target_share_w5","te_target_share_exp","qb_aypa_s2d","qb_aypa_w3","qb_aypa_w5","qb_aypa_exp","qb_sack_rate_s2d","qb_sack_rate_w3","qb_sack_rate_w5","qb_sack_rate_exp","roof_dome","roof_outdoor","weather_temp_f","weather_wind_mph","weather_precip_pct","weather_impact_score","weather_extreme_flag"]},"decision_tree":{"params":{"depth":6,"minSamples":8},"alpha":6},"bt":{"coefficients":[0.11113713263212169,-0.05110339176822031,-0.060146552842024074,-0.000627625344357899,-0.0013287165328956625,-0.0034180069273102823,-0.004006463007837771,0.003202054077894163,-0.0004157865919187409,-0.0015523807827618292],"intercept":0.16209498597748181,"scaler":{"mu":[6.606110439241489,23.682140522875812,0.7584983713880289,0,0.0009974010586543923,0,0,0,0,0],"sd":[54.58964276328698,283.9714071766708,11.698044532209781,1,0.0912072968724371,1,1,1,1,1]},"features":["diff_total_yards","diff_turnovers","diff_penalty_yards","diff_possession_seconds","diff_r_ratio","diff_elo_pre","diff_inj_out","diff_inj_skill_out","diff_inj_practice_dnp","diff_inj_out_trend"],"hyperparams":{"steps":1200,"learningRate":0.001,"l2":0.00001}},"ann":{"seeds":[1],"architecture":[92,128,64,32,1],"committee_size":1,"max_epochs":15,"dropout":0.5},"ensemble":{"weights":{"logistic":0.9350649350649352,"tree":0,"bt":0,"ann":0.06493506493506492},"calibration":{"type":"platt","beta":1.075049398095849,"source":"platt"},"calibration_beta":1.075049398095849,"calibration_hash":"e1001c3936c2de885ccfc679748f77011121a8ea7251d6e37d1bb39170071fe5","oof_variance":{"ann":{"mean":0.5159794546462804,"var":0.0027851229225965652}}},"pca":[{"component":1,"explained_variance":0.225164551129688,"top_loadings":[{"feature":"off_total_yds_s2d","loading":0.2415958268577814},{"feature":"off_pass_yds_s2d","loading":0.2342876717314065},{"feature":"off_1st_down_s2d","loading":0.23381610508557985},{"feature":"def_total_yds_s2d","loading":0.23317614064434003},{"feature":"qb_ypa_3g","loading":0.2208746787229677},{"feature":"def_1st_down_s2d","loading":0.22062039492211383},{"feature":"def_yds_against_3g","loading":0.21992204819757524},{"feature":"def_yds_against_5g","loading":0.21992204819757524},{"feature":"def_pass_yds_s2d","loading":0.21694603899600096},{"feature":"off_yds_for_3g","loading":0.2126102487537147}]},{"component":2,"explained_variance":0.16771797571132085,"top_loadings":[{"feature":"def_epa_per_play_allowed_s2d","loading":-0.2323256484520695},{"feature":"def_epa_per_play_allowed_w3","loading":-0.2323256484520695},{"feature":"def_epa_per_play_allowed_w5","loading":-0.2323256484520695},{"feature":"te_target_share_exp",