{
  "season": 2025,
  "week": 4,
  "generated_at": "2025-09-30T00:47:11.958Z",
  "logistic": {
    "weights": [
      0.31190421162062526,
      0.17711543652776685,
      0.1564395571729008,
      0.1695467318101709,
      0.036121451479405216,
      -0.25246180201404683,
      -0.06819979589379847,
      0.023758236861534002,
      -0.11398363028018654,
      0.2878168334456146,
      1.0103889561867816,
      -0.9494154837528733,
      0,
      0,
      0,
      0,
      -0.08290584458975295,
      -0.37253991854814344,
      -0.45657200416711846,
      0.3666701792904132,
      -0.46461174336941996,
      -0.41761862660170024,
      0,
      0,
      0,
      0,
      0,
      0,
      0,
      0,
      0,
      0,
      0,
      0,
      0,
      0,
      0,
      0,
      0,
      0,
      0.3740184119460077,
      0.3740184119460077,
      0.3740184119460077,
      0.1274237466307492,
      0.054009301950963276,
      0.054009301950963276,
      0.054009301950963276,
      -0.12650353705889997,
      -0.11617363933265439,
      -0.11617363933265439,
      -0.11617363933265439,
      -0.17458813276670457,
      -0.18248830068176833,
      -0.18248830068176833,
      -0.18248830068176833,
      -0.05478706129452169,
      0,
      0,
      0,
      0,
      0,
      0,
      0,
      0,
      0,
      0,
      0,
      0,
      0,
      0,
      0,
      0,
      0,
      0,
      0,
      0,
      -0.05748258174362782,
      0.029806863221245445
    ],
    "bias": 0.5869047936108392,
    "scaler": {
      "mu": [
        56.4375,
        674.3958333333334,
        221.95833333333334,
        452.4375,
        1.8333333333333333,
        55.375,
        664.25,
        222.22916666666666,
        442.0208333333333,
        1.5,
        1.0625,
        0.9375,
        1,
        0,
        0,
        0,
        11.875,
        -8.416666666666666,
        -0.22916666666666666,
        0.3125,
        1449.9475419034254,
        -0.10491619314908955,
        0,
        0,
        0,
        0,
        0,
        0,
        0,
        0,
        0,
        0,
        0,
        0,
        0,
        0,
        0,
        0,
        0,
        0,
        0.025792357128500133,
        0.025792357128500133,
        0.025792357128500133,
        0.033890017742975724,
        0.4642087736396041,
        0.4642087736396041,
        0.4642087736396041,
        0.46417421761822447,
        0.011291800720378076,
        0.011291800720378076,
        0.011291800720378076,
        0.0189268133588484,
        0.45499678169867347,
        0.45499678169867347,
        0.45499678169867347,
        0.4557398882293848,
        0,
        0,
        0,
        0,
        0,
        0,
        0,
        0,
        0,
        0,
        0,
        0,
        0,
        0,
        0,
        0,
        0,
        0,
        0,
        0,
        0.1875,
        0.6875
      ],
      "sd": [
        24.7738994457877,
        290.6184310786893,
        110.16785646104867,
        201.94078198096426,
        1.711886548681178,
        25.45553721688073,
        308.6278435807977,
        121.66385377741501,
        210.02028568522982,
        1.567907310185565,
        0.9444189130535947,
        0.8757437315409876,
        1,
        1,
        1,
        1,
        175.92193166761973,
        157.66153532876123,
        2.302531065057659,
        1.6349853465194524,
        1.3470548797695734,
        1.971741408321413,
        1,
        1,
        1,
        1,
        1,
        1,
        1,
        1,
        1,
        1,
        1,
        1,
        1,
        1,
        1,
        1,
        1,
        1,
        0.11268360788154043,
        0.11268360788154043,
        0.11268360788154043,
        0.12885006805576457,
        0.045684029139969336,
        0.045684029139969336,
        0.045684029139969336,
        0.05559564057200012,
        0.11232504094020997,
        0.11232504094020997,
        0.11232504094020997,
        0.12308551855393654,
        0.044842398181804695,
        0.044842398181804695,
        0.044842398181804695,
        0.05071205083486444,
        1,
        1,
        1,
        1,
        1,
        1,
        1,
        1,
        1,
        1,
        1,
        1,
        1,
        1,
        1,
        1,
        1,
        1,
        1,
        1,
        0.3903123748998999,
        0.46351240544347894
      ]
    },
    "features": [
      "off_1st_down_s2d",
      "off_total_yds_s2d",
      "off_rush_yds_s2d",
      "off_pass_yds_s2d",
      "off_turnovers_s2d",
      "def_1st_down_s2d",
      "def_total_yds_s2d",
      "def_rush_yds_s2d",
      "def_pass_yds_s2d",
      "def_turnovers_s2d",
      "wins_s2d",
      "losses_s2d",
      "home",
      "sim_winrate_same_loc_s2d",
      "sim_pointdiff_same_loc_s2d",
      "sim_count_same_loc_s2d",
      "off_total_yds_s2d_minus_opp",
      "def_total_yds_s2d_minus_opp",
      "off_turnovers_s2d_minus_opp",
      "def_turnovers_s2d_minus_opp",
      "elo_pre",
      "elo_diff",
      "rest_days",
      "rest_diff",
      "off_third_down_att_s2d",
      "off_third_down_conv_s2d",
      "off_third_down_pct_s2d",
      "off_red_zone_att_s2d",
      "off_red_zone_td_s2d",
      "off_red_zone_td_pct_s2d",
      "off_dropbacks_s2d",
      "off_sacks_taken_s2d",
      "off_sack_rate_s2d",
      "off_pass_att_s2d",
      "off_rush_att_s2d",
      "off_neutral_pass_rate_s2d",
      "off_third_down_pct_s2d_minus_opp",
      "off_red_zone_td_pct_s2d_minus_opp",
      "off_sack_rate_s2d_minus_opp",
      "off_neutral_pass_rate_s2d_minus_opp",
      "off_epa_per_play_s2d",
      "off_epa_per_play_w3",
      "off_epa_per_play_w5",
      "off_epa_per_play_exp",
      "off_success_rate_s2d",
      "off_success_rate_w3",
      "off_success_rate_w5",
      "off_success_rate_exp",
      "def_epa_per_play_allowed_s2d",
      "def_epa_per_play_allowed_w3",
      "def_epa_per_play_allowed_w5",
      "def_epa_per_play_allowed_exp",
      "def_success_rate_allowed_s2d",
      "def_success_rate_allowed_w3",
      "def_success_rate_allowed_w5",
      "def_success_rate_allowed_exp",
      "rb_rush_share_s2d",
      "rb_rush_share_w3",
      "rb_rush_share_w5",
      "rb_rush_share_exp",
      "wr_target_share_s2d",
      "wr_target_share_w3",
      "wr_target_share_w5",
      "wr_target_share_exp",
      "te_target_share_s2d",
      "te_target_share_w3",
      "te_target_share_w5",
      "te_target_share_exp",
      "qb_aypa_s2d",
      "qb_aypa_w3",
      "qb_aypa_w5",
      "qb_aypa_exp",
      "qb_sack_rate_s2d",
      "qb_sack_rate_w3",
      "qb_sack_rate_w5",
      "qb_sack_rate_exp",
      "roof_dome",
      "roof_outdoor"
    ]
  },
  "decision_tree": {
    "params": {
      "depth": 6,
      "minSamples": 8
    },
    "alpha": 6
  },
  "bt": {
    "coefficients": [
      0.7021039693566649,
      -0.050693957506230375,
      -1.1307162646290876,
      0,
      -0.30363981846352817,
      0
    ],
    "intercept": 0.3505354956666056,
    "scaler": {
      "mu": [
        -4.118675692499217,
        -0.030162702507903736,
        0.9014647320916667,
        0,
        -0.010080113959973033,
        0
      ],
      "sd": [
        44.74402130219334,
        0.5981954041693874,
        12.053205724551866,
        1,
        0.08036949119542988,
        1
      ]
    },
    "features": [
      "diff_total_yards",
      "diff_turnovers",
      "diff_penalty_yards",
      "diff_possession_seconds",
      "diff_r_ratio",
      "diff_elo_pre"
    ]
  },
  "ann": {
    "seeds": [
      1,
      2,
      3,
      4,
      5,
      6,
      7,
      8,
      9,
      10,
      11,
      12,
      13,
      14,
      15
    ],
    "architecture": [
      78,
      32,
      16,
      1
    ],
    "committee_size": 15
  },
  "ensemble": {
    "weights": {
      "logistic": 0.45,
      "tree": 0.4,
      "bt": 0.15000000000000005,
      "ann": 2.775557561562892e-17
    },