{"season":2000,"week":7,"generated_at":"2025-11-07T00:06:27.971Z","feature_hash":"dba7f204709c61500ec124bfda04ef7614da56e0","logistic":{"weights":[-0.062147882503507404,0.16458899653120612,0.1594177432890802,0.13611576506143222,-0.12676677228943634,-0.2534930873275255,-0.22732570953758552,0.08965814219546339,-0.37889191116176413,-0.14311652341984804,3.058816759709935,-2.568459772588937,0,0,0,0,0.9317012364856619,-0.4998144679571293,-0.9617289755058406,-0.030726911198826774,-2.2207053750939774,-0.4431191062275274,0,0,0,0,0,0,0,0,0,0,0,0,0,0,0,0,0,0,-0.028883131779363927,0.0643776435823811,0.049979039812225,0.2062219066211243,-0.2943791275745823,-0.3744858900563234,-0.6497398288530286,0,0,0,0,0,0,0,0,0,0,0,0,0,0,0,0,0,0,0.007762399687537754,0.12984290720796401,0.0893628116012962,-0.1249099114934896,-0.041241908699203855,0.0820975741467617,-0.06533176582977013,-0.10372845308939108,0.08896391741181771,-0.10701563340556698,-0.025346691449757992,0.07784306535506615,-0.0493154291096282,0.31154342614684444,0.00018798663016763282,-0.21602091793169997,0,0,0,0,0.039561299145554105,-0.039561299145554146,0.039561299145554965,-0.03956129914555414,0,0,0],"bias":0.28123050844715336,"scaler":{"mu":[81.98837209302326,968.5232558139535,311.1046511627907,657.4186046511628,4.941860465116279,84.02325581395348,994.5,323.77906976744185,670.7209302325581,3.7674418604651163,1.4186046511627908,1.5930232558139534,1,0,0,0,-0.5154545360783153,28.2442804806051,0.32397905687018724,0.06065111301738595,1449.9144599657068,-0.012498278998033277,0,0,0,0,0,0,0,0,0,0,0,0,0,0,0,0,0,0,261.67829457364337,262.97596899224806,267.26937984496124,267.7930232558139,-5.591085271317829,-4.817054263565891,2.602128963717863,0,0,0,0,0,0,0,0,0,0,0,0,0,0,0,0,0,0,0.7783833967663467,0.7807239999707402,0.7788093431129343,0.7667987848038983,0.6108922433695981,0.6038520477504697,0.6107388454484344,0.6086639802752273,0.14909036080834895,0.15373687346318562,0.1490142466994026,0.14702264595550432,3.1650580512925224,3.1366256140045627,3.128652334614077,3.409790997989533,0,0,0,0,0.19767441860465115,0.8023255813953488,65.98837209302326,4.011627906976744,0,0,0],"sd":[49.8606183289038,567.4115180841114,189.56130683273452,404.2947481414978,3.5185708355404843,48.748280051754925,584.1926201535418,201.5853677531133,405.6402820223044,2.831198359987611,1.1858184915332055,1.3924873760585488,1,1,1,1,582.5532120906404,615.3280701884363,3.9732750712398777,3.4209126001245704,2.101825515978327,2.936844442690159,1,1,1,1,1,1,1,1,1,1,1,1,1,1,1,1,1,1,140.91352423319844,140.84612775249602,139.5320556480201,138.81030992418223,76.44731282964669,72.59119435963139,2.5088955325666364,1,1,1,1,1,1,1,1,1,1,1,1,1,1,1,1,1,1,0.13435140044376828,0.13463471473370212,0.13428679892740106,0.14696137717886246,0.08794384801145151,0.09351569770781791,0.08865385874724022,0.08786868936377144,0.0799493366835997,0.08479287982104185,0.08067984726345538,0.08773946711818616,2.034669222977784,2.1620436204422426,2.0531989771388206,2.4219382947206753,1,1,1,1,0.3982452044079932,0.39824520440799355,1.9912260220399673,1.9912260220399647,1,1,1]},"features":["off_1st_down_s2d","off_total_yds_s2d","off_rush_yds_s2d","off_pass_yds_s2d","off_turnovers_s2d","def_1st_down_s2d","def_total_yds_s2d","def_rush_yds_s2d","def_pass_yds_s2d","def_turnovers_s2d","wins_s2d","losses_s2d","home","sim_winrate_same_loc_s2d","sim_pointdiff_same_loc_s2d","sim_count_same_loc_s2d","off_total_yds_s2d_minus_opp","def_total_yds_s2d_minus_opp","off_turnovers_s2d_minus_opp","def_turnovers_s2d_minus_opp","elo_pre","elo_diff","rest_days","rest_diff","off_third_down_att_s2d","off_third_down_conv_s2d","off_third_down_pct_s2d","off_red_zone_att_s2d","off_red_zone_td_s2d","off_red_zone_td_pct_s2d","off_dropbacks_s2d","off_sacks_taken_s2d","off_sack_rate_s2d","off_pass_att_s2d","off_rush_att_s2d","off_neutral_pass_rate_s2d","off_third_down_pct_s2d_minus_opp","off_red_zone_td_pct_s2d_minus_opp","off_sack_rate_s2d_minus_opp","off_neutral_pass_rate_s2d_minus_opp","off_yds_for_3g","off_yds_for_5g","def_yds_against_3g","def_yds_against_5g","net_yds_3g","net_yds_5g","qb_ypa_3g","qb_sack_rate_3g","qb_qbr","off_epa_per_play_s2d","off_epa_per_play_w3","off_epa_per_play_w5","off_epa_per_play_exp","off_success_rate_s2d","off_success_rate_w3","off_success_rate_w5","off_success_rate_exp","def_epa_per_play_allowed_s2d","def_epa_per_play_allowed_w3","def_epa_per_play_allowed_w5","def_epa_per_play_allowed_exp","def_success_rate_allowed_s2d","def_success_rate_allowed_w3","def_success_rate_allowed_w5","def_success_rate_allowed_exp","rb_rush_share_s2d","rb_rush_share_w3","rb_rush_share_w5","rb_rush_share_exp","wr_target_share_s2d","wr_target_share_w3","wr_target_share_w5","wr_target_share_exp","te_target_share_s2d","te_target_share_w3","te_target_share_w5","te_target_share_exp","qb_aypa_s2d","qb_aypa_w3","qb_aypa_w5","qb_aypa_exp","qb_sack_rate_s2d","qb_sack_rate_w3","qb_sack_rate_w5","qb_sack_rate_exp","roof_dome","roof_outdoor","weather_temp_f","weather_wind_mph","weather_precip_pct","weather_impact_score","weather_extreme_flag"]},"decision_tree":{"params":{"depth":6,"minSamples":8},"alpha":4},"bt":{"coefficients":[0.08084239169840625,-0.04300500635083646,0.023192596202684167,-0.0013712243842031483,-0.057027997030449695,0.0022428835329777633,0.004541407043516884,0.002762300657029586,-0.0031008515073800073,0.0003934234677824894],"intercept":-0.024118348184925153,"scaler":{"mu":[-1.747640028879768,18.883597431220554,-0.18972146222830233,0,0.007720325112946876,0,0,0,0,0],"sd":[69.39476278901688,489.70466193497464,15.627470593264764,1,0.0853400325976946,1,1,1,1,1]},"features":["diff_total_yards","diff_turnovers","diff_penalty_yards","diff_possession_seconds","diff_r_ratio","diff_elo_pre","diff_inj_out","diff_inj_skill_out","diff_inj_practice_dnp","diff_inj_out_trend"],"hyperparams":{"steps":1200,"learningRate":0.001,"l2":0.00001}},"ann":{"seeds":[1],"architecture":[92,128,64,32,1],"committee_size":1,"max_epochs":15,"dropout":0.5},"ensemble":{"weights":{"logistic":0.9,"tree":0,"bt":0,"ann":0.09999999999999998},"calibration":{"type":"platt","beta":-0.3932104898745144,"source":"platt"},"calibration_beta":-0.3932104898745144,"calibration_hash":"58c7d5833bd5f3da184d00bb8e9aaadedbeb9185d59c5f739e76b5529408b0eb","oof_variance":{"ann":{"mean":0.5197833827706932,"var":0.02128157246489326}}},"pca":[{"component":1,"explained_variance":0.26367217653070835,"top_loadings":[{"feature":"def_total_yds_s2d","loading":-0.2792101434703486},{"feature":"def_pass_yds_s2d","loading":-0.2776917776231016},{"feature":"off_total_yds_s2d","loading":-0.2766559426100541},{"feature":"def_1st_down_s2d","loading":-0.2743989634043528},{"feature":"off_1st_down_s2d","loading":-0.2717050560164239},{"feature":"off_pass_yds_s2d","loading":-0.27034700932297795},{"feature":"off_rush_yds_s2d","loading":-0.25151700594885323},{"feature":"def_rush_yds_s2d","loading":-0.2503630836881508},{"feature":"off_turnovers_s2d","loading":-0.22361876492680455},{"feature":"def_turnovers_s2d","loading":-0.21545667152210157}]},{"component":2,"explained_variance":0.14359557449121188,"top_loadings":[{"feature":"te_target_share_w5","loading":0.32298661187042094},{"feature":"te_target_share_s2d","loading":0.32256388842994005},{"feature":"te_target_share_w3","loading":0.3204955984093361},{"feature":"wr_target_share_w3","loading":-0.2983679122073131},{"feature":"te_target_share_exp","loading":0.2943512993004524},{"feature":"wr_target_share_exp","loading":-0.2909248141866461},{"feature":"wr_target_share_w5","loading":-0.2907056422261102},{"feature":"wr_target_share_s2d","loading":-0.28787783855654836},{"feature":"qb_aypa_s2d","loading":-0.19909384905636376},{"feature":"qb_aypa_exp","loading":-0.1968412053543308}]},{"component":3,"explained_variance":0.12221590279756822,"top_loadings":[{"feature":"weather_wind_mph","loading":-0.3707582663385343},{"feature":"roof_dome","loading":0.37075826633853404},{"feature":"weather_temp_f","loading":0.37075826633853387},{"feature":"roof_outdoor",