{"season":2006,"week":7,"generated_at":"2025-11-07T00:17:28.361Z","feature_hash":"13e4fe727b8779420e8852fa6f3b73fd5706683a","logistic":{"weights":[-0.5424717671913745,-0.35723139101258267,-0.4680595386077666,-0.2631095147529158,1.0862783573957502,0.7869746813601025,0.04537046196510311,0.35019437369890455,-0.1453394171464883,-0.7619393201445673,3.1161028014198,-3.0311810331625924,0,0,0,0,0.8838299505574979,-0.6702937238528737,-0.973277505492519,0.6154156737201605,-3.5928893223798153,0.08886275437426143,0,0,0,0,0,0,0,0,0,0,0,0,0,0,0,0,0,0,0.23340273502478043,0.4835448006832552,0.5908694665929926,0.47132321275003686,-0.39351122269497363,0.06798429701954083,-1.5840761599462567,0,0,0.8196851752276593,0.7086429224065005,0.7457039338167941,-0.2644879186564386,-0.0749410319986711,0.12462019890454099,-0.02770571007143582,-0.2715793172019164,-1.2942999363437655,-0.31243733389981615,-0.02650480002714873,0.113408220955794,-0.6663655333473052,-0.43930647232743014,0.5199512703996523,-0.11416754310378704,-0.17281474589966161,-0.12706139861093152,0.09934465857817548,0.19044092027694356,0.08128991208427949,-0.3999213236186828,-0.2189677710523076,0.2655925434408035,0.23072308093740135,0.16534706766388943,-0.2882601172531504,0.015355654188977474,0.04247488616175072,0.31914467094640825,-0.13709562328403038,-0.09860105858599949,0,0,0,0,-0.05800961008541604,-0.12183515982975594,-0.05800961008541494,0.058009610085416066,0,0,0],"bias":0.7831302320958127,"scaler":{"mu":[84.06896551724138,998.2528735632184,324.7931034482759,673.4597701149426,4.206896551724138,82.54022988505747,981.6551724137931,316.1954022988506,665.4597701149426,3.2298850574712645,1.632183908045977,1.3218390804597702,1,0,0,0,86.46132491496078,52.5258614583249,-0.26380738482918475,0.38148801279828154,1450.157270468554,0.3429148461823911,0,0,0,0,0,0,0,0,0,0,0,0,0,0,0,0,0,0,271.96743295019155,271.02356321839085,271.8582375478927,269.6743295019158,0.10919540229884926,1.3492337164750956,6.917151606959896,0,0,-0.04227941997316188,-0.041494930717485744,-0.04216521166739314,-0.05125925473849651,0.4322086897389121,0.43496310305362845,0.43233064386169257,0.4307907957835045,-0.042863928130230516,-0.03564790413408338,-0.04078137370341577,-0.0525340640516003,0.43240755300873834,0.4364181032537914,0.4328970693459461,0.4311979147300753,0.8639948222500566,0.8598403555675701,0.8640202963606993,0.8699670879246115,0.01721048078111482,0.01369834795863717,0.01721048078111482,0.0025815721171672233,0.013193671981213696,0.0090429695546492,0.013193671981213696,0.0019790507971820543,8.482015018980025,8.479056722081413,8.4852719314172,8.453233910259938,0,0,0,0,0.20689655172413793,0.7241379310344828,66.03448275862068,3.9655172413793105,0,0,0],"sd":[48.57126370139586,572.9208129349478,193.4892041855194,415.64335409921296,3.12254659935773,49.4707168922405,594.3871532852031,209.44995501795188,406.1090053712491,2.6072452076847537,1.3571008867260177,1.2548229061620761,1,1,1,1,484.1824352949591,546.5063406442966,4.10245160639214,2.8831353261588792,2.174212821794319,2.999837329051713,1,1,1,1,1,1,1,1,1,1,1,1,1,1,1,1,1,1,137.1223150017657,135.9949524726247,139.4566003358243,138.33189282370037,69.57167728829305,67.97571813609467,3.677619057193036,1,1,0.10439673394993748,0.10869313517539944,0.10530655575503572,0.11444702388311707,0.03753440470395446,0.04054959955630835,0.03770808337468166,0.03991710465221899,0.10814514555863951,0.10992089739017268,0.10895859551906142,0.11569761697024397,0.04226704235497711,0.04431093329551679,0.042781152278355675,0.04302887342868731,0.07380323568009722,0.08082120135019268,0.07413151716956945,0.07919233602498885,0.0824531869611282,0.07638018235256393,0.0824531869611282,0.012367978044169224,0.06610873012746543,0.05444076703996116,0.06610873012746543,0.009916309519119813,1.6435615184895194,1.741287554695873,1.6577935845704184,1.715084834213874,1,1,1,1,0.4050806939472663,0.44694763437295604,2.0254034697363332,2.025403469736334,1,1,1]},"features":["off_1st_down_s2d","off_total_yds_s2d","off_rush_yds_s2d","off_pass_yds_s2d","off_turnovers_s2d","def_1st_down_s2d","def_total_yds_s2d","def_rush_yds_s2d","def_pass_yds_s2d","def_turnovers_s2d","wins_s2d","losses_s2d","home","sim_winrate_same_loc_s2d","sim_pointdiff_same_loc_s2d","sim_count_same_loc_s2d","off_total_yds_s2d_minus_opp","def_total_yds_s2d_minus_opp","off_turnovers_s2d_minus_opp","def_turnovers_s2d_minus_opp","elo_pre","elo_diff","rest_days","rest_diff","off_third_down_att_s2d","off_third_down_conv_s2d","off_third_down_pct_s2d","off_red_zone_att_s2d","off_red_zone_td_s2d","off_red_zone_td_pct_s2d","off_dropbacks_s2d","off_sacks_taken_s2d","off_sack_rate_s2d","off_pass_att_s2d","off_rush_att_s2d","off_neutral_pass_rate_s2d","off_third_down_pct_s2d_minus_opp","off_red_zone_td_pct_s2d_minus_opp","off_sack_rate_s2d_minus_opp","off_neutral_pass_rate_s2d_minus_opp","off_yds_for_3g","off_yds_for_5g","def_yds_against_3g","def_yds_against_5g","net_yds_3g","net_yds_5g","qb_ypa_3g","qb_sack_rate_3g","qb_qbr","off_epa_per_play_s2d","off_epa_per_play_w3","off_epa_per_play_w5","off_epa_per_play_exp","off_success_rate_s2d","off_success_rate_w3","off_success_rate_w5","off_success_rate_exp","def_epa_per_play_allowed_s2d","def_epa_per_play_allowed_w3","def_epa_per_play_allowed_w5","def_epa_per_play_allowed_exp","def_success_rate_allowed_s2d","def_success_rate_allowed_w3","def_success_rate_allowed_w5","def_success_rate_allowed_exp","rb_rush_share_s2d","rb_rush_share_w3","rb_rush_share_w5","rb_rush_share_exp","wr_target_share_s2d","wr_target_share_w3","wr_target_share_w5","wr_target_share_exp","te_target_share_s2d","te_target_share_w3","te_target_share_w5","te_target_share_exp","qb_aypa_s2d","qb_aypa_w3","qb_aypa_w5","qb_aypa_exp","qb_sack_rate_s2d","qb_sack_rate_w3","qb_sack_rate_w5","qb_sack_rate_exp","roof_dome","roof_outdoor","weather_temp_f","weather_wind_mph","weather_precip_pct","weather_impact_score","weather_extreme_flag"]},"decision_tree":{"params":{"depth":6,"minSamples":8},"alpha":4},"bt":{"coefficients":[0.1756191858133494,-0.04900234097425615,-0.03969202956222518,-0.0038336836636137946,-0.067298665653639,-0.001662949128031155,0.0003318794164109322,0.0029395121299257833,0.003571842478986561,0.004504047094761636],"intercept":0.07754180991346386,"scaler":{"mu":[2.9065921932394643,-41.25724511583218,-0.5312663250418133,0,0.0007765969981223125,0,0,0,0,0],"sd":[47.5147675279788,650.2703797051571,14.283732389345234,1,0.10775992393080729,1,1,1,1,1]},"features":["diff_total_yards","diff_turnovers","diff_penalty_yards","diff_possession_seconds","diff_r_ratio","diff_elo_pre","diff_inj_out","diff_inj_skill_out","diff_inj_practice_dnp","diff_inj_out_trend"],"hyperparams":{"steps":1200,"learningRate":0.001,"l2":0.00001}},"ann":{"seeds":[1],"architecture":[92,128,64,32,1],"committee_size":1,"max_epochs":15,"dropout":0.5},"ensemble":{"weights":{"logistic":0.9,"tree":0,"bt":0,"ann":0.09999999999999998},"calibration":{"type":"platt","beta":0.1344350259804488,"source":"platt"},"calibration_beta":0.1344350259804488,"calibration_hash":"038687003e02a2b24fdc0e2bc4e234299756e909f3a229ea18b7d918afdd102b","oof_variance":{"ann":{"mean":0.5212692153540799,"var":0.032334987922488616}}},"pca":[{"component":1,"explained_variance":0.22913746886535025,"top_loadings":[{"feature":"off_1st_down_s2d","loading":-0.23967850628997667},{"feature":"off_total_yds_s2d","loading":-0.23916831010240905},{"feature":"off_pass_yds_s2d","loading":-0.23879438641987663},{"feature":"def_1st_down_s2d","loading":-0.2302627499413857},{"feature":"def_total_yds_s2d","loading":-0.22793862713325372},{"feature":"def_pass_yds_s2d","loading":-0.22441442699934663},{"feature":"def_rush_yds_s2d","loading":-0.21173111238915113},{"feature":"def_yds_against_3g","loading":-0.19586053850809212},{"feature":"off_rush_yds_s2d","loading":-0.19521090646645758},{"feature":"def_yds_against_5g","loading":-0.1936469481676792}]},{"component":2,"explained_variance":0.16382966675822547,"top_loadings":[{"feature":"net_yds_3g",