{"season":2002,"week":7,"generated_at":"2025-11-07T00:10:02.031Z","feature_hash":"ac478bdf56d00a55cea6db228a793b21993de0f6","logistic":{"weights":[-0.7268146170571629,-0.29210396573640457,-0.13473262265158922,-0.3899593222382343,0.8586729080252408,0.7029795725232578,0.21578123662440327,0.5331522728042307,0.055404460370946804,0.12734465349191587,2.8505951523667767,-2.691788182285057,0,0,0,0,0.8814458415255682,-0.6515755838270568,-0.7233381724913809,0.16165535435235764,-3.37260178110358,0.3347588079459811,0,0,0,0,0,0,0,0,0,0,0,0,0,0,0,0,0,0,-0.14059478703528008,-0.03689126114370118,-0.12793971022842596,-0.025925843585825333,-0.05194803713858585,-0.2235552413451565,-0.526525209298168,0,0,0.3042438206805851,0.7804746609932988,0.29228623568667045,0.1852982193798261,0.17585881384216473,0.22181177671470342,-0.1962614289235655,0.08503094202195127,-0.2790166685211865,-0.5914907748170688,-0.5194176113672803,-0.15704749389600053,-0.031453659214526176,0.0800478171121008,0.10698648920454744,-0.311318714136827,-0.21043923503543344,0.27740753623733927,-0.0005666056121516775,-0.04545382094053753,-0.09314041563589022,-0.06281091626570882,-0.025657016461133785,-0.11237774331093067,-0.05846730426826605,-0.08691678730178218,0.12660031362300256,-0.16776082123706823,-0.06458722211112027,0.6151528605076437,-0.4040476115211708,0.2641431316997703,0,0,0,0,0.06236738160785213,-0.007558145651673774,0.062367381607853246,-0.06236738160785237,0,0,0],"bias":0.5321309383336686,"scaler":{"mu":[82.55681818181819,969.2045454545455,308.6363636363636,660.5681818181819,4.7727272727272725,82.60227272727273,980.7613636363636,310.45454545454544,670.3068181818181,3.5795454545454546,1.4431818181818181,1.3977272727272727,1,0,0,0,-86.71095534807412,-43.71871633768668,-0.17822531354950633,-0.6092529072245432,1449.8146814104457,-0.568072526435693,0,0,0,0,0,0,0,0,0,0,0,0,0,0,0,0,0,0,279.81060606060606,280.42291666666665,281.3352272727273,277.952840909091,-1.5246212121212126,2.470075757575758,2.3156043119402523,0,0,0.006600319181128994,0.0010596675437038424,0.006321844453320713,0.026137209344999555,0.4596330352409621,0.4595463124983084,0.4597973135229374,0.4636976212213025,0.013057099544878078,0.010293544136387299,0.012951927776156653,0.02763407955578426,0.4614591701419501,0.4583658036826627,0.4615098130241613,0.46406651696283635,0.8146114301457955,0.8146892240404845,0.8141162124910554,0.804078287575281,0.5865079822823914,0.5875521081196372,0.5866521846945981,0.5690919943688972,0.15084724522520782,0.15262573600804014,0.15093189784920422,0.1404287393387957,3.0681571409832613,3.0087772040898773,3.059245544777951,2.8091922547914865,0,0,0,0,0.18181818181818182,0.7954545454545454,65.9090909090909,4.090909090909091,0,0,0],"sd":[54.972484430135474,626.2622736792343,215.09449201657338,446.92412909734634,3.939102553326054,48.75904106669656,576.4630989198895,200.4732984425351,405.9422081000555,2.720801982826399,1.2326795881096388,1.3360369885264194,1,1,1,1,683.3752816412814,582.4886287338961,4.7734867299779316,3.4756232359666916,2.0936390342077438,2.8584652366615124,1,1,1,1,1,1,1,1,1,1,1,1,1,1,1,1,1,1,149.3814480917096,149.4341181419144,152.24320674151028,149.9176617705278,124.16050559194103,123.02085594922153,2.4847642183261227,1,1,0.10467704082439853,0.10555671872295337,0.10449512688314616,0.11966858666026611,0.0465287628103695,0.047088539862017616,0.046309387096978974,0.05397256232047397,0.10295152760543083,0.1090204942209578,0.10414174692030505,0.11563988601442128,0.04393927028662093,0.04672696562376296,0.04401339598618982,0.05107486898818846,0.12070715392486157,0.1217388754963563,0.12068685366311971,0.16497109466578178,0.11763772080735782,0.11509436165775996,0.11794224860877182,0.13892717479440927,0.06406362312088462,0.06419816701757582,0.06408951202039957,0.06237739541593159,2.4975975099763543,2.5809519696728738,2.505328937540741,2.5517383485673566,1,1,1,1,0.38569460791993526,0.4033690761204282,1.9284730395996734,1.9284730395996748,1,1,1]},"features":["off_1st_down_s2d","off_total_yds_s2d","off_rush_yds_s2d","off_pass_yds_s2d","off_turnovers_s2d","def_1st_down_s2d","def_total_yds_s2d","def_rush_yds_s2d","def_pass_yds_s2d","def_turnovers_s2d","wins_s2d","losses_s2d","home","sim_winrate_same_loc_s2d","sim_pointdiff_same_loc_s2d","sim_count_same_loc_s2d","off_total_yds_s2d_minus_opp","def_total_yds_s2d_minus_opp","off_turnovers_s2d_minus_opp","def_turnovers_s2d_minus_opp","elo_pre","elo_diff","rest_days","rest_diff","off_third_down_att_s2d","off_third_down_conv_s2d","off_third_down_pct_s2d","off_red_zone_att_s2d","off_red_zone_td_s2d","off_red_zone_td_pct_s2d","off_dropbacks_s2d","off_sacks_taken_s2d","off_sack_rate_s2d","off_pass_att_s2d","off_rush_att_s2d","off_neutral_pass_rate_s2d","off_third_down_pct_s2d_minus_opp","off_red_zone_td_pct_s2d_minus_opp","off_sack_rate_s2d_minus_opp","off_neutral_pass_rate_s2d_minus_opp","off_yds_for_3g","off_yds_for_5g","def_yds_against_3g","def_yds_against_5g","net_yds_3g","net_yds_5g","qb_ypa_3g","qb_sack_rate_3g","qb_qbr","off_epa_per_play_s2d","off_epa_per_play_w3","off_epa_per_play_w5","off_epa_per_play_exp","off_success_rate_s2d","off_success_rate_w3","off_success_rate_w5","off_success_rate_exp","def_epa_per_play_allowed_s2d","def_epa_per_play_allowed_w3","def_epa_per_play_allowed_w5","def_epa_per_play_allowed_exp","def_success_rate_allowed_s2d","def_success_rate_allowed_w3","def_success_rate_allowed_w5","def_success_rate_allowed_exp","rb_rush_share_s2d","rb_rush_share_w3","rb_rush_share_w5","rb_rush_share_exp","wr_target_share_s2d","wr_target_share_w3","wr_target_share_w5","wr_target_share_exp","te_target_share_s2d","te_target_share_w3","te_target_share_w5","te_target_share_exp","qb_aypa_s2d","qb_aypa_w3","qb_aypa_w5","qb_aypa_exp","qb_sack_rate_s2d","qb_sack_rate_w3","qb_sack_rate_w5","qb_sack_rate_exp","roof_dome","roof_outdoor","weather_temp_f","weather_wind_mph","weather_precip_pct","weather_impact_score","weather_extreme_flag"]},"decision_tree":{"params":{"depth":6,"minSamples":8},"alpha":4},"bt":{"coefficients":[0.035769297075392,-0.03266669682299936,-0.017306653504516947,-0.0012189188677392848,-0.049924125062452814,-0.00034124724527995524,0.004523316226657256,0.004832533420088478,0.0006233099163023983,-0.00040071840095834855],"intercept":0.04713411205336601,"scaler":{"mu":[-5.945481615692526,19.21451106459332,-0.1523206621165211,0,-0.010796970525173304,0,0,0,0,0],"sd":[97.3977324583897,570.54286276873,15.835029839663484,1,0.10410955167508357,1,1,1,1,1]},"features":["diff_total_yards","diff_turnovers","diff_penalty_yards","diff_possession_seconds","diff_r_ratio","diff_elo_pre","diff_inj_out","diff_inj_skill_out","diff_inj_practice_dnp","diff_inj_out_trend"],"hyperparams":{"steps":1200,"learningRate":0.001,"l2":0.00001}},"ann":{"seeds":[1],"architecture":[92,128,64,32,1],"committee_size":1,"max_epochs":15,"dropout":0.5},"ensemble":{"weights":{"logistic":0.9,"tree":0,"bt":0,"ann":0.09999999999999998},"calibration":{"type":"platt","beta":-0.0202679929648947,"source":"platt"},"calibration_beta":-0.0202679929648947,"calibration_hash":"8f915637d1672e821c709593d136910b02fab8cee6fb9688b945d99c5406b2b5","oof_variance":{"ann":{"mean":0.527926463594225,"var":0.014724540616172526}}},"pca":[{"component":1,"explained_variance":0.1867603066319653,"top_loadings":[{"feature":"off_1st_down_s2d","loading":-0.27537666839964076},{"feature":"off_total_yds_s2d","loading":-0.2739946300044237},{"feature":"off_pass_yds_s2d","loading":-0.27250404286765734},{"feature":"def_total_yds_s2d","loading":-0.2689448643607295},{"feature":"def_1st_down_s2d","loading":-0.26502534857026744},{"feature":"def_pass_yds_s2d","loading":-0.2629868946169365},{"feature":"off_turnovers_s2d","loading":-0.2606367111604466},{"feature":"def_rush_yds_s2d","loading":-0.24082663188004905},{"feature":"off_rush_yds_s2d","loading":-0.23154413421474238},{"feature":"losses_s2d","loading":-0.22395187897149244}]},{"component":2,"explained_variance":0.15786473220093616,"top_loadings":[{"feature":"off_epa_per_play_s2d",