{"season":2006,"week":20,"generated_at":"2025-11-07T00:18:25.865Z","feature_hash":"bb4369c8a05da7c670cabec36c91b7aa287d8ded","logistic":{"weights":[-0.4888568258363403,-0.32910364800500486,-0.5241898338467215,-0.191711873312388,1.214148545331199,0.7019537295306612,-0.07372203301510398,0.2902549933731721,-0.29382980660378016,-0.7704771016350125,2.6872048263870534,-2.7228608516030386,0,0,0,0,0.9887832887158687,-0.850694539434261,-1.1873180205519176,0.7755979210396756,-3.575230521983704,0.6267615749568217,0,0,0,0,0,0,0,0,0,0,0,0,0,0,0,0,0,0,0.04595675504838891,0.33434620763540024,0.5111551387166109,0.25999223199290955,-0.5722531659674702,0.18381778699996382,-1.1781549229749466,0,0,1.0129652043674267,0.9093477436971527,0.5943809200004986,-0.17806173519669538,0.09534534137034174,-0.051864503534210044,-0.0067119248851598146,0.039243754048524,-1.5101197554973387,-0.776889735672279,0.13767038786275296,0.11819054920121327,-0.2561512636138812,-0.5203677998911709,0.8761513343266937,0.11091998030125463,-0.42734631858022126,0.05058480570279767,-0.18989015708092516,0.2910445301991695,-0.24165970667205636,-0.07893770947349525,0.09652538883915422,-0.05935871182446857,0.10955378267807478,0.11283774428005854,-0.29632625633761617,-0.10347462535400105,0.41515427127073223,0.07877587427192614,-0.01394045113272469,0.18350842516162294,0,0,0,0,-0.02742436394741745,-0.4660405060125514,-0.02742436394741635,0.027424363947417447,0,0,0],"bias":0.5575590887257331,"scaler":{"mu":[150.74621212121212,1804.4015151515152,631.2045454545455,1173.1969696969697,8.397727272727273,147.74242424242425,1771.9848484848485,611.5833333333334,1160.4015151515152,6.53030303030303,2.867424242424242,2.428030303030303,1,0,0,0,-55.715681373737745,-71.84689666854437,-0.48019965185778324,-0.09932603056797693,1450.3739287609167,0.2688970096239528,0,0,0,0,0,0,0,0,0,0,0,0,0,0,0,0,0,0,314.58270202020225,314.990340909091,315.5959595959597,315.2964646464652,-1.0132575757575772,-0.30612373737373716,8.055612845068053,0,0,-0.02977990864353623,-0.030738997566236274,-0.02614279455083416,-0.03761017446438596,0.43907672767355255,0.4407296482797937,0.44118010323131257,0.4375742716130765,-0.03255512520732695,-0.025593036252177084,-0.02759655306917444,-0.03814331971361298,0.4380671891916801,0.44137671825564107,0.44090681735058196,0.43721370482493377,0.8637328754553061,0.8595887221074133,0.8607367177307642,0.864511822091581,0.025812561094819164,0.004514228304550885,0.005671635711958292,0.0038718841642228757,0.014021260997067448,0.002980069512327577,0.004347914630172695,0.0021031891495601183,8.497255628901275,8.554541777092384,8.538106914917908,8.516503139585794,0,0,0,0,0.1893939393939394,0.7727272727272727,65.9469696969697,4.053030303030303,0,0,0],"sd":[102.71695435966114,1208.7060377756372,455.47070621694536,796.5343059761317,6.573373354599082,97.61668396366701,1168.6095855360743,436.72710156042945,772.3778942414496,5.008234724899363,2.2278878505355295,2.0895053203881093,1,1,1,1,1046.6780225349025,965.2771584123313,6.650305785056634,4.757487490803673,4.53127212335535,6.215762361328455,1,1,1,1,1,1,1,1,1,1,1,1,1,1,1,1,1,1,93.78865420641564,91.05009737407327,93.10059166761681,90.66940485388947,68.97481556322418,62.21549140655756,2.6161542474940993,1,1,0.08359364358268769,0.0973177106789462,0.08868590193889181,0.09225744143832403,0.03168515194320024,0.039838942623756035,0.03470077067492874,0.03362186745765374,0.07840390015824697,0.09742752198989003,0.08574675855088146,0.08388036840828939,0.03245766119503508,0.03911746661888911,0.03564318136493353,0.03324943244206948,0.05947138632213712,0.07491737849208997,0.06687664759594693,0.063310392048411,0.10703332968538332,0.04431709681438152,0.04801945583788085,0.016054999452807524,0.06602473557432223,0.03154003378742553,0.03845379375707876,0.009903710336148295,1.324596704882655,1.6213311272947069,1.5080153677621082,1.3578432058753818,1,1,1,1,0.3918212285147193,0.4190702026042215,1.9591061425736025,1.9591061425736005,1,1,1]},"features":["off_1st_down_s2d","off_total_yds_s2d","off_rush_yds_s2d","off_pass_yds_s2d","off_turnovers_s2d","def_1st_down_s2d","def_total_yds_s2d","def_rush_yds_s2d","def_pass_yds_s2d","def_turnovers_s2d","wins_s2d","losses_s2d","home","sim_winrate_same_loc_s2d","sim_pointdiff_same_loc_s2d","sim_count_same_loc_s2d","off_total_yds_s2d_minus_opp","def_total_yds_s2d_minus_opp","off_turnovers_s2d_minus_opp","def_turnovers_s2d_minus_opp","elo_pre","elo_diff","rest_days","rest_diff","off_third_down_att_s2d","off_third_down_conv_s2d","off_third_down_pct_s2d","off_red_zone_att_s2d","off_red_zone_td_s2d","off_red_zone_td_pct_s2d","off_dropbacks_s2d","off_sacks_taken_s2d","off_sack_rate_s2d","off_pass_att_s2d","off_rush_att_s2d","off_neutral_pass_rate_s2d","off_third_down_pct_s2d_minus_opp","off_red_zone_td_pct_s2d_minus_opp","off_sack_rate_s2d_minus_opp","off_neutral_pass_rate_s2d_minus_opp","off_yds_for_3g","off_yds_for_5g","def_yds_against_3g","def_yds_against_5g","net_yds_3g","net_yds_5g","qb_ypa_3g","qb_sack_rate_3g","qb_qbr","off_epa_per_play_s2d","off_epa_per_play_w3","off_epa_per_play_w5","off_epa_per_play_exp","off_success_rate_s2d","off_success_rate_w3","off_success_rate_w5","off_success_rate_exp","def_epa_per_play_allowed_s2d","def_epa_per_play_allowed_w3","def_epa_per_play_allowed_w5","def_epa_per_play_allowed_exp","def_success_rate_allowed_s2d","def_success_rate_allowed_w3","def_success_rate_allowed_w5","def_success_rate_allowed_exp","rb_rush_share_s2d","rb_rush_share_w3","rb_rush_share_w5","rb_rush_share_exp","wr_target_share_s2d","wr_target_share_w3","wr_target_share_w5","wr_target_share_exp","te_target_share_s2d","te_target_share_w3","te_target_share_w5","te_target_share_exp","qb_aypa_s2d","qb_aypa_w3","qb_aypa_w5","qb_aypa_exp","qb_sack_rate_s2d","qb_sack_rate_w3","qb_sack_rate_w5","qb_sack_rate_exp","roof_dome","roof_outdoor","weather_temp_f","weather_wind_mph","weather_precip_pct","weather_impact_score","weather_extreme_flag"]},"decision_tree":{"params":{"depth":6,"minSamples":14},"alpha":2},"bt":{"coefficients":[0.29609747359234245,-0.09057415042554055,-0.029658897718110196,0.00499819500065576,0.08504528680114753,-0.002140926054624957,-0.0009664020798492199,-0.003081190379548339,-0.003706628794206791,0.004459747315833624],"intercept":0.24155747756281445,"scaler":{"mu":[-0.08142348292441706,-3.681191598225974,0.07453795397056386,0,0.0019459219053018471,0,0,0,0,0],"sd":[51.96141274625436,561.4972155697146,12.725587448793078,1,0.10372168894990523,1,1,1,1,1]},"features":["diff_total_yards","diff_turnovers","diff_penalty_yards","diff_possession_seconds","diff_r_ratio","diff_elo_pre","diff_inj_out","diff_inj_skill_out","diff_inj_practice_dnp","diff_inj_out_trend"],"hyperparams":{"steps":1200,"learningRate":0.001,"l2":0.00001}},"ann":{"seeds":[1],"architecture":[92,128,64,32,1],"committee_size":1,"max_epochs":15,"dropout":0.5},"ensemble":{"weights":{"logistic":0.9,"tree":0,"bt":0,"ann":0.09999999999999998},"calibration":{"type":"platt","beta":-0.05691282186726983,"source":"platt"},"calibration_beta":-0.05691282186726983,"calibration_hash":"94e289c877f56c4676cc83eb29e4486bcea184a09f2202c2913fb2e8075412a4","oof_variance":{"ann":{"mean":0.48458518876801143,"var":0.023371291460507634}}},"pca":[{"component":1,"explained_variance":0.21894220733657366,"top_loadings":[{"feature":"off_1st_down_s2d","loading":0.2463486490924319},{"feature":"off_total_yds_s2d","loading":0.24430279010714084},{"feature":"off_pass_yds_s2d","loading":0.24334908906315886},{"feature":"def_total_yds_s2d","loading":0.23425371414371668},{"feature":"def_1st_down_s2d","loading":0.2339895874771615},{"feature":"def_pass_yds_s2d","loading":0.2267801362652786},{"feature":"def_rush_yds_s2d","loading":0.22575006529052777},{"feature":"off_rush_yds_s2d","loading":0.2227461794936258},{"feature":"wins_s2d","loading":0.20961679937264496},{"feature":"def_turnovers_s2d","loading":0.18697166038335486}]},{"component":2,"explained_variance":0.13255005646617218,"top_loadings":[{"feature":"off_epa_per_play_s2d",