{"season":2009,"week":2,"generated_at":"2025-11-07T00:22:58.434Z","feature_hash":"657a0a7913d3d3037b517037e342243cabf42719","logistic":{"weights":[-0.2848535691474906,-0.34541600599976574,-0.08140910749331721,-0.4466714124506737,1.379670210438147,0.7372800934384013,-0.21545743036074833,0.38549374183760865,-0.5549307544595852,-0.7556517854629708,2.819361294576854,-2.6237592503848406,0,0,0,0,1.0360506800336111,-1.0862545482600723,-0.9069966867606254,1.0078783397366884,-3.818831272975702,-0.2712309872950982,0,0,0,0,0,0,0,0,0,0,0,0,0,0,0,0,0,0,-0.30582451504354863,0.23639056119454044,0.08570426565840059,0.15172373760976515,-0.5122058236072989,0.19383012034370953,-0.1848636896517617,0,0,1.3932742839398993,1.0855441885328345,0.12971044282775077,-0.15250045922594524,0.11088031006205593,-0.028343593516722807,-0.5468802372609952,0.19583058141666684,-1.8622002140555405,-0.7857685585899252,-0.20843753902937742,-0.0916915128094081,-0.5407374549770035,-0.3133070466026413,0.6541473672258913,-0.2583118385191125,-0.04766766731782571,0.5921536150635324,0.10199220064441775,0.11975295191079449,0.049223970445733185,-0.11498868872003291,-0.13742840131629228,0.33965212847953163,-0.11366482165572464,-0.2016791755611758,0.028377541410203697,0.4167917277921273,0.03529078546853261,-0.02106161145202298,0.15556724008589243,-0.04257538073774856,0,0,0,0,-0.14662366041644445,-0.05363771644906503,-0.14662366041644367,0.1466236604164446,0,0,0],"bias":0.8184128377815341,"scaler":{"mu":[32.5,363.125,100.625,262.5,2,24.1875,308.9375,99.1875,209.75,1.25,0.5625,0.4375,1,0,0,0,56.056034482758626,-56.056034482758626,0.7112068965517242,-0.4525862068965517,1450,0,0,0,0,0,0,0,0,0,0,0,0,0,0,0,0,0,0,0,0,0,0,0,0,0,0,0,0,-0.05814818153216564,-0.05814818153216564,-0.05814818153216564,-0.05814818153216564,0.44495260437765616,0.44495260437765616,0.44495260437765616,0.44495260437765616,-0.0350900824539678,-0.0350900824539678,-0.0350900824539678,-0.0350900824539678,0.4198456980052059,0.4198456980052059,0.4198456980052059,0.4198456980052059,0.8919663842019977,0.8919663842019977,0.8919663842019977,0.8919663842019977,0.5824556292232604,0.5824556292232604,0.5824556292232604,0.5824556292232604,0.18437916696082593,0.18437916696082593,0.18437916696082593,0.18437916696082593,8.542782316138757,8.542782316138757,8.542782316138757,8.542782316138757,0,0,0,0,0.125,0.75,65.625,4.375,0,0,0],"sd":[9.82980162566875,91.31530197617484,50.21687340924363,68.10836952974282,1.620185174601965,5.6149215266110355,72.94644332488048,55.703701346948215,63.656794609845065,1.479019945774904,0.49607837082461076,0.49607837082461076,1,1,1,1,140.68452961156515,140.68452961156515,2.275825332775609,2.3122700097734055,1,1,1,1,1,1,1,1,1,1,1,1,1,1,1,1,1,1,1,1,1,1,1,1,1,1,1,1,1,0.15867769973534096,0.15867769973534096,0.15867769973534096,0.15867769973534096,0.06638004201144417,0.06638004201144417,0.06638004201144417,0.06638004201144417,0.13713770846052453,0.13713770846052453,0.13713770846052453,0.13713770846052453,0.052892303768865584,0.052892303768865584,0.052892303768865584,0.052892303768865584,0.07214661130900153,0.07214661130900153,0.07214661130900153,0.07214661130900153,0.0776144698226247,0.0776144698226247,0.0776144698226247,0.0776144698226247,0.07854789062053064,0.07854789062053064,0.07854789062053064,0.07854789062053064,2.380912105439652,2.380912105439652,2.380912105439652,2.380912105439652,1,1,1,1,0.33071891388307384,0.4330127018922193,1.653594569415369,1.653594569415369,1,1,1]},"features":["off_1st_down_s2d","off_total_yds_s2d","off_rush_yds_s2d","off_pass_yds_s2d","off_turnovers_s2d","def_1st_down_s2d","def_total_yds_s2d","def_rush_yds_s2d","def_pass_yds_s2d","def_turnovers_s2d","wins_s2d","losses_s2d","home","sim_winrate_same_loc_s2d","sim_pointdiff_same_loc_s2d","sim_count_same_loc_s2d","off_total_yds_s2d_minus_opp","def_total_yds_s2d_minus_opp","off_turnovers_s2d_minus_opp","def_turnovers_s2d_minus_opp","elo_pre","elo_diff","rest_days","rest_diff","off_third_down_att_s2d","off_third_down_conv_s2d","off_third_down_pct_s2d","off_red_zone_att_s2d","off_red_zone_td_s2d","off_red_zone_td_pct_s2d","off_dropbacks_s2d","off_sacks_taken_s2d","off_sack_rate_s2d","off_pass_att_s2d","off_rush_att_s2d","off_neutral_pass_rate_s2d","off_third_down_pct_s2d_minus_opp","off_red_zone_td_pct_s2d_minus_opp","off_sack_rate_s2d_minus_opp","off_neutral_pass_rate_s2d_minus_opp","off_yds_for_3g","off_yds_for_5g","def_yds_against_3g","def_yds_against_5g","net_yds_3g","net_yds_5g","qb_ypa_3g","qb_sack_rate_3g","qb_qbr","off_epa_per_play_s2d","off_epa_per_play_w3","off_epa_per_play_w5","off_epa_per_play_exp","off_success_rate_s2d","off_success_rate_w3","off_success_rate_w5","off_success_rate_exp","def_epa_per_play_allowed_s2d","def_epa_per_play_allowed_w3","def_epa_per_play_allowed_w5","def_epa_per_play_allowed_exp","def_success_rate_allowed_s2d","def_success_rate_allowed_w3","def_success_rate_allowed_w5","def_success_rate_allowed_exp","rb_rush_share_s2d","rb_rush_share_w3","rb_rush_share_w5","rb_rush_share_exp","wr_target_share_s2d","wr_target_share_w3","wr_target_share_w5","wr_target_share_exp","te_target_share_s2d","te_target_share_w3","te_target_share_w5","te_target_share_exp","qb_aypa_s2d","qb_aypa_w3","qb_aypa_w5","qb_aypa_exp","qb_sack_rate_s2d","qb_sack_rate_w3","qb_sack_rate_w5","qb_sack_rate_exp","roof_dome","roof_outdoor","weather_temp_f","weather_wind_mph","weather_precip_pct","weather_impact_score","weather_extreme_flag"]},"decision_tree":{"params":{"depth":6,"minSamples":8},"alpha":6},"bt":{"coefficients":[0.24452007419625874,0.14188565182262122,0.07992347460501781,0.004954208482936993,0.06881069863339287,-0.0019094877870965332,-0.00023141244451448117,-0.00289458377170242,0.0025548444257292927,0.0005034821057234206],"intercept":0.06488135444308356,"scaler":{"mu":[4.19184377149983,-83.75814064112487,0.8198709472824213,0,-0.009272459476604475,0,0,0,0,0],"sd":[61.20074158314398,202.29716130212972,8.551185739051826,1,0.07860834856350248,1,1,1,1,1]},"features":["diff_total_yards","diff_turnovers","diff_penalty_yards","diff_possession_seconds","diff_r_ratio","diff_elo_pre","diff_inj_out","diff_inj_skill_out","diff_inj_practice_dnp","diff_inj_out_trend"],"hyperparams":{"steps":1200,"learningRate":0.001,"l2":0.00001}},"ann":{"seeds":[1],"architecture":[92,128,64,32,1],"committee_size":1,"max_epochs":15,"dropout":0.5},"ensemble":{"weights":{"logistic":0.9350649350649352,"tree":0,"bt":0,"ann":0.06493506493506492},"calibration":{"type":"platt","beta":-0.12287888185779443,"source":"platt"},"calibration_beta":-0.12287888185779443,"calibration_hash":"30fdc419746b062452f8270686d5ec27dfeb9709f6bd62273055ead4b837360b","oof_variance":{"ann":{"mean":0.468020149941223,"var":0.006934181197188689}}},"pca":[{"component":1,"explained_variance":0.2788873171872471,"top_loadings":[{"feature":"off_success_rate_s2d","loading":0.23632485891812915},{"feature":"off_success_rate_w3","loading":0.23632485891812915},{"feature":"off_success_rate_w5","loading":0.23632485891812915},{"feature":"off_success_rate_exp","loading":0.23632485891812915},{"feature":"off_total_yds_s2d","loading":0.23456089737010058},{"feature":"off_total_yds_s2d_minus_opp","loading":0.2278793024919861},{"feature":"def_total_yds_s2d_minus_opp","loading":-0.2278793024919861},{"feature":"off_epa_per_play_s2d","loading":0.22624422292090549},{"feature":"off_epa_per_play_w3","loading":0.22624422292090549},{"feature":"off_epa_per_play_w5","loading":0.22624422292090549}]},{"component":2,"explained_variance":0.2271293795010518,"top_loadings":[{"feature":"te_target_share_s2d","loading":0.23851489006580529},{"feature":"te_target_share_w3","loading":0.23851489006580529},{"feature":"te_target_share_w5","loading":0.23851489006580529},{"feature":"te_target_share_exp","loading":0.23851489006580529},{"feature":"def_epa_per_play_allowed_s2d","loading":0.19152262809646903},{"feature":"def_epa_per_play_allowed_w3","loading":0.19152262809646903},{"feature":"def_epa_per_play_allowed_w5",