{"season":2003,"week":17,"generated_at":"2025-11-07T00:12:32.549Z","feature_hash":"b6aba028be44c07b6d171db8652cf018cbd3bb6a","logistic":{"weights":[-0.6235338403702131,-0.20455694651600037,-0.5317051748898748,-0.03072687240404186,1.0208435130710807,0.6347889157638877,0.11893118210954794,0.04720026617646939,0.16677084160915354,-0.5276042027956518,2.7086205785798936,-2.6333237052024496,0,0,0,0,0.8915484250348845,-0.8324207905058258,-0.8997233979567089,0.5788816016430379,-2.935830015385604,0.6864483455240611,0,0,0,0,0,0,0,0,0,0,0,0,0,0,0,0,0,0,0.1172630124734162,0.30723850118939194,0.150637531092431,0.32984034650837846,0.11813368511938328,-0.09712409352400923,-1.0493301472282839,0,0,0.7548743464681579,0.47324615695228806,0.40149906446882905,-0.15740236235098104,0.20768600793087835,0.1079300221463691,-0.23441549423800792,-0.45569170836320594,-0.686400784078568,-0.5416897435733936,-0.44671616532305014,0.33871912880504357,-0.012413194008593968,-0.24941322077779982,0.39488432950661684,0.330796614954243,-0.4637535848238345,0.37581034047646034,-0.15169938947768016,-0.03920845984618076,-0.0325111064708675,-0.41486736174369876,-0.1432927223234617,0.15969709261191387,-0.11359751359378076,0.04898835605479003,-0.34854305996002277,-0.3382030166824993,0.12106093071202394,0.35213888893245626,-0.05722591415396424,0.4631938397005931,0,0,0,0,-0.0023462938341962205,-0.19335065103939728,-0.0023462938341955223,0.0023462938341960427,0,0,0],"bias":1.1565729642860758,"scaler":{"mu":[133.825,1616.3875,578.5208333333334,1037.8666666666666,7.908333333333333,130.83333333333334,1574.3875,552.9458333333333,1021.4416666666667,6.154166666666667,2.5875,2.245833333333333,1,0,0,0,-12.46231159145704,-49.65669289000757,-0.09159716336489815,-0.1401577684038381,1449.9260181947466,-0.18936954706463308,0,0,0,0,0,0,0,0,0,0,0,0,0,0,0,0,0,0,308.15416666666675,307.3427777777779,310.7076388888887,309.0302083333335,-2.5534722222222235,-1.687430555555556,6.221172656498897,0,0,-0.012035877146740924,-0.016860900764206075,-0.015495352887079344,-0.019096814943115006,0.44060479840191413,0.44176982589496183,0.44127442904215647,0.4379425458677716,-0.014688572898629954,-0.01958137957808249,-0.01883476627771924,-0.023342098853238197,0.43935278640455444,0.4406429560136267,0.44028840555312976,0.4367722991369459,0.842633714082067,0.8533401970751505,0.8509309540292025,0.837041204331863,0.04583333333333333,0.0125,0.020833333333333332,0.006875,0,0,0,0,6.612715820307589,6.666433020925171,6.639829954041065,6.681980112199045,0,0,0,0,0.1875,0.7958333333333333,65.9375,4.0625,0,0,0],"sd":[86.72390697879484,1043.9457300759223,389.5619008141995,689.620661829547,5.619898921590038,85.48843326568938,1029.9697102392943,392.7595866421412,652.419622071477,4.57133087538216,2.1312774924912987,1.844469021757269,1,1,1,1,1004.9936606311545,1007.4330803115071,6.300626510039119,5.099632540751034,4.231540379571748,6.108426384586553,1,1,1,1,1,1,1,1,1,1,1,1,1,1,1,1,1,1,97.07550794045916,94.01589042041354,98.13161778570638,93.82469875016093,76.15581789367629,68.73763252814196,2.1327186546595445,1,1,0.06829850485553492,0.09533090921185361,0.08109943033599651,0.07427124321541408,0.028027317880292394,0.03821430322189072,0.032927008523286644,0.031295856136483655,0.069461483048961,0.09023826374784545,0.08031453584090498,0.07663994984895442,0.028932333213000115,0.03857275899086525,0.03343055575383213,0.03201425916925429,0.07576988364014653,0.07860501495674177,0.07720449832447646,0.08237768560376321,0.20912350152215994,0.11110243021644452,0.14282613750835488,0.03136852522832395,1,1,1,1,0.941589919408058,1.2063025747732734,1.0865629340376386,1.011581193349197,1,1,1,1,0.3903123748998999,0.4030913530316527,1.9515618744994994,1.9515618744994994,1,1,1]},"features":["off_1st_down_s2d","off_total_yds_s2d","off_rush_yds_s2d","off_pass_yds_s2d","off_turnovers_s2d","def_1st_down_s2d","def_total_yds_s2d","def_rush_yds_s2d","def_pass_yds_s2d","def_turnovers_s2d","wins_s2d","losses_s2d","home","sim_winrate_same_loc_s2d","sim_pointdiff_same_loc_s2d","sim_count_same_loc_s2d","off_total_yds_s2d_minus_opp","def_total_yds_s2d_minus_opp","off_turnovers_s2d_minus_opp","def_turnovers_s2d_minus_opp","elo_pre","elo_diff","rest_days","rest_diff","off_third_down_att_s2d","off_third_down_conv_s2d","off_third_down_pct_s2d","off_red_zone_att_s2d","off_red_zone_td_s2d","off_red_zone_td_pct_s2d","off_dropbacks_s2d","off_sacks_taken_s2d","off_sack_rate_s2d","off_pass_att_s2d","off_rush_att_s2d","off_neutral_pass_rate_s2d","off_third_down_pct_s2d_minus_opp","off_red_zone_td_pct_s2d_minus_opp","off_sack_rate_s2d_minus_opp","off_neutral_pass_rate_s2d_minus_opp","off_yds_for_3g","off_yds_for_5g","def_yds_against_3g","def_yds_against_5g","net_yds_3g","net_yds_5g","qb_ypa_3g","qb_sack_rate_3g","qb_qbr","off_epa_per_play_s2d","off_epa_per_play_w3","off_epa_per_play_w5","off_epa_per_play_exp","off_success_rate_s2d","off_success_rate_w3","off_success_rate_w5","off_success_rate_exp","def_epa_per_play_allowed_s2d","def_epa_per_play_allowed_w3","def_epa_per_play_allowed_w5","def_epa_per_play_allowed_exp","def_success_rate_allowed_s2d","def_success_rate_allowed_w3","def_success_rate_allowed_w5","def_success_rate_allowed_exp","rb_rush_share_s2d","rb_rush_share_w3","rb_rush_share_w5","rb_rush_share_exp","wr_target_share_s2d","wr_target_share_w3","wr_target_share_w5","wr_target_share_exp","te_target_share_s2d","te_target_share_w3","te_target_share_w5","te_target_share_exp","qb_aypa_s2d","qb_aypa_w3","qb_aypa_w5","qb_aypa_exp","qb_sack_rate_s2d","qb_sack_rate_w3","qb_sack_rate_w5","qb_sack_rate_exp","roof_dome","roof_outdoor","weather_temp_f","weather_wind_mph","weather_precip_pct","weather_impact_score","weather_extreme_flag"]},"decision_tree":{"params":{"depth":6,"minSamples":13},"alpha":2},"bt":{"coefficients":[0.1535009664771314,-0.03303063233645365,-0.1402139117329582,0.00486274239511578,-0.08725291069901867,-0.0044136884308738486,0.0034568717408910623,-0.004071715201962799,0.004413108108661717,0.0025569780710083053],"intercept":0.20001226847827763,"scaler":{"mu":[-1.0432814803553006,-5.179275504015249,0.0750117482813884,0,0.0034193896669238426,0,0,0,0,0],"sd":[46.819173946158614,509.60566632538456,19.35947285453887,1,0.10085531444754835,1,1,1,1,1]},"features":["diff_total_yards","diff_turnovers","diff_penalty_yards","diff_possession_seconds","diff_r_ratio","diff_elo_pre","diff_inj_out","diff_inj_skill_out","diff_inj_practice_dnp","diff_inj_out_trend"],"hyperparams":{"steps":1200,"learningRate":0.001,"l2":0.00001}},"ann":{"seeds":[1],"architecture":[92,128,64,32,1],"committee_size":1,"max_epochs":15,"dropout":0.5},"ensemble":{"weights":{"logistic":0.9,"tree":0,"bt":0,"ann":0.09999999999999998},"calibration":{"type":"platt","beta":-0.011682355330415862,"source":"platt"},"calibration_beta":-0.011682355330415862,"calibration_hash":"5b85015a9713a210082d66dd06fae794167a6381e0383b08c7e80ddf16f01c05","oof_variance":{"ann":{"mean":0.580079366224439,"var":0.01638766856248429}}},"pca":[{"component":1,"explained_variance":0.2153557599696853,"top_loadings":[{"feature":"off_pass_yds_s2d","loading":0.2635664272889415},{"feature":"off_1st_down_s2d","loading":0.26352847552511033},{"feature":"off_total_yds_s2d","loading":0.26285188781389124},{"feature":"def_total_yds_s2d","loading":0.2535150141912477},{"feature":"def_1st_down_s2d","loading":0.25295029719603035},{"feature":"def_pass_yds_s2d","loading":0.2502921431863288},{"feature":"def_rush_yds_s2d","loading":0.2490512862564727},{"feature":"off_rush_yds_s2d","loading":0.23781137659774323},{"feature":"wins_s2d","loading":0.22360532009567893},{"feature":"def_turnovers_s2d","loading":0.21876919446691484}]},{"component":2,"explained_variance":0.16218965521293843,"top_loadings":[{"feature":"off_epa_per_play_w5","loading":0.25672377203379637},{"feature":"off_epa_per_play_s2d","loading":0.25301834356045183},{"feature":"off_epa_per_play_w3","loading":0.2472325305287245},{"feature":"off_epa_per_play_exp",