{"season":2011,"week":20,"generated_at":"2025-11-07T00:27:45.624Z","feature_hash":"bb4369c8a05da7c670cabec36c91b7aa287d8ded","logistic":{"weights":[-0.2971418593972638,-0.5820543431227243,-0.5172084032804961,-0.5214801840304892,1.3785091573864745,0.848046979691873,0.010296444457350451,-0.020781637455986206,-0.028674103086005102,-0.6055212688717102,3.045352554054978,-2.7919813773631605,0,0,0,0,0.8637765863746855,-0.7381611554224207,-0.7577651062947244,0.7458429112598575,-3.564217028452468,0.2397294715894796,0,0,0,0,0,0,0,0,0,0,0,0,0,0,0,0,0,0,-0.20111289594083953,0.09943697239972094,0.18879514425577254,0.20811961799457449,-0.36765126535806475,0.016394848186291243,-0.07706854479307823,0,0,1.6176414781631256,1.4869528776444538,-0.10855944304032135,-0.8484399837936422,0.500129025268523,0.4426627362579292,-0.559869173159912,0.15053395733976851,-1.7667247613253383,-0.9069069561627031,-0.5157499065821005,0.6384920567034312,-0.2379009133976524,0.5378016047143928,0.2365463864814808,0.1188230424529141,-0.3912215636146854,-0.1374837335155819,-0.3215499109003344,0.5852961032903266,-0.26104065962037093,0.31369232421707127,-0.31462509696768687,-0.748773336691024,-0.25173845184533306,-0.27949243490438913,-0.3378955876763273,0.20320257296642913,0.407607771762674,-0.33635288601596014,-0.004798076239971382,-0.4950263322565788,0,0,0,0,0.036075182002090526,0.2819769920825355,0.03607518200209263,-0.03607518200209029,0,0,0],"bias":0.6979816087095452,"scaler":{"mu":[147.01136363636363,1779.090909090909,572.030303030303,1207.060606060606,7.265151515151516,147.10227272727272,1779.2348484848485,572.6780303030303,1206.5568181818182,5.659090909090909,2.477272727272727,2.4545454545454546,1,0,0,0,-11.74015112876328,-24.703189590320335,-0.408227352509226,0.014662318393761746,1450.3039826481486,0.2129146137320907,0,0,0,0,0,0,0,0,0,0,0,0,0,0,0,0,0,0,341.8806818181817,342.44905303030293,340.4267676767676,340.71540404040405,1.4539141414141405,1.7336489898989917,8.21709601176722,0,0,-0.0017257096223683415,0.000414659144237122,-0.001760695825966884,-0.005610343078923511,0.43303113422659156,0.434778558353742,0.4337104184839102,0.43188827356964055,-0.007479720675068484,-0.009856222177685777,-0.010069876243285121,-0.012516844376428554,0.43212795309819685,0.4333735716627163,0.43291468523411036,0.4301821619602716,0.8387615242345074,0.8330760245206158,0.8345328410407294,0.8343497265369765,0.5884151214246711,0.5911633993393836,0.5899249439958566,0.5875520407277792,0.21746801052800202,0.21895585593409145,0.21818447946876568,0.21819704556282055,8.560895800986446,8.655821386933354,8.619812590125495,8.590839547266613,0,0,0,0,0.1590909090909091,0.7348484848484849,65.79545454545455,4.204545454545454,0,0,0],"sd":[87.22599882413368,1056.8760137320764,377.3272219374844,734.9743373954875,5.120309899009203,86.52798283224062,1057.611458843224,376.09999089829296,709.3360455803531,4.23429280248663,1.9865681886217939,2.0702204404788174,1,1,1,1,1104.720086243097,1073.8510839999974,6.3304553030005435,4.575380895070827,4.970614794647338,6.889896581348341,1,1,1,1,1,1,1,1,1,1,1,1,1,1,1,1,1,1,105.2464958254756,104.2552818635667,101.2924377073142,98.50652739317499,68.81256474780666,60.42368427465276,2.5693338172271796,1,1,0.0875177838421672,0.10582355902129104,0.0965194533613442,0.09748977189136171,0.04214162542159712,0.04778404116562606,0.04354613962578123,0.044965474385819625,0.07141218200347156,0.09193249005752763,0.08263057993670404,0.08210440272824475,0.033571653926602475,0.04248432928546763,0.03846722320483821,0.03690085975555004,0.0935763761819468,0.1000966520836974,0.09647611883255751,0.10010404060039718,0.09110503468666993,0.10108349856832763,0.09617297796406059,0.08891086926189042,0.07209782736426469,0.08516024766169804,0.07858276801403925,0.06832166516081746,1.0720497051434938,1.4646722928182965,1.2815943057158126,1.2907331164916147,1,1,1,1,0.36576083953252464,0.4414138524835508,1.8288041976626181,1.8288041976626204,1,1,1]},"features":["off_1st_down_s2d","off_total_yds_s2d","off_rush_yds_s2d","off_pass_yds_s2d","off_turnovers_s2d","def_1st_down_s2d","def_total_yds_s2d","def_rush_yds_s2d","def_pass_yds_s2d","def_turnovers_s2d","wins_s2d","losses_s2d","home","sim_winrate_same_loc_s2d","sim_pointdiff_same_loc_s2d","sim_count_same_loc_s2d","off_total_yds_s2d_minus_opp","def_total_yds_s2d_minus_opp","off_turnovers_s2d_minus_opp","def_turnovers_s2d_minus_opp","elo_pre","elo_diff","rest_days","rest_diff","off_third_down_att_s2d","off_third_down_conv_s2d","off_third_down_pct_s2d","off_red_zone_att_s2d","off_red_zone_td_s2d","off_red_zone_td_pct_s2d","off_dropbacks_s2d","off_sacks_taken_s2d","off_sack_rate_s2d","off_pass_att_s2d","off_rush_att_s2d","off_neutral_pass_rate_s2d","off_third_down_pct_s2d_minus_opp","off_red_zone_td_pct_s2d_minus_opp","off_sack_rate_s2d_minus_opp","off_neutral_pass_rate_s2d_minus_opp","off_yds_for_3g","off_yds_for_5g","def_yds_against_3g","def_yds_against_5g","net_yds_3g","net_yds_5g","qb_ypa_3g","qb_sack_rate_3g","qb_qbr","off_epa_per_play_s2d","off_epa_per_play_w3","off_epa_per_play_w5","off_epa_per_play_exp","off_success_rate_s2d","off_success_rate_w3","off_success_rate_w5","off_success_rate_exp","def_epa_per_play_allowed_s2d","def_epa_per_play_allowed_w3","def_epa_per_play_allowed_w5","def_epa_per_play_allowed_exp","def_success_rate_allowed_s2d","def_success_rate_allowed_w3","def_success_rate_allowed_w5","def_success_rate_allowed_exp","rb_rush_share_s2d","rb_rush_share_w3","rb_rush_share_w5","rb_rush_share_exp","wr_target_share_s2d","wr_target_share_w3","wr_target_share_w5","wr_target_share_exp","te_target_share_s2d","te_target_share_w3","te_target_share_w5","te_target_share_exp","qb_aypa_s2d","qb_aypa_w3","qb_aypa_w5","qb_aypa_exp","qb_sack_rate_s2d","qb_sack_rate_w3","qb_sack_rate_w5","qb_sack_rate_exp","roof_dome","roof_outdoor","weather_temp_f","weather_wind_mph","weather_precip_pct","weather_impact_score","weather_extreme_flag"]},"decision_tree":{"params":{"depth":6,"minSamples":14},"alpha":2},"bt":{"coefficients":[0.16707044194319481,-0.11005464289294872,-0.01835640646348048,0.0035683345462647516,0.04989060826972642,-0.002862645894964798,0.0005613772135138638,-0.0030347833744832626,0.004860777209144782,0.0011516780199342974],"intercept":0.4008996938363145,"scaler":{"mu":[0.40246740595354746,-3.002608561677222,0.15263161102821224,0,0.0019348997381675493,0,0,0,0,0],"sd":[63.14381747262603,462.7875214671489,15.059518865739138,1,0.08911881961188046,1,1,1,1,1]},"features":["diff_total_yards","diff_turnovers","diff_penalty_yards","diff_possession_seconds","diff_r_ratio","diff_elo_pre","diff_inj_out","diff_inj_skill_out","diff_inj_practice_dnp","diff_inj_out_trend"],"hyperparams":{"steps":1200,"learningRate":0.001,"l2":0.00001}},"ann":{"seeds":[1],"architecture":[92,128,64,32,1],"committee_size":1,"max_epochs":15,"dropout":0.5},"ensemble":{"weights":{"logistic":0.9,"tree":0,"bt":0,"ann":0.09999999999999998},"calibration":{"type":"platt","beta":0.13418373678625087,"source":"platt"},"calibration_beta":0.13418373678625087,"calibration_hash":"a90dd21c4e9e30dc9ecaaf795ef88098adc2980ec01d665b2da792d4227f2623","oof_variance":{"ann":{"mean":0.5108290647706522,"var":0.05092722896059411}}},"pca":[{"component":1,"explained_variance":0.19501451829706962,"top_loadings":[{"feature":"def_total_yds_s2d","loading":0.25656335581230283},{"feature":"def_1st_down_s2d","loading":0.25319196532712096},{"feature":"def_rush_yds_s2d","loading":0.25119349330889107},{"feature":"def_pass_yds_s2d","loading":0.2493465200044494},{"feature":"off_total_yds_s2d","loading":0.2416801790600557},{"feature":"off_1st_down_s2d","loading":0.2325159721547066},{"feature":"off_rush_yds_s2d","loading":0.23111113983821252},{"feature":"off_pass_yds_s2d","loading":0.22888072593828346},{"feature":"off_turnovers_s2d","loading":0.22588253175240747},{"feature":"losses_s2d","loading":0.20431311174466035}]},{"component":2,"explained_variance":0.175475474577305,"top_loadings":[{"feature":"off_success_rate_exp",