{
  "season": 2025,
  "week": 4,
  "features": [
    "off_1st_down_s2d",
    "off_total_yds_s2d",
    "off_rush_yds_s2d",
    "off_pass_yds_s2d",
    "off_turnovers_s2d",
    "def_1st_down_s2d",
    "def_total_yds_s2d",
    "def_rush_yds_s2d",
    "def_pass_yds_s2d",
    "def_turnovers_s2d",
    "wins_s2d",
    "losses_s2d",
    "home",
    "sim_winrate_same_loc_s2d",
    "sim_pointdiff_same_loc_s2d",
    "sim_count_same_loc_s2d",
    "off_total_yds_s2d_minus_opp",
    "def_total_yds_s2d_minus_opp",
    "off_turnovers_s2d_minus_opp",
    "def_turnovers_s2d_minus_opp",
    "elo_pre",
    "elo_diff",
    "rest_days",
    "rest_diff"
  ],
  "hybrid_weight": 0.65,
  "logistic": {
    "weights": [
      0.13629472357068867,
      0.044231113406759955,
      -0.0006372675717364956,
      0.06422579652567131,
      -0.2350738219062904,
      -0.1681464758739341,
      -0.03852443931809608,
      0.012007714616896228,
      -0.062136360818469606,
      0.22051363683327552,
      1.2580015209578874,
      -1.2596590880692977,
      0.24146521160457898,
      0,
      0,
      0,
      0.07511290032796156,
      -0.4155439027243768,
      -0.4745981059128406,
      0.5400373841881756,
      -0.7686172269952343,
      -0.3274393773635177,
      0,
      0
    ],
    "intercept": -0.018924596946246975
  },
  "scaler": {
    "mu": [
      56.09375,
      668.4583333333334,
      221.01041666666666,
      447.4479166666667,
      1.9479166666666667,
      56.09375,
      668.4583333333334,
      221.01041666666666,
      447.4479166666667,
      1.34375,
      1,
      1,
      0.5,
      0,
      0,
      0,
      0,
      0,
      0,
      0,
      1450,
      0,
      0,
      0
    ],
    "sd": [
      25.30484066216383,
      297.49541021202697,
      112.26795465088448,
      205.9935208220388,
      1.7933313487442548,
      25.086549402767613,
      298.6309008300305,
      113.44707785935427,
      207.07405427525936,
      1.4348934702037408,
      0.8897565210026093,
      0.8897565210026093,
      0.5,
      1,
      1,
      1,
      176.32226650842108,
      157.8860348479244,
      2.3139072294858036,
      1.6645820296198484,
      1.3480759255350732,
      1.9745307262421132,
      1,
      1
    ]
  }
}