{"season":2014,"week":8,"generated_at":"2025-11-07T00:32:29.479Z","feature_hash":"146edc39c7b8a4ae74a2d23be38381a23fede2bf","logistic":{"weights":[-0.1768254041521937,-0.6646528938734062,-0.6304152838265563,-0.615273310431131,1.7640011142402818,1.0404691334954985,0.10190377263466906,0.5263307474035795,-0.17625386519327724,-0.5841182694692016,3.096725248795807,-2.71288655404538,0,0,0,0,1.042920925449252,-0.7633817698053252,-1.1293294231778146,1.0373245763587964,-3.511044133141908,-0.2378646182585553,0,0,0,0,0,0,0,0,0,0,0,0,0,0,0,0,0,0,-0.24549831971430003,-0.25632766476756264,-0.008361809938651349,0.23355164901573097,-0.15488923266066768,-0.6356345564502532,0.42394656594763774,0,0,2.0471004393457832,1.170264110439628,-0.024989225357483196,0.06801058822166703,0.5280849993676917,-0.1846637048244573,-0.4677197316256563,0.32866153125200015,-2.057038632332747,-1.2016474479649049,0.2522004339509349,0.5093702420265813,-0.7827700548061616,0.08098856726250787,0.27090163138447493,-0.4104719534561951,-0.24235970229752865,0.05391016856732058,-0.2964928335008263,0.7221499595731765,-0.3449770923110311,0.434791422724331,-0.05990949720730561,-0.14863832956569906,0.3298955199723633,-0.02626826962743192,-0.14385860842075257,-0.24995907693088706,0.503854840749681,-0.34335953091952254,0.42254806546791834,0.015594991539268755,0,0,0,0,0.05468880991869267,-0.20712739052067372,0.0546888099186938,-0.05468880991869236,0,0,0],"bias":1.2538955543949895,"scaler":{"mu":[111.61904761904762,1307.8095238095239,397.93333333333334,909.8761904761905,4.79047619047619,108.58095238095238,1275.4857142857143,385.22857142857146,890.2571428571429,3.5047619047619047,1.8476190476190477,1.6666666666666667,1,0,0,0,80.059732956263,27.203188143965804,0.24537068730574074,-0.057992179055443224,1449.9169210839398,-0.13078328161779307,0,0,0,0,0,0,0,0,0,0,0,0,0,0,0,0,0,0,309.7650793650794,307.4120634920635,313.5460317460317,312.56301587301584,-3.7809523809523755,-5.15095238095238,6.946386162709885,0,0,-0.0011864728521243635,0.0014698447519219686,0.000015663931107900324,-0.011335538709550388,0.4327273311687443,0.4315954571500231,0.4330180109696474,0.42765405373485604,-0.0076277983004819465,-0.009733549321888387,-0.006560603019672338,-0.01589268630368277,0.42817351452723634,0.42621616928205286,0.4280409345754904,0.42564025916246667,0.8367260414454587,0.8406442160833195,0.8381892099568914,0.8318491658787617,0.5925152237641538,0.592200909344252,0.5919190838453924,0.5896457652710632,0.2207808877466174,0.21840427754950154,0.2203773505537062,0.22712259262966397,8.328381558064713,8.399049436730046,8.348918759574872,8.282549067241684,0,0,0,0,0.12380952380952381,0.7714285714285715,65.61904761904762,4.380952380952381,0,0,0],"sd":[64.47315882300774,742.9500411998246,233.01613541787052,532.8640797880306,3.710205328922705,61.68688692210516,729.2366669762191,236.48216512407174,512.1520240927617,2.898682162059854,1.4394506384692634,1.342823370058253,1,1,1,1,727.5880276406383,668.3291888377136,4.164905483641882,3.781371177789609,2.2003914638670676,3.0223729727275312,1,1,1,1,1,1,1,1,1,1,1,1,1,1,1,1,1,1,141.6113873385029,139.5619083864275,141.59847190615343,139.85233976021698,80.19316730016749,71.47097067961663,3.2072256899647322,1,1,0.08320554904299315,0.09228557229317134,0.08566783076318323,0.08971321707957602,0.038890251570611,0.03995917036683323,0.039102393009316054,0.04488591466425034,0.0793758256500568,0.09281767391101718,0.08190902240406363,0.08657194566618062,0.036664280687999866,0.04169397801856304,0.03775365883023015,0.04241867492970961,0.08104020333647413,0.08544172947495021,0.08156036764792485,0.08673366429517608,0.08748375026972935,0.08881205030747977,0.08744384497156722,0.08531440979414139,0.06891774634887297,0.07262505927438684,0.06973942946633284,0.06915243501744921,1.1628542465878902,1.3513856546223366,1.1957284702486397,1.2758269149685049,1,1,1,1,0.3293641231579156,0.41991252733425943,1.6468206157895793,1.6468206157895797,1,1,1]},"features":["off_1st_down_s2d","off_total_yds_s2d","off_rush_yds_s2d","off_pass_yds_s2d","off_turnovers_s2d","def_1st_down_s2d","def_total_yds_s2d","def_rush_yds_s2d","def_pass_yds_s2d","def_turnovers_s2d","wins_s2d","losses_s2d","home","sim_winrate_same_loc_s2d","sim_pointdiff_same_loc_s2d","sim_count_same_loc_s2d","off_total_yds_s2d_minus_opp","def_total_yds_s2d_minus_opp","off_turnovers_s2d_minus_opp","def_turnovers_s2d_minus_opp","elo_pre","elo_diff","rest_days","rest_diff","off_third_down_att_s2d","off_third_down_conv_s2d","off_third_down_pct_s2d","off_red_zone_att_s2d","off_red_zone_td_s2d","off_red_zone_td_pct_s2d","off_dropbacks_s2d","off_sacks_taken_s2d","off_sack_rate_s2d","off_pass_att_s2d","off_rush_att_s2d","off_neutral_pass_rate_s2d","off_third_down_pct_s2d_minus_opp","off_red_zone_td_pct_s2d_minus_opp","off_sack_rate_s2d_minus_opp","off_neutral_pass_rate_s2d_minus_opp","off_yds_for_3g","off_yds_for_5g","def_yds_against_3g","def_yds_against_5g","net_yds_3g","net_yds_5g","qb_ypa_3g","qb_sack_rate_3g","qb_qbr","off_epa_per_play_s2d","off_epa_per_play_w3","off_epa_per_play_w5","off_epa_per_play_exp","off_success_rate_s2d","off_success_rate_w3","off_success_rate_w5","off_success_rate_exp","def_epa_per_play_allowed_s2d","def_epa_per_play_allowed_w3","def_epa_per_play_allowed_w5","def_epa_per_play_allowed_exp","def_success_rate_allowed_s2d","def_success_rate_allowed_w3","def_success_rate_allowed_w5","def_success_rate_allowed_exp","rb_rush_share_s2d","rb_rush_share_w3","rb_rush_share_w5","rb_rush_share_exp","wr_target_share_s2d","wr_target_share_w3","wr_target_share_w5","wr_target_share_exp","te_target_share_s2d","te_target_share_w3","te_target_share_w5","te_target_share_exp","qb_aypa_s2d","qb_aypa_w3","qb_aypa_w5","qb_aypa_exp","qb_sack_rate_s2d","qb_sack_rate_w3","qb_sack_rate_w5","qb_sack_rate_exp","roof_dome","roof_outdoor","weather_temp_f","weather_wind_mph","weather_precip_pct","weather_impact_score","weather_extreme_flag"]},"decision_tree":{"params":{"depth":6,"minSamples":8},"alpha":4},"bt":{"coefficients":[0.0909754933892797,-0.09852566340645669,-0.05910188299678642,0.002103902908222368,0.042587082305273874,-0.003468760647144934,0.004832384480246307,-0.00316761632744085,-0.0031215091729045012,-0.002432274989625382],"intercept":0.10374554363030647,"scaler":{"mu":[-2.4550122446639535,7.449953560371519,2.1227165544580404,0,0.008869288202983121,0,0,0,0,0],"sd":[54.76807639923089,508.0158033463529,18.85260192462723,1,0.0848867447761441,1,1,1,1,1]},"features":["diff_total_yards","diff_turnovers","diff_penalty_yards","diff_possession_seconds","diff_r_ratio","diff_elo_pre","diff_inj_out","diff_inj_skill_out","diff_inj_practice_dnp","diff_inj_out_trend"],"hyperparams":{"steps":1200,"learningRate":0.001,"l2":0.00001}},"ann":{"seeds":[1],"architecture":[92,128,64,32,1],"committee_size":1,"max_epochs":15,"dropout":0.5},"ensemble":{"weights":{"logistic":0.9,"tree":0,"bt":0,"ann":0.09999999999999998},"calibration":{"type":"platt","beta":0.014788949721388207,"source":"platt"},"calibration_beta":0.014788949721388207,"calibration_hash":"a625f9b314b536c4c03df9b55877e900d519a39f3ae901c9c57062c513c348fc","oof_variance":{"ann":{"mean":0.5224241679610686,"var":0.01926938939229267}}},"pca":[{"component":1,"explained_variance":0.20152657210144817,"top_loadings":[{"feature":"def_total_yds_s2d","loading":0.26935531288056325},{"feature":"off_total_yds_s2d","loading":0.26860949453303906},{"feature":"off_1st_down_s2d","loading":0.26684122258222304},{"feature":"def_pass_yds_s2d","loading":0.26633291218077026},{"feature":"def_1st_down_s2d","loading":0.2658082617782707},{"feature":"off_pass_yds_s2d","loading":0.26340377549773525},{"feature":"off_rush_yds_s2d","loading":0.25408122266090555},{"feature":"def_rush_yds_s2d","loading":0.25380700701030345},{"feature":"off_yds_for_3g","loading":0.2050879244390302},{"feature":"off_turnovers_s2d","loading":0.20471192535093316}]},{"component":2,"explained_variance":0.1468069691604059,"top_loadings":[{"feature":"def_success_rate_allowed_exp",