{"season":2008,"week":4,"generated_at":"2025-11-07T00:21:07.290Z","feature_hash":"106798078df43d5cc31a82c6181c5338239eaccf","logistic":{"weights":[-0.4289176689856748,-0.33742589579699506,-0.06000931493111229,-0.45584015309475445,1.4642937941522225,0.907177674155036,-0.05636410255320548,0.4535382736898604,-0.3521933991574347,-0.5800483652221278,2.6742837494178398,-2.5709414373033854,0,0,0,0,0.7541154632697314,-1.0751336775439424,-0.7764452634650693,0.7687505690410407,-3.064605540451205,0.21372820719117644,0,0,0,0,0,0,0,0,0,0,0,0,0,0,0,0,0,0,-0.3400343763601029,0.27293119399358695,0.34340910327710855,0.19044094334509776,-0.8861191256232738,0.17990871498158523,-0.4376067691562907,0,0,1.3620199752109314,1.0790518074832889,0.2735395267608343,0.11470265369054149,0.18537553241806912,-0.15393085644583215,-0.2411694246727615,0.5578065981053948,-1.8265117988268904,-0.8222862342225555,-0.1616104060274175,0.1805614836137443,-0.1976119708706271,-0.2580658581497948,0.834573004451244,0.032921922849273685,-0.34692509805233407,0.4688661528519217,-0.008073091491992207,-0.03746261950622014,0.3378734141504749,-0.24520285534712805,-0.18599341523196694,0.1943001088171114,-0.2218130493975315,-0.591610041803268,0.38478670420943645,0.30753183372428655,0.26050755146054805,0.014145843526601877,0.1853683489748022,-0.3394526787201672,0,0,0,0,-0.1161273631526344,-0.1157003797177243,-0.11612736315263353,0.11612736315263439,0,0,0],"bias":0.7947984804989381,"scaler":{"mu":[53.659574468085104,668.4893617021277,239.91489361702128,428.5744680851064,2.1702127659574466,52.57446808510638,648.9787234042553,223.12765957446808,425.8510638297872,1.9361702127659575,1.0851063829787233,0.8723404255319149,1,0,0,0,32.96742814760782,-14.207219767201718,-0.3303444621174433,0.37436514335749604,1450.0524260155073,0.1048520310146256,0,0,0,0,0,0,0,0,0,0,0,0,0,0,0,0,0,0,220.13829787234042,220.13829787234042,220.98936170212767,220.98936170212767,-0.851063829787234,-0.851063829787234,5.604682398034571,0,0,0.008030806900992803,0.008030806900992803,0.008030806900992803,0.00672357165937159,0.4378869826515599,0.4378869826515599,0.4378869826515599,0.4327587579438252,-0.008710929225941572,-0.008710929225941572,-0.008710929225941572,-0.013385267428191763,0.43405759663182264,0.43405759663182264,0.43405759663182264,0.4278079479292999,0.8630997399652194,0.8630997399652194,0.8630997399652194,0.8659849308649294,0.02127659574468085,0.02127659574468085,0.02127659574468085,0.02127659574468085,0,0,0,0,8.317117282771155,8.317117282771155,8.317117282771155,8.337803575992039,0,0,0,0,0.14893617021276595,0.8085106382978723,65.74468085106383,4.25531914893617,0,0,0],"sd":[26.438428346555398,322.7095309658336,134.3651471063221,228.37909364026973,1.5480825330707444,25.86276768593495,307.2180935331039,127.28099539263286,217.55468656823837,1.7061123571684642,0.9185971551031024,0.8152018749220434,1,1,1,1,206.2615890301141,236.69979719041984,1.8373220363291876,2.3614174372088885,1.3115821106875607,2.104177129142035,1,1,1,1,1,1,1,1,1,1,1,1,1,1,1,1,1,1,169.7638755062159,169.7638755062159,171.15249171058394,171.15249171058394,104.02239503626626,104.02239503626626,4.257273682068855,1,1,0.1311619944872167,0.1311619944872167,0.1311619944872167,0.14842093721494762,0.05482331980086062,0.05482331980086062,0.05482331980086062,0.05938553937892506,0.14551624361606458,0.14551624361606458,0.14551624361606458,0.1494580852774493,0.058858899534967236,0.058858899534967236,0.058858899534967236,0.060319738183092275,0.10178036797175657,0.10178036797175657,0.10178036797175657,0.10821572107871473,0.14430489325798446,0.14430489325798446,0.14430489325798446,0.14430489325798446,1,1,1,1,1.3408650980391235,1.3408650980391235,1.3408650980391235,1.5508257180804235,1,1,1,1,0.3560255432059894,0.39347323423206243,1.7801277160299471,1.7801277160299473,1,1,1]},"features":["off_1st_down_s2d","off_total_yds_s2d","off_rush_yds_s2d","off_pass_yds_s2d","off_turnovers_s2d","def_1st_down_s2d","def_total_yds_s2d","def_rush_yds_s2d","def_pass_yds_s2d","def_turnovers_s2d","wins_s2d","losses_s2d","home","sim_winrate_same_loc_s2d","sim_pointdiff_same_loc_s2d","sim_count_same_loc_s2d","off_total_yds_s2d_minus_opp","def_total_yds_s2d_minus_opp","off_turnovers_s2d_minus_opp","def_turnovers_s2d_minus_opp","elo_pre","elo_diff","rest_days","rest_diff","off_third_down_att_s2d","off_third_down_conv_s2d","off_third_down_pct_s2d","off_red_zone_att_s2d","off_red_zone_td_s2d","off_red_zone_td_pct_s2d","off_dropbacks_s2d","off_sacks_taken_s2d","off_sack_rate_s2d","off_pass_att_s2d","off_rush_att_s2d","off_neutral_pass_rate_s2d","off_third_down_pct_s2d_minus_opp","off_red_zone_td_pct_s2d_minus_opp","off_sack_rate_s2d_minus_opp","off_neutral_pass_rate_s2d_minus_opp","off_yds_for_3g","off_yds_for_5g","def_yds_against_3g","def_yds_against_5g","net_yds_3g","net_yds_5g","qb_ypa_3g","qb_sack_rate_3g","qb_qbr","off_epa_per_play_s2d","off_epa_per_play_w3","off_epa_per_play_w5","off_epa_per_play_exp","off_success_rate_s2d","off_success_rate_w3","off_success_rate_w5","off_success_rate_exp","def_epa_per_play_allowed_s2d","def_epa_per_play_allowed_w3","def_epa_per_play_allowed_w5","def_epa_per_play_allowed_exp","def_success_rate_allowed_s2d","def_success_rate_allowed_w3","def_success_rate_allowed_w5","def_success_rate_allowed_exp","rb_rush_share_s2d","rb_rush_share_w3","rb_rush_share_w5","rb_rush_share_exp","wr_target_share_s2d","wr_target_share_w3","wr_target_share_w5","wr_target_share_exp","te_target_share_s2d","te_target_share_w3","te_target_share_w5","te_target_share_exp","qb_aypa_s2d","qb_aypa_w3","qb_aypa_w5","qb_aypa_exp","qb_sack_rate_s2d","qb_sack_rate_w3","qb_sack_rate_w5","qb_sack_rate_exp","roof_dome","roof_outdoor","weather_temp_f","weather_wind_mph","weather_precip_pct","weather_impact_score","weather_extreme_flag"]},"decision_tree":{"params":{"depth":6,"minSamples":8},"alpha":6},"bt":{"coefficients":[0.10286437750087299,-0.15594876154129744,0.08477679770069198,-0.0032305032966055114,-0.10999148534147744,-0.002463587892566368,-0.003427072286637426,0.00044572997427970353,0.0024854875703231895,-0.0032955607210300238],"intercept":0.0994025558128771,"scaler":{"mu":[6.201525591199528,-111.49977453542074,-1.0675764661967804,0,-0.01256450876586061,0,0,0,0,0],"sd":[45.719428338486395,357.4449993629974,13.255970362598708,1,0.09379776925075753,1,1,1,1,1]},"features":["diff_total_yards","diff_turnovers","diff_penalty_yards","diff_possession_seconds","diff_r_ratio","diff_elo_pre","diff_inj_out","diff_inj_skill_out","diff_inj_practice_dnp","diff_inj_out_trend"],"hyperparams":{"steps":1200,"learningRate":0.001,"l2":0.00001}},"ann":{"seeds":[1],"architecture":[92,128,64,32,1],"committee_size":1,"max_epochs":15,"dropout":0.5},"ensemble":{"weights":{"logistic":0.9473684210526316,"tree":0,"bt":0,"ann":0.05263157894736841},"calibration":{"type":"platt","beta":0.4153443316086433,"source":"platt"},"calibration_beta":0.4153443316086433,"calibration_hash":"ae32fee621f26c91c0b1a8750999e76f46aaa4b1c96a9b012d936e0a8f840841","oof_variance":{"ann":{"mean":0.5539914286294697,"var":0.01752042348953275}}},"pca":[{"component":1,"explained_variance":0.23127690679689683,"top_loadings":[{"feature":"off_total_yds_s2d","loading":-0.25723821918825884},{"feature":"off_1st_down_s2d","loading":-0.25290529092101466},{"feature":"off_pass_yds_s2d","loading":-0.24785529587422356},{"feature":"def_pass_yds_s2d","loading":-0.2293125676386586},{"feature":"off_yds_for_3g","loading":-0.2277765963421479},{"feature":"off_yds_for_5g","loading":-0.2277765963421479},{"feature":"def_total_yds_s2d","loading":-0.22097988967387092},{"feature":"def_1st_down_s2d","loading":-0.22043513899948483},{"feature":"qb_ypa_3g","loading":-0.2097914462253718},{"feature":"off_rush_yds_s2d","loading":-0.1965409766130553}]},{"component":2,"explained_variance":0.1845434952076757,"top_loadings":[{"feature":"losses_s2d","loading":0.24336358146672832},{"feature":"def_epa_per_play_allowed_exp","loading":0.22888506552224927},{"feature":"def_success_rate_allowed_exp",