{"season":2020,"week":17,"generated_at":"2025-11-07T00:45:45.869Z","feature_hash":"51ace909e2cd6dd08d4e4640e50a68db6b64f13a","logistic":{"weights":[-0.6323507576463429,-0.49040348505145726,0.2518154636397821,-0.708214359883969,1.4353425724737534,0.877955197084679,0.32300877722919075,0.05546429807213537,0.40092028697818477,-1.2105678546116196,3.1231572478969793,-2.5991210640167757,0,0,0,0,0.7536630545348457,-0.7352226686901507,-1.200741296877856,0.6187639828389908,-3.6588018644691283,0.23653787482417515,0,0,0,0,0,0,0,0,0,0,0,0,0,0,0,0,0,0,-0.19386767326688892,-0.0899711337833084,0.24740337423811481,-0.024991312667599498,-0.34645918546076077,0.06315580100263733,-0.13499657433357484,0,0,2.3438753148062283,1.1350750797475295,0.08875976622200356,-0.19728513112589835,0.3714320647149664,0.2228476974769716,-0.20232216229933406,-0.31740850986635566,-1.8954410845673264,-0.9495296013029771,0.2602919936608563,0.8629196331538826,-0.3323269967579633,0.850759843863255,-0.13228355381738077,-0.17190823857785786,-0.3987193480420934,0.21673933722924424,-0.7365167774799265,0.36945643207835893,0.06280931453359524,0.33821377626682686,0.032447121048875004,-0.0727528318340784,-0.05029907152944871,0.459012376589185,0.2953201056537596,-0.2333134159992868,-0.17547089522731202,-0.07480043373838648,-0.5334468379522743,0.415166768399099,0,0,0,0,-0.05858175041980159,0.25335873318355223,-0.05858175041980044,0.05858175041980185,0,0,0,0.21842071147970055,-0.08702927982541772,-0.39717578975066276,-0.11548378370378609,-0.1602240667193146,0.17969156518774512,0.823368416480048,0.26186471562860697,0,0.43067949306947645,-0.1921959386735016,0.01375854474571853,0.245445213562961,-0.05472813898036668,-0.6317709680035305,0.2584870263983883,-0.01285010859502998,-0.42890744280089105,0.17056693900154477,0.05136044452905098,0.5449655788870326,-0.24101458585533175,0.23606469681795114,-0.461773067377101,-0.25606355639777095,-0.2092568586480453,-0.49593373782111766,-0.2345907747884524,-0.9159274530744772,-0.3163679534410972,-0.747347744373995,1.0060087448514279,0.11189292874236194,0.33272339679058793,-0.0338268423673925,-0.35987918764645827,-0.07915099526649058,-0.013467394356027722,-0.17036701192729697,-0.4686439835425628,-0.09072751183486824],"bias":0.10829062787256666,"scaler":{"mu":[158.63598326359832,1793.9958158995817,567.3179916317991,1226.6778242677824,6.066945606694561,158.2845188284519,1783.3221757322176,561.8284518828452,1221.4937238493724,4.376569037656904,2.4435146443514646,2.3849372384937237,1,0,0,0,112.63853812478881,124.89587096776904,0.46485524931604855,0.27135971248127677,1450.0290930307956,-0.024373432974057304,0,0,0,0,0,0,0,0,0,0,0,0,0,0,0,0,0,0,347.1931659693165,347.93026499302636,344.92817294281735,347.5034170153419,2.2649930264993032,0.42684797768479793,7.284369778748024,0,0,0.030437308010110343,0.021064868347023813,0.02062625353653889,0.021273009788429203,0.4451235667588469,0.44138318633228263,0.4416435734537678,0.4432537754743221,0.029706099354514858,0.021812453478448554,0.023260234635855703,0.022294957529535166,0.44418737787619195,0.44126406109013,0.44226644379760266,0.4437729764062792,0.8147075816351638,0.8162652803212999,0.8156680366595069,0.8173610243725822,0.5840949678704225,0.5897367170166005,0.5904218191465035,0.5904596490748638,0.21313839765951256,0.21355307777283625,0.21183498592280167,0.21092703524719178,7.8318745633739315,7.844445897790584,7.813969508447305,7.74746814806732,0,0,0,0,0.19246861924686193,0.6401673640167364,65.9623430962343,4.03765690376569,0,0,0,0.2384937238493724,0.1589958158995816,-0.42635983263598326,0.6192468619246861,-0.21255230125523006,0.07112970711297072,0,-0.04602510460251046,0,0.05864016736401674,0.8744769874476988,0.7740585774058577,0.6196652719665273,-0.05439330543933055,2.6803347280334706,0.3188284518828452,1.1548117154811715,-0.2803347280334728,-0.06694560669456066,-0.02510460251046025,0.02510460251046025,-0.014644351464435146,-0.012552301255230125,-0.03765690376569038,-0.012552301255230125,0.019887029288702934,0.16317991631799164,0.0032384937238493713,-0.3807531380753138,-0.01271129707112971,-0.2594142259414226,-0.7447698744769874,-0.08368200836820083,-0.3723849372384937,-0.7154811715481172,-0.015606694560669453,0.008368200836820083,0,0.014230125523012551,0.008368200836820083,-2.9686192468619255],"sd":[96.11328154477482,1069.6730994707902,349.58567127264587,759.0435850366066,4.230260024596889,94.92478089580064,1059.4124687995634,355.61310111441935,731.4464998741761,3.424077181736568,2.0197636960448775,1.9604731881828938,1,1,1,1,1231.8130413454223,1229.0631545695296,5.471023635304296,4.3369037671793365,4.750741791747599,6.8376505526666005,1,1,1,1,1,1,1,1,1,1,1,1,1,1,1,1,1,1,106.55037678880035,103.00517981484474,103.75709024569238,102.37059191020175,66.50460760796362,57.883495370233305,2.4532337897423337,1,1,0.0781453063574034,0.0998265208392665,0.08679513433796703,0.08694848267248084,0.035761160782214314,0.04332524435968331,0.03810373633915003,0.039861299229849705,0.07443585399252155,0.09872729392597786,0.08576117216112837,0.08235145087695814,0.03316000412241388,0.042050519730014294,0.03703192688375443,0.03761191618195913,0.07629028111804029,0.08936592505320401,0.08364641045831074,0.07938656119000924,0.0837647733623208,0.09275136543411097,0.08670582420334855,0.08770205660487668,0.06678893814736185,0.07663866341505901,0.07083135215647042,0.07001475539248063,1.1380218472595645,1.3627481564246273,1.2035266833999019,1.2843830573188666,1,1,1,1,0.39423907702315414,0.4799511538319281,1.9711953851157742,1.9711953851157717,1,1,1,2.2176600598770806,11.469435125055137,7.523848813946425,7.809004421845198,3.3601917303686415,0.4471705326473494,0.24202769646827735,1.0833346238903068,1,0.5757702320025097,10.95296798003382,10.557929293931084,8.185173240428274,0.34406435511002154,43.51847092927146,12.615074543594487,10.862640279178986,7.86130227940158,2.265743498181519,0.39795172424852454,0.3413569548848734,0.22592205092843282,0.5525230947907336,2.412191045420565,0.8507007770762508,0.27700819399229615,1.7816310322269675,0.1084232641484743,4.4139146016441355,0.21727663064361208,2.083925646558292,9.032584195472383,3.410742541660424,3.2727208624407793,7.055859821656554,0.23086550839771453,0.36581578233296025,0.49262341019056577,0.36459758491395544,0.34217654059013985,41.59165382583383]},