{"season":2007,"week":1,"generated_at":"2025-11-07T00:19:08.401Z","feature_hash":"e72f81bd368ed620ef105219c3c0b9239a232868","logistic":{"weights":[-0.4681466821776969,-0.3175552715078375,-0.5074553414016271,-0.18371192444696463,1.2216337015880456,0.6874316725988314,-0.08204386837629839,0.30213382266135286,-0.3133303316427062,-0.7715082309093793,2.6771029658908367,-2.7096194082370704,0,0,0,0,0.9604789648415731,-0.8930024791086614,-1.2036683487711861,0.7966479064719151,-3.516416821480871,0.6109597176145013,0,0,0,0,0,0,0,0,0,0,0,0,0,0,0,0,0,0,0.05606689589540715,0.3275232589962682,0.5041928979428012,0.2579597218252431,-0.5492486143940317,0.17674035649193526,-1.1630740749188442,0,0,1.0266952902395468,0.8973874099954614,0.5583833566318133,-0.1931436126149019,0.1045522056096161,-0.10178458153222193,-0.04129901919834266,0.04249360699118455,-1.5299532952275912,-0.7845289786104707,0.1598366152911797,0.12053426852480577,-0.2445635681976065,-0.550517852087711,0.8673071397971588,0.10115039320871716,-0.4390581208507305,0.07716122416549566,-0.1661623242195616,0.2932110417631316,-0.2511964012893673,-0.07356636382916752,0.10436296903721107,-0.06904847502556649,0.11084664580730604,0.101721859038346,-0.3006560567522016,-0.10200289344376767,0.4247254408433865,0.065472699362744,-0.04006764875399339,0.17216728854914903,0,0,0,0,-0.04160003473686288,-0.4867860203534442,-0.04160003473686171,0.04160003473686287,0,0,0],"bias":0.5340882990670064,"scaler":{"mu":[0,0,0,0,0,0,0,0,0,0,0,0,0,0,0,0,0,0,0,0,0,0,0,0,0,0,0,0,0,0,0,0,0,0,0,0,0,0,0,0,0,0,0,0,0,0,0,0,0,0,0,0,0,0,0,0,0,0,0,0,0,0,0,0,0,0,0,0,0,0,0,0,0,0,0,0,0,0,0,0,0,0,0,0,0,0,0,0,0,0,0,0],"sd":[1,1,1,1,1,1,1,1,1,1,1,1,1,1,1,1,1,1,1,1,1,1,1,1,1,1,1,1,1,1,1,1,1,1,1,1,1,1,1,1,1,1,1,1,1,1,1,1,1,1,1,1,1,1,1,1,1,1,1,1,1,1,1,1,1,1,1,1,1,1,1,1,1,1,1,1,1,1,1,1,1,1,1,1,1,1,1,1,1,1,1,1]},"features":["off_1st_down_s2d","off_total_yds_s2d","off_rush_yds_s2d","off_pass_yds_s2d","off_turnovers_s2d","def_1st_down_s2d","def_total_yds_s2d","def_rush_yds_s2d","def_pass_yds_s2d","def_turnovers_s2d","wins_s2d","losses_s2d","home","sim_winrate_same_loc_s2d","sim_pointdiff_same_loc_s2d","sim_count_same_loc_s2d","off_total_yds_s2d_minus_opp","def_total_yds_s2d_minus_opp","off_turnovers_s2d_minus_opp","def_turnovers_s2d_minus_opp","elo_pre","elo_diff","rest_days","rest_diff","off_third_down_att_s2d","off_third_down_conv_s2d","off_third_down_pct_s2d","off_red_zone_att_s2d","off_red_zone_td_s2d","off_red_zone_td_pct_s2d","off_dropbacks_s2d","off_sacks_taken_s2d","off_sack_rate_s2d","off_pass_att_s2d","off_rush_att_s2d","off_neutral_pass_rate_s2d","off_third_down_pct_s2d_minus_opp","off_red_zone_td_pct_s2d_minus_opp","off_sack_rate_s2d_minus_opp","off_neutral_pass_rate_s2d_minus_opp","off_yds_for_3g","off_yds_for_5g","def_yds_against_3g","def_yds_against_5g","net_yds_3g","net_yds_5g","qb_ypa_3g","qb_sack_rate_3g","qb_qbr","off_epa_per_play_s2d","off_epa_per_play_w3","off_epa_per_play_w5","off_epa_per_play_exp","off_success_rate_s2d","off_success_rate_w3","off_success_rate_w5","off_success_rate_exp","def_epa_per_play_allowed_s2d","def_epa_per_play_allowed_w3","def_epa_per_play_allowed_w5","def_epa_per_play_allowed_exp","def_success_rate_allowed_s2d","def_success_rate_allowed_w3","def_success_rate_allowed_w5","def_success_rate_allowed_exp","rb_rush_share_s2d","rb_rush_share_w3","rb_rush_share_w5","rb_rush_share_exp","wr_target_share_s2d","wr_target_share_w3","wr_target_share_w5","wr_target_share_exp","te_target_share_s2d","te_target_share_w3","te_target_share_w5","te_target_share_exp","qb_aypa_s2d","qb_aypa_w3","qb_aypa_w5","qb_aypa_exp","qb_sack_rate_s2d","qb_sack_rate_w3","qb_sack_rate_w5","qb_sack_rate_exp","roof_dome","roof_outdoor","weather_temp_f","weather_wind_mph","weather_precip_pct","weather_impact_score","weather_extreme_flag"]},"decision_tree":{"params":{"depth":6,"minSamples":8},"alpha":6},"bt":{"coefficients":[0.003857028153157536,0.003219427456145634,0.0038949868985499194,0.0021471637821246147,0.004505168972913325,-0.003259329306070067,0.0038889983125434927,-0.0031798936352242313,0.0016061048398010726,-0.001396280695827463],"intercept":0,"scaler":{"mu":[],"sd":[]},"features":["diff_total_yards","diff_turnovers","diff_penalty_yards","diff_possession_seconds","diff_r_ratio","diff_elo_pre","diff_inj_out","diff_inj_skill_out","diff_inj_practice_dnp","diff_inj_out_trend"],"hyperparams":{"steps":1200,"learningRate":0.001,"l2":0.00001}},"ann":{"seeds":[],"architecture":[0,1],"committee_size":0,"max_epochs":15,"dropout":0.5},"ensemble":{"weights":{"logistic":0,"tree":0,"bt":0,"ann":1},"calibration":{"type":"league_prior","lambda":0.85,"mean":0.56,"source":"league_prior"},"calibration_beta":0,"calibration_hash":"729bd80641a1693082e28166f0bc44dbe300221d0d4bf4256b7f485c2cf5cc29","oof_variance":{"ann":null}},"pca":[],"feature_enrichment":{"appended_features":["off_epa_per_play_s2d","off_epa_per_play_w3","off_epa_per_play_w5","off_epa_per_play_exp","off_success_rate_s2d","off_success_rate_w3","off_success_rate_w5","off_success_rate_exp","def_epa_per_play_allowed_s2d","def_epa_per_play_allowed_w3","def_epa_per_play_allowed_w5","def_epa_per_play_allowed_exp","def_success_rate_allowed_s2d","def_success_rate_allowed_w3","def_success_rate_allowed_w5","def_success_rate_allowed_exp","rb_rush_share_s2d","rb_rush_share_w3","rb_rush_share_w5","rb_rush_share_exp","wr_target_share_s2d","wr_target_share_w3","wr_target_share_w5","wr_target_share_exp","te_target_share_s2d","te_target_share_w3","te_target_share_w5","te_target_share_exp","qb_aypa_s2d","qb_aypa_w3","qb_aypa_w5","qb_aypa_exp","qb_sack_rate_s2d","qb_sack_rate_w3","qb_sack_rate_w5","qb_sack_rate_exp","roof_dome","roof_outdoor","weather_temp_f","weather_wind_mph","weather_precip_pct","weather_impact_score","weather_extreme_flag"],"pbp_rows":46266,"player_weekly_rows":17265}}