{"season":2008,"week":8,"generated_at":"2025-11-07T00:21:14.165Z","feature_hash":"2d5686f8297fb64c1ec833a49273008166816719","logistic":{"weights":[-0.42009956538470644,-0.33848503422700255,0.052863600088551156,-0.5111914751606196,1.3300625859597124,0.858926219933832,-0.11220564076324858,0.34308487435898716,-0.3757645960256416,-0.4683589261839004,2.818087839173985,-2.706662508957775,0,0,0,0,0.8311108271386579,-1.0830289366972887,-0.836062079915827,1.0350129567706607,-3.123316810458181,0.07644618871456044,0,0,0,0,0,0,0,0,0,0,0,0,0,0,0,0,0,0,-0.3200651404330985,0.2865793660350874,0.30180286332311507,0.1441573351236082,-0.789561687276512,0.2730299249333234,-0.39344423136535667,0,0,1.3782903750235238,1.1351139000564123,0.2962983519820683,0.05384880042843081,0.12175087389182056,-0.1685946980100614,-0.2805211899357006,0.3763780439080109,-1.953629901016026,-0.8829131399871905,-0.2888450448339192,0.015816762088905964,-0.24625141583717197,-0.23593125173857724,0.7948322703576638,-0.02744111203347679,-0.27648232789023625,0.5279375592171345,0.061608654400291375,0.03697889802397656,0.36627899599041264,-0.18075277477982452,-0.15153604865117343,0.22392539156101374,-0.1817225335180755,-0.5259125318607164,0.4228424646098513,0.3458467349668558,0.1938241194892586,-0.01435792157219658,0.10909477382124777,-0.24013716896355464,0,0,0,0,-0.0639208721954898,-0.13030373800662604,-0.06392087219548892,0.06392087219548978,0,0,0],"bias":1.0004418943673477,"scaler":{"mu":[90.34313725490196,1103.7254901960785,375.38235294117646,728.343137254902,4.264705882352941,87.7156862745098,1064.6078431372548,355.27450980392155,709.3333333333334,3.4019607843137254,1.7156862745098038,1.4607843137254901,1,0,0,0,69.66317562151765,25.56782367199608,-0.1824439311099311,0.3248875660529476,1449.889523205835,-0.19640129233620401,0,0,0,0,0,0,0,0,0,0,0,0,0,0,0,0,0,0,286.41013071895435,285.6130718954248,285.5408496732026,285.05392156862746,0.8692810457516361,0.5591503267973859,6.996414996932768,0,0,0.009909186215657116,0.0116977245154054,0.011484078724903366,0.00392653252700737,0.4445729531137717,0.4480607048182732,0.4460620910152074,0.43815086820848814,0.0018103846101635362,0.0010111000690809868,0.0024282905139305427,-0.003183426441039221,0.4435092919699673,0.44628131119118475,0.44469522014246715,0.4359836034485996,0.8746505942894458,0.8743709620479576,0.8746999627397346,0.8766828567867428,0.049019607843137254,0.0196078431372549,0.0392156862745098,0.04068627450980392,0.049019607843137254,0.029411764705882353,0.049019607843137254,0.007352941176470589,8.221042480451224,8.192681957130391,8.20247427878655,8.199155078884216,0,0,0,0,0.14705882352941177,0.8137254901960784,65.73529411764706,4.264705882352941,0,0,0],"sd":[57.010060188589954,677.9591369035705,232.2537086437532,480.08678739712764,3.4610620340714626,53.368195245339834,632.4117571066499,222.49512692891196,436.85963405799004,2.9844689609467014,1.3603449027792525,1.2420063514365949,1,1,1,1,762.1672607807192,723.8041779141691,4.555093003206244,3.6058086884732132,2.122495856258578,3.4599601780231426,1,1,1,1,1,1,1,1,1,1,1,1,1,1,1,1,1,1,136.921656892278,135.6911665627356,135.8923854883,134.83716664805652,89.32859777789297,88.48785020016658,3.3206343109942424,1,1,0.10646409603942218,0.11214560485990169,0.10679382493272387,0.12348818601010468,0.045037558509392984,0.04841739283178637,0.045370410552833314,0.05035254066819236,0.1173812813283048,0.12335214725678673,0.11807140595998877,0.12525497529242813,0.047674916937762234,0.049464712536144734,0.04783450836230791,0.05029650025209655,0.08607911310722907,0.08654737388863508,0.08633898279318693,0.09103445947775617,0.2159089759367179,0.13864838846795055,0.19410774385513074,0.19437309890084287,0.21590897593671798,0.16895772489817729,0.21590897593671798,0.032386346390507706,1.217350381770294,1.3573128547703557,1.2619700390194235,1.3485102743590627,1,1,1,1,0.35416454643506756,0.38932803238558406,1.7708227321753371,1.770822732175337,1,1,1]},"features":["off_1st_down_s2d","off_total_yds_s2d","off_rush_yds_s2d","off_pass_yds_s2d","off_turnovers_s2d","def_1st_down_s2d","def_total_yds_s2d","def_rush_yds_s2d","def_pass_yds_s2d","def_turnovers_s2d","wins_s2d","losses_s2d","home","sim_winrate_same_loc_s2d","sim_pointdiff_same_loc_s2d","sim_count_same_loc_s2d","off_total_yds_s2d_minus_opp","def_total_yds_s2d_minus_opp","off_turnovers_s2d_minus_opp","def_turnovers_s2d_minus_opp","elo_pre","elo_diff","rest_days","rest_diff","off_third_down_att_s2d","off_third_down_conv_s2d","off_third_down_pct_s2d","off_red_zone_att_s2d","off_red_zone_td_s2d","off_red_zone_td_pct_s2d","off_dropbacks_s2d","off_sacks_taken_s2d","off_sack_rate_s2d","off_pass_att_s2d","off_rush_att_s2d","off_neutral_pass_rate_s2d","off_third_down_pct_s2d_minus_opp","off_red_zone_td_pct_s2d_minus_opp","off_sack_rate_s2d_minus_opp","off_neutral_pass_rate_s2d_minus_opp","off_yds_for_3g","off_yds_for_5g","def_yds_against_3g","def_yds_against_5g","net_yds_3g","net_yds_5g","qb_ypa_3g","qb_sack_rate_3g","qb_qbr","off_epa_per_play_s2d","off_epa_per_play_w3","off_epa_per_play_w5","off_epa_per_play_exp","off_success_rate_s2d","off_success_rate_w3","off_success_rate_w5","off_success_rate_exp","def_epa_per_play_allowed_s2d","def_epa_per_play_allowed_w3","def_epa_per_play_allowed_w5","def_epa_per_play_allowed_exp","def_success_rate_allowed_s2d","def_success_rate_allowed_w3","def_success_rate_allowed_w5","def_success_rate_allowed_exp","rb_rush_share_s2d","rb_rush_share_w3","rb_rush_share_w5","rb_rush_share_exp","wr_target_share_s2d","wr_target_share_w3","wr_target_share_w5","wr_target_share_exp","te_target_share_s2d","te_target_share_w3","te_target_share_w5","te_target_share_exp","qb_aypa_s2d","qb_aypa_w3","qb_aypa_w5","qb_aypa_exp","qb_sack_rate_s2d","qb_sack_rate_w3","qb_sack_rate_w5","qb_sack_rate_exp","roof_dome","roof_outdoor","weather_temp_f","weather_wind_mph","weather_precip_pct","weather_impact_score","weather_extreme_flag"]},"decision_tree":{"params":{"depth":6,"minSamples":8},"alpha":4},"bt":{"coefficients":[0.01109632865787712,-0.10148149921891615,0.03476536101727915,0.0047037933288876545,-0.04326275750440967,-0.0045535845463739715,-0.0014269678930561099,0.0014722885357466545,0.0020416006322413406,-0.004948761604380057],"intercept":0.13220234667346545,"scaler":{"mu":[6.741071627309336,-26.49645552149308,-0.9321721318386311,0,0.0007521259174783025,0,0,0,0,0],"sd":[57.75374597807293,513.6350297314979,15.549504200541303,1,0.10219437975707443,1,1,1,1,1]},"features":["diff_total_yards","diff_turnovers","diff_penalty_yards","diff_possession_seconds","diff_r_ratio","diff_elo_pre","diff_inj_out","diff_inj_skill_out","diff_inj_practice_dnp","diff_inj_out_trend"],"hyperparams":{"steps":1200,"learningRate":0.001,"l2":0.00001}},"ann":{"seeds":[1],"architecture":[92,128,64,32,1],"committee_size":1,"max_epochs":15,"dropout":0.5},"ensemble":{"weights":{"logistic":0.9,"tree":0,"bt":0,"ann":0.09999999999999998},"calibration":{"type":"platt","beta":0.4644756130818943,"source":"platt"},"calibration_beta":0.4644756130818943,"calibration_hash":"92420919276120036ba5e6b411826799c272ac7874ff739934d5a6e6604e73e4","oof_variance":{"ann":{"mean":0.5212382985369147,"var":0.017406454622563846}}},"pca":[{"component":1,"explained_variance":0.2202960869721454,"top_loadings":[{"feature":"off_total_yds_s2d","loading":0.26046480340528994},{"feature":"off_1st_down_s2d","loading":0.2588237173000742},{"feature":"off_pass_yds_s2d","loading":0.25550361261936383},{"feature":"def_pass_yds_s2d","loading":0.2528940960376484},{"feature":"def_total_yds_s2d","loading":0.24938462731134795},{"feature":"def_1st_down_s2d","loading":0.24839766441248493},{"feature":"off_rush_yds_s2d","loading":0.23216242734932988},{"feature":"def_rush_yds_s2d","loading":0.21229475339482334},{"feature":"wins_s2d","loading":0.20561997068646753},{"feature":"off_turnovers_s2d","loading":0.19919585304512863}]},{"component":2,"explained_variance":0.15051479923008523,"top_loadings":[{"feature":"def_success_rate_allowed_exp",