{"season":2025,"week":1,"generated_at":"2025-11-10T23:43:28.394Z","feature_hash":"68494b5fbae030daf914ea3d4eae27e21c287a4f","logistic":{"weights":[-0.35261716671233867,-0.16987253972867114,0.0429760266760853,-0.2439639034210114,0.5728744997746102,0.2943435929178924,0.22210074143295627,0.4023036839311202,0.21480873339811218,-0.880903877276119,2.444014360859986,-2.1866506151383756,0,0,0,0,0.4519420468617804,-0.588248878840219,-0.2618889433956503,0.3542580762803119,-2.104015298160207,0.3892211471933031,0,0,0,0,0,0,0,0,0,0,0,0,0,0,0,0,0,0,-0.3122213508672551,-0.08439534822142712,-0.08835108610197592,0.1471530943064284,-0.29660201019857224,-0.36943548044548574,-0.09040176213428597,0,0,0.4870369312726425,0.8577392753829169,0.15876513237939383,0.3824542887444483,0.037368938693983035,-0.07299217937789176,-0.2515954906974946,-0.2146106862347134,-0.6463035967186601,-0.14736835179402266,-0.22445823731029507,-0.09829239449675521,-0.01823104967823406,-0.06729448220315543,-0.09038141006162156,0.17206547432936162,-0.08921849767391003,-0.06530115025363295,0.20969059939618234,0.15627443566202867,-0.05898943923410175,-0.0672669299005592,0.243109782659734,0.30611180501287694,0.27984220577596025,0.029790386262192884,-0.05715510971539831,0.3476143220612434,-0.06416426240810365,-0.44026917273093713,-0.0779335221326143,0.2108605958053773,0,0,0,0,-0.15613339232833498,-0.2477827195061842,-0.1561333923283359,0.1561333923283352,0,0,0,0.36813933595562504,-0.2364428786491957,0.08904833254213954,0.09894170017634199,0.06666587596722123,0.0005949090948107353,0.2903313391086407,0.08758008255853002,0.005701100041532698,-0.08078775344014091,0.0131286792020739,-0.12956675583519556,0.2608227403429277,-0.27898224170731956,-0.08842933501551979,0.20286333496472606,-0.05934925560917123,0.0687554893409772,0.17792181129401846,-0.2347853372201744,-0.35267656744791925,0.36970772325929857,0.17146799502850743,-0.5998604646042112,-0.3974687758924129,0.025030253376662003,-0.4453291506945532,0.14420265549457825,-0.2815201704342999,-0.1688632729756645,-0.41839361055092206,0.5831839941477094,0.22032372969173625,-0.5087542468460261,-0.3405362915492025,0.25330916285927535,0.03940575228890125,-0.5071894976001575,0.3230429773610076,-0.4676476513513835,-0.175096312865878],"bias":0.4771036144654614,"scaler":{"mu":[0,0,0,0,0,0,0,0,0,0,0,0,0,0,0,0,0,0,0,0,0,0,0,0,0,0,0,0,0,0,0,0,0,0,0,0,0,0,0,0,0,0,0,0,0,0,0,0,0,0,0,0,0,0,0,0,0,0,0,0,0,0,0,0,0,0,0,0,0,0,0,0,0,0,0,0,0,0,0,0,0,0,0,0,0,0,0,0,0,0,0,0,0,0,0,0,0,0,0,0,0,0,0,0,0,0,0,0,0,0,0,0,0,0,0,0,0,0,0,0,0,0,0,0,0,0,0,0,0,0,0,0,0],"sd":[1,1,1,1,1,1,1,1,1,1,1,1,1,1,1,1,1,1,1,1,1,1,1,1,1,1,1,1,1,1,1,1,1,1,1,1,1,1,1,1,1,1,1,1,1,1,1,1,1,1,1,1,1,1,1,1,1,1,1,1,1,1,1,1,1,1,1,1,1,1,1,1,1,1,1,1,1,1,1,1,1,1,1,1,1,1,1,1,1,1,1,1,1,1,1,1,1,1,1,1,1,1,1,1,1,1,1,1,1,1,1,1,1,1,1,1,1,1,1,1,1,1,1,1,1,1,1,1,1,1,1,1,1]},"features":["off_1st_down_s2d","off_total_yds_s2d","off_rush_yds_s2d","off_pass_yds_s2d","off_turnovers_s2d","def_1st_down_s2d","def_total_yds_s2d","def_rush_yds_s2d","def_pass_yds_s2d","def_turnovers_s2d","wins_s2d","losses_s2d","home","sim_winrate_same_loc_s2d","sim_pointdiff_same_loc_s2d","sim_count_same_loc_s2d","off_total_yds_s2d_minus_opp","def_total_yds_s2d_minus_opp","off_turnovers_s2d_minus_opp","def_turnovers_s2d_minus_opp","elo_pre","elo_diff","rest_days","rest_diff","off_third_down_att_s2d","off_third_down_conv_s2d","off_third_down_pct_s2d","off_red_zone_att_s2d","off_red_zone_td_s2d","off_red_zone_td_pct_s2d","off_dropbacks_s2d","off_sacks_taken_s2d","off_sack_rate_s2d","off_pass_att_s2d","off_rush_att_s2d","off_neutral_pass_rate_s2d","off_third_down_pct_s2d_minus_opp","off_red_zone_td_pct_s2d_minus_opp","off_sack_rate_s2d_minus_opp","off_neutral_pass_rate_s2d_minus_opp","off_yds_for_3g","off_yds_for_5g","def_yds_against_3g","def_yds_against_5g","net_yds_3g","net_yds_5g","qb_ypa_3g","qb_sack_rate_3g","qb_qbr","off_epa_per_play_s2d","off_epa_per_play_w3","off_epa_per_play_w5","off_epa_per_play_exp","off_success_rate_s2d","off_success_rate_w3","off_success_rate_w5","off_success_rate_exp","def_epa_per_play_allowed_s2d","def_epa_per_play_allowed_w3","def_epa_per_play_allowed_w5","def_epa_per_play_allowed_exp","def_success_rate_allowed_s2d","def_success_rate_allowed_w3","def_success_rate_allowed_w5","def_success_rate_allowed_exp","rb_rush_share_s2d","rb_rush_share_w3","rb_rush_share_w5","rb_rush_share_exp","wr_target_share_s2d","wr_target_share_w3","wr_target_share_w5","wr_target_share_exp","te_target_share_s2d","te_target_share_w3","te_target_share_w5","te_target_share_exp","qb_aypa_s2d","qb_aypa_w3","qb_aypa_w5","qb_aypa_exp","qb_sack_rate_s2d","qb_sack_rate_w3","qb_sack_rate_w5","qb_sack_rate_exp","roof_dome","roof_outdoor","weather_temp_f","weather_wind_mph","weather_precip_pct","weather_impact_score","weather_extreme_flag","diff_rush_carries","diff_rush_rushing_yards_before_contact","diff_rush_rushing_yards_before_contact_avg","diff_rush_rushing_yards_after_contact","diff_rush_rushing_yards_after_contact_avg","diff_rush_rushing_broken_tackles","diff_def_def_ints","diff_def_def_targets","diff_def_def_completions_allowed","diff_def_def_completion_pct","diff_def_def_yards_allowed","diff_def_def_yards_allowed_per_cmp","diff_def_def_yards_allowed_per_tgt","diff_def_def_receiving_td_allowed","diff_def_def_passer_rating_allowed","diff_def_def_adot","diff_def_def_air_yards_completed","diff_def_def_yards_after_catch","diff_def_def_times_blitzed","diff_def_def_times_hurried","diff_def_def_times_hitqb","diff_def_def_sacks","diff_def_def_pressures","diff_def_def_tackles_combined","diff_def_def_missed_tackles","diff_def_def_missed_tackle_pct","diff_pass_passing_drops","diff_pass_passing_drop_pct","diff_pass_passing_bad_throws","diff_pass_passing_bad_throw_pct","diff_pass_times_sacked","diff_pass_times_blitzed","diff_pass_times_hurried","diff_pass_times_hit","diff_pass_times_pressured","diff_pass_times_pressured_pct","diff_rec_receiving_broken_tackles","diff_rec_receiving_drop","diff_rec_receiving_drop_pct","diff_rec_receiving_int","diff_rec_receiving_rat"]},"decision_tree":{"params":{"depth":6,"minSamples":8},"alpha":6},"bt":{"coefficients":[0.0026920509764097123,0.001900409623112116,0.0037463041193378666,0.001251259815348298,-0.0034868474615517456,0.0008857727800496452,0.004203637072590995,0.0013345669168482411,-0.0017065678631262137,0.0013546017780048224],"intercept":0,"scaler":{"mu":[],"sd":[]},"features":["diff_total_yards","diff_turnovers","diff_penalty_yards","diff_possession_seconds","diff_r_ratio","diff_elo_pre","diff_inj_out","diff_inj_skill_out","diff_inj_practice_dnp","diff_inj_out_trend"],"hyperparams":{"steps":1200,"learningRate":0.001,"l2":0.00001}},"ann":{"seeds":[],"architecture":[0,1],"committee_size":0,"max_epochs":15,"dropout":0.5},"ensemble":{"weights":{"logistic":0,"tree":0,"bt":0,"ann":1},"calibration":{"type":"league_prior","lambda":0.85,"mean":0.56,"source":"league_prior"},"calibration_beta":0,"calibration_hash":"729bd80641a1693082e28166f0bc44dbe300221d0d4bf4256b7f485c2cf5cc29","oof_variance":{"ann":null}},"pca":[],