{"season":2009,"week":16,"generated_at":"2025-11-07T00:23:41.481Z","feature_hash":"3b5ea446b7f332f48937f4610446dbc705a961ff","logistic":{"weights":[-0.36173218739864194,-0.5430904033360155,-0.6227944691274557,-0.4404419959284092,1.1457376842542275,1.1962730492429443,0.03397266611298893,0.19391033596881999,-0.07556385632578785,-1.1786265749994733,2.9857235137690705,-2.7287023952105947,0,0,0,0,0.8224495493511922,-0.7299371508201027,-0.8383350062831023,1.071654326203534,-3.459104115914027,0.20262567122705832,0,0,0,0,0,0,0,0,0,0,0,0,0,0,0,0,0,0,-0.6210640311478766,0.08209242433713713,0.043802979357671176,0.14748931656636108,-0.8666708269967925,-0.012183302877926232,-0.18430121309543307,0,0,1.8646558573819996,1.1451370567109105,0.12187723423800692,-0.10063216679898752,0.36574900605439525,0.0333712164571812,-0.5454639231312617,0.36567103876953333,-1.9244050975292852,-0.6782168439308095,-0.4308252010438551,0.15512710568603438,-0.1988426369304537,0.025104176101718913,0.6462075445764457,0.21509171270935687,-0.10021783947378152,0.19645285077836946,-0.08252867053968783,0.1938896105167086,0.1664036103112873,0.4600683927077889,0.08141352258173189,0.1298056408714103,0.08110182246417484,-0.3113229077077815,0.09275337203586798,0.6258814755056896,0.25900058353234273,-0.2769031983458473,-0.3173681207989546,-0.11010558643735308,0,0,0,0,0.09436867887931644,0.09451067460418011,0.09436867887931766,-0.09436867887931624,0,0,0],"bias":0.7861648413544228,"scaler":{"mu":[123.37946428571429,1495.6651785714287,498.875,996.7901785714286,6.5,120.72767857142857,1461.4642857142858,488.74107142857144,972.7232142857143,5.410714285714286,2.2098214285714284,2.0401785714285716,1,0,0,0,-32.246694223003836,-63.159476075157556,-0.3695535081710126,-0.08926652789527209,1449.8550502102485,-0.35618764273252573,0,0,0,0,0,0,0,0,0,0,0,0,0,0,0,0,0,0,320.6331845238093,320.9564732142857,325.62202380952374,325.73571428571415,-4.988839285714287,-4.779241071428573,7.614451869069043,0,0,-0.010209035595146536,-0.006776166730962477,-0.009146095981606466,-0.02113649947481903,0.4411027929349533,0.44456125322154527,0.44355824142380024,0.43935492660567094,-0.009079668446357839,-0.00460112818107041,-0.007710426929458855,-0.021739746865842437,0.439546152237701,0.44321489873956127,0.44203260722157456,0.4379048107329103,0.8615267345833093,0.8547227631145391,0.855976183013403,0.8652535431184347,0.5753232770800951,0.5814391483926766,0.5794787480423071,0.5728611410154355,0.21522687175829583,0.21409514874980035,0.21380744420364203,0.21571823342513538,8.208221888062655,8.277141474166644,8.231842777218493,8.135862913730303,0,0,0,0,0.16071428571428573,0.7633928571428571,65.80357142857143,4.196428571428571,0,0,0],"sd":[73.61145417275291,890.944417379051,325.5163652074303,605.9243497187672,4.704670931258484,72.30553934250797,887.2694763849875,317.83454662359077,598.978486225588,4.0862434097936005,1.8935256147796178,1.791146870295506,1,1,1,1,917.087701814535,949.0983659211029,5.749775448082632,4.7956479791216085,4.568449890764143,6.402694029434585,1,1,1,1,1,1,1,1,1,1,1,1,1,1,1,1,1,1,105.56061362922937,103.82942561969676,105.72695952925638,102.57670724792786,91.7414832637369,84.6690519025037,2.538064724237097,1,1,0.08762003556908607,0.10580494932251605,0.09564529557781738,0.09509559154785772,0.04022013315974205,0.04682271350605285,0.04261323666371322,0.04211879120131309,0.07117842776092377,0.08884458530120223,0.078334071201328,0.09095308275484384,0.029941010553084676,0.03916978525866874,0.03348812605333627,0.03609367154781951,0.05998586616753194,0.08903125039302966,0.08142566875829305,0.06668517562391219,0.06896554606769073,0.08068924879039216,0.07586032761071129,0.06775635077565471,0.06492750216942522,0.0750100348714138,0.07169124513969309,0.06591268129563824,1.1213598305820103,1.3378815701557676,1.1926806344131349,1.3498641931418023,1,1,1,1,0.3672672107357707,0.42499906212381566,1.8363360536788542,1.8363360536788544,1,1,1]},"features":["off_1st_down_s2d","off_total_yds_s2d","off_rush_yds_s2d","off_pass_yds_s2d","off_turnovers_s2d","def_1st_down_s2d","def_total_yds_s2d","def_rush_yds_s2d","def_pass_yds_s2d","def_turnovers_s2d","wins_s2d","losses_s2d","home","sim_winrate_same_loc_s2d","sim_pointdiff_same_loc_s2d","sim_count_same_loc_s2d","off_total_yds_s2d_minus_opp","def_total_yds_s2d_minus_opp","off_turnovers_s2d_minus_opp","def_turnovers_s2d_minus_opp","elo_pre","elo_diff","rest_days","rest_diff","off_third_down_att_s2d","off_third_down_conv_s2d","off_third_down_pct_s2d","off_red_zone_att_s2d","off_red_zone_td_s2d","off_red_zone_td_pct_s2d","off_dropbacks_s2d","off_sacks_taken_s2d","off_sack_rate_s2d","off_pass_att_s2d","off_rush_att_s2d","off_neutral_pass_rate_s2d","off_third_down_pct_s2d_minus_opp","off_red_zone_td_pct_s2d_minus_opp","off_sack_rate_s2d_minus_opp","off_neutral_pass_rate_s2d_minus_opp","off_yds_for_3g","off_yds_for_5g","def_yds_against_3g","def_yds_against_5g","net_yds_3g","net_yds_5g","qb_ypa_3g","qb_sack_rate_3g","qb_qbr","off_epa_per_play_s2d","off_epa_per_play_w3","off_epa_per_play_w5","off_epa_per_play_exp","off_success_rate_s2d","off_success_rate_w3","off_success_rate_w5","off_success_rate_exp","def_epa_per_play_allowed_s2d","def_epa_per_play_allowed_w3","def_epa_per_play_allowed_w5","def_epa_per_play_allowed_exp","def_success_rate_allowed_s2d","def_success_rate_allowed_w3","def_success_rate_allowed_w5","def_success_rate_allowed_exp","rb_rush_share_s2d","rb_rush_share_w3","rb_rush_share_w5","rb_rush_share_exp","wr_target_share_s2d","wr_target_share_w3","wr_target_share_w5","wr_target_share_exp","te_target_share_s2d","te_target_share_w3","te_target_share_w5","te_target_share_exp","qb_aypa_s2d","qb_aypa_w3","qb_aypa_w5","qb_aypa_exp","qb_sack_rate_s2d","qb_sack_rate_w3","qb_sack_rate_w5","qb_sack_rate_exp","roof_dome","roof_outdoor","weather_temp_f","weather_wind_mph","weather_precip_pct","weather_impact_score","weather_extreme_flag"]},"decision_tree":{"params":{"depth":6,"minSamples":12},"alpha":2},"bt":{"coefficients":[0.3294360705554743,-0.10983113306784723,-0.04847220451011736,0.0043737582700483875,0.12335747663683964,-0.0025027479503202414,0.00022744600006284127,-0.000042409154533424665,-0.0011360663495276783,-0.0013039666260958066],"intercept":0.13343752198098055,"scaler":{"mu":[-0.6461607110754686,-13.447112333404851,-0.203060161618322,0,-0.0026769310290475075,0,0,0,0,0],"sd":[64.45297901941747,539.4981653483325,11.659325484445034,1,0.09568321492120849,1,1,1,1,1]},"features":["diff_total_yards","diff_turnovers","diff_penalty_yards","diff_possession_seconds","diff_r_ratio","diff_elo_pre","diff_inj_out","diff_inj_skill_out","diff_inj_practice_dnp","diff_inj_out_trend"],"hyperparams":{"steps":1200,"learningRate":0.001,"l2":0.00001}},"ann":{"seeds":[1],"architecture":[92,128,64,32,1],"committee_size":1,"max_epochs":15,"dropout":0.5},"ensemble":{"weights":{"logistic":0.9,"tree":0,"bt":0,"ann":0.09999999999999998},"calibration":{"type":"platt","beta":0.037114906137859185,"source":"platt"},"calibration_beta":0.037114906137859185,"calibration_hash":"0169d712c89710d06b28177c116635f5fd68894661ba6e2b724a318f3d0c11ba","oof_variance":{"ann":{"mean":0.4408931507888503,"var":0.0333866093466444}}},"pca":[{"component":1,"explained_variance":0.19647080169777892,"top_loadings":[{"feature":"def_total_yds_s2d","loading":0.26301029723440245},{"feature":"def_1st_down_s2d","loading":0.2598134280468388},{"feature":"def_pass_yds_s2d","loading":0.25530984390398603},{"feature":"def_rush_yds_s2d","loading":0.25307477033384734},{"feature":"off_total_yds_s2d","loading":0.23331430961659044},{"feature":"off_1st_down_s2d","loading":0.2269164924626795},{"feature":"off_pass_yds_s2d","loading":0.22461507713022155},{"feature":"off_rush_yds_s2d","loading":0.2204815019197391},{"feature":"off_turnovers_s2d","loading":0.21873024944443423},{"feature":"losses_s2d","loading":0.19951378150476454}]},{"component":2,"explained_variance":0.1780462057150928,"top_loadings":[{"feature":"off_epa_per_play_s2d",