{"season":2006,"week":4,"generated_at":"2025-11-07T00:17:22.496Z","feature_hash":"279ff16da1241ae4d820f9501d4bc39d2005da0c","logistic":{"weights":[-0.5767571094784525,-0.4080804453530529,-0.5308301561433562,-0.2994449411358542,1.1114251035783012,0.7183095505622171,-0.007749980846976277,0.3418325087338077,-0.21818459708779114,-0.7351070502856177,3.082052156168679,-3.0636801540983107,0,0,0,0,0.8554479842961956,-0.728060288445382,-0.9438584076512152,0.8194321860037396,-3.2847456355234956,0.414100005178648,0,0,0,0,0,0,0,0,0,0,0,0,0,0,0,0,0,0,0.14380218972349443,0.38275672354338336,0.5230675528147588,0.4036523374716004,-0.4355394027890738,0.003076530276363519,-1.5755290571806075,0,0,0.7524235224358914,0.6109224873386142,0.6769734901178255,-0.299086817916655,-0.10200778371624375,0.09866837120708619,-0.05482425292988786,-0.38948764113139156,-1.2656536916747312,-0.26433443249157634,0.002316975746190448,0.11745668666606976,-0.6192495390769774,-0.39103045069870507,0.5703875759516868,-0.09862387116957112,-0.12333879334547747,-0.05535481034553509,0.15739523823098897,0.17294324572487652,0.014092220097220292,-0.47782779272353754,-0.2869230668079772,0.19885987991403836,0.2654260449050854,0.2006095747267884,-0.2548666405987831,0.049515207668591105,0.2224586738979348,0.5373535382972897,0.05103502542657486,-0.030009993295630533,0,0,0,0,-0.11146998233396496,-0.03184594559748622,-0.11146998233396377,0.11146998233396495,0,0,0],"bias":0.7149824172683206,"scaler":{"mu":[55.80434782608695,655.7608695652174,207.2608695652174,448.5,2.9130434782608696,54.71739130434783,641,202.97826086956522,438.0217391304348,1.826086956521739,1,0.9565217391304348,1,0,0,0,17.20227682155507,-21.103391305027202,-0.06810295753093766,-0.24704833187398317,1450.163434535556,0.2725212450251369,0,0,0,0,0,0,0,0,0,0,0,0,0,0,0,0,0,0,212.30434782608697,212.30434782608697,211.3695652173913,211.3695652173913,0.9347826086956522,0.9347826086956522,5.738414011944258,0,0,-0.05905841264509639,-0.05905841264509639,-0.05905841264509639,-0.06687964523091319,0.42774728298756315,0.42774728298756315,0.42774728298756315,0.4274842765875684,-0.04186862932137316,-0.04186862932137316,-0.04186862932137316,-0.04840019851317589,0.42947852998439057,0.42947852998439057,0.42947852998439057,0.4294168985679181,0.860604113296315,0.860604113296315,0.860604113296315,0.8666354217962179,0.006642512077294687,0.006642512077294687,0.006642512077294687,0.000996376811594203,0.00785024154589372,0.00785024154589372,0.00785024154589372,0.0011775362318840583,8.604286511515268,8.604286511515268,8.604286511515268,8.563990495691133,0,0,0,0,0.1956521739130435,0.717391304347826,65.97826086956522,4.021739130434782,0,0,0],"sd":[26.003026216207147,294.79699608983753,113.38822015010675,222.89964109437233,1.9871991099176418,26.761152119442173,308.86461083472636,115.5802918980407,220.90274164559537,1.5646134100388331,0.9325048082403138,0.9314906645925458,1,1,1,1,137.0196050194422,189.00868659317806,2.636909660305673,1.9435901292449544,1.3669797482551829,1.493209141859589,1,1,1,1,1,1,1,1,1,1,1,1,1,1,1,1,1,1,161.1323206675343,161.1323206675343,163.2839096809007,163.2839096809007,71.37314748191004,71.37314748191004,4.473612405715055,1,1,0.12076985909090907,0.12076985909090907,0.12076985909090907,0.13030064283281545,0.04352398506506835,0.04352398506506835,0.04352398506506835,0.04555818976577842,0.11985193426961747,0.11985193426961747,0.11985193426961747,0.12318361629416043,0.04651756552793691,0.04651756552793691,0.04651756552793691,0.04683422812685,0.08308070615263184,0.08308070615263184,0.08308070615263184,0.09033086947184663,0.04455932563858278,0.04455932563858278,0.04455932563858278,0.006683898845787411,0.05266102120923413,0.05266102120923413,0.05266102120923413,0.007899153181385132,1.7364223319279495,1.7364223319279495,1.7364223319279495,1.897737182050805,1,1,1,1,0.39670190414988377,0.4502677212436516,1.9835095207494184,1.9835095207494189,1,1,1]},"features":["off_1st_down_s2d","off_total_yds_s2d","off_rush_yds_s2d","off_pass_yds_s2d","off_turnovers_s2d","def_1st_down_s2d","def_total_yds_s2d","def_rush_yds_s2d","def_pass_yds_s2d","def_turnovers_s2d","wins_s2d","losses_s2d","home","sim_winrate_same_loc_s2d","sim_pointdiff_same_loc_s2d","sim_count_same_loc_s2d","off_total_yds_s2d_minus_opp","def_total_yds_s2d_minus_opp","off_turnovers_s2d_minus_opp","def_turnovers_s2d_minus_opp","elo_pre","elo_diff","rest_days","rest_diff","off_third_down_att_s2d","off_third_down_conv_s2d","off_third_down_pct_s2d","off_red_zone_att_s2d","off_red_zone_td_s2d","off_red_zone_td_pct_s2d","off_dropbacks_s2d","off_sacks_taken_s2d","off_sack_rate_s2d","off_pass_att_s2d","off_rush_att_s2d","off_neutral_pass_rate_s2d","off_third_down_pct_s2d_minus_opp","off_red_zone_td_pct_s2d_minus_opp","off_sack_rate_s2d_minus_opp","off_neutral_pass_rate_s2d_minus_opp","off_yds_for_3g","off_yds_for_5g","def_yds_against_3g","def_yds_against_5g","net_yds_3g","net_yds_5g","qb_ypa_3g","qb_sack_rate_3g","qb_qbr","off_epa_per_play_s2d","off_epa_per_play_w3","off_epa_per_play_w5","off_epa_per_play_exp","off_success_rate_s2d","off_success_rate_w3","off_success_rate_w5","off_success_rate_exp","def_epa_per_play_allowed_s2d","def_epa_per_play_allowed_w3","def_epa_per_play_allowed_w5","def_epa_per_play_allowed_exp","def_success_rate_allowed_s2d","def_success_rate_allowed_w3","def_success_rate_allowed_w5","def_success_rate_allowed_exp","rb_rush_share_s2d","rb_rush_share_w3","rb_rush_share_w5","rb_rush_share_exp","wr_target_share_s2d","wr_target_share_w3","wr_target_share_w5","wr_target_share_exp","te_target_share_s2d","te_target_share_w3","te_target_share_w5","te_target_share_exp","qb_aypa_s2d","qb_aypa_w3","qb_aypa_w5","qb_aypa_exp","qb_sack_rate_s2d","qb_sack_rate_w3","qb_sack_rate_w5","qb_sack_rate_exp","roof_dome","roof_outdoor","weather_temp_f","weather_wind_mph","weather_precip_pct","weather_impact_score","weather_extreme_flag"]},"decision_tree":{"params":{"depth":6,"minSamples":8},"alpha":6},"bt":{"coefficients":[0.1702602387284426,-0.045306734801831686,-0.025514647398105644,-0.0031361831971864515,-0.04085533273572846,0.004198175054349607,-0.004087171950572477,-0.0025270245059069623,0.0022805316631064995,-0.002767857793705472],"intercept":-0.04510044430255878,"scaler":{"mu":[-0.49921226499753485,-6.619675165642162,-1.1849967095915401,0,0.013696253630466615,0,0,0,0,0],"sd":[47.808846100633815,453.98029032939434,13.638517336857086,1,0.10659091343059422,1,1,1,1,1]},"features":["diff_total_yards","diff_turnovers","diff_penalty_yards","diff_possession_seconds","diff_r_ratio","diff_elo_pre","diff_inj_out","diff_inj_skill_out","diff_inj_practice_dnp","diff_inj_out_trend"],"hyperparams":{"steps":1200,"learningRate":0.001,"l2":0.00001}},"ann":{"seeds":[1],"architecture":[92,128,64,32,1],"committee_size":1,"max_epochs":15,"dropout":0.5},"ensemble":{"weights":{"logistic":0.9473684210526316,"tree":0,"bt":0,"ann":0.05263157894736841},"calibration":{"type":"platt","beta":-0.8403074832030085,"source":"platt"},"calibration_beta":-0.8403074832030085,"calibration_hash":"698118b8d31c67e9c50dcd84b360924f43bd37365c0e6d5e6e0db805d719c3a5","oof_variance":{"ann":{"mean":0.5559936581963808,"var":0.009515226924893849}}},"pca":[{"component":1,"explained_variance":0.2297376515234229,"top_loadings":[{"feature":"off_1st_down_s2d","loading":-0.23957761474548672},{"feature":"off_total_yds_s2d","loading":-0.23867157598596603},{"feature":"off_yds_for_3g","loading":-0.23070295753100553},{"feature":"off_yds_for_5g","loading":-0.23070295753100553},{"feature":"off_pass_yds_s2d","loading":-0.2220749983968309},{"feature":"qb_ypa_3g","loading":-0.2131823866890526},{"feature":"def_yds_against_3g","loading":-0.21078927660405608},{"feature":"def_yds_against_5g","loading":-0.21078927660405608},{"feature":"off_epa_per_play_s2d","loading":-0.19660231848817078},{"feature":"off_epa_per_play_w3","loading":-0.19660231848817078}]},{"component":2,"explained_variance":0.17692056408864593,"top_loadings":[{"feature":"def_epa_per_play_allowed_s2d",