{"season":2010,"week":9,"generated_at":"2025-11-07T00:25:05.148Z","feature_hash":"711e80af4cbaa793c069c38bf8e422bf335c2988","logistic":{"weights":[-0.2637817225076369,-0.4441941677077319,-0.2731974840321998,-0.45071324576331684,1.1902283316032372,1.0722480802433918,0.05262106923443852,0.2570971983294543,-0.08953271945578778,-1.0462126424119826,3.2065609375326845,-2.727750546426631,0,0,0,0,0.5168876575700495,-0.8016612052122661,-1.0361493626692362,0.7445692655560983,-3.9442501202587823,-0.12436009027573384,0,0,0,0,0,0,0,0,0,0,0,0,0,0,0,0,0,0,-0.5878539515199722,0.13999434723090012,0.009820217645507754,0.1840245544809251,-0.6985647603221157,0.06931995210806641,-0.013579089927498442,0,0,2.0433641180519526,1.1512934519201532,0.0029991158407824763,-0.35058148714026816,0.5165774027718762,-0.09359856902441163,-0.7069329298969418,0.3420450842104793,-1.6558457793318166,-0.24341740589585625,-0.16632016962353002,0.3926510387501613,-0.2743127951467831,-0.12087037591850096,0.18726331019541104,-0.015974584418453616,-0.16425201641100468,0.19180666012951453,-0.1392976658755175,-0.013663206882251184,0.12241250435973065,0.33615863936742413,-0.02537899066428095,-0.04289446026504594,-0.09126335824293343,-0.2668497162272307,0.02854372558529095,0.3146454036611152,0.637796741316146,-0.19502472533311102,-0.17006237483238312,0.09166389292307149,0,0,0,0,0.09001121684558953,0.015654479194618626,0.09001121684559084,-0.09001121684558946,0,0,0],"bias":0.8825963243854317,"scaler":{"mu":[104.17948717948718,1234.957264957265,389.64957264957263,845.3076923076923,5.854700854700854,100.45299145299145,1207.5470085470085,393.8034188034188,813.7435897435897,4.111111111111111,1.7264957264957266,1.794871794871795,1,0,0,0,30.538380579934106,5.267626131063989,0.2727103281975597,-0.2382375928400008,1449.7854437805104,-0.34425346139351065,0,0,0,0,0,0,0,0,0,0,0,0,0,0,0,0,0,0,295.74786324786317,294.79601139601124,294.98290598290595,295.3310541310541,0.7649572649572622,-0.5350427350427353,7.245011017362148,0,0,-0.016836432484474466,-0.011092332896927511,-0.013960388234145766,-0.030239497892461602,0.43666169961358353,0.43989624478056355,0.43853043335042863,0.4305379697649285,-0.01982580493721964,-0.016818257197657588,-0.017079752970593394,-0.03287315785816473,0.4346828120872813,0.43876676124640557,0.43625396329717736,0.42832620144355277,0.8376603896531654,0.8368930858133856,0.837023012943278,0.8468919971434136,0.5830372602687095,0.5869114008769537,0.5837451448622196,0.5835249709442462,0.2146652593876882,0.21369616018589313,0.21517453528147998,0.21443294171700197,8.343216189010727,8.348110514223976,8.339326259559922,8.287678720960328,0,0,0,0,0.1623931623931624,0.7435897435897436,65.8119658119658,4.188034188034188,0,0,0],"sd":[66.56204808966488,768.4664203459753,250.01389076757403,558.145348553375,4.395539614228914,60.43764827206669,715.7315962535583,249.00369816071708,497.32915984098446,2.9461775257603446,1.3437028290201587,1.4234811160802052,1,1,1,1,871.1164330949018,843.4930559114968,5.1580636685829235,3.883495414101534,2.3177970917379533,3.2940131761264295,1,1,1,1,1,1,1,1,1,1,1,1,1,1,1,1,1,1,130.30152885273532,128.4545318039661,127.33512212279928,125.8802335364258,80.53925609885148,73.62461802817039,3.1891583143062086,1,1,0.09262144676962081,0.10189259626828014,0.09472824108460783,0.10075101600943591,0.041272887603572596,0.043939109864325254,0.0424501693565125,0.04489092566527221,0.08839928582388934,0.1024661696770035,0.08925158214822573,0.0964286938006802,0.03898684787210482,0.04736856196103442,0.040039375500543595,0.04279067177281872,0.12029113764543006,0.1238308836532584,0.12189336825462059,0.10337370351234798,0.09577714494780838,0.10062878752725583,0.09677026434204354,0.10186361949780323,0.07130649838338043,0.07483046481592086,0.07171866491868185,0.07857629205412521,1.210098938902206,1.445024561516355,1.2314476372729406,1.281640745861259,1,1,1,1,0.3688110941947251,0.43665093245965136,1.8440554709736237,1.8440554709736259,1,1,1]},"features":["off_1st_down_s2d","off_total_yds_s2d","off_rush_yds_s2d","off_pass_yds_s2d","off_turnovers_s2d","def_1st_down_s2d","def_total_yds_s2d","def_rush_yds_s2d","def_pass_yds_s2d","def_turnovers_s2d","wins_s2d","losses_s2d","home","sim_winrate_same_loc_s2d","sim_pointdiff_same_loc_s2d","sim_count_same_loc_s2d","off_total_yds_s2d_minus_opp","def_total_yds_s2d_minus_opp","off_turnovers_s2d_minus_opp","def_turnovers_s2d_minus_opp","elo_pre","elo_diff","rest_days","rest_diff","off_third_down_att_s2d","off_third_down_conv_s2d","off_third_down_pct_s2d","off_red_zone_att_s2d","off_red_zone_td_s2d","off_red_zone_td_pct_s2d","off_dropbacks_s2d","off_sacks_taken_s2d","off_sack_rate_s2d","off_pass_att_s2d","off_rush_att_s2d","off_neutral_pass_rate_s2d","off_third_down_pct_s2d_minus_opp","off_red_zone_td_pct_s2d_minus_opp","off_sack_rate_s2d_minus_opp","off_neutral_pass_rate_s2d_minus_opp","off_yds_for_3g","off_yds_for_5g","def_yds_against_3g","def_yds_against_5g","net_yds_3g","net_yds_5g","qb_ypa_3g","qb_sack_rate_3g","qb_qbr","off_epa_per_play_s2d","off_epa_per_play_w3","off_epa_per_play_w5","off_epa_per_play_exp","off_success_rate_s2d","off_success_rate_w3","off_success_rate_w5","off_success_rate_exp","def_epa_per_play_allowed_s2d","def_epa_per_play_allowed_w3","def_epa_per_play_allowed_w5","def_epa_per_play_allowed_exp","def_success_rate_allowed_s2d","def_success_rate_allowed_w3","def_success_rate_allowed_w5","def_success_rate_allowed_exp","rb_rush_share_s2d","rb_rush_share_w3","rb_rush_share_w5","rb_rush_share_exp","wr_target_share_s2d","wr_target_share_w3","wr_target_share_w5","wr_target_share_exp","te_target_share_s2d","te_target_share_w3","te_target_share_w5","te_target_share_exp","qb_aypa_s2d","qb_aypa_w3","qb_aypa_w5","qb_aypa_exp","qb_sack_rate_s2d","qb_sack_rate_w3","qb_sack_rate_w5","qb_sack_rate_exp","roof_dome","roof_outdoor","weather_temp_f","weather_wind_mph","weather_precip_pct","weather_impact_score","weather_extreme_flag"]},"decision_tree":{"params":{"depth":6,"minSamples":8},"alpha":2},"bt":{"coefficients":[0.070520763591758,-0.057564257038656357,0.028659556575837887,0.00012801483275379292,-0.013632693525393607,0.0037658433588844114,0.00449303029668124,0.004757334026625516,0.0007434870200991952,-0.0016724323212171195],"intercept":0.08420783333444296,"scaler":{"mu":[1.1849521207493392,26.395040795595502,-0.020456742451066674,0,-0.0008256408513471017,0,0,0,0,0],"sd":[53.99280001343976,521.3425505204569,15.007338682852078,1,0.10407841297538432,1,1,1,1,1]},"features":["diff_total_yards","diff_turnovers","diff_penalty_yards","diff_possession_seconds","diff_r_ratio","diff_elo_pre","diff_inj_out","diff_inj_skill_out","diff_inj_practice_dnp","diff_inj_out_trend"],"hyperparams":{"steps":1200,"learningRate":0.001,"l2":0.00001}},"ann":{"seeds":[1],"architecture":[92,128,64,32,1],"committee_size":1,"max_epochs":15,"dropout":0.5},"ensemble":{"weights":{"logistic":0.9,"tree":0,"bt":0,"ann":0.09999999999999998},"calibration":{"type":"platt","beta":0.07609229008622208,"source":"platt"},"calibration_beta":0.07609229008622208,"calibration_hash":"f31f8355ff5955a6b1d38ab92ca0ffa885116a1c57530f6dc4d14c07e8d9aaa4","oof_variance":{"ann":{"mean":0.5480594519115948,"var":0.011626906322612034}}},"pca":[{"component":1,"explained_variance":0.22460547812883896,"top_loadings":[{"feature":"off_1st_down_s2d","loading":0.2280033310533461},{"feature":"def_total_yds_s2d","loading":0.2259556536683106},{"feature":"off_total_yds_s2d","loading":0.22569181885084685},{"feature":"def_1st_down_s2d","loading":0.2243901104249872},{"feature":"def_pass_yds_s2d","loading":0.21963000121773174},{"feature":"off_pass_yds_s2d","loading":0.2184398021791521},{"feature":"def_rush_yds_s2d","loading":0.2108209520131887},{"feature":"off_rush_yds_s2d","loading":0.20605024964937277},{"feature":"off_yds_for_5g","loading":0.18283310225471447},{"feature":"off_yds_for_3g","loading":0.17874694077433279}]},{"component":2,"explained_variance":0.15611370458012933,"top_loadings":[{"feature":"off_epa_per_play_exp",