{"season":2020,"week":7,"generated_at":"2025-11-07T00:44:48.415Z","feature_hash":"da28b54fdf8fda38b7f8be79a0e604f053d025c6","logistic":{"weights":[-0.6783478926437605,-0.5392344926807583,-0.014121850136126579,-0.6655811440233679,1.1352641797788252,0.8189242665077275,0.2811238804113666,-0.12294629131235171,0.4257770924866836,-1.095766426902209,3.340405696253669,-2.805065283457204,0,0,0,0,0.7062191527647546,-0.7752223616434228,-1.1780615114310327,0.5611719590088703,-3.510760481119451,0.3056961493607521,0,0,0,0,0,0,0,0,0,0,0,0,0,0,0,0,0,0,-0.2263706966122573,-0.004960837576981273,0.3069409092996742,0.06905620628908607,-0.5059213110979555,0.06040764586980021,-0.22667829269478168,0,0,2.149880610833648,1.0895760699149857,-0.14156089406357852,-0.11475737513486005,0.21804003563888433,0.058590250628663534,-0.2692260983648331,-0.15716420765167607,-1.9699665611859154,-1.1035742716956942,0.21932807295401077,0.7721674400165083,-0.4159188274275228,0.7766133424103826,-0.1498683841116573,-0.06307900100803893,-0.32346089011296514,0.6211234021293904,-0.40631631870330737,0.4285029077394396,0.05335312355410365,-0.0034136007390229398,-0.008861054466354096,-0.035504564170561276,-0.38390347729352264,0.5133730214651607,0.021110944363402273,-0.5242253629779815,-0.20342412250579642,0.024027339093300504,-0.39079044068558305,0.43250333707880545,0,0,0,0,-0.09063051616340786,0.2545485888175675,-0.09063051616340655,0.09063051616340823,0,0,0,0.20834860396991037,-0.0024475960208472053,-0.1594654522897602,-0.24599872699085618,-0.33516434191040206,-0.03638274644072058,0.3160235957748452,0.4301565024896454,0,0.051139258199845376,0.0589502705904731,0.007453226576624952,0.2131544895265904,-0.3318225617276293,-0.8866284284818393,0.2755152306619005,0.2218715671534915,-0.40666534329261883,0.02544309433369869,0.1525515285231478,0.1369485831487104,-0.034079095337496736,0.11324380943365217,-0.1702962694114379,-0.15067215366784967,-0.48406353296051646,-0.3910268017817,-0.1297445032715104,-0.9926526192492818,0.11142871937095446,-0.42263246111468944,0.7226435400476878,0.1659777909014793,0.5254063186818871,0.18366410675506223,-0.07570175146868595,-0.02064067536400101,0.17751082493735224,-0.0009424485023576829,-0.2150599770031396,-0.10237289594820233],"bias":0.4121985661059918,"scaler":{"mu":[109.11111111111111,1215.9222222222222,374.26666666666665,841.6555555555556,3.922222222222222,107.9,1209.9,379.72222222222223,830.1777777777778,2.922222222222222,1.5666666666666667,1.6111111111111112,1,0,0,0,-12.262788924898606,-27.640209284796562,0.02197544221529215,0.0004959202260510695,1450.0556539933698,0.19414495787214542,0,0,0,0,0,0,0,0,0,0,0,0,0,0,0,0,0,0,318.53888888888895,316.8548148148148,311.8018518518519,310.9101851851852,6.737037037037039,5.944629629629629,6.484499888581265,0,0,0.03799700282727949,0.04002395939848481,0.03876703107176874,0.029098213071263857,0.44961304101639465,0.4488411253708828,0.44934847215667456,0.44763696956525184,0.034676426554024205,0.03746019705927354,0.03434007915560621,0.02840147357824667,0.4453517113285227,0.44418659968904084,0.4451681735750568,0.4455991458270922,0.8138240396582117,0.8118602136995205,0.8138083586747412,0.8168983391187603,0.5769364447146968,0.5741253394367288,0.5767029283114152,0.5843436962337409,0.2154358305153116,0.21722867280490518,0.21609086583674827,0.2103100039143385,7.713169784943216,7.797862967760861,7.716561045676076,7.610873126816991,0,0,0,0,0.15555555555555556,0.6777777777777778,65.77777777777777,4.222222222222222,0,0,0,0.15555555555555556,-0.5888888888888889,-0.7466666666666666,-0.26666666666666666,-0.22888888888888886,0.08888888888888889,0.022222222222222223,-0.044444444444444446,0,0.06034444444444446,0.45555555555555555,0.3333333333333333,0.4122222222222222,-0.044444444444444446,2.5966666666666653,1.5933333333333337,1.8888888888888888,-1.4333333333333333,-0.14444444444444443,-0.07777777777777778,0.011111111111111112,0,-0.06666666666666667,-0.03333333333333333,0,0.011566666666666666,0.23333333333333334,0.003899999999999999,-0.36666666666666664,-0.03608888888888889,-0.26666666666666666,-0.3888888888888889,0.06666666666666667,-0.6111111111111112,-0.8111111111111111,-0.02086666666666668,0,0.011111111111111112,0.045377777777777774,-0.022222222222222223,-1.2877777777777788],"sd":[60.02378129531373,663.1737702187662,201.39859869312784,489.7553393982916,3.0703882410238093,58.50471016175631,658.2853493061434,232.08762845949073,453.7440437999716,2.3908519066446114,1.2914247085207011,1.4884327659539853,1,1,1,1,491.0485036017099,504.9653426199824,3.3256260684142416,2.9455906902100257,2.3592600109380566,3.0125451466054938,1,1,1,1,1,1,1,1,1,1,1,1,1,1,1,1,1,1,156.90108948862033,155.26965652076652,153.434569829595,152.5405347402932,67.08283058370513,63.51627432300457,3.3262124335285024,1,1,0.09289993137262692,0.09690354537825717,0.09336485765810812,0.1040938888523543,0.04446322224560491,0.045980347940251506,0.04444360553813185,0.0498352216675745,0.09450303303572923,0.09861113425069888,0.09639469483457057,0.10373368009588951,0.04187643513663818,0.04281872791474599,0.04238996802307865,0.04815807236923832,0.08090623733581064,0.08325995704531709,0.08103870929832267,0.08347915965317905,0.09512511894873314,0.09625492586578847,0.09493611665284793,0.10165619129553796,0.0750919927568053,0.07814357937586364,0.07479542365843138,0.08018547923946015,1.4253940947930668,1.4932258835700818,1.4215632677274417,1.6396205361299374,1,1,1,1,0.3624334762288912,0.4673275743291801,1.812167381144454,1.8121673811444554,1,1,1,1.7758322688006263,9.990989767946413,6.891431072152012,7.106804251326094,3.4125664647803133,0.4629481479111036,0.2973130702279919,1.0531551654286915,1,0.5460005323788839,11.107716148006816,11.06822278216135,7.961530112258266,0.391893157523298,41.82723049774047,12.578224569999268,10.991354627306404,8.590757307194231,2.6522992587611007,0.5421721288335939,0.31603250340728656,0.2581988897471611,0.6289320754704407,2.3591429705627336,0.8944271909999159,0.22321225822571264,1.856220772310114,0.1536196638165541,4.113527818200711,0.15917911954388186,1.913693345920977,8.586416202926372,3.217314269870307,3.237606950423738,6.160617653818747,0.16830614962026788,0.3333333333333333,0.5054029073575188,0.3883259392079398,0.42105100714436455,38.45807768864914]},