{"season":2017,"week":6,"generated_at":"2025-11-07T00:37:50.475Z","feature_hash":"41c5c1fa38a0bfe58bb14c4be0f8910a79bf3ea7","logistic":{"weights":[-0.3230248863277116,-0.5822251626675331,-0.19577037618133178,-0.6630992265107288,1.8634870145255287,0.6825474205337062,0.03578356657637993,-0.08068361812120348,0.03181443292105364,-1.384307717846421,2.862056802943585,-2.266648846910295,0,0,0,0,1.063026873573913,-0.7570219090876148,-1.827767087605334,0.8262778465487947,-3.2459373393761073,-0.21722962896489836,0,0,0,0,0,0,0,0,0,0,0,0,0,0,0,0,0,0,-0.47548526299958305,-0.16017081248197407,0.00318669254567075,0.0028126614587552054,-0.5236590246143817,-0.05970941017865864,0.1390036638591962,0,0,1.6507945989358437,1.0138226512505633,-0.029684191298554954,-0.3568987132710073,0.03890567171945136,0.05754087287997026,0.07519415881055143,-0.04386706907169672,-2.1520324687439123,-0.975696213656168,0.3859283715867268,0.34911690299851555,-0.14561291854664307,0.2811317304310653,-0.19360033781563316,0.057988022663897354,-0.18199095268989543,0.46297155840540394,-0.3990941729800228,0.499030671921048,0.048187083282310056,0.25679250840509066,0.19089573576379962,-0.1365350588044517,0.19201501461239553,0.4999126685931828,0.2709653386469251,-0.08449923268772967,-0.23144348214691082,-0.775493366611462,-0.21961036589574887,0.16129428101945356,0,0,0,0,-0.03174005312139825,0.031587869959637076,-0.031740053121397174,0.03174005312139858,0,0,0],"bias":0.7393700303147427,"scaler":{"mu":[87.12987012987013,1015.3376623376623,301.5194805194805,713.8181818181819,3.6233766233766236,85.98701298701299,998.9090909090909,296.7012987012987,702.2077922077922,2.935064935064935,1.4155844155844155,1.4935064935064934,1,0,0,0,11.061390420818867,-32.86853591392271,0.25481017723682725,-0.10737294630340484,1449.885726440808,-0.16320784416139852,0,0,0,0,0,0,0,0,0,0,0,0,0,0,0,0,0,0,267.90909090909093,266.9534632034632,274.12337662337654,272.4480519480519,-6.214285714285713,-5.494588744588745,6.524587177954614,0,0,-0.029857713287803168,-0.02572762692022203,-0.029857713287803168,-0.04050004377107652,0.4145967260072945,0.41588971958382775,0.4145967260072945,0.409355538863886,-0.026629556359513126,-0.020550857561257116,-0.026629556359513126,-0.043821656657040804,0.4165745259001842,0.4174684461342015,0.4165745259001842,0.41186993366919333,0.8276606570060419,0.8270161917538427,0.8276606570060419,0.8305173533598482,0.5881347449508554,0.5863578249407156,0.5881347449508554,0.5871867351648032,0.2085658572990094,0.21095590599089703,0.2085658572990094,0.20181486093091217,8.338310758234485,8.367929833111374,8.338310758234485,8.31817559200839,0,0,0,0,0.09090909090909091,0.7792207792207793,65.45454545454545,4.545454545454546,0,0,0],"sd":[42.4561961119319,502.101237020894,168.84301556837835,362.5190268995914,2.842346575096012,43.14592981856947,504.3245754965971,174.2453163159734,364.2337032574445,2.456571691667662,1.0237523207800705,1.1801758247102685,1,1,1,1,242.2685968109018,227.2282836096269,3.1138375464645875,2.9418040089754296,1.7407861600958197,2.1385357338235855,1,1,1,1,1,1,1,1,1,1,1,1,1,1,1,1,1,1,147.58749097776865,146.81897007395264,149.09111463676993,147.77966860958256,62.87771783816563,61.348118891271106,3.6808713934484114,1,1,0.11743877201511269,0.12496781119939855,0.11743877201511269,0.13116190972700545,0.0435237400816675,0.0460963542187767,0.0435237400816675,0.0460342098067261,0.10296470637599907,0.10561977458136215,0.10296470637599907,0.12460373258357914,0.04003747784267551,0.04049380962913184,0.04003747784267551,0.04547139458342455,0.1640572674270298,0.16079634442933743,0.1640572674270298,0.16739452231229476,0.10122818598106635,0.10221779282394965,0.10122818598106635,0.10844712653181919,0.07165101297209801,0.07429688178165396,0.07165101297209801,0.07634591444969623,1.7234923673742297,1.7307769948171825,1.7234923673742297,2.007220466229009,1,1,1,1,0.2874797872880343,0.4147719330563976,1.4373989364401716,1.4373989364401718,1,1,1]},"features":["off_1st_down_s2d","off_total_yds_s2d","off_rush_yds_s2d","off_pass_yds_s2d","off_turnovers_s2d","def_1st_down_s2d","def_total_yds_s2d","def_rush_yds_s2d","def_pass_yds_s2d","def_turnovers_s2d","wins_s2d","losses_s2d","home","sim_winrate_same_loc_s2d","sim_pointdiff_same_loc_s2d","sim_count_same_loc_s2d","off_total_yds_s2d_minus_opp","def_total_yds_s2d_minus_opp","off_turnovers_s2d_minus_opp","def_turnovers_s2d_minus_opp","elo_pre","elo_diff","rest_days","rest_diff","off_third_down_att_s2d","off_third_down_conv_s2d","off_third_down_pct_s2d","off_red_zone_att_s2d","off_red_zone_td_s2d","off_red_zone_td_pct_s2d","off_dropbacks_s2d","off_sacks_taken_s2d","off_sack_rate_s2d","off_pass_att_s2d","off_rush_att_s2d","off_neutral_pass_rate_s2d","off_third_down_pct_s2d_minus_opp","off_red_zone_td_pct_s2d_minus_opp","off_sack_rate_s2d_minus_opp","off_neutral_pass_rate_s2d_minus_opp","off_yds_for_3g","off_yds_for_5g","def_yds_against_3g","def_yds_against_5g","net_yds_3g","net_yds_5g","qb_ypa_3g","qb_sack_rate_3g","qb_qbr","off_epa_per_play_s2d","off_epa_per_play_w3","off_epa_per_play_w5","off_epa_per_play_exp","off_success_rate_s2d","off_success_rate_w3","off_success_rate_w5","off_success_rate_exp","def_epa_per_play_allowed_s2d","def_epa_per_play_allowed_w3","def_epa_per_play_allowed_w5","def_epa_per_play_allowed_exp","def_success_rate_allowed_s2d","def_success_rate_allowed_w3","def_success_rate_allowed_w5","def_success_rate_allowed_exp","rb_rush_share_s2d","rb_rush_share_w3","rb_rush_share_w5","rb_rush_share_exp","wr_target_share_s2d","wr_target_share_w3","wr_target_share_w5","wr_target_share_exp","te_target_share_s2d","te_target_share_w3","te_target_share_w5","te_target_share_exp","qb_aypa_s2d","qb_aypa_w3","qb_aypa_w5","qb_aypa_exp","qb_sack_rate_s2d","qb_sack_rate_w3","qb_sack_rate_w5","qb_sack_rate_exp","roof_dome","roof_outdoor","weather_temp_f","weather_wind_mph","weather_precip_pct","weather_impact_score","weather_extreme_flag"]},"decision_tree":{"params":{"depth":6,"minSamples":8},"alpha":6},"bt":{"coefficients":[0.05887539711980471,-0.12573236032414872,0.06336316981900975,-0.0016511705541902477,0.022040401511551302,0.0019724088382250746,-0.004429220357842216,0.0006070424200211993,-0.0016770342470247052,0.002264097448705809],"intercept":0.006752654570513868,"scaler":{"mu":[-3.9653160865622166,31.924430394167242,-0.5386834398831295,0,0.008900427894605586,0,0,0,0,0],"sd":[47.84847924364569,542.3983788433432,13.420116169195245,1,0.07222578612659811,1,1,1,1,1]},"features":["diff_total_yards","diff_turnovers","diff_penalty_yards","diff_possession_seconds","diff_r_ratio","diff_elo_pre","diff_inj_out","diff_inj_skill_out","diff_inj_practice_dnp","diff_inj_out_trend"],"hyperparams":{"steps":1200,"learningRate":0.001,"l2":0.00001}},"ann":{"seeds":[1],"architecture":[92,128,64,32,1],"committee_size":1,"max_epochs":15,"dropout":0.5},"ensemble":{"weights":{"logistic":0.9,"tree":0,"bt":0,"ann":0.09999999999999998},"calibration":{"type":"platt","beta":-0.2638508566894181,"source":"platt"},"calibration_beta":-0.2638508566894181,"calibration_hash":"ae350618ead856c73e3ce43e944a09e68f316adb4a033fe4c94639dee47b1c13","oof_variance":{"ann":{"mean":0.5105282326286333,"var":0.00839343720890379}}},"pca":[{"component":1,"explained_variance":0.21961404339672355,"top_loadings":[{"feature":"off_total_yds_s2d","loading":-0.24310118969040762},{"feature":"def_1st_down_s2d","loading":-0.24172928483192963},{"feature":"def_total_yds_s2d","loading":-0.24142199603006548},{"feature":"off_pass_yds_s2d","loading":-0.23969418370667994},{"feature":"off_1st_down_s2d","loading":-0.237900444980784},{"feature":"def_pass_yds_s2d","loading":-0.23754521161051292},{"feature":"off_yds_for_3g","loading":-0.2253500482603166},{"feature":"off_yds_for_5g","loading":-0.22468643101215569},{"feature":"def_yds_against_3g","loading":-0.22109298116883744},{"feature":"def_yds_against_5g","loading":-0.21878201716848614}]},{"component":2,"explained_variance":0.1512005676219464,"top_loadings":[{"feature":"off_epa_per_play_s2d",