{"season":2004,"week":19,"generated_at":"2025-11-07T00:14:31.272Z","feature_hash":"903f3b6a81cd8b2f500ad43f8378fc705895372c","logistic":{"weights":[-0.47230023531446713,-0.22271378793271546,-0.5626373032041259,-0.038863324706280594,1.2808863396475834,0.7476914187478261,-0.07250117641820186,-0.202361273441745,0.01615257005536049,-0.435724795126853,2.7632610589472466,-2.6312762010626822,0,0,0,0,1.2316061920369417,-0.9161519976208432,-0.773916003700423,0.4395591754957183,-3.302509139523927,0.26398503257660483,0,0,0,0,0,0,0,0,0,0,0,0,0,0,0,0,0,0,0.05556885043741462,0.326614285510331,0.40029522856460564,0.29504078181951454,-0.4176026231790953,0.035638489407001914,-1.1962689978512384,0,0,0.910507158794412,1.0504818946529928,0.660166072435521,0.011140549316979465,0.04442898844683857,0.42102575059639824,-0.40087219034528043,-0.3611040752044846,-1.081182170181988,-0.15681153625434746,-0.6543851334169314,0.410191782034985,-0.23634723432118815,-0.36984379251439325,0.14932170514883017,0.12025903159135756,-0.46459925050239087,0.21580864010479303,-0.13816699167383797,0.17027686647004386,0.0030883021939203,-0.49299708144726834,-0.30330773935068384,0.19177711201705638,0.09505931370241721,0.19169611564577796,-0.21393382242635814,-0.12543359586011688,0.22717135472704716,0.345544382416359,-0.21267169390360138,0.3535945524019482,0,0,0,0,0.0632565316053704,-0.16687100206724728,0.06325653160537117,-0.0632565316053705,0,0,0],"bias":0.7683417073561373,"scaler":{"mu":[147.81923076923076,1793.5423076923078,615.6576923076923,1177.8846153846155,8.488461538461538,147.69230769230768,1803.0884615384616,618.4230769230769,1184.6653846153847,6.530769230769231,2.5923076923076924,2.669230769230769,1,0,0,0,-28.484414733835568,-28.84834260859707,-0.2867256858984126,0.0877920873141199,1449.9874823551409,-0.14522549810606314,0,0,0,0,0,0,0,0,0,0,0,0,0,0,0,0,0,0,320.79807692307685,319.4746153846152,324.6435897435897,322.6705769230769,-3.8455128205128215,-3.1959615384615367,6.694603825777279,0,0,0.009616313864446056,0.009761415102091133,0.011207202492174986,0.009891428688141938,0.45403984349300647,0.45457627962467156,0.45565511739560094,0.45163124544594874,0.009002932591479109,0.010428431924513603,0.00976547325376879,0.009213598596892617,0.4527777957066052,0.4547266456906327,0.45389369081903447,0.45086739911951873,0.8483635014884928,0.8541980472506563,0.8510429488404556,0.8530716408976913,0.011538461538461539,0.0038461538461538464,0.007692307692307693,0.001730769230769231,0.023076923076923078,0.0038461538461538464,0.011538461538461539,0.003461538461538462,7.086862209779376,7.085917817575992,7.117367454683253,7.140058025994032,0,0,0,0,0.18846153846153846,0.8,65.9423076923077,4.0576923076923075,0,0,0],"sd":[100.78500544468513,1197.2546874711318,422.23453441921714,807.330807562945,6.182159625336124,97.64278272228562,1177.9448220154534,420.75932944334045,784.3104612148214,5.368982802296999,2.229853923625954,2.1693262390338957,1,1,1,1,1145.2508810840045,1073.4259382864473,6.136989676298181,5.7232421561972355,4.623188733705602,6.407180792057025,1,1,1,1,1,1,1,1,1,1,1,1,1,1,1,1,1,1,100.64935502645784,96.97423792654034,99.80544376038694,95.05246962338622,67.07132287095648,57.39646596500539,2.1828598141490443,1,1,0.09322067368927912,0.10769249334579131,0.0985066177522755,0.0991102033741522,0.04134239144603188,0.04766779482708863,0.04499035319530485,0.043847138057834883,0.0732087686917502,0.09850118854454315,0.08526863613968695,0.0800495130194949,0.03293676104835775,0.0434183162389658,0.038299152289028006,0.037116359174714446,0.07372619742362534,0.0833580414906464,0.07814331862760236,0.07219616592177926,0.10679571828396019,0.06189798822858115,0.08736782070461968,0.016019357742594033,0.1501478561226396,0.061897988228581155,0.10679571828396019,0.022522178418395926,1.0101665501618526,1.3378978773110806,1.1691038964005827,1.1246470558160153,1,1,1,1,0.39108028201668316,0.39999999999999936,1.9554014100834212,1.9554014100834214,1,1,1]},"features":["off_1st_down_s2d","off_total_yds_s2d","off_rush_yds_s2d","off_pass_yds_s2d","off_turnovers_s2d","def_1st_down_s2d","def_total_yds_s2d","def_rush_yds_s2d","def_pass_yds_s2d","def_turnovers_s2d","wins_s2d","losses_s2d","home","sim_winrate_same_loc_s2d","sim_pointdiff_same_loc_s2d","sim_count_same_loc_s2d","off_total_yds_s2d_minus_opp","def_total_yds_s2d_minus_opp","off_turnovers_s2d_minus_opp","def_turnovers_s2d_minus_opp","elo_pre","elo_diff","rest_days","rest_diff","off_third_down_att_s2d","off_third_down_conv_s2d","off_third_down_pct_s2d","off_red_zone_att_s2d","off_red_zone_td_s2d","off_red_zone_td_pct_s2d","off_dropbacks_s2d","off_sacks_taken_s2d","off_sack_rate_s2d","off_pass_att_s2d","off_rush_att_s2d","off_neutral_pass_rate_s2d","off_third_down_pct_s2d_minus_opp","off_red_zone_td_pct_s2d_minus_opp","off_sack_rate_s2d_minus_opp","off_neutral_pass_rate_s2d_minus_opp","off_yds_for_3g","off_yds_for_5g","def_yds_against_3g","def_yds_against_5g","net_yds_3g","net_yds_5g","qb_ypa_3g","qb_sack_rate_3g","qb_qbr","off_epa_per_play_s2d","off_epa_per_play_w3","off_epa_per_play_w5","off_epa_per_play_exp","off_success_rate_s2d","off_success_rate_w3","off_success_rate_w5","off_success_rate_exp","def_epa_per_play_allowed_s2d","def_epa_per_play_allowed_w3","def_epa_per_play_allowed_w5","def_epa_per_play_allowed_exp","def_success_rate_allowed_s2d","def_success_rate_allowed_w3","def_success_rate_allowed_w5","def_success_rate_allowed_exp","rb_rush_share_s2d","rb_rush_share_w3","rb_rush_share_w5","rb_rush_share_exp","wr_target_share_s2d","wr_target_share_w3","wr_target_share_w5","wr_target_share_exp","te_target_share_s2d","te_target_share_w3","te_target_share_w5","te_target_share_exp","qb_aypa_s2d","qb_aypa_w3","qb_aypa_w5","qb_aypa_exp","qb_sack_rate_s2d","qb_sack_rate_w3","qb_sack_rate_w5","qb_sack_rate_exp","roof_dome","roof_outdoor","weather_temp_f","weather_wind_mph","weather_precip_pct","weather_impact_score","weather_extreme_flag"]},"decision_tree":{"params":{"depth":6,"minSamples":14},"alpha":2},"bt":{"coefficients":[0.18625817446486473,-0.2675194317611553,-0.05759266457388796,-0.004264329042630497,0.13590639692391243,-0.003296701929780166,0.0017355685363086451,-0.0022267699224293542,-0.0027256034290614605,-0.004413078158973441],"intercept":-0.10447664995570762,"scaler":{"mu":[-1.487111790857919,-0.33973254428748917,0.6743546689312655,0,-0.00018712863549501097,0,0,0,0,0],"sd":[60.48270744720918,485.78694106769507,13.361808412793037,1,0.08668396484166498,1,1,1,1,1]},"features":["diff_total_yards","diff_turnovers","diff_penalty_yards","diff_possession_seconds","diff_r_ratio","diff_elo_pre","diff_inj_out","diff_inj_skill_out","diff_inj_practice_dnp","diff_inj_out_trend"],"hyperparams":{"steps":1200,"learningRate":0.001,"l2":0.00001}},"ann":{"seeds":[1],"architecture":[92,128,64,32,1],"committee_size":1,"max_epochs":15,"dropout":0.5},"ensemble":{"weights":{"logistic":0.9,"tree":0,"bt":0,"ann":0.09999999999999998},"calibration":{"type":"platt","beta":-0.02873301225291046,"source":"platt"},"calibration_beta":-0.02873301225291046,"calibration_hash":"7aea7bd80954f038c1a3268af2d250782b9df60171772dcde1d2281e1c6d0e11","oof_variance":{"ann":{"mean":0.5494443022187183,"var":0.011998973277640329}}},"pca":[{"component":1,"explained_variance":0.2512321931401856,"top_loadings":[{"feature":"off_epa_per_play_s2d","loading":0.20888930463259003},{"feature":"off_epa_per_play_w5","loading":0.20327585093078687},{"feature":"off_epa_per_play_exp","loading":0.20286100073124153},{"feature":"off_success_rate_s2d","loading":0.19849550058029225},{"feature":"off_success_rate_w5","loading":0.19760837622205607},{"feature":"off_success_rate_exp","loading":0.19752414347839348},{"feature":"off_epa_per_play_w3","loading":0.19195226570870116},{"feature":"off_success_rate_w3","loading":0.1879110574829602},{"feature":"qb_aypa_exp","loading":0.18639928754549062},{"feature":"qb_aypa_w5","loading":0.18319948286918503}]},{"component":2,"explained_variance":0.16892656144226775,