{"season":2006,"week":13,"generated_at":"2025-11-07T00:17:48.866Z","feature_hash":"42dfc7bebaf7feb7fb84cd1a61b6b1353bc6ef6b","logistic":{"weights":[-0.5297742618923738,-0.3225096942580244,-0.490145916832944,-0.20019602537328623,1.2610183820970384,0.8681666411842135,0.0713246819044095,0.3271724497658288,-0.09564940585163298,-0.8662433840514879,2.884530834877082,-2.7973707698939387,0,0,0,0,0.8439324703273816,-0.8204601423791067,-1.033047026276295,0.45840912849507204,-3.7680857694416763,0.5032475385879729,0,0,0,0,0,0,0,0,0,0,0,0,0,0,0,0,0,0,0.15536996456631574,0.49846625621498925,0.5944140084039571,0.4148079075866074,-0.5321127447748425,0.1978698524898541,-1.3532977264129058,0,0,0.9090545935425468,0.7918412620453064,0.8134126624684843,-0.16147328723753726,0.07511646240222117,0.32556377280797366,0.21346107313017418,-0.016033574850385264,-1.4394932606615771,-0.5657060948967071,-0.03785974237317179,0.07173262092569879,-0.493924773830256,-0.36742395226588964,0.7455612700595455,0.003600701953898515,-0.3399264730025286,-0.17978997697316185,-0.17573918650642492,0.28950260959278906,-0.14693184164463496,-0.23499214378820676,-0.06551654787772968,0.03644424103586989,0.045480486195204575,0.13138546250723326,-0.31139921730129055,-0.16880421914743896,0.31586918144920684,0.19321139756344927,0.030965521189090715,0.15733743602565708,0,0,0,0,0.035309807196432924,-0.27645078315253896,0.03530980719643395,-0.03530980719643288,0,0,0],"bias":0.9487066387530495,"scaler":{"mu":[101.16477272727273,1204.784090909091,413.39772727272725,791.3863636363636,5.306818181818182,99.30681818181819,1178.6931818181818,388.96590909090907,789.7272727272727,4.1875,1.9829545454545454,1.5681818181818181,1,0,0,0,-14.65199927087811,-38.05653661890944,-0.5139721136832605,0.07015473426554396,1450.09176968015,0.09821142831508599,0,0,0,0,0,0,0,0,0,0,0,0,0,0,0,0,0,0,301.34753787878793,302.6616477272728,302.6212121212122,302.58787878787876,-1.2736742424242444,0.07376893939394046,7.747620396644066,0,0,-0.0358020083482934,-0.03720619504989381,-0.031724245374283304,-0.04501126090511573,0.4361594184999377,0.43823551748687245,0.4382838921439388,0.43435438269049326,-0.03679455389188582,-0.029915158643103748,-0.033838546773086814,-0.04461236881109901,0.43566819532807133,0.4378859454727659,0.43759345874654404,0.43380683772128903,0.8634117093417992,0.8580781739331087,0.862189005084236,0.8653274617926731,0.023613147605083092,0.006771342456826327,0.008507453567937438,0.003541972140762464,0.013776881720430107,0.004470104268491365,0.006521871945259042,0.0020665322580645166,8.498031141371413,8.48784809474845,8.50956585252171,8.492655370763371,0,0,0,0,0.19318181818181818,0.7670454545454546,65.9659090909091,4.034090909090909,0,0,0],"sd":[62.49828277599592,729.1583480733678,269.13392407079374,496.68618755201834,3.920685105209914,59.355795067186584,696.7915978702694,242.54905543488593,479.7992887010323,3.1049927719137065,1.516853920493236,1.3841263616895556,1,1,1,1,829.6055843233864,782.4761536434996,5.230210151729647,3.4875676015358126,3.410176743696722,4.69351691252897,1,1,1,1,1,1,1,1,1,1,1,1,1,1,1,1,1,1,107.33471240173047,105.4007476080603,107.63801842119668,105.99505478885503,72.46900945193322,65.36929394821026,2.9263333311057353,1,1,0.08947804060970477,0.09903899748144634,0.09229993611090032,0.09890930465710875,0.03377671567304525,0.042351653777630505,0.03656613806049513,0.03601938438732649,0.08747850105782762,0.09823701975164667,0.09227608734639135,0.09318221644487525,0.035872589543676045,0.04051865508336184,0.03830924775834283,0.03633642193903563,0.06351618527608846,0.07407076549095984,0.06668005614421817,0.0678380735027959,0.10142860756957293,0.05413616085569517,0.05860611418369636,0.015214291135435903,0.06595674789378245,0.03854218450275231,0.04694532042967077,0.00989351218406737,1.4384155205582203,1.619937457199038,1.5143670895811618,1.4597942969354656,1,1,1,1,0.3947943810463678,0.42271352616945085,1.9739719052318427,1.9739719052318443,1,1,1]},"features":["off_1st_down_s2d","off_total_yds_s2d","off_rush_yds_s2d","off_pass_yds_s2d","off_turnovers_s2d","def_1st_down_s2d","def_total_yds_s2d","def_rush_yds_s2d","def_pass_yds_s2d","def_turnovers_s2d","wins_s2d","losses_s2d","home","sim_winrate_same_loc_s2d","sim_pointdiff_same_loc_s2d","sim_count_same_loc_s2d","off_total_yds_s2d_minus_opp","def_total_yds_s2d_minus_opp","off_turnovers_s2d_minus_opp","def_turnovers_s2d_minus_opp","elo_pre","elo_diff","rest_days","rest_diff","off_third_down_att_s2d","off_third_down_conv_s2d","off_third_down_pct_s2d","off_red_zone_att_s2d","off_red_zone_td_s2d","off_red_zone_td_pct_s2d","off_dropbacks_s2d","off_sacks_taken_s2d","off_sack_rate_s2d","off_pass_att_s2d","off_rush_att_s2d","off_neutral_pass_rate_s2d","off_third_down_pct_s2d_minus_opp","off_red_zone_td_pct_s2d_minus_opp","off_sack_rate_s2d_minus_opp","off_neutral_pass_rate_s2d_minus_opp","off_yds_for_3g","off_yds_for_5g","def_yds_against_3g","def_yds_against_5g","net_yds_3g","net_yds_5g","qb_ypa_3g","qb_sack_rate_3g","qb_qbr","off_epa_per_play_s2d","off_epa_per_play_w3","off_epa_per_play_w5","off_epa_per_play_exp","off_success_rate_s2d","off_success_rate_w3","off_success_rate_w5","off_success_rate_exp","def_epa_per_play_allowed_s2d","def_epa_per_play_allowed_w3","def_epa_per_play_allowed_w5","def_epa_per_play_allowed_exp","def_success_rate_allowed_s2d","def_success_rate_allowed_w3","def_success_rate_allowed_w5","def_success_rate_allowed_exp","rb_rush_share_s2d","rb_rush_share_w3","rb_rush_share_w5","rb_rush_share_exp","wr_target_share_s2d","wr_target_share_w3","wr_target_share_w5","wr_target_share_exp","te_target_share_s2d","te_target_share_w3","te_target_share_w5","te_target_share_exp","qb_aypa_s2d","qb_aypa_w3","qb_aypa_w5","qb_aypa_exp","qb_sack_rate_s2d","qb_sack_rate_w3","qb_sack_rate_w5","qb_sack_rate_exp","roof_dome","roof_outdoor","weather_temp_f","weather_wind_mph","weather_precip_pct","weather_impact_score","weather_extreme_flag"]},"decision_tree":{"params":{"depth":6,"minSamples":9},"alpha":2},"bt":{"coefficients":[0.14061222190784806,-0.019716403217188264,-0.07739573025311465,0.004542197735783576,-0.031080086291678594,-0.004297526880357157,-0.001954451246064167,-0.0022145894854186583,0.000731249894607713,-0.00004315669878575984],"intercept":0.1532875948929936,"scaler":{"mu":[-1.1447685054883223,0.864893535364703,0.0871734553071629,0,0.0018207215957983546,0,0,0,0,0],"sd":[53.73109657984996,610.2418530015383,13.340923782698688,1,0.10735940933642078,1,1,1,1,1]},"features":["diff_total_yards","diff_turnovers","diff_penalty_yards","diff_possession_seconds","diff_r_ratio","diff_elo_pre","diff_inj_out","diff_inj_skill_out","diff_inj_practice_dnp","diff_inj_out_trend"],"hyperparams":{"steps":1200,"learningRate":0.001,"l2":0.00001}},"ann":{"seeds":[1],"architecture":[92,128,64,32,1],"committee_size":1,"max_epochs":15,"dropout":0.5},"ensemble":{"weights":{"logistic":0.9,"tree":0,"bt":0,"ann":0.09999999999999998},"calibration":{"type":"platt","beta":0.12916347137702505,"source":"platt"},"calibration_beta":0.12916347137702505,"calibration_hash":"fca07cb68ddd95c1458333e2133b2222761771fcf3b0464750f4740d1193d5f3","oof_variance":{"ann":{"mean":0.534921141236718,"var":0.019033290937689996}}},"pca":[{"component":1,"explained_variance":0.21506582093918888,"top_loadings":[{"feature":"off_1st_down_s2d","loading":0.24774869435335764},{"feature":"off_total_yds_s2d","loading":0.24590000971977133},{"feature":"off_pass_yds_s2d","loading":0.24542781366512284},{"feature":"def_1st_down_s2d","loading":0.22743975481528061},{"feature":"def_total_yds_s2d","loading":0.22695511390808382},{"feature":"def_pass_yds_s2d","loading":0.22186813131043248},{"feature":"off_rush_yds_s2d","loading":0.21327463636593857},{"feature":"def_rush_yds_s2d","loading":0.2131042925893643},{"feature":"wins_s2d","loading":0.19813434683725328},{"feature":"off_yds_for_5g","loading":0.1843018547940046}]},{"component":2,"explained_variance":0.13506385123718212,"top_loadings":[{"feature":"losses_s2d",