{"season":2004,"week":18,"generated_at":"2025-11-07T00:14:26.502Z","feature_hash":"44b83448f10c661d10e539f7337742aedd33fc52","logistic":{"weights":[-0.4600593822026785,-0.21980068458618995,-0.6135727167311322,-0.007906388430961966,1.230129037180381,0.7462624572835295,-0.05044028629915652,-0.19051641296615496,0.04294494228480255,-0.3949245771083665,2.7715723556041563,-2.6438725380326664,0,0,0,0,1.1917179408060177,-0.9057626243478616,-0.8098192548083418,0.4815787606599092,-3.286748944700861,0.28999373297992287,0,0,0,0,0,0,0,0,0,0,0,0,0,0,0,0,0,0,0.06523686092807861,0.3294283356911541,0.39736132670304125,0.3117684002742515,-0.39864915429165565,0.012667709299233894,-1.2031858450422335,0,0,0.9201448542079631,1.0442385482203131,0.6783887913457588,0.020599710961912685,0.04658891572036305,0.4141752834563603,-0.3827214469678938,-0.3825953898569451,-1.0568547844657386,-0.16877724032214644,-0.6646792474256792,0.40539141097199105,-0.2053654249950125,-0.37759236336965457,0.14104898368481392,0.13707180898509944,-0.45690132040153375,0.21881866766058758,-0.14881319849585686,0.16680310839101858,0.00022132013358585158,-0.4925282452306684,-0.30570822471555364,0.18906869519261804,0.06379975132599218,0.18840137219575556,-0.21092850565641136,-0.15687845014786972,0.2145585625848578,0.3623522055684434,-0.2020059090839375,0.35882687854967293,0,0,0,0,0.04474952468616639,-0.17525895168277902,0.04474952468616718,-0.04474952468616652,0,0,0],"bias":0.7991945966401951,"scaler":{"mu":[144.5234375,1755.671875,604.91015625,1150.76171875,8.3828125,144.75,1766.90625,607.09765625,1159.80859375,6.43359375,2.52734375,2.6484375,1,0,0,0,-24.169509335700752,-30.537381936920163,-0.25494314241900107,0.12548637704014323,1449.8820666634251,-0.2160528754788107,0,0,0,0,0,0,0,0,0,0,0,0,0,0,0,0,0,0,320.33658854166663,318.7390624999998,323.70703125,321.6779296875,-3.370442708333335,-2.9388671874999983,6.6668712183517576,0,0,0.007967804910883686,0.007778513322049937,0.009944320296866035,0.00839029601121553,0.4533525597392513,0.4538120820922346,0.45499751553016077,0.45094963006663064,0.008301300446912808,0.008889714811459282,0.008890002219244773,0.008511765058098725,0.45236101279375396,0.4538862291031698,0.45340838745928747,0.45044620134332825,0.8479537147654113,0.8539143130204022,0.8504949132237739,0.8527132875350268,0.01171875,0.00390625,0.0078125,0.0017578125000000003,0.0234375,0.00390625,0.01171875,0.0035156250000000005,7.075167509727185,7.069876295571358,7.100479129152965,7.124090865808299,0,0,0,0,0.1875,0.80078125,65.9375,4.0625,0,0,0],"sd":[97.34775492112591,1160.602312711587,414.7258833667735,777.6063795412791,6.1353497936013195,94.84403315443728,1144.273469263767,409.89604512242715,761.907150729272,5.292562253763383,2.179277935311588,2.159969052693522,1,1,1,1,1126.807151457429,1052.6093870938705,6.17448296076621,5.622876263683942,4.563501799509161,6.430090915830575,1,1,1,1,1,1,1,1,1,1,1,1,1,1,1,1,1,1,101.1349402510193,97.4792972909447,100.25826620224875,95.44409922298168,66.81399598531908,57.622309687829585,2.1776829653535774,1,1,0.09275413244224134,0.1070429533806075,0.09869006698422392,0.09901766670343372,0.041154897746041405,0.04758842277724361,0.0449893996326539,0.04380191706405316,0.07351678966370163,0.09812319300295858,0.08555164288024433,0.0804274480903296,0.032998721444622174,0.043099814987935504,0.0382610430692613,0.0372304582776323,0.07395586582183898,0.08376914010956088,0.07840564616839421,0.07249492856379763,0.10761701026528055,0.06237781024480981,0.08804240366863003,0.0161425515397921,0.15128841196122722,0.06237781024480981,0.10761701026528055,0.022693261794184096,1.009555601229337,1.3299212344389257,1.1668414822205775,1.123136453544864,1,1,1,1,0.3903123748998999,0.39941286865652875,1.9515618744994994,1.9515618744994994,1,1,1]},"features":["off_1st_down_s2d","off_total_yds_s2d","off_rush_yds_s2d","off_pass_yds_s2d","off_turnovers_s2d","def_1st_down_s2d","def_total_yds_s2d","def_rush_yds_s2d","def_pass_yds_s2d","def_turnovers_s2d","wins_s2d","losses_s2d","home","sim_winrate_same_loc_s2d","sim_pointdiff_same_loc_s2d","sim_count_same_loc_s2d","off_total_yds_s2d_minus_opp","def_total_yds_s2d_minus_opp","off_turnovers_s2d_minus_opp","def_turnovers_s2d_minus_opp","elo_pre","elo_diff","rest_days","rest_diff","off_third_down_att_s2d","off_third_down_conv_s2d","off_third_down_pct_s2d","off_red_zone_att_s2d","off_red_zone_td_s2d","off_red_zone_td_pct_s2d","off_dropbacks_s2d","off_sacks_taken_s2d","off_sack_rate_s2d","off_pass_att_s2d","off_rush_att_s2d","off_neutral_pass_rate_s2d","off_third_down_pct_s2d_minus_opp","off_red_zone_td_pct_s2d_minus_opp","off_sack_rate_s2d_minus_opp","off_neutral_pass_rate_s2d_minus_opp","off_yds_for_3g","off_yds_for_5g","def_yds_against_3g","def_yds_against_5g","net_yds_3g","net_yds_5g","qb_ypa_3g","qb_sack_rate_3g","qb_qbr","off_epa_per_play_s2d","off_epa_per_play_w3","off_epa_per_play_w5","off_epa_per_play_exp","off_success_rate_s2d","off_success_rate_w3","off_success_rate_w5","off_success_rate_exp","def_epa_per_play_allowed_s2d","def_epa_per_play_allowed_w3","def_epa_per_play_allowed_w5","def_epa_per_play_allowed_exp","def_success_rate_allowed_s2d","def_success_rate_allowed_w3","def_success_rate_allowed_w5","def_success_rate_allowed_exp","rb_rush_share_s2d","rb_rush_share_w3","rb_rush_share_w5","rb_rush_share_exp","wr_target_share_s2d","wr_target_share_w3","wr_target_share_w5","wr_target_share_exp","te_target_share_s2d","te_target_share_w3","te_target_share_w5","te_target_share_exp","qb_aypa_s2d","qb_aypa_w3","qb_aypa_w5","qb_aypa_exp","qb_sack_rate_s2d","qb_sack_rate_w3","qb_sack_rate_w5","qb_sack_rate_exp","roof_dome","roof_outdoor","weather_temp_f","weather_wind_mph","weather_precip_pct","weather_impact_score","weather_extreme_flag"]},"decision_tree":{"params":{"depth":6,"minSamples":14},"alpha":2},"bt":{"coefficients":[0.14187674572037717,-0.1333464987080841,-0.08064380194172956,0.004742951131220736,-0.05249712047126795,0.002224050965764567,-0.003401333550045672,0.0011694485069605857,0.002884096410544511,-0.004021229433528102],"intercept":0.12015761603476613,"scaler":{"mu":[-1.431734631340074,1.9999298378330188,0.7227332575083165,0,-0.00021638505642279475,0,0,0,0,0],"sd":[60.92745027824845,486.8046660005535,13.379019372102023,1,0.0869370781018384,1,1,1,1,1]},"features":["diff_total_yards","diff_turnovers","diff_penalty_yards","diff_possession_seconds","diff_r_ratio","diff_elo_pre","diff_inj_out","diff_inj_skill_out","diff_inj_practice_dnp","diff_inj_out_trend"],"hyperparams":{"steps":1200,"learningRate":0.001,"l2":0.00001}},"ann":{"seeds":[1],"architecture":[92,128,64,32,1],"committee_size":1,"max_epochs":15,"dropout":0.5},"ensemble":{"weights":{"logistic":0.9,"tree":0,"bt":0,"ann":0.09999999999999998},"calibration":{"type":"platt","beta":-0.03847888385607338,"source":"platt"},"calibration_beta":-0.03847888385607338,"calibration_hash":"f6a0ed9090a4708810ffbb3a653b309c34e29388b123c3ed103234b8cf9bfdc4","oof_variance":{"ann":{"mean":0.6131524714454726,"var":0.03486222819677262}}},"pca":[{"component":1,"explained_variance":0.2470159692337644,"top_loadings":[{"feature":"off_epa_per_play_s2d","loading":0.21121238854234253},{"feature":"off_epa_per_play_w5","loading":0.20690732434521267},{"feature":"off_epa_per_play_exp","loading":0.20552826954033948},{"feature":"off_success_rate_w5","loading":0.20051221089587157},{"feature":"off_success_rate_s2d","loading":0.20025792616326182},{"feature":"off_success_rate_exp","loading":0.1992986174019276},{"feature":"off_epa_per_play_w3","loading":0.19435732241366313},{"feature":"off_success_rate_w3","loading":0.18945265725219984},{"feature":"qb_aypa_exp","loading":0.18902949002854755},{"feature":"qb_aypa_w5","loading":0.18655642805041023}]},{"component":2,"explained_variance":0.17244528738875592,"top_loadings":[{"feature":"off_turnovers_s2d","loading":-0.2613457811424222},{"feature":"def_rush_yds_s2d","loading":-0.2582141680300787},{"feature":"def_total_yds_s2d","loading":-0.2545238599952392},{"feature":"def_1st_down_s2d",