{"season":2008,"week":2,"generated_at":"2025-11-07T00:21:05.323Z","feature_hash":"00dac5b6427bb7dacd3620b822a52e4a34c121f6","logistic":{"weights":[-0.5135123450349804,-0.43587274507305707,-0.14312981697507127,-0.5401468254244031,1.607535499376361,0.8838438442774564,-0.06250290395254181,0.5129906366023267,-0.40068088336495805,-0.7187889668502319,2.511453619808588,-2.462291531736564,0,0,0,0,0.710825994170909,-1.0724588456891613,-0.7426108917592895,0.5872430697629041,-3.102203038399254,0.35295319887911314,0,0,0,0,0,0,0,0,0,0,0,0,0,0,0,0,0,0,-0.40711255595334056,0.2068836623696225,0.331533842456265,0.17830847994873944,-0.9738080376175096,0.09401223551904032,-0.4924233526107769,0,0,1.3009347559811113,1.017490802040442,0.21062412290393334,0.07644394522334362,0.1425285304870293,-0.19734837237889435,-0.2847336246245261,0.5418483484182429,-1.8184432242237092,-0.8125291422068056,-0.15074244541869442,0.1731550870864973,-0.22100037403709052,-0.28155590923772916,0.812920129999906,0.0028635894152738354,-0.3528319002475263,0.46433103225968136,-0.01341014368924449,-0.06298082327595389,0.28868716893803553,-0.29536949228490095,-0.23606049667728277,0.1448724576550719,-0.22218600863044327,-0.59260478231999,0.38543368938197886,0.3080489215922581,0.27748705145255,0.030711107864481835,0.20222150897284508,-0.4310464072321721,0,0,0,0,-0.17031436311609544,-0.09811605833224887,-0.1703143631160944,0.1703143631160954,0,0,0],"bias":0.7298880541162976,"scaler":{"mu":[27.375,349.125,134.8125,214.3125,1.0625,25.4375,312.5625,108.125,204.4375,0.8125,0.625,0.375,1,0,0,0,37.823275862068996,-37.823275862068996,0.06465517241379311,0.2586206896551725,1450,0,0,0,0,0,0,0,0,0,0,0,0,0,0,0,0,0,0,0,0,0,0,0,0,0,0,0,0,0.01147309707922085,0.01147309707922085,0.01147309707922085,0.01147309707922085,0.4301167316911513,0.4301167316911513,0.4301167316911513,0.4301167316911513,-0.019510600870219403,-0.019510600870219403,-0.019510600870219403,-0.019510600870219403,0.4294774331440788,0.4294774331440788,0.4294774331440788,0.4294774331440788,0.8542773491239695,0.8542773491239695,0.8542773491239695,0.8542773491239695,0,0,0,0,0,0,0,0,8.209050476049981,8.209050476049981,8.209050476049981,8.209050476049981,0,0,0,0,0.125,0.875,65.625,4.375,0,0,0],"sd":[6.253748875674495,73.98469013924435,64.09291960700496,75.3174272247134,1.0288798520721456,8.069764169416601,83.38162923420242,47.5156224309437,56.02897548367273,0.7261843774138906,0.4841229182759271,0.4841229182759271,1,1,1,1,138.95705238347796,138.95705238347796,1.3912134563372855,0.9324701574475834,1,1,1,1,1,1,1,1,1,1,1,1,1,1,1,1,1,1,1,1,1,1,1,1,1,1,1,1,1,0.13048864274621202,0.13048864274621202,0.13048864274621202,0.13048864274621202,0.05569467637215583,0.05569467637215583,0.05569467637215583,0.05569467637215583,0.18644757716669108,0.18644757716669108,0.18644757716669108,0.18644757716669108,0.07318163786309884,0.07318163786309884,0.07318163786309884,0.07318163786309884,0.12132086750035044,0.12132086750035044,0.12132086750035044,0.12132086750035044,1,1,1,1,1,1,1,1,1.7089435879078998,1.7089435879078998,1.7089435879078998,1.7089435879078998,1,1,1,1,0.33071891388307384,0.33071891388307384,1.653594569415369,1.653594569415369,1,1,1]},"features":["off_1st_down_s2d","off_total_yds_s2d","off_rush_yds_s2d","off_pass_yds_s2d","off_turnovers_s2d","def_1st_down_s2d","def_total_yds_s2d","def_rush_yds_s2d","def_pass_yds_s2d","def_turnovers_s2d","wins_s2d","losses_s2d","home","sim_winrate_same_loc_s2d","sim_pointdiff_same_loc_s2d","sim_count_same_loc_s2d","off_total_yds_s2d_minus_opp","def_total_yds_s2d_minus_opp","off_turnovers_s2d_minus_opp","def_turnovers_s2d_minus_opp","elo_pre","elo_diff","rest_days","rest_diff","off_third_down_att_s2d","off_third_down_conv_s2d","off_third_down_pct_s2d","off_red_zone_att_s2d","off_red_zone_td_s2d","off_red_zone_td_pct_s2d","off_dropbacks_s2d","off_sacks_taken_s2d","off_sack_rate_s2d","off_pass_att_s2d","off_rush_att_s2d","off_neutral_pass_rate_s2d","off_third_down_pct_s2d_minus_opp","off_red_zone_td_pct_s2d_minus_opp","off_sack_rate_s2d_minus_opp","off_neutral_pass_rate_s2d_minus_opp","off_yds_for_3g","off_yds_for_5g","def_yds_against_3g","def_yds_against_5g","net_yds_3g","net_yds_5g","qb_ypa_3g","qb_sack_rate_3g","qb_qbr","off_epa_per_play_s2d","off_epa_per_play_w3","off_epa_per_play_w5","off_epa_per_play_exp","off_success_rate_s2d","off_success_rate_w3","off_success_rate_w5","off_success_rate_exp","def_epa_per_play_allowed_s2d","def_epa_per_play_allowed_w3","def_epa_per_play_allowed_w5","def_epa_per_play_allowed_exp","def_success_rate_allowed_s2d","def_success_rate_allowed_w3","def_success_rate_allowed_w5","def_success_rate_allowed_exp","rb_rush_share_s2d","rb_rush_share_w3","rb_rush_share_w5","rb_rush_share_exp","wr_target_share_s2d","wr_target_share_w3","wr_target_share_w5","wr_target_share_exp","te_target_share_s2d","te_target_share_w3","te_target_share_w5","te_target_share_exp","qb_aypa_s2d","qb_aypa_w3","qb_aypa_w5","qb_aypa_exp","qb_sack_rate_s2d","qb_sack_rate_w3","qb_sack_rate_w5","qb_sack_rate_exp","roof_dome","roof_outdoor","weather_temp_f","weather_wind_mph","weather_precip_pct","weather_impact_score","weather_extreme_flag"]},"decision_tree":{"params":{"depth":6,"minSamples":8},"alpha":6},"bt":{"coefficients":[0.08981540352528058,-0.02200097461067684,0.15596013279642004,0.0029729788462862132,0.037798930571170924,-0.0013582819399088886,0.00024499070410448814,0.004999199889603274,0.0031882650404258073,0.0026168114928651304],"intercept":0.12965951033590695,"scaler":{"mu":[-0.6196279992260081,-109.40775821293431,2.337230714654283,0,-0.02124535199794328,0,0,0,0,0],"sd":[50.350562555108596,381.0890251124125,12.640856784783878,1,0.07538331174481712,1,1,1,1,1]},"features":["diff_total_yards","diff_turnovers","diff_penalty_yards","diff_possession_seconds","diff_r_ratio","diff_elo_pre","diff_inj_out","diff_inj_skill_out","diff_inj_practice_dnp","diff_inj_out_trend"],"hyperparams":{"steps":1200,"learningRate":0.001,"l2":0.00001}},"ann":{"seeds":[1],"architecture":[92,128,64,32,1],"committee_size":1,"max_epochs":15,"dropout":0.5},"ensemble":{"weights":{"logistic":0.9350649350649352,"tree":0,"bt":0,"ann":0.06493506493506492},"calibration":{"type":"platt","beta":0.4308627226853276,"source":"platt"},"calibration_beta":0.4308627226853276,"calibration_hash":"70bb26cd269c26fbef398b51ba779f5a4cf9ccb8d6112587e89b311c1cf0cd50","oof_variance":{"ann":{"mean":0.5130481903078995,"var":0.005194516951459131}}},"pca":[{"component":1,"explained_variance":0.302960611612241,"top_loadings":[{"feature":"off_total_yds_s2d_minus_opp","loading":0.252548362555371},{"feature":"def_total_yds_s2d_minus_opp","loading":-0.252548362555371},{"feature":"def_total_yds_s2d","loading":-0.25055072103875553},{"feature":"def_epa_per_play_allowed_s2d","loading":-0.23362751708171292},{"feature":"def_epa_per_play_allowed_w3","loading":-0.23362751708171292},{"feature":"def_epa_per_play_allowed_w5","loading":-0.23362751708171292},{"feature":"def_epa_per_play_allowed_exp","loading":-0.23362751708171292},{"feature":"wins_s2d","loading":0.22306726707729566},{"feature":"losses_s2d","loading":-0.22306726707729566},{"feature":"def_success_rate_allowed_s2d","loading":-0.20764509569245623}]},{"component":2,"explained_variance":0.20124830974564223,"top_loadings":[{"feature":"off_epa_per_play_s2d","loading":-0.2986480184546961},{"feature":"off_epa_per_play_w3","loading":-0.2986480184546961},{"feature":"off_epa_per_play_w5","loading":-0.2986480184546961},{"feature":"off_epa_per_play_exp","loading":-0.2986480184546961},{"feature":"off_success_rate_s2d","loading":-0.19376155972579576},{"feature":"off_success_rate_w3","loading":-0.19376155972579576},{"feature":"off_success_rate_w5","loading":-0.19376155972579576},{"feature":"off_success_rate_exp","loading":-0.19376155972579576},{"feature":"off_turnovers_s2d","loading":0.18563422724294046},{"feature":"def_success_rate_allowed_s2d","loading":-0.18069698917739127}]},{"component":3,"explained_variance":0.15577011037483707,