{"season":2002,"week":15,"generated_at":"2025-11-07T00:10:29.853Z","feature_hash":"db6517a53da4e816baae63336cd1996153de67b6","logistic":{"weights":[-0.6844803561769894,-0.2953999481406565,-0.5074546460212972,-0.21072408535656598,0.7703648964741528,0.549225762011391,0.13559163263921406,0.5192799741703906,-0.053720771719363604,-0.22451595635746377,2.7313634951103953,-2.66563720509731,0,0,0,0,1.2823087639080097,-0.6557789551709228,-0.8098181170534332,0.10823204130721048,-2.8323328465129,-0.06969799235462623,0,0,0,0,0,0,0,0,0,0,0,0,0,0,0,0,0,0,-0.24533226671102581,-0.004745733850699763,0.07939544482016672,0.1155950707467745,-0.38218831826819855,-0.333192332117384,-0.8056157863905362,0,0,0.7296298857502387,0.6651912237107545,0.4849367599834411,0.31042525902805435,0.3098362297630758,0.1258677863495274,-0.17464832005214284,0.07815898238890459,-0.6088677406440126,-1.0491806325558697,-0.7847656936218586,-0.31739442821475083,-0.1156700697783069,-0.04075616862223951,0.19579361998465078,-0.27796749388212094,-0.1632904200869947,0.29248187869340886,0.04829162205063985,-0.014972993635800246,-0.24349235231728497,-0.23429668324224548,0.023380738332714042,-0.25062346215462855,-0.09018666557837864,0.028792986791065244,-0.07408189852573348,-0.3766683330920634,0.0003217708873172732,0.7083770660675234,-0.28250556184716347,0.09575533783660183,0,0,0,0,0.043671076457193425,0.1284745037981553,0.04367107645719445,-0.04367107645719355,0,0,0],"bias":0.7301395610158621,"scaler":{"mu":[122.26086956521739,1449.6811594202898,481.68599033816423,967.9951690821256,6.714975845410628,127.27536231884058,1496.2657004830917,492.92753623188406,1003.3381642512078,5.314009661835748,2.207729468599034,2.0193236714975846,1,0,0,0,-22.8667018592585,41.01038271747461,-0.005156616704038845,0.08254861695531537,1449.8837612129255,-0.2324782939500934,0,0,0,0,0,0,0,0,0,0,0,0,0,0,0,0,0,0,320.4412238325282,319.19235104669906,318.7640901771336,317.4727053140098,1.6771336553945255,1.7196457326892136,2.9358346295489457,0,0,0.006861517012760121,0.004881815390550304,0.006093226051159011,0.019747394874456283,0.46021897589813054,0.4613059893455816,0.4609849301908977,0.4633097437873717,0.009260695269827706,0.009309795795890414,0.010086522049794322,0.020973322313706404,0.4611363321361608,0.46081304931808836,0.46194279370819474,0.46316925796896913,0.8193872048042534,0.8173995365792379,0.8175138918863124,0.8066572573724766,0.5904646644919376,0.5933632164678132,0.5916915463054019,0.575837238384649,0.15567226341434964,0.1571118998648699,0.15757640497774633,0.14727809989426646,3.125207633110667,3.243457054315065,3.2269811667503614,3.0544402068730503,0,0,0,0,0.178743961352657,0.8067632850241546,65.89371980676329,4.106280193236715,0,0,0],"sd":[80.03350485116073,928.6411530264575,323.7421335427049,641.8969584681578,4.942267456149273,84.82603124371404,981.3880793312576,349.32406720371597,659.67099224696,4.288277117629852,1.6997692836482297,1.638785200654467,1,1,1,1,1075.684802322325,1123.429278435695,6.277004694933218,5.654076391296704,3.3191994939504945,4.603688761393976,1,1,1,1,1,1,1,1,1,1,1,1,1,1,1,1,1,1,114.52555826764691,111.21377332936247,114.71799671162829,111.8190400775625,112.69582716776705,106.72703960480334,2.2598648229869625,1,1,0.08748780280028536,0.09934311365538126,0.09264827095485406,0.09957121435231421,0.03997224826732438,0.045307033366842255,0.04122366834447359,0.04507064495396572,0.08151093106684641,0.09760891101764049,0.08878526863105328,0.09032352704986549,0.03611103690571749,0.04316410893552834,0.03935313776872454,0.04156707225287536,0.09412712397890233,0.10711044670626306,0.10089375862609473,0.13266199879840115,0.09337449168183676,0.09998277709737417,0.09604368378821002,0.11151054772306254,0.0584595364852221,0.06959662784768157,0.06507780296647102,0.058057333650405656,1.811000535698107,2.128517496135125,1.9387469896000373,1.9435708412717017,1,1,1,1,0.383137778915911,0.39483703848700574,1.9156888945795545,1.9156888945795545,1,1,1]},"features":["off_1st_down_s2d","off_total_yds_s2d","off_rush_yds_s2d","off_pass_yds_s2d","off_turnovers_s2d","def_1st_down_s2d","def_total_yds_s2d","def_rush_yds_s2d","def_pass_yds_s2d","def_turnovers_s2d","wins_s2d","losses_s2d","home","sim_winrate_same_loc_s2d","sim_pointdiff_same_loc_s2d","sim_count_same_loc_s2d","off_total_yds_s2d_minus_opp","def_total_yds_s2d_minus_opp","off_turnovers_s2d_minus_opp","def_turnovers_s2d_minus_opp","elo_pre","elo_diff","rest_days","rest_diff","off_third_down_att_s2d","off_third_down_conv_s2d","off_third_down_pct_s2d","off_red_zone_att_s2d","off_red_zone_td_s2d","off_red_zone_td_pct_s2d","off_dropbacks_s2d","off_sacks_taken_s2d","off_sack_rate_s2d","off_pass_att_s2d","off_rush_att_s2d","off_neutral_pass_rate_s2d","off_third_down_pct_s2d_minus_opp","off_red_zone_td_pct_s2d_minus_opp","off_sack_rate_s2d_minus_opp","off_neutral_pass_rate_s2d_minus_opp","off_yds_for_3g","off_yds_for_5g","def_yds_against_3g","def_yds_against_5g","net_yds_3g","net_yds_5g","qb_ypa_3g","qb_sack_rate_3g","qb_qbr","off_epa_per_play_s2d","off_epa_per_play_w3","off_epa_per_play_w5","off_epa_per_play_exp","off_success_rate_s2d","off_success_rate_w3","off_success_rate_w5","off_success_rate_exp","def_epa_per_play_allowed_s2d","def_epa_per_play_allowed_w3","def_epa_per_play_allowed_w5","def_epa_per_play_allowed_exp","def_success_rate_allowed_s2d","def_success_rate_allowed_w3","def_success_rate_allowed_w5","def_success_rate_allowed_exp","rb_rush_share_s2d","rb_rush_share_w3","rb_rush_share_w5","rb_rush_share_exp","wr_target_share_s2d","wr_target_share_w3","wr_target_share_w5","wr_target_share_exp","te_target_share_s2d","te_target_share_w3","te_target_share_w5","te_target_share_exp","qb_aypa_s2d","qb_aypa_w3","qb_aypa_w5","qb_aypa_exp","qb_sack_rate_s2d","qb_sack_rate_w3","qb_sack_rate_w5","qb_sack_rate_exp","roof_dome","roof_outdoor","weather_temp_f","weather_wind_mph","weather_precip_pct","weather_impact_score","weather_extreme_flag"]},"decision_tree":{"params":{"depth":6,"minSamples":11},"alpha":2},"bt":{"coefficients":[0.1264431050871127,-0.12107972999742413,0.021303768553817975,-0.004031204125083282,0.038593698223663715,0.0014081641301298237,-0.003176368253927369,0.0028702991933664923,-0.0024580763105239703,0.0010661394718398053],"intercept":0.15977133471747013,"scaler":{"mu":[-1.4720355790576107,-3.519849336964122,-0.8348763567944029,0,-0.008627335533671107,0,0,0,0,0],"sd":[81.41017219575299,528.2999928310682,16.614320482030813,1,0.09332615915246496,1,1,1,1,1]},"features":["diff_total_yards","diff_turnovers","diff_penalty_yards","diff_possession_seconds","diff_r_ratio","diff_elo_pre","diff_inj_out","diff_inj_skill_out","diff_inj_practice_dnp","diff_inj_out_trend"],"hyperparams":{"steps":1200,"learningRate":0.001,"l2":0.00001}},"ann":{"seeds":[1],"architecture":[92,128,64,32,1],"committee_size":1,"max_epochs":15,"dropout":0.5},"ensemble":{"weights":{"logistic":0.9,"tree":0,"bt":0,"ann":0.09999999999999998},"calibration":{"type":"platt","beta":0.0616931362178112,"source":"platt"},"calibration_beta":0.0616931362178112,"calibration_hash":"6007a7de88e9c3051b6c343c79ca19e6fb4c9a3990aae22d2504f6184e308cd1","oof_variance":{"ann":{"mean":0.4880723780906414,"var":0.022159663707398327}}},"pca":[{"component":1,"explained_variance":0.18695995863530068,"top_loadings":[{"feature":"off_1st_down_s2d","loading":0.27297125672948314},{"feature":"off_total_yds_s2d","loading":0.27289956309075153},{"feature":"off_pass_yds_s2d","loading":0.26723143731482574},{"feature":"def_pass_yds_s2d","loading":0.26281172218813686},{"feature":"def_total_yds_s2d","loading":0.2621441901394287},{"feature":"def_1st_down_s2d","loading":0.2610029446208179},{"feature":"off_rush_yds_s2d","loading":0.25295044921531307},{"feature":"def_rush_yds_s2d","loading":0.2401664288131487},{"feature":"off_turnovers_s2d","loading":0.22231677900238267},{"feature":"losses_s2d","loading":0.20710838977467008}]},{"component":2,"explained_variance":0.14730991470306645,"top_loadings":[{"feature":"off_success_rate_s2d",