{"season":2021,"week":22,"generated_at":"2025-11-07T00:49:00.582Z","feature_hash":"ea04668e46a2f56b7733f400208ea972fd608570","logistic":{"weights":[-0.6876854774584344,-0.6878954787354777,-0.5678236086650372,-0.6076635231710161,1.630462299272796,0.7700410628849871,0.3319695195360177,0.061731915762905765,0.391557428526361,-1.1568492300838384,2.9043746554508902,-2.555235290302805,0,0,0,0,0.9574721411187677,-0.4835525398348185,-0.8030874310607526,0.6622384185371378,-4.001503069295351,0.41742298944015777,0,0,0,0,0,0,0,0,0,0,0,0,0,0,0,0,0,0,-0.12758460830082022,-0.21878267482708771,0.3086073135078072,0.03795329021383745,-0.3913976159592703,-0.2825709679699827,0.14912058990178717,0,0,2.598830236808101,1.2222145795838686,0.0037852209794764294,-0.39605992515085175,0.44146570957420633,0.18530840303806384,-0.32618761862475854,-0.37527159044679254,-1.6270548012359918,-1.2827579838740841,0.19866876829498728,0.9690177945478414,-0.059658714614033055,0.2365339235634631,-0.35415959306755834,-0.285238086515629,-0.3266304153972475,0.415942802464202,-0.5270622014572451,0.3645946452742737,-0.06912516312548853,0.3080492156615901,0.19433485583823917,0.10579943229962567,0.2929644066461918,0.3276454637407808,0.3753997793030715,0.04978324372743066,-0.17964012811586774,-0.5422872662631727,-0.48428105918626024,0.5470290814420409,0,0,0,0,0.17055091725679908,0.13146220534243186,0.1705509172568003,-0.17055091725679852,0,0,0,0.005213685541315218,-0.2664789596672418,-0.18968005381313774,0.05714907083780733,-0.03652053257625377,0.063180361191159,0.4189742065226415,-0.11833309666042037,0,0.17453133223904063,-0.3446866113521098,0.04060968181944688,-0.3298946221205976,0.10213160725546712,-0.7710871617431831,0.32244183399536974,-0.2966132311126278,-0.26049136809246165,0.20607995383606645,0.31299702738182944,0.10546510749328301,-0.2572663448040438,0.12086895548793758,-0.5556488742606682,-0.5355376236614189,0.10178920153827169,0.10788270807956336,-0.36911979784577026,-0.31999372177023666,-0.13498330954959264,-1.1246725764481997,0.9530761746932621,0.2649937958229792,-0.4692808573903938,-0.4781835795280695,-0.24357628605484036,-0.03694351805218325,0.02768686620962541,-0.3380451564780032,-0.14551415004263749,-0.11915041183727733],"bias":0.1577435447464294,"scaler":{"mu":[166.07773851590105,1920.1095406360423,593.3674911660777,1326.7420494699647,6.639575971731449,163.46643109540636,1920.1342756183747,601.809187279152,1318.3250883392227,5.010600706713781,2.6996466431095407,2.5830388692579507,1,0,0,0,-56.0322043591031,-54.05073596919215,-0.2940118160304827,-0.10394260321534816,1450.3522757143649,0.1267092114030811,0,0,0,0,0,0,0,0,0,0,0,0,0,0,0,0,0,0,342.36042402826837,344.3747938751473,340.3610129564193,343.3037691401652,1.9994110718492348,1.0710247349823316,7.222110582904068,0,0,0.006706991307048117,0.0020263143085365257,0.0011207169229640497,0.003236986721668741,0.43667045130725457,0.43108020593132135,0.43336501931006816,0.43394817572954353,0.004398117348684473,-0.004222694228883331,-0.0032989816364012332,-0.0004638138187890992,0.43506955588460944,0.4280332678318327,0.43182734447869237,0.4319484507912203,0.8113709003716206,0.8070370037753263,0.8136331836070028,0.8144376687711515,0.5932916379819818,0.5866429595823294,0.5917480824281337,0.5896786853299136,0.20926784880857105,0.21237444885715,0.21266632540999106,0.21340991575460086,7.907868202291602,7.714392740518588,7.800550474005907,7.782258299236108,0,0,0,0,0.18021201413427562,0.7102473498233216,65.90106007067138,4.098939929328622,0,0,0,-0.21201413427561838,-1.1908127208480566,-0.8611307420494699,-0.4169611307420495,-0.14628975265017666,-0.01060070671378092,0.014134275618374558,0.0176678445229682,0,0.004201413427561832,2.4381625441696113,2.278445229681979,1.017314487632509,0.007067137809187279,-0.11766784452296927,0.665017667844523,1.2826855123674912,1.1554770318021201,0.2508833922261484,-0.02120141342756184,-0.024734982332155476,-0.0088339222614841,-0.053003533568904596,-0.06713780918727916,-0.053003533568904596,-0.030710247349823323,0.028268551236749116,-0.0036749116607773876,-0.16607773851590105,0.00080565371024735,-0.1625441696113074,-0.9363957597173145,-0.12014134275618374,-0.26148409893992935,-0.5441696113074205,-0.023703180212014133,-0.0176678445229682,0.0706713780918728,0.04180918727915194,0.014134275618374558,0.9968197879858658],"sd":[103.36255259172884,1175.8618515828787,378.7974918896688,827.1419867977415,4.764873217760447,100.43162030569647,1168.2200935256399,388.86991155587475,803.6797440938077,3.9345206818673475,2.0910966949202523,1.9740351550927815,1,1,1,1,1481.6394874895873,1465.4086443529345,5.925728374328287,5.21576929703675,4.64423904962185,5.967826081871447,1,1,1,1,1,1,1,1,1,1,1,1,1,1,1,1,1,1,99.36935345597833,97.08873423410819,96.69018295368885,94.65162176567553,72.34471136925184,64.9874153853723,2.3591307343859933,1,1,0.07569926338899682,0.10519900458674863,0.09007519170658439,0.08142840701256802,0.03513365683187294,0.05928759488874985,0.04010100935550873,0.03500551391185039,0.07065242218336372,0.0996086850221655,0.08383311694201165,0.0766821651671941,0.031382375206838294,0.055738966883378094,0.036091718057100396,0.03165113268345866,0.08458689787105052,0.11578164442014327,0.08930156419575398,0.08503760374697383,0.08074490187590119,0.10040582672479657,0.08175132612933421,0.08718346423289476,0.05785321465311897,0.07001464882647652,0.062164062112040064,0.05911241585486945,0.9107155439729648,1.4895766398877186,1.1474594508996627,0.9780756226855067,1,1,1,1,0.38436394744557234,0.4536474973944752,1.9218197372278598,1.9218197372278707,1,1,1,2.3427801671221706,10.562567433547985,6.632704184505813,5.542893641160463,2.145373528507516,0.407388467599501,0.25180242758049187,1.236819785966798,1,0.570958915428722,14.568428501085734,14.023705134874229,8.636418320688948,0.33619080967537207,44.203899211665785,14.669762135520878,13.299935593113085,9.626076005313546,1.970800342484289,0.34596508902613055,0.2961881214091291,0.19010797744850974,0.48367317688391875,2.7917877940516354,0.7570748687401884,0.37967637437553237,1.8549654988934992,0.10763260523557845,4.014635040680258,0.2191483702104932,2.218237106207645,6.950317155657167,2.972141079232815,2.8037394115555196,5.881094427083953,0.21305042674488114,0.24445555556788623,0.5531361676141191,0.39237371174461216,0.366163680103996,44.10818722979864]},