{"season":2018,"week":15,"generated_at":"2025-11-07T00:40:21.523Z","feature_hash":"90b7f37e82e48a77a37111ed98d74fec5ddd5857","logistic":{"weights":[-0.4429702683729326,-0.48631935125927866,-0.1553351733253972,-0.5232653509153892,1.7446462524803341,0.6591548797867507,0.00958999566378247,-0.3770846309047147,0.15072451942374598,-0.5693805382931947,3.168436887282614,-2.713499286470772,0,0,0,0,1.060221974867703,-0.8955833120332856,-1.3850913945816046,0.5130587346277262,-3.536828098253447,-0.13031087178591055,0,0,0,0,0,0,0,0,0,0,0,0,0,0,0,0,0,0,-0.38577312952834675,-0.12588006729047818,0.07166349417541498,0.13667723076825225,-0.45764695152881435,-0.2293059569729563,0.09447466964337792,0,0,2.0540916103452362,1.1194922122512296,0.1247478974369154,-0.11795916288447962,0.3952852767037709,-0.027059064965962845,0.04269247599098282,-0.07343479402317131,-1.942490977315972,-1.4691198246108739,0.2046179614797714,0.9851992994667247,-0.12324195681224688,0.017667617942859017,-0.22706256926646876,0.29305968327182447,-0.49010910894424614,0.5785011879253525,-0.6449129391394764,0.32268387749269245,-0.056973706507234184,0.4078905845711726,0.2381332044064307,-0.2989068606382735,-0.1320212521331431,0.3376881713951111,0.059006613081993384,-0.31564986500626435,0.1711931059067392,-0.15883849749378928,0.13251258193259718,0.11442418072406302,0,0,0,0,-0.0050017706801779305,0.2378018800297817,-0.00500177068017612,0.005001770680178083,0,0,0,-0.14526450813383007,-0.03246812725292547,0.05578565803836234,-0.09715308742900616,0.0471026181318504,-0.059080695978605484,0.38026516321661297,0.3086476170823449,0,-0.3408520943394003,0.050614481807043796,0.13602514802341398,0.5355356442948508,-0.10668282041427217,-0.45975452596511546,0.19860459133809358,-0.30151760690384555,0.34977790458147395,-0.28484010953830413,0.13510064646783002,0.0569040426482979,-0.07106039285885143,0.07194067497461577,-0.029143281477407638,-0.11453088672755209,-0.23899476503092987,-0.10218475409211307,0.26833368499558785,-0.4323890465408157,0.09546609924100834,-0.44921488845839214,0.2592472374426209,0.13324050527652728,-0.1280814591183402,-0.14663726892577061,-0.22310150888087069,-0.23259768306786652,-0.16535783988083305,-0.023584307483856856,-0.12014371170722134,-0.26631274506544717],"bias":1.331115121554965,"scaler":{"mu":[142.13106796116506,1680.6456310679612,509.1601941747573,1171.485436893204,5.946601941747573,141.8252427184466,1676.0339805825242,501.378640776699,1174.6553398058252,4.679611650485437,2.29126213592233,2.1407766990291264,1,0,0,0,173.58669393031732,147.47454528076537,0.5216798515261241,0.40207594120458207,1449.8135792914986,-0.38522920787413106,0,0,0,0,0,0,0,0,0,0,0,0,0,0,0,0,0,0,348.01618122977345,348.7991100323624,350.78640776699035,351.2283171521034,-2.770226537216829,-2.4292071197411014,7.535237185812424,0,0,-0.006402311796612401,0.0030356125496786945,-0.0007745238362702313,-0.01691188519164786,0.4311564830705465,0.43371198433912106,0.4331038882348269,0.4292887436630681,-0.005866135305953299,0.0021106861159253215,0.0001640690339699248,-0.018101822365169603,0.43022272535452205,0.43261577193565703,0.43202567362331085,0.4282187828341703,0.8271338015930688,0.8263313350692864,0.8274303581663441,0.8273969485049104,0.5831264620965457,0.5855205078228147,0.5832903302852004,0.5813374972690069,0.19646552660992728,0.19686563283449418,0.19735829570931032,0.1961829137343503,8.098168015927817,8.078243521986755,8.075328844192766,8.131974509783852,0,0,0,0,0.09223300970873786,0.7621359223300971,65.46116504854369,4.538834951456311,0,0,0,-0.043689320388349516,-0.6262135922330098,-0.6155339805825243,-0.7233009708737864,-0.09514563106796117,-0.03398058252427184,0.06796116504854369,0.1262135922330097,0,-0.0389368932038835,-2.2572815533980584,-1.5509708737864079,-1.1873786407766989,-0.014563106796116505,-5.844660194174755,-0.008737864077669837,-2.1407766990291264,-0.11650485436893204,0.009708737864077669,0.009708737864077669,-0.038834951456310676,0.04611650485436893,0.019417475728155338,0.009708737864077669,-0.0970873786407767,-0.0452378640776699,0.07281553398058252,-0.005815533980582524,0.14563106796116504,0.022616504854368925,0.0048543689320388345,0.8689320388349514,-0.21844660194174756,-0.12135922330097088,-0.33495145631067963,-0.03792233009708737,-0.014563106796116505,-0.038834951456310676,-0.021674757281553398,-0.038834951456310676,4.008252427184465],"sd":[86.28068502044545,999.2321934187304,310.4889794769878,719.5834942018346,4.667805778232123,85.4155379312612,993.7287550690808,312.7326975650417,703.2191462247864,3.7057121801087045,1.7605772881630155,1.8498458027159983,1,1,1,1,1175.4419323218742,1141.0640100972018,5.461946515478572,4.923366161848487,3.643903188010684,4.949813574728379,1,1,1,1,1,1,1,1,1,1,1,1,1,1,1,1,1,1,114.17579987222938,111.75171162804155,111.93058923074807,108.9650728938418,75.61234244731077,66.41822681098513,2.581283829030139,1,1,0.09796696207190364,0.1130507108148751,0.10462754372242603,0.11049510024685173,0.043329550657547365,0.048790909915903166,0.0448669635286467,0.04850488726445377,0.0807476871732274,0.10127333847501183,0.08656148237733816,0.09484018259749526,0.03617826963451232,0.042013176491965336,0.036732572862078976,0.044052849071544706,0.07211307601657542,0.08573895263915253,0.07555350923115765,0.07586702020102278,0.0919817064409169,0.09489179284106598,0.0912010146726114,0.10010562071649162,0.06865160562328883,0.07614356930958864,0.07177990339326001,0.07076889124809146,1.1809700095929743,1.3534804062081902,1.2336003804339524,1.4064520854886458,1,1,1,1,0.2893545949674991,0.42577547865529913,1.4467729748374998,1.4467729748375004,1,1,1,1.7046578054188077,11.90052182232774,8.03240110012637,6.486441480825514,4.1800352727823,0.46614581619173434,0.362358400126632,1.243855668979381,1,0.46467042386367596,13.781471323242275,12.024189778696238,7.753410519369774,0.34806197612122924,38.906114846606634,13.2095369107817,11.30274420577608,10.328395180629856,1.9131387600397347,0.4061456439485802,0.2930366654910016,0.3061814076455071,0.6150314937752169,2.593850627968951,0.7175276200738588,0.23792912529448537,1.6807126421223126,0.09466525054954465,3.706220871108808,0.20645581468418409,2.380131294443982,7.1765060207098115,3.774704966875489,2.6236101446950846,6.560357685279707,0.24770193054268,0.2085119572321801,0.5472318707200766,0.33771090647637725,0.37963523875761557,40.499703700874335]},