{"season":2007,"week":9,"generated_at":"2025-11-07T00:19:21.535Z","feature_hash":"c27ff616793b8b3c91f335f989e93ea8dd2fa9c8","logistic":{"weights":[-0.523411048827038,-0.39555020858398204,-0.3970154588015748,-0.34367548226349814,1.1215810485412017,0.7542623259084036,-0.09421546473529008,0.26631556767470743,-0.31680250624012457,-0.7349002123645697,2.805364336783528,-2.876157715439166,0,0,0,0,0.872667314728569,-0.7558534128662715,-1.1243726501522036,0.8264733571197178,-3.8444838114297277,0.19255316651899151,0,0,0,0,0,0,0,0,0,0,0,0,0,0,0,0,0,0,-0.002610419676740434,0.3285267897875493,0.48554315762382894,0.266270517419518,-0.6317627814231062,0.14974137894763015,-1.0655263505131218,0,0,0.9765425719480862,0.8288250324219606,0.4618173319940822,-0.21416591670538282,0.033708536048608795,-0.17357651798644125,-0.16085806823827073,0.0929424144179154,-1.6061539861015897,-0.8930749758386074,0.027241380486137962,0.15703344943681202,-0.21977758465760644,-0.5169065160598282,0.8657662680263364,0.13903709239339643,-0.31561877018813556,0.30104589539772986,-0.05908100981878593,0.2619232492961294,-0.24951402009991555,-0.0730736550720084,0.10366400083909172,-0.06858602470801915,-0.006055954496835514,-0.3629753478881635,-0.39578335193458825,0.22125588798417242,0.36162519659230935,-0.03190117991719815,-0.10890492269676205,-0.01728955375575261,0,0,0,0,-0.12250835208631836,-0.32355787009941456,-0.12250835208631758,0.12250835208631841,0,0,0],"bias":0.7118264072134398,"scaler":{"mu":[100.78448275862068,1181.4741379310344,376.1810344827586,805.2931034482758,5.767241379310345,100.61206896551724,1182.4827586206898,394.42241379310343,788.0603448275862,3.956896551724138,1.7413793103448276,1.7155172413793103,1,0,0,0,69.5385768774531,77.59349584585091,0.21208667993464014,0.19765508303236798,1449.7855966777636,-0.36580504806110625,0,0,0,0,0,0,0,0,0,0,0,0,0,0,0,0,0,0,294.94396551724134,293.6676724137931,293.2399425287357,293.0456896551724,1.7040229885057503,0.6219827586206914,6.922614909418022,0,0,-0.012418362685991223,-0.009602187081298032,-0.009223231091933008,-0.028044860935031817,0.44410955257479207,0.447000907635404,0.4453470434423335,0.4364801337089143,-0.008658667831732714,-0.0020645962089226757,-0.00577412952379423,-0.02258944968694979,0.44555622093538777,0.4474063971666514,0.4465093849012085,0.4378980059393752,0.8670842437071438,0.8665362216035581,0.8673970771436038,0.866721742199478,0,0,0,0,0.07758620689655173,0.04310344827586207,0.0603448275862069,0.03362068965517241,8.162119041813884,8.127002557534468,8.173387627726573,8.017979283780845,0,0,0,0,0.16379310344827586,0.7758620689655172,65.81896551724138,4.181034482758621,0,0,0],"sd":[64.83437865644233,736.0922972160546,234.50684127723522,527.3191145531587,4.532179498949876,62.906440045258144,732.7840332307379,273.47760895742476,487.0384692161728,2.9225409391525377,1.5035629503877892,1.7009431181206636,1,1,1,1,894.2267699246796,910.1806066111,6.452487617651411,3.5811503548499197,2.706707474238624,3.641286131166525,1,1,1,1,1,1,1,1,1,1,1,1,1,1,1,1,1,1,129.0918562444684,128.24291411434865,128.80014421500124,127.38604514508042,80.48882649605541,77.70662307751388,3.1083594573192954,1,1,0.10190074375161814,0.10993382497686317,0.1035975160804611,0.117558826914785,0.04518958419977069,0.04989660943308511,0.046111083766019155,0.04797642809941139,0.1030248428302854,0.11899730821613154,0.10862168180060201,0.11250732047070494,0.04270050449247812,0.04992733624474773,0.044731250817748376,0.04780684263993381,0.05441491027674704,0.05842640722550985,0.05591224096419202,0.05614417493555076,1,1,1,1,0.2675193215376361,0.2030899825756855,0.23812460891264067,0.1609208230654941,1.3589773907375942,1.4746434305034957,1.38282358807424,1.6389337074430077,1,1,1,1,0.3700877229942356,0.41701333180854583,1.850438614971181,1.850438614971181,1,1,1]},"features":["off_1st_down_s2d","off_total_yds_s2d","off_rush_yds_s2d","off_pass_yds_s2d","off_turnovers_s2d","def_1st_down_s2d","def_total_yds_s2d","def_rush_yds_s2d","def_pass_yds_s2d","def_turnovers_s2d","wins_s2d","losses_s2d","home","sim_winrate_same_loc_s2d","sim_pointdiff_same_loc_s2d","sim_count_same_loc_s2d","off_total_yds_s2d_minus_opp","def_total_yds_s2d_minus_opp","off_turnovers_s2d_minus_opp","def_turnovers_s2d_minus_opp","elo_pre","elo_diff","rest_days","rest_diff","off_third_down_att_s2d","off_third_down_conv_s2d","off_third_down_pct_s2d","off_red_zone_att_s2d","off_red_zone_td_s2d","off_red_zone_td_pct_s2d","off_dropbacks_s2d","off_sacks_taken_s2d","off_sack_rate_s2d","off_pass_att_s2d","off_rush_att_s2d","off_neutral_pass_rate_s2d","off_third_down_pct_s2d_minus_opp","off_red_zone_td_pct_s2d_minus_opp","off_sack_rate_s2d_minus_opp","off_neutral_pass_rate_s2d_minus_opp","off_yds_for_3g","off_yds_for_5g","def_yds_against_3g","def_yds_against_5g","net_yds_3g","net_yds_5g","qb_ypa_3g","qb_sack_rate_3g","qb_qbr","off_epa_per_play_s2d","off_epa_per_play_w3","off_epa_per_play_w5","off_epa_per_play_exp","off_success_rate_s2d","off_success_rate_w3","off_success_rate_w5","off_success_rate_exp","def_epa_per_play_allowed_s2d","def_epa_per_play_allowed_w3","def_epa_per_play_allowed_w5","def_epa_per_play_allowed_exp","def_success_rate_allowed_s2d","def_success_rate_allowed_w3","def_success_rate_allowed_w5","def_success_rate_allowed_exp","rb_rush_share_s2d","rb_rush_share_w3","rb_rush_share_w5","rb_rush_share_exp","wr_target_share_s2d","wr_target_share_w3","wr_target_share_w5","wr_target_share_exp","te_target_share_s2d","te_target_share_w3","te_target_share_w5","te_target_share_exp","qb_aypa_s2d","qb_aypa_w3","qb_aypa_w5","qb_aypa_exp","qb_sack_rate_s2d","qb_sack_rate_w3","qb_sack_rate_w5","qb_sack_rate_exp","roof_dome","roof_outdoor","weather_temp_f","weather_wind_mph","weather_precip_pct","weather_impact_score","weather_extreme_flag"]},"decision_tree":{"params":{"depth":6,"minSamples":8},"alpha":2},"bt":{"coefficients":[0.13312333196486056,-0.05925167575916117,-0.008554004748481168,0.0014821780592786055,0.010224094231644023,-0.0017199261529658658,0.003973605999006396,0.0021710218820771743,0.004215768919031176,-0.0037250268634570404],"intercept":0.053655123906861786,"scaler":{"mu":[-0.5461141380327071,28.25860530721668,0.1661001292531525,0,0.005349190713407274,0,0,0,0,0],"sd":[55.04039405269152,586.9933027543893,14.439414176914275,1,0.09870682804396712,1,1,1,1,1]},"features":["diff_total_yards","diff_turnovers","diff_penalty_yards","diff_possession_seconds","diff_r_ratio","diff_elo_pre","diff_inj_out","diff_inj_skill_out","diff_inj_practice_dnp","diff_inj_out_trend"],"hyperparams":{"steps":1200,"learningRate":0.001,"l2":0.00001}},"ann":{"seeds":[1],"architecture":[92,128,64,32,1],"committee_size":1,"max_epochs":15,"dropout":0.5},"ensemble":{"weights":{"logistic":0.9,"tree":0,"bt":0,"ann":0.09999999999999998},"calibration":{"type":"platt","beta":-0.05766581108406492,"source":"platt"},"calibration_beta":-0.05766581108406492,"calibration_hash":"4a8a8c7e421f2d94a9c9b5a987a084c75f298314e84ebfdb5148a92336c289fd","oof_variance":{"ann":{"mean":0.488960675842231,"var":0.0327883371742542}}},"pca":[{"component":1,"explained_variance":0.2391571789338582,"top_loadings":[{"feature":"off_1st_down_s2d","loading":0.2525117946752515},{"feature":"off_total_yds_s2d","loading":0.2523965693009785},{"feature":"off_pass_yds_s2d","loading":0.2489032626069063},{"feature":"def_1st_down_s2d","loading":0.2444042273554352},{"feature":"def_pass_yds_s2d","loading":0.24076665966283117},{"feature":"def_total_yds_s2d","loading":0.24052825189721996},{"feature":"off_rush_yds_s2d","loading":0.23255493171079747},{"feature":"def_rush_yds_s2d","loading":0.2157128599873468},{"feature":"def_turnovers_s2d","loading":0.191285589208798},{"feature":"off_turnovers_s2d","loading":0.19062127186266983}]},{"component":2,"explained_variance":0.15726480844259616,"top_loadings":[{"feature":"elo_pre","loading":-0.25515609195021494},{"feature":"net_yds_5g","loading":-0.25427652349153274},{"feature":"net_yds_3g","loading":-0.2499676341752787},{"feature":"losses_s2d",