{"season":2009,"week":11,"generated_at":"2025-11-07T00:23:19.033Z","feature_hash":"b5e16648ddcee3125bfde0c479f21fffc83add53","logistic":{"weights":[-0.34219739963665424,-0.46398978127931717,-0.3909486985373604,-0.4517842818590865,1.0530193169876374,1.036481696476269,-0.04646780387992989,0.3457232958626589,-0.27798802351122065,-0.8809099665877729,3.124565811643014,-2.9104520393342868,0,0,0,0,0.8006388295250405,-0.8358871245532645,-0.9120932587787927,1.076844223475947,-3.5730180262106894,-0.30095592969968926,0,0,0,0,0,0,0,0,0,0,0,0,0,0,0,0,0,0,-0.47555168973703477,0.12549550143268334,0.04331862844924521,0.129108522061736,-0.6909937547485734,0.06804752635018377,-0.28228572939481356,0,0,1.6937143747531866,1.2524183287631614,0.23541890697492732,0.011483031469108607,0.2475105242780509,0.027873906242584515,-0.5284214966045677,0.3620000807110045,-1.8959497115392074,-0.7795748613226097,-0.4422819632779826,0.14695364338756048,-0.3355955827469882,-0.05371358897721282,0.7128100076327939,0.11891636267027285,-0.14617179794792726,0.21102238921893665,-0.06736987498724696,0.15030274741831703,0.09265924841960502,0.2336132656595779,-0.04507590239272931,0.13332825420825384,-0.00440146241661965,-0.2437827782366561,0.05574795157091794,0.5779770896250391,0.10666287285849504,-0.10861156923865789,-0.045455498917427097,-0.13192478517358838,0,0,0,0,0.16097691583859694,-0.12014453520896397,0.1609769158385981,-0.16097691583859672,0,0,0],"bias":0.720744971042782,"scaler":{"mu":[96.34722222222223,1159.5277777777778,389.6041666666667,769.9236111111111,4.986111111111111,93.69444444444444,1131.9652777777778,375.0763888888889,756.8888888888889,4.180555555555555,1.7361111111111112,1.6041666666666667,1,0,0,0,0.22601452567614425,-46.103063163243895,-0.23873417398523347,0.07884368184559472,1450.015969495535,-0.07117577395542361,0,0,0,0,0,0,0,0,0,0,0,0,0,0,0,0,0,0,305.0057870370369,303.9086805555556,308.7662037037037,308.1916666666667,-3.7604166666666705,-4.282986111111108,7.222491581389073,0,0,-0.012361717908432525,-0.008200234873371442,-0.011971033775263477,-0.025821274974392523,0.44053544990814,0.4418245096160543,0.4410710077864361,0.4377489708773824,-0.014123291295267336,-0.009883507001655141,-0.012874490588678964,-0.030392534366582527,0.4362593843236286,0.4384609036013347,0.43712590842716714,0.43356112624351406,0.866428699649159,0.8624699546748095,0.8637213668913097,0.8723218789560168,0.5711002104129521,0.5776286746064816,0.5726938563623897,0.5678601098989718,0.21608042403263322,0.21677754546174177,0.21666828881707315,0.21685088599389846,8.189217085417205,8.211594921604677,8.181081563056008,8.075038269162881,0,0,0,0,0.14583333333333334,0.7708333333333334,65.72916666666667,4.270833333333333,0,0,0],"sd":[58.075300669385314,696.1937683700448,263.11328408200274,468.3408819062646,3.9598437664030373,58.54192203713906,717.6851330376411,270.45779296564695,475.44254400960057,3.0859285874617344,1.467169000675522,1.6424014852918536,1,1,1,1,809.5108053767726,898.8503758846878,5.4850686015795365,3.5878722063305273,3.3758455054732095,4.569973867649089,1,1,1,1,1,1,1,1,1,1,1,1,1,1,1,1,1,1,123.42210646037097,121.43608513864065,122.978672871629,120.38662458453607,97.55717838823186,90.00584839255727,2.9628159239135816,1,1,0.0956140780813196,0.11044580524056669,0.10088077644522488,0.10513160611641337,0.04430197612629967,0.049792172996993594,0.04597912286658957,0.04657342617922392,0.08122269337015915,0.09058658621744718,0.08400024832085388,0.10406096660800307,0.03385364723040259,0.03997040736642725,0.03498656573459112,0.040766948935637586,0.05459049429336824,0.06631035665159692,0.06092690827371196,0.05977499632126856,0.07230908516628887,0.08206305163789165,0.07502548848923002,0.07031492787729289,0.06749519873699861,0.07458560261619614,0.06946732669582638,0.06829765175996488,1.2806193528804544,1.4323100921441294,1.2992031177871723,1.5729406837606212,1,1,1,1,0.3529390488770291,0.4202966875381668,1.7646952443851456,1.7646952443851458,1,1,1]},"features":["off_1st_down_s2d","off_total_yds_s2d","off_rush_yds_s2d","off_pass_yds_s2d","off_turnovers_s2d","def_1st_down_s2d","def_total_yds_s2d","def_rush_yds_s2d","def_pass_yds_s2d","def_turnovers_s2d","wins_s2d","losses_s2d","home","sim_winrate_same_loc_s2d","sim_pointdiff_same_loc_s2d","sim_count_same_loc_s2d","off_total_yds_s2d_minus_opp","def_total_yds_s2d_minus_opp","off_turnovers_s2d_minus_opp","def_turnovers_s2d_minus_opp","elo_pre","elo_diff","rest_days","rest_diff","off_third_down_att_s2d","off_third_down_conv_s2d","off_third_down_pct_s2d","off_red_zone_att_s2d","off_red_zone_td_s2d","off_red_zone_td_pct_s2d","off_dropbacks_s2d","off_sacks_taken_s2d","off_sack_rate_s2d","off_pass_att_s2d","off_rush_att_s2d","off_neutral_pass_rate_s2d","off_third_down_pct_s2d_minus_opp","off_red_zone_td_pct_s2d_minus_opp","off_sack_rate_s2d_minus_opp","off_neutral_pass_rate_s2d_minus_opp","off_yds_for_3g","off_yds_for_5g","def_yds_against_3g","def_yds_against_5g","net_yds_3g","net_yds_5g","qb_ypa_3g","qb_sack_rate_3g","qb_qbr","off_epa_per_play_s2d","off_epa_per_play_w3","off_epa_per_play_w5","off_epa_per_play_exp","off_success_rate_s2d","off_success_rate_w3","off_success_rate_w5","off_success_rate_exp","def_epa_per_play_allowed_s2d","def_epa_per_play_allowed_w3","def_epa_per_play_allowed_w5","def_epa_per_play_allowed_exp","def_success_rate_allowed_s2d","def_success_rate_allowed_w3","def_success_rate_allowed_w5","def_success_rate_allowed_exp","rb_rush_share_s2d","rb_rush_share_w3","rb_rush_share_w5","rb_rush_share_exp","wr_target_share_s2d","wr_target_share_w3","wr_target_share_w5","wr_target_share_exp","te_target_share_s2d","te_target_share_w3","te_target_share_w5","te_target_share_exp","qb_aypa_s2d","qb_aypa_w3","qb_aypa_w5","qb_aypa_exp","qb_sack_rate_s2d","qb_sack_rate_w3","qb_sack_rate_w5","qb_sack_rate_exp","roof_dome","roof_outdoor","weather_temp_f","weather_wind_mph","weather_precip_pct","weather_impact_score","weather_extreme_flag"]},"decision_tree":{"params":{"depth":6,"minSamples":8},"alpha":2},"bt":{"coefficients":[0.37910100774124506,-0.12154903250316601,-0.08713965673012622,0.002836991981801102,0.16169342023530192,0.0032360675717274462,0.002651760607026595,-0.0012500614225019423,0.0010957061535339387,0.0031616454376877747],"intercept":0.1859407252152881,"scaler":{"mu":[0.19077781514652592,-11.073367868711804,-0.36755189648959025,0,-0.002544905859687885,0,0,0,0,0],"sd":[64.20411165121565,536.4303757276479,12.307796693894598,1,0.09379220905389493,1,1,1,1,1]},"features":["diff_total_yards","diff_turnovers","diff_penalty_yards","diff_possession_seconds","diff_r_ratio","diff_elo_pre","diff_inj_out","diff_inj_skill_out","diff_inj_practice_dnp","diff_inj_out_trend"],"hyperparams":{"steps":1200,"learningRate":0.001,"l2":0.00001}},"ann":{"seeds":[1],"architecture":[92,128,64,32,1],"committee_size":1,"max_epochs":15,"dropout":0.5},"ensemble":{"weights":{"logistic":0.9,"tree":0,"bt":0,"ann":0.09999999999999998},"calibration":{"type":"platt","beta":-0.12219435657586505,"source":"platt"},"calibration_beta":-0.12219435657586505,"calibration_hash":"0e51a326830f62ca5cf3c8ea26878a25a8d3344a0e8963adfa48e7f822f8f40e","oof_variance":{"ann":{"mean":0.5595243869529097,"var":0.005790128581041828}}},"pca":[{"component":1,"explained_variance":0.1961964634589767,"top_loadings":[{"feature":"losses_s2d","loading":0.23718897674576048},{"feature":"def_rush_yds_s2d","loading":0.20594870002283064},{"feature":"def_total_yds_s2d","loading":0.19337377792607555},{"feature":"def_1st_down_s2d","loading":0.18637857308371744},{"feature":"net_yds_5g","loading":-0.17855571693331543},{"feature":"off_success_rate_w5","loading":-0.17701885816017682},{"feature":"off_success_rate_s2d","loading":-0.1756148869168016},{"feature":"def_pass_yds_s2d","loading":0.1747446788499229},{"feature":"off_turnovers_s2d","loading":0.1705770432518434},{"feature":"net_yds_3g","loading":-0.1703586624699074}]},{"component":2,"explained_variance":0.1766931337758203,"top_loadings":[{"feature":"off_total_yds_s2d",