{"season":2000,"week":15,"generated_at":"2025-11-07T00:06:56.125Z","feature_hash":"44e767a7f52ea9f6e5daa5f1bc2ac9eb0549e2b8","logistic":{"weights":[-0.3516478138359247,0.02179418274001117,-0.052689043489995695,0.03799248442310531,0.1343112778700158,0.06017253359151172,0.013211232767277793,0.366730125651539,-0.16737607456152,-0.3676898017596742,2.884456900858303,-2.4596664426088135,0,0,0,0,0.9282011237507845,-0.44872953915792585,-0.8474801811549991,0.1751239901508611,-2.588233189010407,0.35241581512743114,0,0,0,0,0,0,0,0,0,0,0,0,0,0,0,0,0,0,0.1333228909893823,0.10788540095776629,-0.12129088510423232,0.27764998555608494,0.22156617336122741,-0.4113478796006142,-0.5622635708778779,0,0,0,0,0,0,0,0,0,0,0,0,0,0,0,0,0,0,-0.20897923261349183,0.2143743233228231,0.040262055538302935,-0.2955149754561259,-0.03203418692016204,0.14624418452122148,-0.07072645956161057,-0.38468077335477835,-0.05287481711498859,-0.46842087081133355,-0.07739054551775859,-0.10363544475909105,-0.09873472291125762,0.5763377553912968,-0.08554859669354715,-0.12514108916815106,0,0,0,0,0.005635555180065708,-0.005635555180065771,0.005635555180066594,-0.005635555180065759,0,0,0],"bias":0.2859399814265935,"scaler":{"mu":[137.07389162561577,1633.5467980295566,559.0886699507389,1074.4581280788177,8.172413793103448,137.4630541871921,1634.8226600985222,542.2019704433498,1092.6206896551723,6.068965517241379,2.4285714285714284,2.4876847290640396,1,0,0,0,0.02691561895904208,-13.100393141653747,0.12032322956224986,-0.13051740855278768,1449.8490397712058,-0.3072453397317838,0,0,0,0,0,0,0,0,0,0,0,0,0,0,0,0,0,0,302.15599343185534,303.11592775041055,306.85796387520537,305.16748768472917,-4.701970443349753,-2.051559934318555,2.8620282379386515,0,0,0,0,0,0,0,0,0,0,0,0,0,0,0,0,0,0,0.7884124250162956,0.7904653690381451,0.7927237583971279,0.7800522609313937,0.6056721218682551,0.6005416108206898,0.603998343654716,0.6041753632009129,0.1566370511259373,0.16038142777428663,0.1583889027332821,0.1545845662552444,3.1612202015322666,3.0221964529557357,3.046943935449077,3.3434081996470835,0,0,0,0,0.19704433497536947,0.8029556650246306,65.98522167487685,4.014778325123153,0,0,0],"sd":[90.32764366448626,1070.4104509599254,410.94789143824715,706.8358913572384,5.964990437743492,92.04428343378765,1101.1208879727371,388.34637882547094,736.8096043547987,4.469400331580747,2.0094778942450535,2.2202818041336108,1,1,1,1,1132.7742375893426,1295.8836235990536,7.2403438479997755,5.288759628398379,4.124523596882611,5.533736844177131,1,1,1,1,1,1,1,1,1,1,1,1,1,1,1,1,1,1,109.61864167197936,106.84239719703098,104.66473148207776,101.99294319624651,76.22011908489085,68.35135638026901,2.154702401604431,1,1,1,1,1,1,1,1,1,1,1,1,1,1,1,1,1,1,0.12161699993561552,0.14295076901353063,0.12763721324970378,0.13195845878722,0.08218882854578645,0.09447313045561427,0.08733692830439915,0.08232336986116405,0.07331001685681797,0.08031914751043394,0.07542647596491965,0.07743362276094731,1.5544876040515803,1.964660956397991,1.6955823102408996,1.846691047762009,1,1,1,1,0.39776609336327756,0.39776609336327756,1.9888304668163868,1.9888304668163872,1,1,1]},"features":["off_1st_down_s2d","off_total_yds_s2d","off_rush_yds_s2d","off_pass_yds_s2d","off_turnovers_s2d","def_1st_down_s2d","def_total_yds_s2d","def_rush_yds_s2d","def_pass_yds_s2d","def_turnovers_s2d","wins_s2d","losses_s2d","home","sim_winrate_same_loc_s2d","sim_pointdiff_same_loc_s2d","sim_count_same_loc_s2d","off_total_yds_s2d_minus_opp","def_total_yds_s2d_minus_opp","off_turnovers_s2d_minus_opp","def_turnovers_s2d_minus_opp","elo_pre","elo_diff","rest_days","rest_diff","off_third_down_att_s2d","off_third_down_conv_s2d","off_third_down_pct_s2d","off_red_zone_att_s2d","off_red_zone_td_s2d","off_red_zone_td_pct_s2d","off_dropbacks_s2d","off_sacks_taken_s2d","off_sack_rate_s2d","off_pass_att_s2d","off_rush_att_s2d","off_neutral_pass_rate_s2d","off_third_down_pct_s2d_minus_opp","off_red_zone_td_pct_s2d_minus_opp","off_sack_rate_s2d_minus_opp","off_neutral_pass_rate_s2d_minus_opp","off_yds_for_3g","off_yds_for_5g","def_yds_against_3g","def_yds_against_5g","net_yds_3g","net_yds_5g","qb_ypa_3g","qb_sack_rate_3g","qb_qbr","off_epa_per_play_s2d","off_epa_per_play_w3","off_epa_per_play_w5","off_epa_per_play_exp","off_success_rate_s2d","off_success_rate_w3","off_success_rate_w5","off_success_rate_exp","def_epa_per_play_allowed_s2d","def_epa_per_play_allowed_w3","def_epa_per_play_allowed_w5","def_epa_per_play_allowed_exp","def_success_rate_allowed_s2d","def_success_rate_allowed_w3","def_success_rate_allowed_w5","def_success_rate_allowed_exp","rb_rush_share_s2d","rb_rush_share_w3","rb_rush_share_w5","rb_rush_share_exp","wr_target_share_s2d","wr_target_share_w3","wr_target_share_w5","wr_target_share_exp","te_target_share_s2d","te_target_share_w3","te_target_share_w5","te_target_share_exp","qb_aypa_s2d","qb_aypa_w3","qb_aypa_w5","qb_aypa_exp","qb_sack_rate_s2d","qb_sack_rate_w3","qb_sack_rate_w5","qb_sack_rate_exp","roof_dome","roof_outdoor","weather_temp_f","weather_wind_mph","weather_precip_pct","weather_impact_score","weather_extreme_flag"]},"decision_tree":{"params":{"depth":6,"minSamples":11},"alpha":2},"bt":{"coefficients":[0.1578362502818358,-0.09122053008037824,0.04783162464712842,0.0037252755879436127,-0.20227351758487777,0.003321468122241582,0.00008207256292666101,0.000828496311102867,-0.0013605634197482281,-0.000751594572339824],"intercept":0.0672526468973074,"scaler":{"mu":[-1.7392172719099694,15.733832145509917,-0.6657382060613009,0,0.0001220807053168206,0,0,0,0,0],"sd":[74.82661651929307,518.4436483048512,15.112225022672487,1,0.09457318101551418,1,1,1,1,1]},"features":["diff_total_yards","diff_turnovers","diff_penalty_yards","diff_possession_seconds","diff_r_ratio","diff_elo_pre","diff_inj_out","diff_inj_skill_out","diff_inj_practice_dnp","diff_inj_out_trend"],"hyperparams":{"steps":1200,"learningRate":0.001,"l2":0.00001}},"ann":{"seeds":[1],"architecture":[92,128,64,32,1],"committee_size":1,"max_epochs":15,"dropout":0.5},"ensemble":{"weights":{"logistic":0.75,"tree":0.15,"bt":0,"ann":0.1},"calibration":{"type":"platt","beta":0.03156684986869439,"source":"platt"},"calibration_beta":0.03156684986869439,"calibration_hash":"ed20cb23b3376ffd082d7dd25734ff732aa8d037d07f649172c18b2f0adb5d08","oof_variance":{"ann":{"mean":0.54093344957289,"var":0.012436686591911978}}},"pca":[{"component":1,"explained_variance":0.26399056038481666,"top_loadings":[{"feature":"def_total_yds_s2d","loading":0.281097106569164},{"feature":"def_pass_yds_s2d","loading":0.27946035607363545},{"feature":"def_1st_down_s2d","loading":0.2790103476817034},{"feature":"off_total_yds_s2d","loading":0.2756695142056573},{"feature":"off_1st_down_s2d","loading":0.2755082960103713},{"feature":"off_pass_yds_s2d","loading":0.27262227947105633},{"feature":"def_rush_yds_s2d","loading":0.2668051689162366},{"feature":"off_turnovers_s2d","loading":0.26055762199538285},{"feature":"off_rush_yds_s2d","loading":0.24913211440190489},{"feature":"def_turnovers_s2d","loading":0.23314026568703222}]},{"component":2,"explained_variance":0.143755175631405,"top_loadings":[{"feature":"wr_target_share_w5","loading":-0.33421843455570754},{"feature":"wr_target_share_s2d","loading":-0.3334423804327867},{"feature":"wr_target_share_exp","loading":-0.33082208016888026},{"feature":"wr_target_share_w3","loading":-0.32449820669127394},{"feature":"te_target_share_w5","loading":0.3082026849278322},{"feature":"te_target_share_s2d","loading":0.3007578901715249},{"feature":"te_target_share_w3","loading":0.29854067997766587},{"feature":"te_target_share_exp","loading":0.274921855614449},{"feature":"weather_temp_f","loading":-0.16190354548214833},{"feature":"weather_wind_mph","loading":0.16190354548214833}]},{"component":3,"explained_variance":0.11090227275073455,"top_loadings":[{"feature":"net_yds_5g","loading":0.27962121487861086},{"feature":"net_yds_3g","loading":0.2704621575214419},{"feature":"elo_pre","loading":0.25988241936061346},{"feature":"weather_temp_f",