{"season":1999,"week":20,"generated_at":"2025-11-07T00:05:34.831Z","feature_hash":"1118aec35416218aa23e088b98b651e6d3299031","logistic":{"weights":[0.04321470814953508,0.28472041842535967,0.44441429110211783,0.1651967815323277,-0.28762864285404177,-0.3218502550508,-0.18689494005214746,0.16706742973888247,-0.3525410732594223,-0.0027219219027002617,2.7227933309305143,-2.201399316300563,0,0,0,0,1.0483651609005797,-0.5689080531673426,-1.0292537384157434,0.23333814613388662,-1.8693445663861856,-0.383110926922198,0,0,0,0,0,0,0,0,0,0,0,0,0,0,0,0,0,0,0.052384075929232776,0.12634950291543426,0.03418693883404191,0.1718136356915213,-0.07375548966497687,-0.15652913736771873,-0.5418807821040996,0,0,0,0,0,0,0,0,0,0,0,0,0,0,0,0,0,0,-0.06944322095915967,0.053918852694846114,0.009089524085690933,-0.13930744486539365,-0.047879462492956985,0.07111230438172801,-0.04440483740051662,-0.05438197389868009,0.0924167429626632,-0.09417183014429499,-0.03508447642806387,0.16994951043680798,-0.026931670344368042,0.2997981125953254,0.02822861267793365,-0.1775238786967652,0,0,0,0,0.08658467872118362,-0.08658467872118367,0.08658467872118404,-0.08658467872118367,0,0,0],"bias":0.7759600176457876,"scaler":{"mu":[153.03515625,1848.328125,595.27734375,1253.05078125,9.94921875,154.859375,1860.65234375,601.40234375,1259.25,7.41015625,2.78125,2.8828125,1,0,0,0,-88.78766827901427,-85.36760226111134,-0.7010996671432057,-0.09348615226798365,1450.190175234032,-0.10977186364168379,0,0,0,0,0,0,0,0,0,0,0,0,0,0,0,0,0,0,309.5507812499998,308.16158854166673,310.087890625,308.87584635416675,-0.5371093750000011,-0.7142578125000012,2.962104588925698,0,0,0,0,0,0,0,0,0,0,0,0,0,0,0,0,0,0,0.7956070070847991,0.7939065354582024,0.7936534154242622,0.7743846975649065,0.6058110321175538,0.6031304676568056,0.6048947201833899,0.5951286730341856,0.15678268041617627,0.15996932204124564,0.15679608095099004,0.1491359458421926,3.279361854160643,3.1583937490200076,3.2434044749164537,3.35646628021155,0,0,0,0,0.234375,0.765625,66.171875,3.828125,0,0,0],"sd":[103.0982670576382,1243.3189083895509,412.8714393418299,860.3286216702398,7.247397119976829,109.12304797616943,1284.3743705269044,446.7225507384386,868.9269424123066,6.12115108460704,2.356631268887859,2.628334470695035,1,1,1,1,1468.4164890573404,1495.8278556118405,9.306514621096536,7.595466633740399,4.69991734920136,6.550296517263933,1,1,1,1,1,1,1,1,1,1,1,1,1,1,1,1,1,1,99.42510105539625,96.63369421407411,97.06893994731269,94.60938186037595,66.21221759750246,59.69928531893426,2.070748193238583,1,1,1,1,1,1,1,1,1,1,1,1,1,1,1,1,1,1,0.13301939410344452,0.1503114089315547,0.14439907312366462,0.16257475400048035,0.08458635362696769,0.09773931394265506,0.09165136742239896,0.10548238858741475,0.06524224179364886,0.07507436601427436,0.07079480179810826,0.07140354370201724,1.6289530266539578,2.0135936567140416,1.8416565674528103,1.775085204280192,1,1,1,1,0.4236075534914362,0.4236075534914362,2.118037767457181,2.118037767457181,1,1,1]},"features":["off_1st_down_s2d","off_total_yds_s2d","off_rush_yds_s2d","off_pass_yds_s2d","off_turnovers_s2d","def_1st_down_s2d","def_total_yds_s2d","def_rush_yds_s2d","def_pass_yds_s2d","def_turnovers_s2d","wins_s2d","losses_s2d","home","sim_winrate_same_loc_s2d","sim_pointdiff_same_loc_s2d","sim_count_same_loc_s2d","off_total_yds_s2d_minus_opp","def_total_yds_s2d_minus_opp","off_turnovers_s2d_minus_opp","def_turnovers_s2d_minus_opp","elo_pre","elo_diff","rest_days","rest_diff","off_third_down_att_s2d","off_third_down_conv_s2d","off_third_down_pct_s2d","off_red_zone_att_s2d","off_red_zone_td_s2d","off_red_zone_td_pct_s2d","off_dropbacks_s2d","off_sacks_taken_s2d","off_sack_rate_s2d","off_pass_att_s2d","off_rush_att_s2d","off_neutral_pass_rate_s2d","off_third_down_pct_s2d_minus_opp","off_red_zone_td_pct_s2d_minus_opp","off_sack_rate_s2d_minus_opp","off_neutral_pass_rate_s2d_minus_opp","off_yds_for_3g","off_yds_for_5g","def_yds_against_3g","def_yds_against_5g","net_yds_3g","net_yds_5g","qb_ypa_3g","qb_sack_rate_3g","qb_qbr","off_epa_per_play_s2d","off_epa_per_play_w3","off_epa_per_play_w5","off_epa_per_play_exp","off_success_rate_s2d","off_success_rate_w3","off_success_rate_w5","off_success_rate_exp","def_epa_per_play_allowed_s2d","def_epa_per_play_allowed_w3","def_epa_per_play_allowed_w5","def_epa_per_play_allowed_exp","def_success_rate_allowed_s2d","def_success_rate_allowed_w3","def_success_rate_allowed_w5","def_success_rate_allowed_exp","rb_rush_share_s2d","rb_rush_share_w3","rb_rush_share_w5","rb_rush_share_exp","wr_target_share_s2d","wr_target_share_w3","wr_target_share_w5","wr_target_share_exp","te_target_share_s2d","te_target_share_w3","te_target_share_w5","te_target_share_exp","qb_aypa_s2d","qb_aypa_w3","qb_aypa_w5","qb_aypa_exp","qb_sack_rate_s2d","qb_sack_rate_w3","qb_sack_rate_w5","qb_sack_rate_exp","roof_dome","roof_outdoor","weather_temp_f","weather_wind_mph","weather_precip_pct","weather_impact_score","weather_extreme_flag"]},"decision_tree":{"params":{"depth":6,"minSamples":14},"alpha":2},"bt":{"coefficients":[0.13824316643804105,-0.11526316341969232,-0.04908446074365328,0.0023558327090040317,0.013561992669943764,-0.004857629678463047,-0.0017196564654716495,0.0014273109680467083,-0.004171915201459327,-0.003923660922582273],"intercept":0.18364049013159625,"scaler":{"mu":[-1.1644670111725464,11.947984191309093,-0.5526922516438831,0,-0.004390629177893391,0,0,0,0,0],"sd":[57.809755284999085,530.9817438232666,14.229782459645339,1,0.1135877875584714,1,1,1,1,1]},"features":["diff_total_yards","diff_turnovers","diff_penalty_yards","diff_possession_seconds","diff_r_ratio","diff_elo_pre","diff_inj_out","diff_inj_skill_out","diff_inj_practice_dnp","diff_inj_out_trend"],"hyperparams":{"steps":1200,"learningRate":0.001,"l2":0.00001}},"ann":{"seeds":[1],"architecture":[92,128,64,32,1],"committee_size":1,"max_epochs":15,"dropout":0.5},"ensemble":{"weights":{"logistic":0.9,"tree":0,"bt":0,"ann":0.09999999999999998},"calibration":{"type":"platt","beta":0.11666401943620139,"source":"platt"},"calibration_beta":0.11666401943620139,"calibration_hash":"abee419ec078f48ec78e8dd695b2ce6db28f1cf22b3783f7ee45455283cdac52","oof_variance":{"ann":{"mean":0.5419431716901439,"var":0.012426008567290302}}},"pca":[{"component":1,"explained_variance":0.2662464838933762,"top_loadings":[{"feature":"def_pass_yds_s2d","loading":0.2800213566967518},{"feature":"def_total_yds_s2d","loading":0.2795436329656781},{"feature":"def_1st_down_s2d","loading":0.2782135017014317},{"feature":"off_total_yds_s2d","loading":0.27789783578892746},{"feature":"off_1st_down_s2d","loading":0.2771876277620377},{"feature":"off_pass_yds_s2d","loading":0.2756934802653682},{"feature":"off_rush_yds_s2d","loading":0.2623786283919801},{"feature":"def_rush_yds_s2d","loading":0.2590435073160159},{"feature":"off_turnovers_s2d","loading":0.25505833397927546},{"feature":"def_turnovers_s2d","loading":0.2319162664008615}]},{"component":2,"explained_variance":0.13245739713528482,"top_loadings":[{"feature":"wr_target_share_w5","loading":-0.30934775296196587},{"feature":"wr_target_share_s2d","loading":-0.3026377224810184},{"feature":"te_target_share_w5","loading":0.2980796165742498},{"feature":"te_target_share_exp","loading":0.2966667624726906},{"feature":"wr_target_share_w3","loading":-0.29562153908704936},{"feature":"te_target_share_s2d","loading":0.2934994698445992},{"feature":"te_target_share_w3","loading":0.2762644925584234},{"feature":"roof_dome","loading":-0.22876772302026735},{"feature":"roof_outdoor","loading":0.22876772302026735},{"feature":"weather_temp_f","loading":-0.22876772302026735}]},{"component":3,"explained_variance":0.10368710423106502,"top_loadings":[{"feature":"qb_aypa_w5","loading":0.29991081150038623},{"feature":"qb_aypa_s2d","loading":0.29807543071059567},{"feature":"qb_aypa_w3","loading":0.2831945016633557},{"feature":"elo_pre","loading":0.255743295455832},{"feature":"qb_aypa_exp","loading":0.25419740173167943},{"feature":"elo_diff","loading":0.2399060041408385},{"feature":"net_yds_5g",