{"season":2021,"week":4,"generated_at":"2025-11-07T00:47:11.615Z","feature_hash":"6dd30aad36f1d884ac54ab66e11e4778b88a959a","logistic":{"weights":[-0.6493341293584459,-0.6045129043147744,-0.020029642270602024,-0.7436838063071788,1.5108702562369707,0.7650908091324956,0.21574217928462844,-0.08826867720910314,0.2987014535727312,-1.1502410683563555,3.1706318012223536,-2.803117523000686,0,0,0,0,0.7997419511379913,-0.6284167767181363,-1.0194828103385745,0.5761830472604024,-3.6557666571345475,0.1841204919114702,0,0,0,0,0,0,0,0,0,0,0,0,0,0,0,0,0,0,-0.2667644756541766,-0.15607880884046077,0.1619868819007268,-0.1298504705573478,-0.34280783550840505,0.11709254646555237,-0.055316047442945424,0,0,2.3992506021669864,1.0747998893278694,0.04331798441789713,-0.2861144736856874,0.3708393515491635,0.15194950810938837,-0.3901575719810313,-0.4832255676603159,-1.858940859406212,-1.0065684552182403,0.2165957545996038,0.9050473226121892,-0.2047527809865154,0.7568427764374626,-0.15499743958856185,-0.16852018869071198,-0.3489287850027085,0.371635208577711,-0.6031232587793253,0.45743090702702494,0.025166244035491513,0.35443251491050826,-0.0030080394114109835,-0.07670194828934888,0.061117788396381996,0.34262756446683285,0.34767888488464277,-0.20212234178993213,-0.006458115360896913,-0.11267115185355964,-0.5609220312914225,0.583926945773921,0,0,0,0,0.03872984571783032,0.26194572183542647,0.038729845717831377,-0.038729845717830044,0,0,0,0.2353000383585444,-0.07810373511662705,-0.30560228673724427,-0.1433715118063153,-0.04975826947858408,0.2442101779446067,0.6949400163952081,0.38686634570640227,0,0.4271377992529659,-0.14864103422312394,0.134693545564225,0.280276969857895,-0.08098669152913827,-0.6546795249925298,0.23755088732748,0.04676501358919545,-0.4432838829273416,0.43008621721978785,-0.08991196430114054,0.461194668852096,-0.30527956982028154,0.08143160254346986,-0.4394068925064389,-0.3592669895200541,-0.08312747882044409,-0.5111446497660272,-0.11567347455756466,-0.7442452856123153,-0.2441187236656577,-0.750762984005285,0.8568699900060248,0.14173124182431207,0.1112279159943628,-0.13348650257851613,-0.5320450478006931,-0.15376115109050115,0.0266341562673244,-0.168676765799235,-0.3187336465314662,-0.4535728056640755],"bias":-0.1091532475068117,"scaler":{"mu":[66.125,761.2083333333334,221.27083333333334,539.9375,2.5208333333333335,63.375,745.8541666666666,212.16666666666666,533.6875,1.5833333333333333,1,1,1,0,0,0,27.67758848030714,-4.177231761665294,0.12916180606164554,-0.08602133247048394,1450.000374763241,0.0007495264824228798,0,0,0,0,0,0,0,0,0,0,0,0,0,0,0,0,0,0,252.625,252.625,255.76041666666666,255.76041666666666,-3.1354166666666665,-3.1354166666666665,5.2324808362873325,0,0,0.012506073733781835,0.012506073733781835,0.012506073733781835,0.009311604017606556,0.4369912226310632,0.4369912226310632,0.4369912226310632,0.4354688703039618,0.015071139311916124,0.015071139311916124,0.015071139311916124,0.01673423378113196,0.4379864243280897,0.4379864243280897,0.4379864243280897,0.4359693329800513,0.8071310730778039,0.8071310730778039,0.8071310730778039,0.8138473244514114,0.5873655571532975,0.5873655571532975,0.5873655571532975,0.5837691078855918,0.20596907349624372,0.20596907349624372,0.20596907349624372,0.20764933532329166,7.970076641323289,7.970076641323289,7.970076641323289,7.8517698488604895,0,0,0,0,0.16666666666666666,0.7291666666666666,65.83333333333333,4.166666666666667,0,0,0,-0.6458333333333334,-2.5416666666666665,-0.10000000000000003,-1.7708333333333333,-0.4437499999999999,-0.10416666666666667,0,0.08333333333333333,0,-0.009708333333333338,4.729166666666667,4.916666666666667,1.4833333333333334,0.041666666666666664,-0.8625000000000007,1.3083333333333333,3.3125,1.4166666666666667,0.3125,-0.0625,-0.0625,-0.041666666666666664,-0.16666666666666666,-0.5833333333333334,-0.020833333333333332,-0.003187500000000005,-0.0625,-0.0070625,0.75,0.02533333333333333,-0.020833333333333332,-0.7916666666666666,-0.375,0.08333333333333333,-0.3125,-0.055020833333333324,-0.041666666666666664,0.0625,0.03539583333333333,0.10416666666666667,-2.212499999999999],"sd":[30.641492157965587,341.7096695498811,117.48364063124798,250.42442358341037,1.9683917222499747,27.3660563776856,321.4607278750737,104.94171662827367,240.80897998984588,1.5523280008497629,0.8416254115301732,0.8416254115301732,1,1,1,1,201.09889634166856,176.49546903028607,2.211070216087549,2.19320687910321,1.2485067404058474,1.7664489416941567,1,1,1,1,1,1,1,1,1,1,1,1,1,1,1,1,1,1,185.76899577611616,185.76899577611616,188.4175048701501,188.4175048701501,73.2738683797054,73.2738683797054,3.9931612592720658,1,1,0.11615722016465811,0.11615722016465811,0.11615722016465811,0.1204062300149879,0.047332401036017435,0.047332401036017435,0.047332401036017435,0.04528910774828601,0.1016238766334376,0.1016238766334376,0.1016238766334376,0.11088605787763788,0.04623811013505172,0.04623811013505172,0.04623811013505172,0.04602564117912664,0.09113276799550794,0.09113276799550794,0.09113276799550794,0.09393814043246929,0.12209182967198917,0.12209182967198917,0.12209182967198917,0.12586265748315364,0.08318419295152295,0.08318419295152295,0.08318419295152295,0.0815388503556334,1.3874524302900775,1.3874524302900775,1.3874524302900775,1.5020210918388528,1,1,1,1,0.3726779962499649,0.4443901876604489,1.8633899812498251,1.863389981249825,1,1,1,3.198238990270879,12.288135085882187,7.40754120249538,5.233066275033106,1.3239628409312199,0.4672429477501211,0.2041241452319315,0.9316949906249123,1,0.625367090806583,17.60887510998045,17.57345694190215,10.082375987611035,0.3510895738823482,43.57381010519201,18.25264630737752,15.737635689115864,13.241087149055732,1.4456291882775472,0.47461607291227154,0.37673211083385677,0.19982631347136343,0.58925565098879,2.5563102750296607,0.6919050793923175,0.3580725401513172,2.085727790644471,0.05328281705906698,3.79418414594407,0.17295222525952716,2.0563882510092513,7.610185973782478,3.072899011248716,3.226410113767656,5.9866387689587555,0.2134106457809424,0.2856522750167102,0.47461607291227154,0.36504935394542504,0.3673998351780917,39.48694206633378]},