{"season":2012,"week":12,"generated_at":"2025-11-07T00:28:56.522Z","feature_hash":"b683ba1770abd02063152d8d2d986e0683644ac9","logistic":{"weights":[-0.4079257589489799,-0.7093497028668339,-0.7717951546177856,-0.576083461130616,1.0430274000281714,0.9616409667047627,0.061157470599710835,-0.002099084193575715,0.02891734147996715,-0.7688442068427376,3.3383765543041863,-3.1722593170577293,0,0,0,0,0.855026851978673,-0.5438117253400824,-0.7333549998039998,0.7698158415781003,-3.4140325108935334,-0.017966797759012998,0,0,0,0,0,0,0,0,0,0,0,0,0,0,0,0,0,0,-0.17109283579641374,-0.0075862477539640405,0.12399328808180025,0.15502320614168452,-0.22589524120495366,-0.09428721738820191,-0.019657346321364757,0,0,1.5942835878040849,1.4356282674283471,-0.06525315344157616,-0.7646101352874888,0.37205873558638597,0.3825216155734566,-0.5841213038515773,0.02562596356309904,-1.7412612937214016,-0.7950213282885462,-0.43103268584744786,0.5475352768898233,-0.14179705886545493,0.5693302989044868,0.30748080497205754,0.24978426489055552,-0.2943866722175873,0.08982073507909033,-0.31115003506156336,0.791283163682153,-0.1725269026441778,0.35282575912097475,-0.19276156723075863,-0.380912508199884,0.06364535861368253,0.06750760170404348,-0.007346944815500864,0.06671277386101629,0.5218268576439922,-0.281804357271869,0.16034795101719834,-0.20248491588962306,0,0,0,0,0.16336483013913441,-0.1677887649831506,0.16336483013913616,-0.16336483013913428,0,0,0],"bias":1.0643670776858392,"scaler":{"mu":[121.13207547169812,1425.0880503144654,447.6981132075472,977.3899371069182,5.610062893081761,121.27672955974843,1416.132075471698,437.47169811320754,978.6603773584906,4.547169811320755,2.10062893081761,1.8050314465408805,1,0,0,0,99.9800369168162,108.32593573294022,0.42196109528137116,0.1497595486873327,1450.0152926336887,-0.001324144998511513,0,0,0,0,0,0,0,0,0,0,0,0,0,0,0,0,0,0,327.9895178197065,327.8368972746331,328.21278825995796,327.7784067085952,-0.2232704402515752,0.05849056603773485,7.560745737249963,0,0,0.023342976081640477,0.020347279099043956,0.02249410164177804,0.018368790321131968,0.44245350667448513,0.444324869235999,0.4430065053670084,0.4421108466760351,0.021887322844612433,0.020224486953026526,0.021890181409480573,0.018816832010953726,0.443417147210657,0.44418670599764387,0.444192864951847,0.44315925279717877,0.8412537044088201,0.8431368817991581,0.8419774508188607,0.834753500692599,0.6008100259331195,0.6015181331201674,0.6012855494886398,0.606864260211882,0.22188836634824613,0.21915631372088712,0.22097459441264125,0.21954766669304465,8.425134092695043,8.37220685306191,8.411330889898963,8.451472360860558,0,0,0,0,0.15723270440251572,0.7421383647798742,65.78616352201257,4.213836477987422,0,0,0],"sd":[72.45654635385885,858.5549683954874,315.64265589881086,579.704814408526,4.23509142370193,76.55334079443233,890.0444205804473,293.15164065570053,619.8403408769665,3.6886671813729293,1.5669341477273226,1.5233114682164623,1,1,1,1,971.3741859446545,1041.141827547047,5.777500099257386,4.793631672494096,2.933328402679282,4.164650062087322,1,1,1,1,1,1,1,1,1,1,1,1,1,1,1,1,1,1,120.8934906791367,119.21825860313221,123.72140616077843,120.11547545708596,77.69920146643435,67.17997690705499,2.83498412816624,1,1,0.07503193856585588,0.0886807182313118,0.07835826443689509,0.09514425613500684,0.037581327915852114,0.0411071412630572,0.03762449680837211,0.04447822685338906,0.08156846003943942,0.091622732898434,0.0835129896196023,0.09724958541986757,0.0333591661826386,0.03759283177830324,0.03485777937240636,0.04016457850507315,0.08495545643458427,0.09615488837351154,0.08890814825122993,0.09107770096472845,0.0804364930338825,0.08119925828489076,0.07980288403880197,0.08657842658669372,0.06121396104301592,0.0660171660688139,0.062160957293688465,0.06641739612244783,1.0960826870033122,1.1872941602381595,1.1500424080855272,1.1419877269577032,1,1,1,1,0.36402002838962977,0.43745744056048264,1.8201001419481495,1.8201001419481493,1,1,1]},"features":["off_1st_down_s2d","off_total_yds_s2d","off_rush_yds_s2d","off_pass_yds_s2d","off_turnovers_s2d","def_1st_down_s2d","def_total_yds_s2d","def_rush_yds_s2d","def_pass_yds_s2d","def_turnovers_s2d","wins_s2d","losses_s2d","home","sim_winrate_same_loc_s2d","sim_pointdiff_same_loc_s2d","sim_count_same_loc_s2d","off_total_yds_s2d_minus_opp","def_total_yds_s2d_minus_opp","off_turnovers_s2d_minus_opp","def_turnovers_s2d_minus_opp","elo_pre","elo_diff","rest_days","rest_diff","off_third_down_att_s2d","off_third_down_conv_s2d","off_third_down_pct_s2d","off_red_zone_att_s2d","off_red_zone_td_s2d","off_red_zone_td_pct_s2d","off_dropbacks_s2d","off_sacks_taken_s2d","off_sack_rate_s2d","off_pass_att_s2d","off_rush_att_s2d","off_neutral_pass_rate_s2d","off_third_down_pct_s2d_minus_opp","off_red_zone_td_pct_s2d_minus_opp","off_sack_rate_s2d_minus_opp","off_neutral_pass_rate_s2d_minus_opp","off_yds_for_3g","off_yds_for_5g","def_yds_against_3g","def_yds_against_5g","net_yds_3g","net_yds_5g","qb_ypa_3g","qb_sack_rate_3g","qb_qbr","off_epa_per_play_s2d","off_epa_per_play_w3","off_epa_per_play_w5","off_epa_per_play_exp","off_success_rate_s2d","off_success_rate_w3","off_success_rate_w5","off_success_rate_exp","def_epa_per_play_allowed_s2d","def_epa_per_play_allowed_w3","def_epa_per_play_allowed_w5","def_epa_per_play_allowed_exp","def_success_rate_allowed_s2d","def_success_rate_allowed_w3","def_success_rate_allowed_w5","def_success_rate_allowed_exp","rb_rush_share_s2d","rb_rush_share_w3","rb_rush_share_w5","rb_rush_share_exp","wr_target_share_s2d","wr_target_share_w3","wr_target_share_w5","wr_target_share_exp","te_target_share_s2d","te_target_share_w3","te_target_share_w5","te_target_share_exp","qb_aypa_s2d","qb_aypa_w3","qb_aypa_w5","qb_aypa_exp","qb_sack_rate_s2d","qb_sack_rate_w3","qb_sack_rate_w5","qb_sack_rate_exp","roof_dome","roof_outdoor","weather_temp_f","weather_wind_mph","weather_precip_pct","weather_impact_score","weather_extreme_flag"]},"decision_tree":{"params":{"depth":6,"minSamples":8},"alpha":2},"bt":{"coefficients":[0.2004021684602095,-0.24889246095470874,0.041326992076425755,0.003647465671189597,0.056031218586592296,0.0046301540777794244,-0.0011873886923003036,-0.0007777039551847152,-0.003105751550506855,0.004602894775168434],"intercept":0.1667881368530583,"scaler":{"mu":[-0.792705825020071,-48.60269962889713,0.2288164416158166,0,-0.00797501496215565,0,0,0,0,0],"sd":[61.725018257897204,548.8434082428097,15.100897933226383,1,0.08997464877920654,1,1,1,1,1]},"features":["diff_total_yards","diff_turnovers","diff_penalty_yards","diff_possession_seconds","diff_r_ratio","diff_elo_pre","diff_inj_out","diff_inj_skill_out","diff_inj_practice_dnp","diff_inj_out_trend"],"hyperparams":{"steps":1200,"learningRate":0.001,"l2":0.00001}},"ann":{"seeds":[1],"architecture":[92,128,64,32,1],"committee_size":1,"max_epochs":15,"dropout":0.5},"ensemble":{"weights":{"logistic":0.9,"tree":0,"bt":0,"ann":0.09999999999999998},"calibration":{"type":"platt","beta":0.04835267868066602,"source":"platt"},"calibration_beta":0.04835267868066602,"calibration_hash":"5618be9ef1e77ccacd8ab73b9e3103a815e690662dc17625fec4b062db244c84","oof_variance":{"ann":{"mean":0.5688288784399343,"var":0.027353656129988777}}},"pca":[{"component":1,"explained_variance":0.2023925296847755,"top_loadings":[{"feature":"def_total_yds_s2d","loading":0.2736710515160333},{"feature":"def_1st_down_s2d","loading":0.2704588757764563},{"feature":"def_pass_yds_s2d","loading":0.26795615917974974},{"feature":"def_rush_yds_s2d","loading":0.26433198619270243},{"feature":"off_total_yds_s2d","loading":0.2612231519120104},{"feature":"off_pass_yds_s2d","loading":0.26002778333583954},{"feature":"off_1st_down_s2d","loading":0.2544247072860867},{"feature":"losses_s2d","loading":0.23402070833165697},{"feature":"off_rush_yds_s2d","loading":0.2329693901631482},{"feature":"off_turnovers_s2d","loading":0.23225788361179953}]},{"component":2,"explained_variance":0.1708177411615535,"top_loadings":[{"feature":"te_target_share_exp",