{"season":2007,"week":7,"generated_at":"2025-11-07T00:19:16.182Z","feature_hash":"3fb35c0a35c495222a62bd59ac11ba88f7a59887","logistic":{"weights":[-0.5004009965930434,-0.35836312225299255,-0.42710934815517704,-0.2780056523860185,1.1800788844642285,0.7849577894726115,-0.023934506913972982,0.3462351766697876,-0.2556209415614505,-0.8399428512648512,2.6846140230237765,-2.7005403584419496,0,0,0,0,0.8484024305684253,-0.7632469435857634,-1.201028129394453,0.6803120986901695,-3.9041400356672806,0.23475644504931462,0,0,0,0,0,0,0,0,0,0,0,0,0,0,0,0,0,0,0.04741799893405191,0.33511215467662403,0.5174024058658022,0.2888495764465963,-0.6017816021959642,0.12337520136410438,-1.0788306316453486,0,0,0.9903389464258255,0.8489938451146194,0.5252526903681284,-0.2732462051102901,0.04744797236800455,-0.17098224147691873,-0.09750264116959408,-0.004478738044932774,-1.553321359753907,-0.8253975022797002,0.12764307376831643,0.1269050975311636,-0.2840643296552579,-0.5943915217525647,0.8246797556554603,0.06771647184462919,-0.2552121497125918,0.3213790478128494,0.018134215793146717,0.3280402255097098,-0.24993355609110163,-0.07319652202873471,0.10383830278543112,-0.06870134610697634,-0.0287957955802149,-0.2682488911914156,-0.43552773959980506,0.08780441900908452,0.4169260431798944,0.03243321988169325,-0.05141123203061808,0.09910871272403719,0,0,0,0,-0.2087346647267311,-0.3489591465938151,-0.20873466472673033,0.20873466472673116,0,0,0],"bias":0.7756753570184369,"scaler":{"mu":[91.76404494382022,1089.6629213483145,346.685393258427,742.9775280898876,5.247191011235955,91.85393258426966,1085.8988764044943,361.8314606741573,724.0674157303371,3.741573033707865,1.6853932584269662,1.5056179775280898,1,0,0,0,77.0645468890337,73.35338094442737,0.19738726627878816,0.3732382349549298,1450.0133880952947,-0.0013660910361992914,0,0,0,0,0,0,0,0,0,0,0,0,0,0,0,0,0,0,279.73595505617976,277.7848314606741,274.44756554307116,273.9247191011235,5.2883895131086165,3.860112359550564,6.515302248511935,0,0,-0.014918090942635433,-0.014600375647403204,-0.012474123733219813,-0.03263448545512783,0.4413849971688079,0.44279540307460763,0.44207010939101343,0.43353088838511544,-0.01719514628756478,-0.013013913536208606,-0.01693886374558788,-0.030961302916409236,0.44296483481398985,0.44482395109720424,0.4433115490644073,0.4348588799279836,0.8682693395218856,0.8671762079507196,0.8682681230930324,0.868749453829635,0,0,0,0,0.07865168539325842,0.056179775280898875,0.06741573033707865,0.04044943820224719,8.162687719097763,8.153808912629428,8.170688368868522,7.998692237204208,0,0,0,0,0.16853932584269662,0.7640449438202247,65.84269662921348,4.157303370786517,0,0,0],"sd":[51.44409477295928,600.8280979048126,199.13733026104634,431.32083466528906,3.6543983008209153,53.38466525637097,621.7188216105452,224.01541058321254,428.78466342670293,2.7418032690210272,1.320499612786873,1.3164780688428592,1,1,1,1,579.754750768341,643.8526831750867,4.560799828232962,2.940994580822306,2.145078145808304,2.902167048571731,1,1,1,1,1,1,1,1,1,1,1,1,1,1,1,1,1,1,141.82665081716996,140.75695017999237,139.29609378948766,138.3172375255751,83.71100845383265,81.66751240171946,3.389433393834328,1,1,0.10868189288973491,0.11304179740940308,0.10890704645706695,0.12553986053530664,0.047503218718114894,0.05081115805306504,0.047894207836287166,0.05036501505559411,0.10799006892879012,0.1181816987137242,0.10733258033670026,0.12025852673971561,0.044606847039973176,0.05001463279913392,0.04430347448600628,0.05043888743289094,0.05609674826333132,0.05918158535901002,0.05639440705204425,0.05916934762754673,1,1,1,1,0.2691943494541783,0.23026855653841785,0.25074060229686973,0.1818871740192752,1.4964648160029885,1.5736243494578368,1.5034012933470866,1.796890407161707,1,1,1,1,0.37434452244848754,0.42459423882452063,1.8717226122424355,1.8717226122424357,1,1,1]},"features":["off_1st_down_s2d","off_total_yds_s2d","off_rush_yds_s2d","off_pass_yds_s2d","off_turnovers_s2d","def_1st_down_s2d","def_total_yds_s2d","def_rush_yds_s2d","def_pass_yds_s2d","def_turnovers_s2d","wins_s2d","losses_s2d","home","sim_winrate_same_loc_s2d","sim_pointdiff_same_loc_s2d","sim_count_same_loc_s2d","off_total_yds_s2d_minus_opp","def_total_yds_s2d_minus_opp","off_turnovers_s2d_minus_opp","def_turnovers_s2d_minus_opp","elo_pre","elo_diff","rest_days","rest_diff","off_third_down_att_s2d","off_third_down_conv_s2d","off_third_down_pct_s2d","off_red_zone_att_s2d","off_red_zone_td_s2d","off_red_zone_td_pct_s2d","off_dropbacks_s2d","off_sacks_taken_s2d","off_sack_rate_s2d","off_pass_att_s2d","off_rush_att_s2d","off_neutral_pass_rate_s2d","off_third_down_pct_s2d_minus_opp","off_red_zone_td_pct_s2d_minus_opp","off_sack_rate_s2d_minus_opp","off_neutral_pass_rate_s2d_minus_opp","off_yds_for_3g","off_yds_for_5g","def_yds_against_3g","def_yds_against_5g","net_yds_3g","net_yds_5g","qb_ypa_3g","qb_sack_rate_3g","qb_qbr","off_epa_per_play_s2d","off_epa_per_play_w3","off_epa_per_play_w5","off_epa_per_play_exp","off_success_rate_s2d","off_success_rate_w3","off_success_rate_w5","off_success_rate_exp","def_epa_per_play_allowed_s2d","def_epa_per_play_allowed_w3","def_epa_per_play_allowed_w5","def_epa_per_play_allowed_exp","def_success_rate_allowed_s2d","def_success_rate_allowed_w3","def_success_rate_allowed_w5","def_success_rate_allowed_exp","rb_rush_share_s2d","rb_rush_share_w3","rb_rush_share_w5","rb_rush_share_exp","wr_target_share_s2d","wr_target_share_w3","wr_target_share_w5","wr_target_share_exp","te_target_share_s2d","te_target_share_w3","te_target_share_w5","te_target_share_exp","qb_aypa_s2d","qb_aypa_w3","qb_aypa_w5","qb_aypa_exp","qb_sack_rate_s2d","qb_sack_rate_w3","qb_sack_rate_w5","qb_sack_rate_exp","roof_dome","roof_outdoor","weather_temp_f","weather_wind_mph","weather_precip_pct","weather_impact_score","weather_extreme_flag"]},"decision_tree":{"params":{"depth":6,"minSamples":8},"alpha":4},"bt":{"coefficients":[0.10851833191773014,-0.08087423197395363,0.05985238295260866,-0.0019734708483305965,-0.02146494109388823,0.0012700866833501093,-0.00297070420639116,-0.003466784236037964,-0.002170376527167364,-0.004349981202711273],"intercept":0.0874109659985978,"scaler":{"mu":[-2.736775837478691,-6.088088534842266,-0.21448907712109164,0,0.005240534762607806,0,0,0,0,0],"sd":[52.754837608696704,549.0212240565579,13.695824443218306,1,0.09503880919274883,1,1,1,1,1]},"features":["diff_total_yards","diff_turnovers","diff_penalty_yards","diff_possession_seconds","diff_r_ratio","diff_elo_pre","diff_inj_out","diff_inj_skill_out","diff_inj_practice_dnp","diff_inj_out_trend"],"hyperparams":{"steps":1200,"learningRate":0.001,"l2":0.00001}},"ann":{"seeds":[1],"architecture":[92,128,64,32,1],"committee_size":1,"max_epochs":15,"dropout":0.5},"ensemble":{"weights":{"logistic":0.9,"tree":0,"bt":0,"ann":0.09999999999999998},"calibration":{"type":"platt","beta":-0.005053669144317104,"source":"platt"},"calibration_beta":-0.005053669144317104,"calibration_hash":"6c748719b8a7fccda87f4a17847009e8ca6c444bac265ae36a2bf1f2982f465c","oof_variance":{"ann":{"mean":0.5455105074804346,"var":0.016962405923811513}}},"pca":[{"component":1,"explained_variance":0.23612192727804177,"top_loadings":[{"feature":"off_1st_down_s2d","loading":-0.2568695042646838},{"feature":"off_total_yds_s2d","loading":-0.25628434707817965},{"feature":"off_pass_yds_s2d","loading":-0.2519194512773383},{"feature":"def_1st_down_s2d","loading":-0.24247468019285942},{"feature":"def_total_yds_s2d","loading":-0.2397697453384883},{"feature":"def_pass_yds_s2d","loading":-0.23906908707422347},{"feature":"off_rush_yds_s2d","loading":-0.22760538531364768},{"feature":"def_rush_yds_s2d","loading":-0.20784376115749523},{"feature":"off_yds_for_3g","loading":-0.206127987878524},{"feature":"off_yds_for_5g","loading":-0.20399980510583307}]},{"component":2,"explained_variance":0.16219096689251736,"top_loadings":[{"feature":"net_yds_5g","loading":-0.25106800936514184},{"feature":"losses_s2d","loading":0.2479963661717586},{"feature":"net_yds_3g",