{"season":2018,"week":20,"generated_at":"2025-11-07T00:41:01.001Z","feature_hash":"662e36e838330ce7930d56f76bf26847daf33412","logistic":{"weights":[-0.5332201209074027,-0.5366046391406301,-0.22393696702480057,-0.56162081502839,1.7942110304667822,0.5613910135690338,-0.09851452646639251,-0.18430943184656828,-0.08693995132328901,-0.6188424163805218,2.950228063042742,-2.6682613095461463,0,0,0,0,1.096625712249747,-0.9513373499359857,-1.1697193859784314,0.40139728668358454,-3.5972465679342096,0.13253043528261513,0,0,0,0,0,0,0,0,0,0,0,0,0,0,0,0,0,0,-0.2831360855258844,-0.026865089480974224,0.19224880115945808,0.2056134362970075,-0.47994533939477546,-0.17901345777426322,-0.01465641831670133,0,0,2.021439258759442,1.0573363869015422,-0.031669142284455915,-0.2174634701725697,0.4885088437406195,0.15873168590481254,0.1423675429865785,-0.02273641028806087,-1.9174848539976534,-1.4654862490529788,0.13505430438488691,0.9195323917991788,-0.040139169377828646,0.1402119565488502,-0.15775467217928935,0.36069282510403056,-0.5313165218408537,0.7611284207995058,-0.6089715467622938,0.3154890087928286,0.0010369927608683714,0.3830963961166262,0.28796160132627346,-0.30938455925841496,-0.14714092275764964,0.36440311006931975,-0.0057998746393138,-0.36149701030009973,0.19623631445545892,-0.23410765458187377,0.1503964030404835,0.14681135938262888,0,0,0,0,-0.031202215217713457,0.19102573264201494,-0.031202215217711805,0.031202215217713773,0,0,0,-0.09412491387062866,-0.08732003394530137,-0.012970750096143478,-0.23466463036120158,0.06781069805251982,-0.01025568060529086,0.2336651087168868,0.5071741986592594,0,-0.39910537017680314,0.008025673728145978,0.10320922469604424,0.638280664830744,-0.16330882053542084,-0.5398522541004631,0.025094724362671458,-0.3590191924514646,0.3562931360540292,-0.29253375483884836,0.22529444893483916,0.0446174969228231,-0.06939579091465428,0.11654640821997551,0.05052754633695345,-0.1220193494772368,-0.30609118388379364,-0.3162289175760988,0.2859926596788182,-0.8029362047630484,0.06588587413641857,-0.5621867849285185,0.27085593145965553,0.0916601691916322,0.04375704006665445,-0.1434374673711628,-0.2896976176634138,-0.29131101615178145,-0.16077414343405308,0.08351864014213854,-0.2883042030023098,-0.3975671702880139],"bias":1.4318292019117582,"scaler":{"mu":[158.01526717557252,1868.4389312977098,586.8702290076336,1281.5687022900763,6.393129770992366,156.4198473282443,1846.7862595419847,558.7137404580153,1288.0725190839694,5.209923664122138,2.6297709923664123,2.3396946564885495,1,0,0,0,62.765891101414745,20.035722096842395,0.0077404450750317155,0.21915123499355102,1450.1967907524067,-0.06598340435067528,0,0,0,0,0,0,0,0,0,0,0,0,0,0,0,0,0,0,351.590330788804,352.91151399491093,350.5572519083972,352.49325699745526,1.0330788804071234,0.41825699745547046,7.6634088948826395,0,0,-0.002427818693159705,0.00015517354870707033,-0.001874193062854234,-0.013021013901979742,0.43255985758718574,0.4325514349925552,0.43297337200851627,0.43043564303486753,-0.00617982435074873,-0.004854355467378974,-0.003870238785624778,-0.0180768506938687,0.4298178945213355,0.42973888799012766,0.43040560894240915,0.427599754263152,0.8249333598370794,0.8234297789991146,0.8251368086570108,0.8252587388996043,0.5828396335281385,0.5851074682032065,0.5827729094104389,0.5816396192009273,0.19702208552454004,0.19714936430111168,0.197633246028277,0.19681851241709464,8.093166188628027,8.099877473810636,8.074922468761113,8.12644574316811,0,0,0,0,0.09541984732824428,0.7595419847328244,65.47709923664122,4.522900763358779,0,0,0,0.007633587786259542,-0.6030534351145038,-0.7133587786259542,-0.09923664122137404,0.05534351145038168,-0.019083969465648856,0.04580152671755725,0.05343511450381679,0,-0.017381679389312985,-1.5458015267175573,-0.8778625954198473,-0.6729007633587786,-0.007633587786259542,-3.9717557251908393,0.3961832061068702,-1.6259541984732824,0.08015267175572519,0.003816793893129771,0.007633587786259542,-0.026717557251908396,0.04198473282442748,0.026717557251908396,-0.1297709923664122,-0.07633587786259542,-0.029160305343511456,0.08015267175572519,-0.003916030534351145,0.019083969465648856,0.026969465648854954,-0.06870229007633588,0.3816793893129771,-0.17938931297709923,-0.15267175572519084,-0.40076335877862596,-0.035061068702290074,-0.003816793893129771,-0.04580152671755725,-0.02925572519083969,-0.026717557251908396,3.9385496183206112],"sd":[93.67305369361775,1084.358142934555,367.5646154328082,764.0428084989262,4.792052753658557,91.99451976695275,1067.315341538986,336.64902063371966,759.3904838452498,4.068804332535902,1.9799450472938882,1.9465835951802533,1,1,1,1,1247.9299056166192,1226.194402617015,5.980457635210364,5.3466018973195135,4.459224780809026,5.9425400159629165,1,1,1,1,1,1,1,1,1,1,1,1,1,1,1,1,1,1,103.64069604152614,101.41866386180807,101.41689016681526,98.78470365992011,73.22688584660632,65.79290424955636,2.39406884801407,1,1,0.09440300499084266,0.10854568884314933,0.09829537935633914,0.10413416311594334,0.04156999049677525,0.04791960728625025,0.04251729250260646,0.04568081615671715,0.07494436227598365,0.10078442355631007,0.08354051813371756,0.0876648792162186,0.033734793438473645,0.04171019935258047,0.03571680627936697,0.0409111862448309,0.07158264230123668,0.08747382142294811,0.0778711823270119,0.07534433702092659,0.08632923110519063,0.09196923192054894,0.08835749504928891,0.09361244044629374,0.06583745929785086,0.0754956034913233,0.07068976722333921,0.06828577542217451,1.1201901565255685,1.3272556095643526,1.2270320681483768,1.32867396081135,1,1,1,1,0.29379397554085174,0.4273616245768286,1.4689698777042592,1.4689698777042597,1,1,1,2.0284096098005975,12.039806362289202,7.698161583913473,7.929897972863924,4.00574373834212,0.4493616343718195,0.36784072681394653,1.268003040784497,1,0.46413686547543587,13.502466608372963,12.203833649179467,7.427912489521124,0.33829801230779044,37.84620197308649,13.900798508450599,11.183299897999214,9.672364977165637,1.864694256098195,0.40030872067562945,0.31990562240916504,0.293297701579208,0.6203082744415059,2.6940617383136547,0.7527894245540463,0.25388092468816453,1.6638463599490694,0.08721256283969513,3.87047178424592,0.20757801582884372,2.3450153068224098,7.174975612658692,3.6708926791961454,2.5336612691136975,6.3884795666111795,0.24089880222166943,0.2227189994029788,0.5366363349869285,0.3626784049875612,0.36451880389636115,39.15812535224962]},