{"season":2002,"week":4,"generated_at":"2025-11-07T00:09:56.753Z","feature_hash":"279ff16da1241ae4d820f9501d4bc39d2005da0c","logistic":{"weights":[-0.7991477971509303,-0.34780959867402506,-0.1772930347180481,-0.445520114832933,0.9183356024311714,0.5912631323847654,0.09872655294728486,0.47637531138925504,-0.07932564655663214,0.14043972571227906,2.649864019905753,-2.5513943423403487,0,0,0,0,0.8332845372426433,-0.8149224055946318,-0.6361522470205602,0.1802021453743543,-3.2599293961274345,0.6016498509319498,0,0,0,0,0,0,0,0,0,0,0,0,0,0,0,0,0,0,-0.1440797229260955,-0.046128977915596135,-0.15537678666785226,-0.042044968463625376,-0.02143171327164297,-0.21404600272030605,-0.41729293496308467,0,0,0.2073238443235296,0.6980942361274204,0.1941188596494153,0.19045124982954587,0.14888411639152582,0.21315715064444246,-0.22112606597848825,0.11627743472472205,-0.28846130538351406,-0.5228515420959126,-0.5300568979224527,-0.22820344813970136,-0.09421091579970518,0.09605557628009996,0.04139086671222308,-0.42082970447825957,-0.2196001215421685,0.2548341200432323,-0.01113139038889067,0.03544874677629061,-0.06032646705936107,-0.013465387435809006,0.002242515884004737,-0.015125364172994555,-0.1319572914429543,-0.20416031189787884,0.051318741194291084,-0.10342771402307878,-0.11767104789340115,0.4829936113471928,-0.46190587211584266,0.38687286199222964,0,0,0,0,0.03541804329471044,-0.04423224240084778,0.0354180432947112,-0.035418043294710586,0,0,0],"bias":0.45663974712566363,"scaler":{"mu":[55.52173913043478,659.804347826087,221.95652173913044,437.8478260869565,3.0217391304347827,56.04347826086956,662.0869565217391,207.3913043478261,454.69565217391306,2.5434782608695654,1,0.9565217391304348,1,0,0,0,-15.042793382954631,-0.8650334345771569,-0.18070386425830737,0.31550200413816115,1450.0545433547345,0.054934412029722254,0,0,0,0,0,0,0,0,0,0,0,0,0,0,0,0,0,0,226.95652173913044,226.95652173913044,217.79347826086956,217.79347826086956,9.16304347826087,9.16304347826087,1.9128056148257817,0,0,0.017659179153186256,0.017659179153186256,0.017659179153186256,0.039245748424611655,0.45996898574473727,0.45996898574473727,0.45996898574473727,0.4650821267439467,0.017384548838445448,0.017384548838445448,0.017384548838445448,0.028657332292372602,0.46308021623301476,0.46308021623301476,0.46308021623301476,0.4634717679215864,0.805601609079149,0.805601609079149,0.805601609079149,0.810684371676593,0.5718198494601319,0.5718198494601319,0.5718198494601319,0.5670328798157,0.14741492178095997,0.14741492178095997,0.14741492178095997,0.14454525989436523,3.0987967882649152,3.0987967882649152,3.0987967882649152,2.983473055484169,0,0,0,0,0.17391304347826086,0.8043478260869565,65.8695652173913,4.130434782608695,0,0,0],"sd":[26.527868144269963,301.841782595165,134.47578681709066,202.91323562283037,2.480262349682271,26.64986868532713,294.68331019609604,102.95386857627261,226.91243949701771,1.8380817238198233,0.8597269536210951,0.8586268547013696,1,1,1,1,259.0302843044917,238.19021100678071,2.8713165970610315,2.4393272702653324,1.2201090538823747,1.518163971092144,1,1,1,1,1,1,1,1,1,1,1,1,1,1,1,1,1,1,180.60134533199854,180.60134533199854,175.76693981343584,175.76693981343584,123.37531350331632,123.37531350331632,2.808732570858604,1,1,0.11868708382804283,0.11868708382804283,0.11868708382804283,0.13067034801577868,0.053298226699159595,0.053298226699159595,0.053298226699159595,0.06044381317410729,0.12332980777473841,0.12332980777473841,0.12332980777473841,0.13145588905489533,0.05286734557651188,0.05286734557651188,0.05286734557651188,0.05722096243809275,0.1522071050242911,0.1522071050242911,0.1522071050242911,0.15789501278343784,0.14038971270000658,0.14038971270000658,0.14038971270000658,0.13609599125114655,0.06804341650555949,0.06804341650555949,0.06804341650555949,0.06663833369802653,2.916168672228498,2.916168672228498,2.916168672228498,3.084392651703414,1,1,1,1,0.3790346907426674,0.39670190414988377,1.8951734537133362,1.895173453713336,1,1,1]},"features":["off_1st_down_s2d","off_total_yds_s2d","off_rush_yds_s2d","off_pass_yds_s2d","off_turnovers_s2d","def_1st_down_s2d","def_total_yds_s2d","def_rush_yds_s2d","def_pass_yds_s2d","def_turnovers_s2d","wins_s2d","losses_s2d","home","sim_winrate_same_loc_s2d","sim_pointdiff_same_loc_s2d","sim_count_same_loc_s2d","off_total_yds_s2d_minus_opp","def_total_yds_s2d_minus_opp","off_turnovers_s2d_minus_opp","def_turnovers_s2d_minus_opp","elo_pre","elo_diff","rest_days","rest_diff","off_third_down_att_s2d","off_third_down_conv_s2d","off_third_down_pct_s2d","off_red_zone_att_s2d","off_red_zone_td_s2d","off_red_zone_td_pct_s2d","off_dropbacks_s2d","off_sacks_taken_s2d","off_sack_rate_s2d","off_pass_att_s2d","off_rush_att_s2d","off_neutral_pass_rate_s2d","off_third_down_pct_s2d_minus_opp","off_red_zone_td_pct_s2d_minus_opp","off_sack_rate_s2d_minus_opp","off_neutral_pass_rate_s2d_minus_opp","off_yds_for_3g","off_yds_for_5g","def_yds_against_3g","def_yds_against_5g","net_yds_3g","net_yds_5g","qb_ypa_3g","qb_sack_rate_3g","qb_qbr","off_epa_per_play_s2d","off_epa_per_play_w3","off_epa_per_play_w5","off_epa_per_play_exp","off_success_rate_s2d","off_success_rate_w3","off_success_rate_w5","off_success_rate_exp","def_epa_per_play_allowed_s2d","def_epa_per_play_allowed_w3","def_epa_per_play_allowed_w5","def_epa_per_play_allowed_exp","def_success_rate_allowed_s2d","def_success_rate_allowed_w3","def_success_rate_allowed_w5","def_success_rate_allowed_exp","rb_rush_share_s2d","rb_rush_share_w3","rb_rush_share_w5","rb_rush_share_exp","wr_target_share_s2d","wr_target_share_w3","wr_target_share_w5","wr_target_share_exp","te_target_share_s2d","te_target_share_w3","te_target_share_w5","te_target_share_exp","qb_aypa_s2d","qb_aypa_w3","qb_aypa_w5","qb_aypa_exp","qb_sack_rate_s2d","qb_sack_rate_w3","qb_sack_rate_w5","qb_sack_rate_exp","roof_dome","roof_outdoor","weather_temp_f","weather_wind_mph","weather_precip_pct","weather_impact_score","weather_extreme_flag"]},"decision_tree":{"params":{"depth":6,"minSamples":8},"alpha":6},"bt":{"coefficients":[-0.01137190331055899,-0.08313554015668496,0.005552490790901546,0.002918855157638134,-0.07092247112667549,-0.0024162432532555196,-0.002128428388707251,-0.003743219553484582,-0.0007780458277660675,-0.001016788007638519],"intercept":0.00002996983598682731,"scaler":{"mu":[-13.832616547763262,-58.36880636694034,0.975796615366208,0,-0.02434798766196659,0,0,0,0,0],"sd":[98.62199679766994,484.94030649206695,15.903367528619718,1,0.0998029666113568,1,1,1,1,1]},"features":["diff_total_yards","diff_turnovers","diff_penalty_yards","diff_possession_seconds","diff_r_ratio","diff_elo_pre","diff_inj_out","diff_inj_skill_out","diff_inj_practice_dnp","diff_inj_out_trend"],"hyperparams":{"steps":1200,"learningRate":0.001,"l2":0.00001}},"ann":{"seeds":[1],"architecture":[92,128,64,32,1],"committee_size":1,"max_epochs":15,"dropout":0.5},"ensemble":{"weights":{"logistic":0.9473684210526316,"tree":0,"bt":0,"ann":0.05263157894736841},"calibration":{"type":"platt","beta":-0.07155811515822492,"source":"platt"},"calibration_beta":-0.07155811515822492,"calibration_hash":"f564be43d2c8ec6bcf05d12b693be919e48f15eeb94a810324745017ecae39a3","oof_variance":{"ann":{"mean":0.48899988019473417,"var":0.023094539155034587}}},"pca":[{"component":1,"explained_variance":0.19875664788177747,"top_loadings":[{"feature":"off_1st_down_s2d","loading":-0.2554033774231264},{"feature":"off_total_yds_s2d","loading":-0.24852208976646553},{"feature":"off_pass_yds_s2d","loading":-0.2239828301288946},{"feature":"off_rush_yds_s2d","loading":-0.21985571160246434},{"feature":"off_yds_for_3g","loading":-0.2107075158306627},{"feature":"off_yds_for_5g","loading":-0.2107075158306627},{"feature":"def_yds_against_3g","loading":-0.19731067883764572},{"feature":"def_yds_against_5g","loading":-0.19731067883764572},{"feature":"def_turnovers_s2d","loading":-0.18429962993193566},{"feature":"def_1st_down_s2d","loading":-0.17380788127729857}]},{"component":2,"explained_variance":0.1726267498206975,