{"season":2018,"week":14,"generated_at":"2025-11-07T00:40:14.785Z","feature_hash":"dd581a2277b43c75988bd95a3f87f9edb00c0755","logistic":{"weights":[-0.4212361078508602,-0.4795305155771202,-0.15855147780988016,-0.5123789622722353,1.7497379451614177,0.6588721749273347,0.014964818684291285,-0.3853534172713098,0.16197136701842518,-0.589548983663553,3.1738889230527785,-2.690076934189762,0,0,0,0,1.0676966109578951,-0.8961064940190232,-1.408090783152389,0.5218050987367168,-3.5383991315959236,-0.1682763349149866,0,0,0,0,0,0,0,0,0,0,0,0,0,0,0,0,0,0,-0.400476153053625,-0.15018728358594224,0.02905698320953263,0.1107739372923206,-0.41658331242053204,-0.22753355938372433,0.12853363471173826,0,0,2.030915713077894,1.1254897600555525,0.11608274124047037,-0.12507350400462783,0.36758983964040554,-0.04463728857175959,0.022175422749441242,-0.08516551241586898,-1.9608366366310328,-1.4878149096593574,0.2024892482439,0.9826152106673958,-0.13220939316501776,-0.014020355780887573,-0.23465294443234994,0.282491572192029,-0.4810059341914767,0.5485967139256999,-0.6620745114350096,0.32122062140175944,-0.05994580448266798,0.42581186337633664,0.24486061107162047,-0.2914686632438822,-0.14992424417530392,0.2896061268050842,0.045633083406324784,-0.32945475475840946,0.16271433724608542,-0.11539187818455239,0.15382591583021626,0.10956036792302482,0,0,0,0,0.0047105370331052875,0.23018373152964203,0.00471053703310716,-0.004710537033105093,0,0,0,-0.14184497752054795,-0.039110783005835176,0.048663580099539236,-0.08621443055559308,0.043547646685572296,-0.0536649693448929,0.36541036500907104,0.3127834090410229,0,-0.34051951437373357,0.05460205049584014,0.10334551120788622,0.4872153436974932,-0.1116384019870932,-0.4574905702875504,0.18199807717746436,-0.27387028512088196,0.32480304389374504,-0.29731407543405336,0.1478039838664269,0.05536285575053944,-0.0910049526764483,0.07322748923193993,-0.059639611602091,-0.15335890207481648,-0.25499672682908386,-0.10386002214857755,0.24601417665594902,-0.39866918022825903,0.14945565364103497,-0.4424656826386337,0.18501348701318754,0.11532111064527746,-0.21264697577114802,-0.1883260868494221,-0.20955550420667882,-0.23935004633489357,-0.14864377879798296,-0.03340913322120398,-0.10281576601705418,-0.2267638314038764],"bias":1.2535735345738606,"scaler":{"mu":[139.48947368421054,1645.1263157894737,492.89473684210526,1152.2315789473685,5.868421052631579,138.74736842105264,1641.6315789473683,487.2842105263158,1154.3473684210526,4.573684210526316,2.231578947368421,2.1,1,0,0,0,170.89076403140035,144.99234713595789,0.5120932965355166,0.3768089729778665,1449.8497338198977,-0.3139633334655783,0,0,0,0,0,0,0,0,0,0,0,0,0,0,0,0,0,0,345.92280701754385,347.27271929824553,349.00000000000006,349.27596491228053,-3.0771929824561406,-2.003245614035089,7.449736917485156,0,0,-0.005887300543557229,0.002679404060736682,-0.0017794087462686893,-0.017428123985054996,0.43169443612641467,0.43422687419044903,0.4332383552490668,0.4297151212125371,-0.0063157569699704525,0.0018610994890108715,0.0001236107559676922,-0.019632016031520365,0.4297394097808602,0.43198655295680743,0.431365005327086,0.4273435108445092,0.8281038278605445,0.8274029375149157,0.8281877956707006,0.8281623114027975,0.5829829534858304,0.5854649191403396,0.5833523469070411,0.580835634768893,0.19597667621172044,0.197315401332867,0.19717268582686992,0.19598803027530556,8.071121678183374,8.034764063440587,8.053526004195037,8.097437013407392,0,0,0,0,0.1,0.7578947368421053,65.5,4.5,0,0,0,-0.1,-1.0263157894736843,-0.7042105263157895,-0.968421052631579,-0.15263157894736845,-0.03684210526315789,0.06842105263157895,0.1,0,-0.03607368421052632,-2.6578947368421053,-1.8473684210526315,-1.3784210526315788,-0.021052631578947368,-5.979473684210526,-0.12473684210526308,-2.431578947368421,-0.22631578947368422,0.015789473684210527,0.021052631578947368,-0.042105263157894736,0.05526315789473684,0.03684210526315789,0.031578947368421054,-0.1,-0.050315789473684217,0.05789473684210526,-0.008273684210526317,0.15263157894736842,0.02331578947368421,-0.10526315789473684,0.7894736842105263,-0.3631578947368421,-0.18947368421052632,-0.6578947368421053,-0.046710526315789466,-0.015789473684210527,-0.042105263157894736,-0.02192105263157895,-0.03684210526315789,3.6036842105263154],"sd":[86.12095163343997,998.8561430809931,305.8467099255756,721.5618433229491,4.5892956266763285,85.16250329082047,989.2348404343056,309.80744998544174,700.4420524275109,3.5677417456193354,1.7618927118238048,1.8397654312724927,1,1,1,1,1168.8344881175694,1136.251954506491,5.367955424478661,4.8844271113304965,3.3800168581197876,4.693110867304252,1,1,1,1,1,1,1,1,1,1,1,1,1,1,1,1,1,1,117.53070598044158,115.4757502323679,115.3753029305484,112.4291015638518,74.92174986375429,66.58416923914544,2.5993158780768635,1,1,0.09888993765974942,0.11444277231642208,0.10627583984340817,0.11238345449086483,0.04408162024460272,0.04951709508386384,0.045846527260182714,0.04968921933686617,0.08271028052867666,0.10331700246837651,0.08888611227547454,0.09748756184232563,0.03701156664829319,0.04269849596534529,0.03745988534997584,0.04509915432270007,0.07369336825703385,0.08637278602418638,0.07631964800033054,0.07753143092115747,0.09437475573033866,0.0956898471137958,0.09290138205313905,0.10252593398599699,0.06986730505418803,0.07553330344321406,0.07136759640240127,0.07151684377232077,1.1908869382493634,1.3124959239556857,1.2343989622224383,1.4210267357947606,1,1,1,1,0.3,0.4283576831447538,1.5,1.5,1,1,1,1.733721279123091,11.789127109567538,8.131756019192823,6.5243715270296,4.294558174818163,0.47429784814340326,0.37070719269348124,1.2335229820998146,1,0.47025416961928296,14.060164549066076,12.219822912880554,7.841824950836183,0.3547852536074258,39.95304678108308,13.411867042374332,11.442444191949223,10.567892888878239,1.9533407706298904,0.40985099650382717,0.30489996543074216,0.3092413198552508,0.6271997300581692,2.527543561304856,0.7294554565961483,0.23528429670721404,1.626043240660781,0.09379860195403689,3.7392468170746325,0.19636254134999723,2.4038288940356276,7.299451654736388,3.723285267824045,2.5268859005840842,6.324040662796937,0.2299332520874536,0.21706937502422416,0.550899541394926,0.3301474934806007,0.3889398902493125,41.223123775315855]},