{"season":2013,"week":8,"generated_at":"2025-11-07T00:30:34.785Z","feature_hash":"cc681771ad6e642b790d2b9cd7a0db5271e774a3","logistic":{"weights":[-0.35610529221755405,-0.6041764406251473,-0.6296970904988081,-0.506130455548952,1.3867528030531386,0.9906348342520912,0.1899673064240826,0.3548540696653919,0.03969951519534404,-0.7639341367921579,3.39549000377764,-2.9445195818158436,0,0,0,0,1.0127936934952424,-0.6867562433420255,-1.0454821902955211,0.5798327797359315,-3.516643626265762,0.1722480592207788,0,0,0,0,0,0,0,0,0,0,0,0,0,0,0,0,0,0,-0.07267788211740571,-0.1574179843100468,0.08062055494947244,0.14574780793584213,0.034559569547027304,-0.27605583074228307,-0.05310957021769941,0,0,1.614668318274848,1.1327679321695217,-0.1525092848249747,-0.41461221761601685,0.6130835439952464,0.02248260644876494,-0.4899742373933382,0.2547345161836218,-1.7685426842570486,-0.8279142022873877,-0.0348158986912129,0.5500556240966877,-0.5216592251782407,0.23226885448332965,0.06669920085393947,0.04291459927803297,-0.3232501544165281,0.07579572094228286,-0.5720699915697985,0.7579955909226023,-0.35067601455380293,0.42077560567304306,0.010364804080237473,-0.21189378927315075,0.42420669268407096,0.014139459553560973,-0.17411547125027108,-0.08432715858078467,0.29894134897345204,-0.5268891858758022,0.20758367658104027,-0.30434016864111796,0,0,0,0,-0.11133080864370264,-0.20871230093635015,-0.11133080864370094,0.11133080864370294,0,0,0],"bias":1.0652061081015476,"scaler":{"mu":[109.78504672897196,1304.2616822429907,377.69158878504675,926.5700934579439,5.345794392523365,109.16822429906541,1290.822429906542,367.2429906542056,923.5794392523364,4.177570093457944,1.9345794392523366,1.588785046728972,1,0,0,0,-47.34562767074501,-61.00834078589779,-0.49357018273717135,0.08936089660984038,1449.9415435869873,-0.2794613095165234,0,0,0,0,0,0,0,0,0,0,0,0,0,0,0,0,0,0,315.80841121495325,315.2602803738318,315.23208722741435,316.06137071651096,0.5763239875389394,-0.8010903426791264,7.154060417467549,0,0,0.0022775448644576034,0.004848410421307136,0.0028440636417826266,0.003090106664479779,0.43416545068540996,0.4351309363749205,0.4345844501187537,0.4320223761136071,-0.0014815029439429628,0.003541005841969704,-0.0010486020318474763,0.0010529292112390857,0.43209468831557873,0.43440437105387864,0.4325384378550664,0.4309645157011474,0.8373600151448911,0.8339819796801554,0.8365265196859337,0.8416544777961059,0.6009052517096672,0.6005067088033974,0.6018087314352976,0.5989947243732843,0.20790300350793128,0.20876607260202745,0.20789138649771044,0.2054140473953459,8.441587632467414,8.48823986773536,8.468041474284114,8.228702482834398,0,0,0,0,0.14018691588785046,0.7476635514018691,65.70093457943925,4.299065420560748,0,0,0],"sd":[62.0280352709745,725.6335206485151,242.53722755833044,524.3754827945963,4.229630247727562,63.293779644659395,742.3340660815207,229.30552777395386,539.1105349768728,3.217397462546833,1.5117671038885867,1.4594408801890717,1,1,1,1,644.7055941689088,710.4035236164933,5.281860553957067,3.9074950328437685,2.4082787837458466,3.2289060333153765,1,1,1,1,1,1,1,1,1,1,1,1,1,1,1,1,1,1,142.37499628025947,141.37125041774715,143.88359160094748,143.67978985386696,70.97209344496956,67.62469902582546,3.420915506544426,1,1,0.09414884985337285,0.10029464936531832,0.0956908923610824,0.09248733279593237,0.04077243668541232,0.044190979397625535,0.041360249943534995,0.0365736945931452,0.08124539296621143,0.08909977708169084,0.0826051293697461,0.08074978259693255,0.03727392964266176,0.04061344926725866,0.03783019859041138,0.03587213138598865,0.08704707918766279,0.09753315237363767,0.08883203227331611,0.08607980458689558,0.09932900124599445,0.10314378628906598,0.09998642995077894,0.10226675539139704,0.06692146617255983,0.07065690984191109,0.0677474634326709,0.07222679728490417,1.8629151036611695,1.845061089808522,1.8607781334664553,2.073153838943006,1,1,1,1,0.3471808527290975,0.43435327247186023,1.7359042636454862,1.7359042636454887,1,1,1]},"features":["off_1st_down_s2d","off_total_yds_s2d","off_rush_yds_s2d","off_pass_yds_s2d","off_turnovers_s2d","def_1st_down_s2d","def_total_yds_s2d","def_rush_yds_s2d","def_pass_yds_s2d","def_turnovers_s2d","wins_s2d","losses_s2d","home","sim_winrate_same_loc_s2d","sim_pointdiff_same_loc_s2d","sim_count_same_loc_s2d","off_total_yds_s2d_minus_opp","def_total_yds_s2d_minus_opp","off_turnovers_s2d_minus_opp","def_turnovers_s2d_minus_opp","elo_pre","elo_diff","rest_days","rest_diff","off_third_down_att_s2d","off_third_down_conv_s2d","off_third_down_pct_s2d","off_red_zone_att_s2d","off_red_zone_td_s2d","off_red_zone_td_pct_s2d","off_dropbacks_s2d","off_sacks_taken_s2d","off_sack_rate_s2d","off_pass_att_s2d","off_rush_att_s2d","off_neutral_pass_rate_s2d","off_third_down_pct_s2d_minus_opp","off_red_zone_td_pct_s2d_minus_opp","off_sack_rate_s2d_minus_opp","off_neutral_pass_rate_s2d_minus_opp","off_yds_for_3g","off_yds_for_5g","def_yds_against_3g","def_yds_against_5g","net_yds_3g","net_yds_5g","qb_ypa_3g","qb_sack_rate_3g","qb_qbr","off_epa_per_play_s2d","off_epa_per_play_w3","off_epa_per_play_w5","off_epa_per_play_exp","off_success_rate_s2d","off_success_rate_w3","off_success_rate_w5","off_success_rate_exp","def_epa_per_play_allowed_s2d","def_epa_per_play_allowed_w3","def_epa_per_play_allowed_w5","def_epa_per_play_allowed_exp","def_success_rate_allowed_s2d","def_success_rate_allowed_w3","def_success_rate_allowed_w5","def_success_rate_allowed_exp","rb_rush_share_s2d","rb_rush_share_w3","rb_rush_share_w5","rb_rush_share_exp","wr_target_share_s2d","wr_target_share_w3","wr_target_share_w5","wr_target_share_exp","te_target_share_s2d","te_target_share_w3","te_target_share_w5","te_target_share_exp","qb_aypa_s2d","qb_aypa_w3","qb_aypa_w5","qb_aypa_exp","qb_sack_rate_s2d","qb_sack_rate_w3","qb_sack_rate_w5","qb_sack_rate_exp","roof_dome","roof_outdoor","weather_temp_f","weather_wind_mph","weather_precip_pct","weather_impact_score","weather_extreme_flag"]},"decision_tree":{"params":{"depth":6,"minSamples":8},"alpha":4},"bt":{"coefficients":[0.11955002508412664,-0.10935992710122364,-0.01630988350687732,0.004940106286076654,-0.03483334504369519,-0.004397931452643173,0.0027174436794741848,-0.0030153318368429938,0.0015059544564458157,0.0017641371080686383],"intercept":0.12122282364495633,"scaler":{"mu":[-0.06468846548292302,-6.736105155457826,0.25655833968281516,0,-0.0001148033405742477,0,0,0,0,0],"sd":[62.02707771397786,586.3776441508312,16.000506942101712,1,0.10103239702991026,1,1,1,1,1]},"features":["diff_total_yards","diff_turnovers","diff_penalty_yards","diff_possession_seconds","diff_r_ratio","diff_elo_pre","diff_inj_out","diff_inj_skill_out","diff_inj_practice_dnp","diff_inj_out_trend"],"hyperparams":{"steps":1200,"learningRate":0.001,"l2":0.00001}},"ann":{"seeds":[1],"architecture":[92,128,64,32,1],"committee_size":1,"max_epochs":15,"dropout":0.5},"ensemble":{"weights":{"logistic":0.9,"tree":0,"bt":0,"ann":0.09999999999999998},"calibration":{"type":"platt","beta":0.3234446452378333,"source":"platt"},"calibration_beta":0.3234446452378333,"calibration_hash":"c7d3c22a4faeb10d94ad0be526d16475ca3954903077e4a23cfdabf9242b18c8","oof_variance":{"ann":{"mean":0.46708842802168277,"var":0.024219307765247798}}},"pca":[{"component":1,"explained_variance":0.1956957301533948,"top_loadings":[{"feature":"off_total_yds_s2d","loading":0.2680437938037865},{"feature":"def_pass_yds_s2d","loading":0.26611543234308627},{"feature":"def_total_yds_s2d","loading":0.26576344581143113},{"feature":"off_pass_yds_s2d","loading":0.26463702940148354},{"feature":"off_1st_down_s2d","loading":0.26399664910796583},{"feature":"def_1st_down_s2d","loading":0.2637668657946909},{"feature":"def_rush_yds_s2d","loading":0.23470705992751836},{"feature":"off_rush_yds_s2d","loading":0.2297890195627465},{"feature":"def_turnovers_s2d","loading":0.2086388187250087},{"feature":"def_yds_against_3g","loading":0.20808241577033237}]},{"component":2,"explained_variance":0.16024559278906608,"top_loadings":[{"feature":"off_success_rate_s2d",