{"season":2016,"week":13,"generated_at":"2025-11-07T00:36:17.163Z","feature_hash":"a38ab4ea4e3594c6706c772dda6620a0cef6d272","logistic":{"weights":[-0.39179681327545085,-0.6524170757036338,-0.2520390677605601,-0.7303867120160451,1.605760411718755,0.9576563463057113,0.14958219676887713,0.07823888218563603,0.10089264945939694,-1.5902609993026753,3.0540063676334954,-2.561982607279274,0,0,0,0,0.917477965407705,-0.5569744718679532,-1.7900232423776403,0.8173315229618479,-3.3611089026414955,-0.0522943426496647,0,0,0,0,0,0,0,0,0,0,0,0,0,0,0,0,0,0,-0.34195112067203687,-0.025362120797338843,0.01183127129487238,0.059347908894608656,-0.28931455915872895,0.11603457338260056,0.3271059918199152,0,0,1.7118237348298515,0.7345186787153759,0.06549979298737182,-0.42613499396724586,0.0960324644104588,-0.1047029154740831,0.054740878455455035,0.0012780722451134542,-2.4292263994243117,-0.9631457167681132,0.4270350358097658,0.14921000738455098,-0.4332597568592725,0.41392981287985214,0.21483783701771217,-0.012826837180883914,0.008283313128400676,0.6674979385567427,-0.032751001124351996,0.4956699451761379,-0.11708386967865873,0.6071174611033735,0.17779526255497624,-0.17232162515564334,0.2709843317771135,0.3350472190319554,0.32333890250086605,-0.23014398222828286,-0.071261715482484,-0.5194154085214695,-0.20755251430045837,-0.07707860929414406,0,0,0,0,-0.011647790361251048,0.14729096612302636,-0.011647790361250087,0.011647790361251333,0,0,0],"bias":0.7953061112627867,"scaler":{"mu":[121.04571428571428,1427.4285714285713,416.06857142857143,1011.36,4.982857142857143,123.20571428571428,1436.6285714285714,413.8457142857143,1022.7828571428571,3.6228571428571428,1.92,1.9485714285714286,1,0,0,0,-118.7375605725274,-122.2228277081899,-0.20413758076003755,-0.3307313536185317,1449.8799380574426,-0.17563951531900915,0,0,0,0,0,0,0,0,0,0,0,0,0,0,0,0,0,0,330.982857142857,331.4849523809525,337.7676190476192,338.8119047619047,-6.784761904761907,-7.326952380952375,7.49674642991746,0,0,-0.0034741909021811183,-0.0005142139920657424,-0.0013708394224314867,0.0006908554970409945,0.42894832172122876,0.4279482788357434,0.42817944463015983,0.43045196834899935,-0.002877006663688174,-0.00031086525854883074,-0.0009096503226293895,0.0007483664420746592,0.428620054920798,0.42776360152445503,0.4283247822122439,0.4303663254992302,0.8468774680061246,0.8443839720303807,0.8461480026272493,0.841614190883919,0.602658542126191,0.5991225669015947,0.6024880081750082,0.6027336181181138,0.2057005575671807,0.20967088389442234,0.20781553308339762,0.20039369296164816,8.216456211814426,8.236104882124923,8.285550137191784,8.02869891435636,0,0,0,0,0.12571428571428572,0.7542857142857143,65.62857142857143,4.371428571428571,0,0,0],"sd":[78.21712031393182,928.4057329088178,300.5456483240618,651.3194007770469,4.271465838346745,83.0576596376866,974.2977686728098,308.17841617465416,689.0236726124932,2.881575532763353,1.5210522673465234,2.012158958300607,1,1,1,1,1157.9648296770965,1213.1899601392922,5.610627712896139,3.7006174121279876,3.3473796467863197,4.575109802668829,1,1,1,1,1,1,1,1,1,1,1,1,1,1,1,1,1,1,116.16747635747844,113.80651621194338,116.78564803260097,115.37110614395533,62.79674713183905,52.52090905396513,2.687361617912015,1,1,0.0758529737320265,0.08834808422186193,0.07887350355594164,0.09122708158934056,0.033847548057458314,0.038787127061861416,0.03452406203060372,0.04010767306023321,0.09142732346866313,0.09888070349832444,0.09355324934874533,0.10033789336438767,0.03926452482786823,0.042801210061194465,0.03974317922919962,0.04257480105620477,0.07154182092578118,0.09076302934904538,0.0776934003170338,0.07692483843828424,0.07509659399502021,0.08872179008816308,0.08049989227981746,0.07428687138699636,0.07623286291394997,0.08437892454470944,0.08000737264434485,0.08048052601900633,1.0979647452427355,1.3273527394706373,1.1896214258024032,1.2291725672264564,1,1,1,1,0.33152707895680666,0.43050990175628306,1.65763539478403,1.6576353947840317,1,1,1]},"features":["off_1st_down_s2d","off_total_yds_s2d","off_rush_yds_s2d","off_pass_yds_s2d","off_turnovers_s2d","def_1st_down_s2d","def_total_yds_s2d","def_rush_yds_s2d","def_pass_yds_s2d","def_turnovers_s2d","wins_s2d","losses_s2d","home","sim_winrate_same_loc_s2d","sim_pointdiff_same_loc_s2d","sim_count_same_loc_s2d","off_total_yds_s2d_minus_opp","def_total_yds_s2d_minus_opp","off_turnovers_s2d_minus_opp","def_turnovers_s2d_minus_opp","elo_pre","elo_diff","rest_days","rest_diff","off_third_down_att_s2d","off_third_down_conv_s2d","off_third_down_pct_s2d","off_red_zone_att_s2d","off_red_zone_td_s2d","off_red_zone_td_pct_s2d","off_dropbacks_s2d","off_sacks_taken_s2d","off_sack_rate_s2d","off_pass_att_s2d","off_rush_att_s2d","off_neutral_pass_rate_s2d","off_third_down_pct_s2d_minus_opp","off_red_zone_td_pct_s2d_minus_opp","off_sack_rate_s2d_minus_opp","off_neutral_pass_rate_s2d_minus_opp","off_yds_for_3g","off_yds_for_5g","def_yds_against_3g","def_yds_against_5g","net_yds_3g","net_yds_5g","qb_ypa_3g","qb_sack_rate_3g","qb_qbr","off_epa_per_play_s2d","off_epa_per_play_w3","off_epa_per_play_w5","off_epa_per_play_exp","off_success_rate_s2d","off_success_rate_w3","off_success_rate_w5","off_success_rate_exp","def_epa_per_play_allowed_s2d","def_epa_per_play_allowed_w3","def_epa_per_play_allowed_w5","def_epa_per_play_allowed_exp","def_success_rate_allowed_s2d","def_success_rate_allowed_w3","def_success_rate_allowed_w5","def_success_rate_allowed_exp","rb_rush_share_s2d","rb_rush_share_w3","rb_rush_share_w5","rb_rush_share_exp","wr_target_share_s2d","wr_target_share_w3","wr_target_share_w5","wr_target_share_exp","te_target_share_s2d","te_target_share_w3","te_target_share_w5","te_target_share_exp","qb_aypa_s2d","qb_aypa_w3","qb_aypa_w5","qb_aypa_exp","qb_sack_rate_s2d","qb_sack_rate_w3","qb_sack_rate_w5","qb_sack_rate_exp","roof_dome","roof_outdoor","weather_temp_f","weather_wind_mph","weather_precip_pct","weather_impact_score","weather_extreme_flag"]},"decision_tree":{"params":{"depth":6,"minSamples":9},"alpha":2},"bt":{"coefficients":[0.11279548387555832,-0.18185682416644783,0.15991124974940962,-0.0003261256192415503,0.03922252423481154,0.00451124239283357,-0.0013449774486777187,-0.0013160366587256984,0.004898318502470969,-0.0030599317817920114],"intercept":0.14597828375668878,"scaler":{"mu":[-2.5301713163734383,42.69052020138199,-0.2399104831725345,0,0.000994182244984132,0,0,0,0,0],"sd":[47.65273981765296,531.2667827025922,16.239728389970164,1,0.07570868220478288,1,1,1,1,1]},"features":["diff_total_yards","diff_turnovers","diff_penalty_yards","diff_possession_seconds","diff_r_ratio","diff_elo_pre","diff_inj_out","diff_inj_skill_out","diff_inj_practice_dnp","diff_inj_out_trend"],"hyperparams":{"steps":1200,"learningRate":0.001,"l2":0.00001}},"ann":{"seeds":[1],"architecture":[92,128,64,32,1],"committee_size":1,"max_epochs":15,"dropout":0.5},"ensemble":{"weights":{"logistic":0.75,"tree":0.15,"bt":0,"ann":0.1},"calibration":{"type":"platt","beta":0.07758452974102475,"source":"platt"},"calibration_beta":0.07758452974102475,"calibration_hash":"6e1e472f42d8813413763763d3d2aae90ef4d62c778b2cb5b58d6219ab0f2de3","oof_variance":{"ann":{"mean":0.5339333192951199,"var":0.02533290208557445}}},"pca":[{"component":1,"explained_variance":0.20405284741220972,"top_loadings":[{"feature":"def_total_yds_s2d","loading":0.27029567462060705},{"feature":"def_1st_down_s2d","loading":0.2693964396010091},{"feature":"def_pass_yds_s2d","loading":0.26722741435606234},{"feature":"off_total_yds_s2d","loading":0.2628110033830085},{"feature":"off_1st_down_s2d","loading":0.26131266206707054},{"feature":"off_pass_yds_s2d","loading":0.2610124333966193},{"feature":"def_rush_yds_s2d","loading":0.25706686141678575},{"feature":"off_rush_yds_s2d","loading":0.24619481569493987},{"feature":"losses_s2d","loading":0.24163853291848356},{"feature":"off_turnovers_s2d","loading":0.22828037856544758}]},{"component":2,"explained_variance":0.15912639828730574,"top_loadings":[{"feature":"off_epa_per_play_s2d",