{"season":2021,"week":7,"generated_at":"2025-11-07T00:47:18.928Z","feature_hash":"a870970b34fcfd395dfcd899dcb802f3b426e3cd","logistic":{"weights":[-0.593722410748187,-0.5564360684074539,-0.007662719578784408,-0.682462363052385,1.5972718629040021,0.7950917358536944,0.2587712933783298,-0.04974164955582482,0.3401707942322072,-1.0843900601402727,3.3287596863426048,-2.9184868936333577,0,0,0,0,0.8135139557655856,-0.5009229105197597,-0.8501060989370264,0.5943866970277286,-3.7206808592658245,0.047398570412642754,0,0,0,0,0,0,0,0,0,0,0,0,0,0,0,0,0,0,-0.30109312880841055,-0.19236359455162422,0.15554365164130873,-0.13730898808412773,-0.40415468332782284,0.05370432668124605,-0.08204370602024372,0,0,2.3366249125871517,1.0306048698725243,-0.014513627689281562,-0.36529413543283373,0.30813295361697984,0.0964862167118523,-0.45319057439297494,-0.5933773074275804,-1.9033913042290445,-1.0486609188965919,0.1620568864796535,0.8478734186549942,-0.1932579065235077,0.7642873324695486,-0.14060252155535635,-0.17372586857617414,-0.23921125921661704,0.48505593395301044,-0.4897817689018389,0.5286637957583739,0.057113009929213074,0.36109641442270646,0.028363148896169792,-0.005971008253073585,0.04631092210309837,0.328087633778737,0.33152711684452596,-0.2164396875119296,0.025840376389708805,-0.0941741133640097,-0.5308785355312632,0.6522475115399476,0,0,0,0,0.09256224818513509,0.16516331389120376,0.09256224818513621,-0.09256224818513484,0,0,0,0.188644219450161,-0.10800089461652007,-0.31388302613447533,-0.15652967531108467,-0.012001833250978821,0.16488675269531877,0.622528282326396,0.4262400306781173,0,0.423855189740305,-0.17407455799830157,0.1213974185178386,0.2184496934611848,-0.07856216981898817,-0.654820656863402,0.18370349569023595,0.05694844841064114,-0.4914194433640323,0.28729767292770136,-0.10036939758953818,0.4570367276757723,-0.393849901342509,0.037562557880579946,-0.4409787517407561,-0.27747214894833855,0.11741110707845774,-0.46307367400771443,-0.18957649527698567,-0.5901937275039769,-0.20590757503046056,-0.8123162636061065,0.7528580364014145,0.09602296425431159,-0.0323669383855953,-0.2498379922316724,-0.6415853052423502,-0.02744593708892495,0.04928394537267806,-0.19208356743015906,-0.22863485203138487,-0.4925144611886684],"bias":-0.1474322517479015,"scaler":{"mu":[110.95744680851064,1290.9787234042553,386.1914893617021,904.7872340425532,4.212765957446808,110.18085106382979,1292.872340425532,380.2659574468085,912.6063829787234,2.734042553191489,1.6808510638297873,1.7659574468085106,1,0,0,0,-9.350668734746376,1.499608194806804,0.2741941663350581,-0.36190596536033287,1449.9748374202277,-0.10323132087847732,0,0,0,0,0,0,0,0,0,0,0,0,0,0,0,0,0,0,308.22695035461,309.209219858156,311.7287234042553,312.5847517730497,-3.5017730496453874,-3.375531914893616,6.594860707545426,0,0,0.009522025034329949,0.010076400825362491,0.00984980309334498,0.0074666904574133075,0.43725452586589325,0.4379914746735129,0.4370510126814676,0.4353869035719102,0.013265741801297758,0.015902548375775875,0.013034984119707807,0.01350834826652215,0.4378339188207233,0.4381517235866328,0.43827060925232997,0.4354373885279437,0.8080039276945559,0.8070588706644702,0.807263276580689,0.8142732983735071,0.5941167416051628,0.5923122624141062,0.5951757853813412,0.5895705277083954,0.20647169363343795,0.20879881891411142,0.20674446054294973,0.20897388904064135,7.990540740991633,8.088781062541097,8.037344816318166,7.8301751318943325,0,0,0,0,0.1702127659574468,0.7340425531914894,65.85106382978724,4.148936170212766,0,0,0,-0.6170212765957447,-0.9468085106382979,0.3095744680851064,-1.202127659574468,-0.18936170212765954,-0.06382978723404255,-0.02127659574468085,-0.031914893617021274,0,0.05887234042553191,4.223404255319149,4.287234042553192,2.1808510638297873,0.031914893617021274,6.672340425531914,2.4638297872340424,3.095744680851064,1.127659574468085,0.26595744680851063,-0.0425531914893617,-0.0851063829787234,-0.026595744680851064,-0.14893617021276595,-0.05319148936170213,0.05319148936170213,-0.004819148936170214,-0.031914893617021274,-0.013468085106382978,0.1702127659574468,0.01975531914893616,-0.20212765957446807,-1.4148936170212767,-0.10638297872340426,-0.14893617021276595,-0.4574468085106383,-0.00895744680851063,-0.031914893617021274,0.02127659574468085,0.025702127659574463,0.06382978723404255,-1.8893617021276585],"sd":[56.3622242010149,653.0989136697964,224.00286266197702,458.0591310045078,2.8166387861433457,56.8415046827126,663.2218305129821,214.0740166059053,474.91370365225765,2.198527224219894,1.2309204820528277,1.356038754819421,1,1,1,1,278.663465170893,262.358668982346,2.535571173457058,2.5941654072237204,2.027576478617884,2.715672015780448,1,1,1,1,1,1,1,1,1,1,1,1,1,1,1,1,1,1,150.05783331726548,149.7622662309349,150.41300114203793,150.69271095937555,74.6967292201898,72.15191038356775,3.3466242905619756,1,1,0.09567136888181053,0.10601781845335764,0.0965471070085234,0.1010979477540521,0.042621716942305855,0.046841567023848965,0.04330767232318701,0.04112455618489906,0.09179524464331285,0.0997879079904337,0.09211979709251104,0.09842296259859226,0.04079827790513053,0.04306651398162076,0.04122085898194512,0.04089528468794823,0.09044638172547899,0.0962290621330856,0.09247339335154588,0.09229560152258061,0.1020384487263123,0.10093364127497223,0.10170986832722487,0.11107551037072513,0.07033946929966181,0.07356092783985878,0.0702543599349862,0.0726667902959596,1.239633868435163,1.2849243585229462,1.257307436410569,1.3408890162434581,1,1,1,1,0.3758196113331002,0.44184169483606767,1.8790980566654993,1.8790980566655004,1,1,1,2.7871528329894164,11.664974871407388,6.16479485170459,5.501604770204131,2.0165521494122665,0.43291467977395265,0.2517480758765794,1.3718455317453455,1,0.5999958729298231,15.205090311792594,15.100107326957964,9.527499689819999,0.3405917147570666,47.33413685220936,16.35107421198746,14.389024443840881,10.788325094851173,1.82287785047811,0.4592985775515512,0.37642140453093925,0.21096310654310563,0.6006635835528984,2.7728433109646877,0.7630708017203952,0.3835550381534475,2.0496607278132353,0.11682490099322945,3.8333316931390478,0.1476718390424347,2.1116686314938113,7.009734226406369,3.099307009386723,2.9713434414401814,5.990533123039593,0.20335086097017385,0.2710157277203615,0.4607746346320787,0.3319503881730509,0.351547056209751,45.43338698340753]},