{"season":2012,"week":17,"generated_at":"2025-11-07T00:29:17.713Z","feature_hash":"6b7b436827ec2e04427231755f35411dd9e475ce","logistic":{"weights":[-0.50396538993416,-0.79119924181789,-0.8753568704138069,-0.6428527429893469,1.2121237926292778,0.9613766955836488,0.09921929252146007,0.17017649826823428,0.0017128287624916091,-0.8455677044372829,3.114749266099209,-2.932433872894993,0,0,0,0,0.7892582357894197,-0.6392045654292366,-0.8750925005468376,0.6500973567399203,-3.634588618287339,0.3096266128103937,0,0,0,0,0,0,0,0,0,0,0,0,0,0,0,0,0,0,-0.1213640757233382,-0.11280780911378382,0.12533647338398815,0.1934805637608521,-0.15378640909073107,-0.3374595189239619,-0.053572943247501,0,0,1.4666759294860465,1.1744528948445567,-0.26481132090634324,-0.6852161004390516,0.46669276795229653,0.22063135616064766,-0.5310512351947498,0.12693017510052013,-1.700759745092812,-0.7709769030123135,-0.20912833583157456,0.5220410553282414,-0.23886671792034223,0.47641334210734076,0.29319506495152536,0.18735660230955628,-0.4589652555428146,0.004622204554366427,-0.526626055464251,0.676234889939951,-0.26066014673493637,0.3684807063774434,-0.06806078595657751,-0.17872169247177022,0.25698110887941716,0.05384456763021878,-0.1070196716826209,-0.08359783695839308,0.4338289711887529,-0.5468924960072047,0.1511640855294217,-0.25032301017483266,0,0,0,0,0.06201263786449925,-0.18834907268250103,0.06201263786450111,-0.06201263786449888,0,0,0],"bias":0.8165567754257687,"scaler":{"mu":[146.68619246861925,1743.5188284518829,546.0418410041841,1197.4769874476988,6.907949790794979,145.18828451882845,1723.9748953974895,545.3556485355649,1178.6192468619247,5.376569037656904,2.4602510460251046,2.3179916317991633,1,0,0,0,111.43603038629149,120.16909783119996,0.5783174481622455,0.19000432308555174,1449.782326683975,-0.45657506957255656,0,0,0,0,0,0,0,0,0,0,0,0,0,0,0,0,0,0,337.5676429567641,337.5877266387728,338.49721059972103,339.9278940027893,-0.9295676429567672,-2.340167364016737,8.021323969184152,0,0,0.01851041572528199,0.009662488834318894,0.013675135321258303,0.01338553235350855,0.44184644788971456,0.44110654914075936,0.4419973061091803,0.44130198880335836,0.020075743587374312,0.01292424565303387,0.017451627472741177,0.01627033468786495,0.4433963578089604,0.4418260018125014,0.4436667023575179,0.4425591181165004,0.844231572092276,0.8443008135393573,0.8431121505301615,0.8383453327942931,0.6010040699301349,0.604965804056817,0.6032798731136326,0.6064588819045393,0.21983092261290746,0.21742035617417943,0.21917468269912216,0.2175449493192453,8.478570074316188,8.569960530278102,8.546382253792638,8.52492554638425,0,0,0,0,0.1506276150627615,0.7364016736401674,65.75313807531381,4.2468619246861925,0,0,0],"sd":[85.96008279693942,1014.1839675021375,331.1154065809559,726.9589596176187,4.935557475686551,83.44272525698304,996.6794615926191,332.0278682780744,689.0432769092419,3.863848530544531,1.7777946765223733,1.9295463468215743,1,1,1,1,1056.6639649632762,1069.817952669045,6.349556590108317,4.749564639901182,4.1213526595547485,5.642698572141347,1,1,1,1,1,1,1,1,1,1,1,1,1,1,1,1,1,1,103.89418567372307,101.75600791550654,105.71922209619517,102.13316822774125,73.31365616409943,62.84580807447376,2.521004082145233,1,1,0.07121399590811876,0.0952779954087482,0.08264661630660633,0.08826965803039519,0.033952765371179035,0.039970749839606724,0.03535607592731977,0.03964625847652215,0.07269693901239835,0.08722513758974876,0.0789017605983657,0.0855672340284197,0.02907260118344863,0.03614092012346475,0.03243042584693814,0.0346400712738283,0.08122018317057825,0.09972686475929235,0.09608419610395558,0.08724367897270946,0.07520501762311273,0.08018170943836746,0.07633353177035924,0.08078342316791094,0.05597994418718941,0.06140264739546795,0.057193821904523955,0.059944955236871725,1.0066208923873106,1.2645907033097044,1.1436667518154926,1.0570606268026905,1,1,1,1,0.35768552758430955,0.4405839859778467,1.7884276379215447,1.7884276379215474,1,1,1]},"features":["off_1st_down_s2d","off_total_yds_s2d","off_rush_yds_s2d","off_pass_yds_s2d","off_turnovers_s2d","def_1st_down_s2d","def_total_yds_s2d","def_rush_yds_s2d","def_pass_yds_s2d","def_turnovers_s2d","wins_s2d","losses_s2d","home","sim_winrate_same_loc_s2d","sim_pointdiff_same_loc_s2d","sim_count_same_loc_s2d","off_total_yds_s2d_minus_opp","def_total_yds_s2d_minus_opp","off_turnovers_s2d_minus_opp","def_turnovers_s2d_minus_opp","elo_pre","elo_diff","rest_days","rest_diff","off_third_down_att_s2d","off_third_down_conv_s2d","off_third_down_pct_s2d","off_red_zone_att_s2d","off_red_zone_td_s2d","off_red_zone_td_pct_s2d","off_dropbacks_s2d","off_sacks_taken_s2d","off_sack_rate_s2d","off_pass_att_s2d","off_rush_att_s2d","off_neutral_pass_rate_s2d","off_third_down_pct_s2d_minus_opp","off_red_zone_td_pct_s2d_minus_opp","off_sack_rate_s2d_minus_opp","off_neutral_pass_rate_s2d_minus_opp","off_yds_for_3g","off_yds_for_5g","def_yds_against_3g","def_yds_against_5g","net_yds_3g","net_yds_5g","qb_ypa_3g","qb_sack_rate_3g","qb_qbr","off_epa_per_play_s2d","off_epa_per_play_w3","off_epa_per_play_w5","off_epa_per_play_exp","off_success_rate_s2d","off_success_rate_w3","off_success_rate_w5","off_success_rate_exp","def_epa_per_play_allowed_s2d","def_epa_per_play_allowed_w3","def_epa_per_play_allowed_w5","def_epa_per_play_allowed_exp","def_success_rate_allowed_s2d","def_success_rate_allowed_w3","def_success_rate_allowed_w5","def_success_rate_allowed_exp","rb_rush_share_s2d","rb_rush_share_w3","rb_rush_share_w5","rb_rush_share_exp","wr_target_share_s2d","wr_target_share_w3","wr_target_share_w5","wr_target_share_exp","te_target_share_s2d","te_target_share_w3","te_target_share_w5","te_target_share_exp","qb_aypa_s2d","qb_aypa_w3","qb_aypa_w5","qb_aypa_exp","qb_sack_rate_s2d","qb_sack_rate_w3","qb_sack_rate_w5","qb_sack_rate_exp","roof_dome","roof_outdoor","weather_temp_f","weather_wind_mph","weather_precip_pct","weather_impact_score","weather_extreme_flag"]},"decision_tree":{"params":{"depth":6,"minSamples":13},"alpha":2},"bt":{"coefficients":[0.17223966348820993,-0.18897185714514317,-0.0251276437396116,0.0018370196932663019,0.012228176858220948,-0.002301314574121256,0.0006782323282433149,0.0007224866491699783,0.0028457182696073812,-0.001268755717537541],"intercept":0.09928779550912013,"scaler":{"mu":[-2.346289204816256,-9.248924451708566,0.45009570358984835,0,-0.0005097183765414328,0,0,0,0,0],"sd":[55.902635468271654,497.2359540260598,14.153286030003633,1,0.08931083991182696,1,1,1,1,1]},"features":["diff_total_yards","diff_turnovers","diff_penalty_yards","diff_possession_seconds","diff_r_ratio","diff_elo_pre","diff_inj_out","diff_inj_skill_out","diff_inj_practice_dnp","diff_inj_out_trend"],"hyperparams":{"steps":1200,"learningRate":0.001,"l2":0.00001}},"ann":{"seeds":[1],"architecture":[92,128,64,32,1],"committee_size":1,"max_epochs":15,"dropout":0.5},"ensemble":{"weights":{"logistic":0.9,"tree":0,"bt":0,"ann":0.09999999999999998},"calibration":{"type":"platt","beta":-0.17852875942394852,"source":"platt"},"calibration_beta":-0.17852875942394852,"calibration_hash":"d7df14f36a0f824caa48a123b2803d9e366b7e4a8c4cba6d7c1ec4f2afebf8d3","oof_variance":{"ann":{"mean":0.5858180084297533,"var":0.041568509858260855}}},"pca":[{"component":1,"explained_variance":0.19672565324389454,"top_loadings":[{"feature":"def_total_yds_s2d","loading":0.27650466424776066},{"feature":"def_1st_down_s2d","loading":0.27379365503983355},{"feature":"def_pass_yds_s2d","loading":0.27176996100843737},{"feature":"off_total_yds_s2d","loading":0.267358746755933},{"feature":"def_rush_yds_s2d","loading":0.26601759620244314},{"feature":"off_pass_yds_s2d","loading":0.26458647538428914},{"feature":"off_1st_down_s2d","loading":0.2609821220003541},{"feature":"off_rush_yds_s2d","loading":0.23800597643833288},{"feature":"off_turnovers_s2d","loading":0.23570833122882118},{"feature":"losses_s2d","loading":0.2245670771468689}]},{"component":2,"explained_variance":0.16617636894877416,"top_loadings":[{"feature":"te_target_share_exp",