{"season":2025,"week":17,"generated_at":"2025-11-10T23:44:14.616Z","feature_hash":"bce0ce717727e64f8bbed05ce57f7b14d113ce94","logistic":{"weights":[-0.23683127062501264,-0.16874420803972268,-0.06509282784693426,-0.19753973462849672,0.595703755601583,-0.03762683565542644,0.03534969201699471,0.24352185650101324,0.0023858578157150076,-0.4818408636135461,2.972537365608476,-2.7521034271304408,0,0,0,0,0.4200764669349059,-0.8447965198312147,-0.3876820868376121,0.7914753145325685,-3.233186418161705,-0.1960876439185218,0,0,0,0,0,0,0,0,0,0,0,0,0,0,0,0,0,0,-0.15761109620613614,0.024749572010366608,-0.12178254088755652,0.1014598142541369,0.041466510148673585,-0.0679258588556786,0.08595838760303524,0,0,0.6842913085057765,1.1285704757182848,0.34424016112874034,0.3728391561826697,0.08612817058802326,-0.0017925229955622942,-0.29201369886040035,-0.373790948992773,-0.5734016812718014,-0.6140707125651792,-0.30604600126704573,-0.11111112888387016,0.05388598804263454,-0.26400400220584463,-0.12152834292902356,0.2712289651254674,-0.0030498187860446796,-0.11800538961587631,0.3010364788275113,0.13866192632396354,-0.13604500236125824,-0.12111948004457955,0.12383731024404329,0.0849350515930196,0.017061755843757947,-0.10087793710180186,-0.3126076695143129,0.19150725966905333,0.003184041376309571,-0.21942150930085977,0.18086843576626216,0.07635374589744182,0,0,0,0,-0.12018700356520798,0.09386283607308196,-0.17722638711984662,0.01943637577182485,0.05508293711454838,0.13287500139566424,0.00612987590976946,0.47805350863208995,-0.2641287566991812,-0.06863882891655118,-0.14320928332217175,0.2264330151448882,-0.28511055506340116,0.06298339151436338,0.04979487329905283,0.005624989840361809,0.0518127449970772,0.29077406009118584,0.03367291464055638,-0.08079081492793451,-0.614241168136186,0.0838398264796271,0.20555534717557775,0.28149983931156497,-0.0046450703626518715,0.3122114231729712,0.1428563463194286,-0.2145423189147342,-0.012556804295202638,0.07255710729261794,-0.6400212708470157,-0.36416485258599207,0.2420081235728159,-0.09180831562119715,-0.001773464533124787,-0.19008504261248885,-0.2565316944293921,-0.6767220534880837,0.4690089620994605,0.2359856722830462,-0.0985476513118915,-0.21265432493718012,0.7004285685885636,-0.09558770070934242,-0.10608881262073817,0.45525399117771054,-0.8395174252828891,0.0630983116367314],"bias":0.6233695878660488,"scaler":{"mu":[127.57142857142857,1507.0544217687075,506.4557823129252,1000.5986394557823,4.666666666666667,125.95918367346938,1496.7074829931973,495.5986394557823,1001.1088435374149,3.183673469387755,2.197278911564626,2.1700680272108843,1,0,0,0,93.2246760205388,63.379369323313625,0.2018808796123331,0.31804657809717385,1449.999064554239,-0.0022981488779038467,0,0,0,0,0,0,0,0,0,0,0,0,0,0,0,0,0,0,303.72902494331066,302.2032879818594,305.4897959183673,305.3368480725622,-1.760770975056688,-3.133560090702949,6.754268387288717,0,0,0.029686682349189565,0.03181599749169758,0.03130569378161617,0.03435635207345617,0.4683479668311918,0.47186060048203315,0.47045880076765145,0.46709593873356947,0.021383326721051865,0.026727246512124575,0.023417520893825438,0.028197935916021745,0.46346894873647226,0.4679972559691615,0.46489144025975815,0.46296837991526485,0.7917547030995166,0.7975471097049054,0.7941006603102836,0.7834307254282347,0.5958913864017261,0.5904712875455801,0.5935255484999429,0.5994895136290075,0.2229605791745641,0.2286665415587109,0.22554433662536175,0.22250379837402784,7.634900288856362,7.641763570022378,7.675898236724923,7.605022771397835,0,0,0,0,0.1836734693877551,0.6666666666666666,65.82993197278911,4.312925170068027,1.5034013605442176,0.015986394557823132,0.02040816326530612,0.14965986394557823,-0.23129251700680273,-0.6578231292517007,0.23129251700680273,-0.05306122448979594,-0.047619047619047616,0.006802721088435374,0.07482993197278912,0,-0.10691836734693877,-1.1904761904761905,-1.5442176870748299,-1.3319727891156459,0.02040816326530612,-6.351700680272108,0.8795918367346935,-1.2857142857142858,0.09523809523809523,0.05442176870748299,0.013605442176870748,-0.02040816326530612,0,0.006802721088435374,-0.12244897959183673,0.02040816326530612,-0.017816326530612242,0.1292517006802721,-0.003421768707482994,-0.14965986394557823,-0.004925170068027209,0.061224489795918366,0,-0.14965986394557823,0.034013605442176874,-0.05442176870748299,0.006952380952380947,-0.02040816326530612,0.034013605442176874,0.028462585034013606,-0.02040816326530612,6.621768707482993],"sd":[82.1767631886488,951.2911368084136,332.1476442316062,637.8831665342868,3.988646017404176,82.32620346040717,978.2883998828593,342.1325012820663,656.1048233121691,2.7824044028006973,1.8206654079348343,1.9108503277243187,1,1,1,1,1062.1081094151343,1100.0039900699346,5.398398535794472,3.262850755914997,3.0164616719279076,4.3769797985040055,1,1,1,1,1,1,1,1,1,1,1,1,1,1,1,1,1,1,117.89280719146795,115.56919351929776,118.38482834785695,116.66262181571457,77.84023666751487,70.97134004145899,2.705460192205444,1,1,0.0875508786612016,0.10409022365091,0.09205549123759728,0.10022584806731775,0.03583158503271586,0.04250131357715355,0.03764607324124789,0.04295398954362803,0.08378612783422976,0.10719649855236868,0.09167045104128474,0.09747438050950731,0.03546254553978649,0.04396578062942536,0.038877774011510956,0.041802210595923824,0.07960131928135984,0.08367118318355139,0.08014209776151508,0.08763125944167707,0.08418211187331556,0.09093596446396103,0.08603330031450496,0.09221577852098245,0.06174021992167863,0.07085702430654842,0.0634768338778486,0.06977760371327728,1.0839935608281062,1.365471680299139,1.1808927855177545,1.1923552246110742,1,1,1,1,0.38721767267367874,0.47140452079103123,2.869909926908783,3.236279717417277,11.695905527911112,0.08017548664292186,0.14139190265868387,2.0844540925382136,11.383881687499123,6.557987549806009,8.506954359761176,3.4807205861678505,0.7678340712665286,0.24734229881221548,0.9264696754412635,1,0.4757367578019016,14.500918729202294,13.53867289817465,8.817900674116226,0.35893621655164376,39.258264615811825,12.626292289356364,12.20293262399864,8.53909244435512,1.3440841047399372,0.3083066447244804,0.37741310222258984,0.24743582965269675,0.5150338294081005,2.576444734879193,0.7690385176088471,0.3609180475015841,1.4581327582659953,0.10385959420504348,3.528993114376149,0.19887722560179255,2.26846014419359,5.856562108258664,2.6505133413629234,2.8865509536431473,5.845845449495741,0.1548608035647679,0.24659277497131782,0.41098795828552936,0.3350329514123846,0.3589362165516437,38.33948874035324]},