{"season":2019,"week":17,"generated_at":"2025-11-07T00:43:19.423Z","feature_hash":"51ace909e2cd6dd08d4e4640e50a68db6b64f13a","logistic":{"weights":[-0.6219288025625842,-0.4662669156079324,0.11849012328700312,-0.6225265639211313,1.2408552583478858,0.6972267308368035,0.16957725312805247,-0.10579924720846717,0.26620817291968296,-1.0033978322067807,3.25054401137046,-2.702286943239029,0,0,0,0,1.036223413141496,-0.7692154780981021,-1.2996756981087842,0.72327853468793,-3.606641017701704,0.40856585747166635,0,0,0,0,0,0,0,0,0,0,0,0,0,0,0,0,0,0,-0.22526349094160436,-0.04804063383510306,0.13764561312797527,-0.026052781155830484,-0.31731227476527835,0.11485526166311391,-0.24752303915573948,0,0,2.09378308175764,1.1585717182159496,-0.07072285969611393,-0.16922703926943136,0.08445430538221052,-0.07909231385271631,-0.3081706153992213,-0.30325316919316564,-2.062380814657362,-1.220541068791436,0.14763842913284056,0.7686418711090862,-0.3822024747941988,0.6547022334353443,-0.1543725487512135,-0.0033217719871241496,-0.4945974629801485,0.7262759209687495,-0.4442541010911198,0.36115901376155296,-0.18904922903185725,-0.1553523384049683,-0.16410797863036677,-0.3599906126285482,-0.2856598380484363,0.5281015818699102,-0.02832766974987285,-0.4742320433406367,-0.06359717221186978,0.0817090085159166,-0.17517745322270967,0.4353771722346969,0,0,0,0,0.07138092710488243,0.2127805741103756,0.07138092710488408,-0.07138092710488204,0,0,0,0.13490006097335996,0.11599752463910533,-0.04910385299516405,-0.2059681789566628,0.013765675986083302,0.05647035415855977,-0.08194400661893173,0.5849200112669436,0,-0.04452514926094651,0.05603798383976101,0.0638647940475838,0.4028162154686678,-0.35551151541891085,-0.7301889525722429,0.43087242493655165,0.2797694534071924,-0.4813333854233065,-0.08619470118049219,0.0653644283503143,0.0991743957087232,0.010396948584176995,0.05952129109499168,-0.3235142500555636,-0.01788127502277831,-0.12603273744943244,-0.6495656864513971,-0.046595521855076316,-1.065579429942127,0.18514286085288975,-0.4933352625076361,0.3783206209409934,0.11991737861575975,0.12665934635719356,-0.056317710580824625,-0.13691765914667273,0.09968011595192233,0.24287031955411392,0.08966000888260249,-0.0010189521829939048,-0.11521978020717054],"bias":0.43538151702616573,"scaler":{"mu":[141.67782426778243,1685.9037656903765,506.0543933054393,1179.8493723849372,6.02510460251046,139.5857740585774,1667.5439330543934,519.0334728033473,1148.510460251046,4.322175732217573,2.305439330543933,2.297071129707113,1,0,0,0,-32.536462996422365,-51.44098534661191,-0.04381026722345276,-0.09684841275223716,1449.9496995628524,-0.07956676866960889,0,0,0,0,0,0,0,0,0,0,0,0,0,0,0,0,0,0,341.089260808926,342.621548117155,343.4895397489541,343.84672245467226,-2.4002789400278925,-1.2251743375174322,7.644473617733573,0,0,-0.013164742598085236,-0.016859639643351215,-0.016243858664272012,-0.0019550915777793664,0.423034613956405,0.42276287287182845,0.4221923084899325,0.42675239867198833,-0.006630394544100658,-0.01027212587914087,-0.009942380275839307,0.0030193123548272797,0.4246611906354326,0.4244080981928672,0.4234876738925481,0.4281017466065852,0.840828148134592,0.8358159965538329,0.8384668026362097,0.8447192638885579,0.5843482920474333,0.5792159504191149,0.5815819760320106,0.5806152943483548,0.20511119893078786,0.20823363381741042,0.20746703499070382,0.2098963346318977,8.1839851802159,8.180881954546454,8.207523091128735,8.137151878885035,0,0,0,0,0.09205020920502092,0.7740585774058577,65.4602510460251,4.539748953974895,0,0,0,0.09205020920502092,-0.45188284518828453,-0.5129707112970711,0.45188284518828453,0.3899581589958158,0,0,-0.1087866108786611,0,0.07002092050209202,0.06694560669456066,0.3682008368200837,1.0765690376569037,0.02510460251046025,5.209205020920501,-0.47531380753138075,0.9497907949790795,-0.8828451882845189,0.04184100418410042,0.03765690376569038,0.0041841004184100415,-0.008368200836820083,0.04184100418410042,-0.1297071129707113,-0.06694560669456066,-0.00891213389121338,0.13389121338912133,-0.0005815899581589946,0.14644351464435146,0.002008368200836824,0.14644351464435146,0.8870292887029289,0.3723849372384937,0.029288702928870293,0.5481171548117155,-0.0042803347280334775,-0.012552301255230125,0.07112970711297072,0.0596652719665272,-0.0041841004184100415,-1.2723849372384934],"sd":[86.70191787169536,1018.1955833576786,331.2004556326013,729.560252077743,4.5444569999291184,82.72108683802718,967.9190145777607,315.72527735741494,679.7465492589832,3.4581735502785618,1.8954944695187366,1.8133719369041315,1,1,1,1,1196.679726316067,1181.4559935097375,5.868838232604907,4.689498349185673,4.680079238627654,5.995123883558571,1,1,1,1,1,1,1,1,1,1,1,1,1,1,1,1,1,1,105.97564556652885,103.70326615998015,106.7329738874118,103.96022807354429,88.07882035951691,81.61322705576241,2.410215271961683,1,1,0.08975849136770514,0.10190676177994738,0.0962528164128528,0.10400643747348923,0.03446643207872505,0.04145198901191638,0.037616306222042886,0.0399110590928267,0.09877625967971387,0.11301901855601988,0.10474134001941844,0.10961033041930443,0.03619478511111314,0.045763209289434226,0.04026966662683182,0.039636574552178026,0.061208951128318756,0.0697071654162113,0.06505726128042744,0.059859698957689854,0.07648857872643633,0.09474274658421625,0.08788377065196608,0.08468767384763821,0.08043509436391512,0.09069156436414787,0.08646809136179649,0.0878034082165247,1.2800617452666192,1.4539394068221518,1.3189887682650476,1.2856654255836462,1,1,1,1,0.28909681456275604,0.41820078449266124,1.4454840728137806,1.445484072813779,1,1,1,1.940511617175012,12.604242603240282,7.376324727713786,6.650006025328277,5.901087021195516,0.44814821218396267,0.28927842707018586,1.0373194214320596,1,0.5036798100249481,13.733404419401333,13.450373425989948,10.0737341857958,0.3158926541954294,43.55067647630451,13.660452701054925,12.092287643714297,8.284360338283642,3.206675561827349,0.3696718428637936,0.3101883346083796,0.2586031320562749,0.5770419082195594,2.6378156611739083,0.8890991875163331,0.2684070719937972,1.806213683651703,0.08437960051603756,4.18498735369357,0.1924788309097478,2.5775620775348544,7.687938113051148,3.103418105171347,2.686394497023486,6.2242596819850995,0.19672100986438557,0.4432777452100072,0.5166305178390789,0.3758586110341559,0.3934389517890423,42.132431070003115]},