{"season":2002,"week":3,"generated_at":"2025-11-07T00:09:55.263Z","feature_hash":"d3a304e85215b694a9f72007971e687fb0c67038","logistic":{"weights":[-0.8151182511605598,-0.36669284278672776,-0.20653800743751105,-0.4542666762806082,0.9311667728344932,0.580558261998754,0.09088153408538002,0.4899759671272866,-0.09567731151352402,0.1178455800297319,2.58861745636592,-2.509793010901285,0,0,0,0,0.8354351094981357,-0.7978602076828961,-0.6110267753163505,0.14822227748521988,-3.2699890824525304,0.5884615393659767,0,0,0,0,0,0,0,0,0,0,0,0,0,0,0,0,0,0,-0.14862432821750826,-0.05059126998979459,-0.15645554884215918,-0.04302849188739421,-0.026574204168454102,-0.21935035764218566,-0.432308202488801,0,0,0.20599550753587048,0.6971783197849404,0.19277942601127657,0.20578694776677572,0.17179025765496425,0.23611730395474015,-0.19853086393771338,0.1468988219551423,-0.2554975668757471,-0.49008477416213525,-0.4972961850321461,-0.19757592190900702,-0.08484225490826287,0.10558412821769429,0.05087348098888286,-0.4055909578674627,-0.21811114608550067,0.25672178780976584,-0.009467227577109912,0.030765150582241094,-0.06364850516951512,-0.016748045690041596,-0.0010269421841771706,-0.01884567361761381,-0.14354628100494893,-0.21580997749562544,0.03988376822382877,-0.11967878944850857,-0.1331904398044575,0.4679789898752343,-0.4777145428461248,0.3850667062963398,0,0,0,0,0.05530747944301325,-0.061669515102566054,0.05530747944301411,-0.0553074794430134,0,0,0],"bias":0.47845235898212257,"scaler":{"mu":[43.21875,512.9375,162.90625,350.03125,2.28125,43.59375,518.21875,170.65625,347.5625,1.8125,0.71875,0.78125,1,0,0,0,0.4344731593193032,11.339298224280121,-0.03241116807074592,0.12931044092630867,1450,0,0,0,0,0,0,0,0,0,0,0,0,0,0,0,0,0,0,0,182.1875,182.1875,165.78125,165.78125,16.40625,16.40625,1.5812452651183817,0,0,0.018216618073340216,0.018216618073340216,0.018216618073340216,0.03914611213120741,0.46338123680952253,0.46338123680952253,0.46338123680952253,0.4680184527568775,0.03379185001113223,0.03379185001113223,0.03379185001113223,0.03601621173053925,0.46617196974758823,0.46617196974758823,0.46617196974758823,0.46597730080033967,0.8130476785930978,0.8130476785930978,0.8130476785930978,0.8170973607654008,0.5677727081261364,0.5677727081261364,0.5677727081261364,0.5634694856267433,0.13703296865237471,0.13703296865237471,0.13703296865237471,0.1332276186115562,3.1089139927930263,3.1089139927930263,3.1089139927930263,3.0668079460084092,0,0,0,0,0.15625,0.8125,65.78125,4.21875,0,0,0],"sd":[18.918797489203694,215.22342134105665,99.31998772119084,145.63556493328647,2.0651025246945975,20.45247444534524,221.87732173081028,95.68686213863165,169.24869598832956,1.3792547806696194,0.624218261107443,0.7388494010960556,1,1,1,1,206.1993881471468,202.21247016432062,2.362487818075631,1.824685344269745,0.8838834764831844,1.0825317547305484,1,1,1,1,1,1,1,1,1,1,1,1,1,1,1,1,1,1,196.47207777124464,196.47207777124464,185.0276557664759,185.0276557664759,137.0547015280304,137.0547015280304,2.93576256691967,1,1,0.12248113550106271,0.12248113550106271,0.12248113550106271,0.13997975149448907,0.05480196989277639,0.05480196989277639,0.05480196989277639,0.06353544726301945,0.13760973645389757,0.13760973645389757,0.13760973645389757,0.14170993124495376,0.0593231226379567,0.0593231226379567,0.0593231226379567,0.06263890266791976,0.17391588029333457,0.17391588029333457,0.17391588029333457,0.1744717143436152,0.15384951132452745,0.15384951132452745,0.15384951132452745,0.1523163621011757,0.07455785862258069,0.07455785862258069,0.07455785862258069,0.07227133789643492,3.1465058170186158,3.1465058170186158,3.1465058170186158,3.297551729356652,1,1,1,1,0.3630921887069453,0.3903123748998999,1.8154609435347266,1.8154609435347266,1,1,1]},"features":["off_1st_down_s2d","off_total_yds_s2d","off_rush_yds_s2d","off_pass_yds_s2d","off_turnovers_s2d","def_1st_down_s2d","def_total_yds_s2d","def_rush_yds_s2d","def_pass_yds_s2d","def_turnovers_s2d","wins_s2d","losses_s2d","home","sim_winrate_same_loc_s2d","sim_pointdiff_same_loc_s2d","sim_count_same_loc_s2d","off_total_yds_s2d_minus_opp","def_total_yds_s2d_minus_opp","off_turnovers_s2d_minus_opp","def_turnovers_s2d_minus_opp","elo_pre","elo_diff","rest_days","rest_diff","off_third_down_att_s2d","off_third_down_conv_s2d","off_third_down_pct_s2d","off_red_zone_att_s2d","off_red_zone_td_s2d","off_red_zone_td_pct_s2d","off_dropbacks_s2d","off_sacks_taken_s2d","off_sack_rate_s2d","off_pass_att_s2d","off_rush_att_s2d","off_neutral_pass_rate_s2d","off_third_down_pct_s2d_minus_opp","off_red_zone_td_pct_s2d_minus_opp","off_sack_rate_s2d_minus_opp","off_neutral_pass_rate_s2d_minus_opp","off_yds_for_3g","off_yds_for_5g","def_yds_against_3g","def_yds_against_5g","net_yds_3g","net_yds_5g","qb_ypa_3g","qb_sack_rate_3g","qb_qbr","off_epa_per_play_s2d","off_epa_per_play_w3","off_epa_per_play_w5","off_epa_per_play_exp","off_success_rate_s2d","off_success_rate_w3","off_success_rate_w5","off_success_rate_exp","def_epa_per_play_allowed_s2d","def_epa_per_play_allowed_w3","def_epa_per_play_allowed_w5","def_epa_per_play_allowed_exp","def_success_rate_allowed_s2d","def_success_rate_allowed_w3","def_success_rate_allowed_w5","def_success_rate_allowed_exp","rb_rush_share_s2d","rb_rush_share_w3","rb_rush_share_w5","rb_rush_share_exp","wr_target_share_s2d","wr_target_share_w3","wr_target_share_w5","wr_target_share_exp","te_target_share_s2d","te_target_share_w3","te_target_share_w5","te_target_share_exp","qb_aypa_s2d","qb_aypa_w3","qb_aypa_w5","qb_aypa_exp","qb_sack_rate_s2d","qb_sack_rate_w3","qb_sack_rate_w5","qb_sack_rate_exp","roof_dome","roof_outdoor","weather_temp_f","weather_wind_mph","weather_precip_pct","weather_impact_score","weather_extreme_flag"]},"decision_tree":{"params":{"depth":6,"minSamples":8},"alpha":6},"bt":{"coefficients":[-0.08696884363036816,-0.06877677933791498,-0.001865646085641284,0.0026595760479732763,-0.10555174621248077,0.004211483862314931,0.0009181071091614477,0.0015497663721729732,-0.0024779374787132977,0.001810349301114363],"intercept":-0.03228096923185489,"scaler":{"mu":[-5.439825206398337,-18.00795722071721,1.0405861659356725,0,-0.030710767897941256,0,0,0,0,0],"sd":[92.30117093724171,430.2683538718136,17.16419155338937,1,0.11104083348913758,1,1,1,1,1]},"features":["diff_total_yards","diff_turnovers","diff_penalty_yards","diff_possession_seconds","diff_r_ratio","diff_elo_pre","diff_inj_out","diff_inj_skill_out","diff_inj_practice_dnp","diff_inj_out_trend"],"hyperparams":{"steps":1200,"learningRate":0.001,"l2":0.00001}},"ann":{"seeds":[1],"architecture":[92,128,64,32,1],"committee_size":1,"max_epochs":15,"dropout":0.5},"ensemble":{"weights":{"logistic":0.9350649350649352,"tree":0,"bt":0,"ann":0.06493506493506492},"calibration":{"type":"platt","beta":-0.48089664580735164,"source":"platt"},"calibration_beta":-0.48089664580735164,"calibration_hash":"93f58749de925547a2e982bf2ab6ac458ef9a48e38a144d704412392db42f123","oof_variance":{"ann":{"mean":0.5515331223185543,"var":0.015132004120380472}}},"pca":[{"component":1,"explained_variance":0.2009993138833959,"top_loadings":[{"feature":"off_1st_down_s2d","loading":-0.2509535348444721},{"feature":"off_total_yds_s2d","loading":-0.23582595975529505},{"feature":"off_pass_yds_s2d","loading":-0.2272316874974389},{"feature":"off_yds_for_3g","loading":-0.18607906880237873},{"feature":"off_yds_for_5g","loading":-0.18607906880237873},{"feature":"off_rush_yds_s2d","loading":-0.17783182545008375},{"feature":"off_epa_per_play_exp","loading":-0.1740697485327667},{"feature":"def_yds_against_3g","loading":-0.16892745160820846},{"feature":"def_yds_against_5g","loading":-0.16892745160820846},{"feature":"off_success_rate_exp","loading":-0.15253582651022113}]},{"component":2,"explained_variance":0.16709940605189066,"top_loadings":[{"feature":"def_epa_per_play_allowed_s2d","loading":-0.27261682865648984},{"feature":"def_epa_per_play_allowed_w3","loading":-0.27261682865648984},{"feature":"def_epa_per_play_allowed_w5",