{"season":2011,"week":13,"generated_at":"2025-11-07T00:27:03.500Z","feature_hash":"42dfc7bebaf7feb7fb84cd1a61b6b1353bc6ef6b","logistic":{"weights":[-0.3848534126239833,-0.591352585343741,-0.19043532258419316,-0.6995257220594734,1.1492475182183624,0.7939342255132349,-0.041493578996071936,-0.03789359003976829,-0.0966702610539764,-0.5343789086313131,3.225985015216189,-2.968608402346088,0,0,0,0,1.0235175735020703,-0.5454896972251831,-0.7771352371885583,0.8541320623933337,-3.8464681162643735,0.38398634630492473,0,0,0,0,0,0,0,0,0,0,0,0,0,0,0,0,0,0,-0.2808428094641149,0.04591552893907489,0.16652768143262542,0.2184328218176786,-0.4565295036155721,-0.09374715553632271,-0.04877854193390766,0,0,1.67566027324691,1.5159803960069,-0.03832970060045886,-0.7583896357613117,0.4234705534133648,0.322346231120089,-0.6878598672991922,0.18906903781243314,-1.7464471708885703,-0.5025168558189287,-0.3675953971706669,0.49317113383688255,-0.43592942743032564,0.5012707971038928,0.18679606432032214,-0.18568910695747687,-0.3627788882327961,-0.12422010895677635,-0.22328722675575843,0.42702283257657614,-0.2716003484826814,0.15520664896008016,-0.3787122664765886,-0.7388792660652536,-0.2564366058694045,-0.2309177145218319,-0.3357399955823642,0.19820823088281883,0.5961413515449783,-0.37870279869483436,-0.03037158337840917,-0.16720586724395808,0,0,0,0,0.07526623944439954,0.25159368602166576,0.07526623944440156,-0.07526623944439935,0,0,0],"bias":0.7877975253978926,"scaler":{"mu":[113.11363636363636,1352.1818181818182,421.70454545454544,930.4772727272727,5.4772727272727275,111.44886363636364,1342.1647727272727,425.0056818181818,917.1590909090909,4.119318181818182,1.8465909090909092,1.8693181818181819,1,0,0,0,74.28023436991569,48.90815752977823,0.026795866931364175,0.260480930562165,1449.9572038599474,-0.014618215605397918,0,0,0,0,0,0,0,0,0,0,0,0,0,0,0,0,0,0,332.0066287878788,333.22926136363634,331.9583333333333,332.04469696969716,0.04829545454545341,1.1845643939393964,7.934314646162855,0,0,-0.003178595268274154,-0.003357719206169939,-0.003031276649170456,-0.009437381014957908,0.4315248111092714,0.43219029943772963,0.43182805734081114,0.42937332440767634,-0.006123103101931623,-0.006591260936265586,-0.008232644515369035,-0.011814033431291289,0.4321458314112146,0.433001251918134,0.43230202795763883,0.42936375502359064,0.8388234332832035,0.8338327568961513,0.8379572881389091,0.8348924976320582,0.5870612020959443,0.5871219796118511,0.5875225336705082,0.584514876038652,0.2166117504870946,0.22130546906829152,0.21928285925769436,0.2184988135168093,8.503213968129195,8.61894123407172,8.56008387173796,8.521006296177292,0,0,0,0,0.16477272727272727,0.7443181818181818,65.82386363636364,4.176136363636363,0,0,0],"sd":[67.82010492642581,808.6970938920342,272.8089016097545,571.0472731042804,3.771837244413803,63.79047466353882,772.841033216195,271.8410819419193,526.9810110940613,3.080818882970796,1.5353004491005204,1.6201752118033865,1,1,1,1,1056.0621985781604,942.1331731891535,5.266683255405958,3.8921342845308997,3.4425601710582874,4.651563097329681,1,1,1,1,1,1,1,1,1,1,1,1,1,1,1,1,1,1,121.44264785248558,121.17641456880075,117.28224301451247,115.08259876900762,74.27290890421973,65.26482974739697,2.898130237989219,1,1,0.09043010944231086,0.10349025987428892,0.0952965882539011,0.10128714491508371,0.044902553929739984,0.05016989186772211,0.046285219742882806,0.04822244049836767,0.07910167960797193,0.09226478219506758,0.08497994635124666,0.09152945858539008,0.03694492666126441,0.043075229357413654,0.039993640546436865,0.040507267372086216,0.10003894214122956,0.10579670405427465,0.10062436755680969,0.10805686278129298,0.09437901945124236,0.10202994756032581,0.09740166442437126,0.09127447817138762,0.07326295556625465,0.08107996012536878,0.07695044518357942,0.06645961431093488,1.1489280539913007,1.4474195097671776,1.2604639089615337,1.358234047200893,1,1,1,1,0.37097530324785055,0.43624376904783235,1.8548765162392542,1.8548765162392555,1,1,1]},"features":["off_1st_down_s2d","off_total_yds_s2d","off_rush_yds_s2d","off_pass_yds_s2d","off_turnovers_s2d","def_1st_down_s2d","def_total_yds_s2d","def_rush_yds_s2d","def_pass_yds_s2d","def_turnovers_s2d","wins_s2d","losses_s2d","home","sim_winrate_same_loc_s2d","sim_pointdiff_same_loc_s2d","sim_count_same_loc_s2d","off_total_yds_s2d_minus_opp","def_total_yds_s2d_minus_opp","off_turnovers_s2d_minus_opp","def_turnovers_s2d_minus_opp","elo_pre","elo_diff","rest_days","rest_diff","off_third_down_att_s2d","off_third_down_conv_s2d","off_third_down_pct_s2d","off_red_zone_att_s2d","off_red_zone_td_s2d","off_red_zone_td_pct_s2d","off_dropbacks_s2d","off_sacks_taken_s2d","off_sack_rate_s2d","off_pass_att_s2d","off_rush_att_s2d","off_neutral_pass_rate_s2d","off_third_down_pct_s2d_minus_opp","off_red_zone_td_pct_s2d_minus_opp","off_sack_rate_s2d_minus_opp","off_neutral_pass_rate_s2d_minus_opp","off_yds_for_3g","off_yds_for_5g","def_yds_against_3g","def_yds_against_5g","net_yds_3g","net_yds_5g","qb_ypa_3g","qb_sack_rate_3g","qb_qbr","off_epa_per_play_s2d","off_epa_per_play_w3","off_epa_per_play_w5","off_epa_per_play_exp","off_success_rate_s2d","off_success_rate_w3","off_success_rate_w5","off_success_rate_exp","def_epa_per_play_allowed_s2d","def_epa_per_play_allowed_w3","def_epa_per_play_allowed_w5","def_epa_per_play_allowed_exp","def_success_rate_allowed_s2d","def_success_rate_allowed_w3","def_success_rate_allowed_w5","def_success_rate_allowed_exp","rb_rush_share_s2d","rb_rush_share_w3","rb_rush_share_w5","rb_rush_share_exp","wr_target_share_s2d","wr_target_share_w3","wr_target_share_w5","wr_target_share_exp","te_target_share_s2d","te_target_share_w3","te_target_share_w5","te_target_share_exp","qb_aypa_s2d","qb_aypa_w3","qb_aypa_w5","qb_aypa_exp","qb_sack_rate_s2d","qb_sack_rate_w3","qb_sack_rate_w5","qb_sack_rate_exp","roof_dome","roof_outdoor","weather_temp_f","weather_wind_mph","weather_precip_pct","weather_impact_score","weather_extreme_flag"]},"decision_tree":{"params":{"depth":6,"minSamples":9},"alpha":2},"bt":{"coefficients":[0.21426298263346155,-0.14752623698513387,-0.0009009326849905228,0.0017030455578226444,0.07312649713008942,0.003238853584714851,0.004472721595565537,0.004839985864782847,0.0021062413831049393,-0.0037039744781714986],"intercept":0.08360923256664242,"scaler":{"mu":[0.2963422272816684,4.616054045820876,0.6089512237311191,0,0.00276863980362171,0,0,0,0,0],"sd":[63.60475701339607,469.8085578748049,15.570073362488204,1,0.09074794394564227,1,1,1,1,1]},"features":["diff_total_yards","diff_turnovers","diff_penalty_yards","diff_possession_seconds","diff_r_ratio","diff_elo_pre","diff_inj_out","diff_inj_skill_out","diff_inj_practice_dnp","diff_inj_out_trend"],"hyperparams":{"steps":1200,"learningRate":0.001,"l2":0.00001}},"ann":{"seeds":[1],"architecture":[92,128,64,32,1],"committee_size":1,"max_epochs":15,"dropout":0.5},"ensemble":{"weights":{"logistic":0.9,"tree":0,"bt":0,"ann":0.09999999999999998},"calibration":{"type":"platt","beta":-0.06980621845161315,"source":"platt"},"calibration_beta":-0.06980621845161315,"calibration_hash":"128b02d6be3a0589736aaab6a83fb79c42d97112582e8477d352e5b0a6e49bc1","oof_variance":{"ann":{"mean":0.5043514426133885,"var":0.021934124926012898}}},"pca":[{"component":1,"explained_variance":0.19408152707327278,"top_loadings":[{"feature":"off_total_yds_s2d","loading":0.27510375157537775},{"feature":"off_1st_down_s2d","loading":0.2739977080364905},{"feature":"off_pass_yds_s2d","loading":0.27053932669370706},{"feature":"def_total_yds_s2d","loading":0.2624255347544501},{"feature":"def_pass_yds_s2d","loading":0.26165454479740186},{"feature":"def_1st_down_s2d","loading":0.26104250769991644},{"feature":"off_rush_yds_s2d","loading":0.24920323068909708},{"feature":"def_rush_yds_s2d","loading":0.23883897306266172},{"feature":"off_turnovers_s2d","loading":0.2150396417553771},{"feature":"wins_s2d","loading":0.1961795297180837}]},{"component":2,"explained_variance":0.16435366271379276,"top_loadings":[{"feature":"off_epa_per_play_exp",