{"season":2013,"week":16,"generated_at":"2025-11-07T00:31:07.225Z","feature_hash":"3ca4ea280b6727c460ae18097e19ded6f70f6264","logistic":{"weights":[-0.2917529642669796,-0.6887902679415773,-0.6877704505616812,-0.5986514143866707,1.7194587856916768,0.9628057768455728,0.0615626051938695,0.4620261447112189,-0.1885459395609387,-0.6404226405113729,3.2708570358701454,-2.8561706397925075,0,0,0,0,1.028259449740277,-0.8317178889355914,-0.912500082148403,0.8061185237847063,-3.4285104892708307,-0.13655652170370255,0,0,0,0,0,0,0,0,0,0,0,0,0,0,0,0,0,0,-0.1240393552772308,-0.23436210377812094,0.08672713160180125,0.22909380371457577,-0.07653206567493714,-0.5768662832977686,0.19492013654204263,0,0,1.8271815126367796,1.2727263857303586,0.009331366391659206,-0.12769909382538566,0.647662384776581,0.1433083868388048,-0.33337104964424574,0.38403759686191746,-1.9411615996315945,-1.0611767322738446,0.08918781177739109,0.45577604368381336,-0.7161119702905479,0.12338234161956353,0.16373089903773191,-0.26568001291546717,-0.3945501853615874,-0.15644804967218437,-0.5591478483825444,0.6484544393239036,-0.46700465146162345,0.25491038045985726,-0.16401070640724796,-0.3120806882957871,0.4010587006038547,0.058712943551318994,-0.09240686386400568,-0.15161941282206862,0.36913721579753,-0.3342541147843375,0.3080071198847696,-0.19386364502870693,0,0,0,0,-0.07192139734867804,-0.05491188262408629,-0.07192139734867699,0.0719213973486783,0,0,0],"bias":1.3950386031463737,"scaler":{"mu":[137.1928251121076,1639.5156950672647,501.90582959641256,1137.6098654708521,6.542600896860987,137.03139013452915,1621.8206278026905,484.76681614349775,1137.053811659193,5.192825112107624,2.3408071748878925,2.1210762331838566,1,0,0,0,46.183175240400786,41.416881121475086,0.07679765959027741,0.3313192565171318,1449.7516820673188,-0.48635815662595583,0,0,0,0,0,0,0,0,0,0,0,0,0,0,0,0,0,0,339.29222720478333,339.6674887892374,340.2922272047833,342.1989536621824,-1.0000000000000013,-2.5314648729446954,7.756607956053488,0,0,0.004601192457618591,0.010030824601909504,0.00783101324274196,0.005900414348550411,0.43484598879880443,0.43697835197453044,0.4355423018365106,0.4337822756108085,0.005064727930147715,0.009311085586064182,0.0073880162089755876,0.006056890098374509,0.4345181767650615,0.4359014361998789,0.4349870868035156,0.43329532913994323,0.8384757605051547,0.8401069403195038,0.8394880440058298,0.8419222644401112,0.598979158730698,0.592441709471738,0.59425336467761,0.5964914619597727,0.20701750411426595,0.20935869338328175,0.2087838809334603,0.20590503614015873,8.451748661060291,8.412565958128571,8.420509740271683,8.259137923687685,0,0,0,0,0.15695067264573992,0.726457399103139,65.7847533632287,4.2152466367713,0,0,0],"sd":[82.27109045832928,984.6768191109568,343.7394793982173,679.9923339659415,4.743343360944877,84.32838811198329,992.7218840773402,322.7076581378335,697.8380044912836,4.150049175882056,1.9270305867061355,1.7764414240841024,1,1,1,1,1215.7522373841803,1223.7871120405287,6.091374221968876,5.560925419878022,3.9867503495493866,5.579812065270545,1,1,1,1,1,1,1,1,1,1,1,1,1,1,1,1,1,1,108.32163409001191,105.89055926369272,108.63461236117233,106.81080555244249,69.58355195404377,62.52425337288887,2.687670857259489,1,1,0.08147989890465962,0.0993961891133935,0.08473041457155243,0.08053646285735344,0.0354178696932522,0.04276594886365791,0.03708087868373446,0.032834067752481357,0.06854215905608824,0.08990777355641547,0.07836072853524657,0.0678726799093865,0.032466945793958216,0.039315623853469234,0.0349984198692306,0.03175697374392098,0.08726923048581268,0.09753197843077523,0.0906099152834678,0.08638942087057745,0.08617555335685378,0.0898750268724461,0.08606032113836587,0.08719891784000798,0.05709939904405545,0.06491277292241142,0.059547582517000895,0.061917058223800975,1.4527418553875648,1.6266910956928582,1.4704939214224657,1.6912261448885486,1,1,1,1,0.3637542563349471,0.4457769020389471,1.8187712816747288,1.8187712816747286,1,1,1]},"features":["off_1st_down_s2d","off_total_yds_s2d","off_rush_yds_s2d","off_pass_yds_s2d","off_turnovers_s2d","def_1st_down_s2d","def_total_yds_s2d","def_rush_yds_s2d","def_pass_yds_s2d","def_turnovers_s2d","wins_s2d","losses_s2d","home","sim_winrate_same_loc_s2d","sim_pointdiff_same_loc_s2d","sim_count_same_loc_s2d","off_total_yds_s2d_minus_opp","def_total_yds_s2d_minus_opp","off_turnovers_s2d_minus_opp","def_turnovers_s2d_minus_opp","elo_pre","elo_diff","rest_days","rest_diff","off_third_down_att_s2d","off_third_down_conv_s2d","off_third_down_pct_s2d","off_red_zone_att_s2d","off_red_zone_td_s2d","off_red_zone_td_pct_s2d","off_dropbacks_s2d","off_sacks_taken_s2d","off_sack_rate_s2d","off_pass_att_s2d","off_rush_att_s2d","off_neutral_pass_rate_s2d","off_third_down_pct_s2d_minus_opp","off_red_zone_td_pct_s2d_minus_opp","off_sack_rate_s2d_minus_opp","off_neutral_pass_rate_s2d_minus_opp","off_yds_for_3g","off_yds_for_5g","def_yds_against_3g","def_yds_against_5g","net_yds_3g","net_yds_5g","qb_ypa_3g","qb_sack_rate_3g","qb_qbr","off_epa_per_play_s2d","off_epa_per_play_w3","off_epa_per_play_w5","off_epa_per_play_exp","off_success_rate_s2d","off_success_rate_w3","off_success_rate_w5","off_success_rate_exp","def_epa_per_play_allowed_s2d","def_epa_per_play_allowed_w3","def_epa_per_play_allowed_w5","def_epa_per_play_allowed_exp","def_success_rate_allowed_s2d","def_success_rate_allowed_w3","def_success_rate_allowed_w5","def_success_rate_allowed_exp","rb_rush_share_s2d","rb_rush_share_w3","rb_rush_share_w5","rb_rush_share_exp","wr_target_share_s2d","wr_target_share_w3","wr_target_share_w5","wr_target_share_exp","te_target_share_s2d","te_target_share_w3","te_target_share_w5","te_target_share_exp","qb_aypa_s2d","qb_aypa_w3","qb_aypa_w5","qb_aypa_exp","qb_sack_rate_s2d","qb_sack_rate_w3","qb_sack_rate_w5","qb_sack_rate_exp","roof_dome","roof_outdoor","weather_temp_f","weather_wind_mph","weather_precip_pct","weather_impact_score","weather_extreme_flag"]},"decision_tree":{"params":{"depth":6,"minSamples":12},"alpha":2},"bt":{"coefficients":[0.05679356747415324,-0.12769263246066415,-0.09054609991292793,0.00308639078863521,-0.02004260586118766,0.00285268664035567,0.004491598485439602,0.0006662300284662079,-0.002476741072739342,0.0032605580889737765],"intercept":0.18711412372394162,"scaler":{"mu":[-1.7785206757628584,18.02819087540731,0.5036460782842799,0,0.0010282608611819988,0,0,0,0,0],"sd":[57.40636095722073,541.806872247056,15.944848883199272,1,0.09740508095545733,1,1,1,1,1]},"features":["diff_total_yards","diff_turnovers","diff_penalty_yards","diff_possession_seconds","diff_r_ratio","diff_elo_pre","diff_inj_out","diff_inj_skill_out","diff_inj_practice_dnp","diff_inj_out_trend"],"hyperparams":{"steps":1200,"learningRate":0.001,"l2":0.00001}},"ann":{"seeds":[1],"architecture":[92,128,64,32,1],"committee_size":1,"max_epochs":15,"dropout":0.5},"ensemble":{"weights":{"logistic":0.9,"tree":0,"bt":0,"ann":0.09999999999999998},"calibration":{"type":"platt","beta":0.05323803890634545,"source":"platt"},"calibration_beta":0.05323803890634545,"calibration_hash":"8933f19bfe30827d7e63ae5c721280aac56faaefeeedfe6d6648f32304bb1fc8","oof_variance":{"ann":{"mean":0.5988913451784965,"var":0.026421391827635626}}},"pca":[{"component":1,"explained_variance":0.20039584671909483,"top_loadings":[{"feature":"off_total_yds_s2d","loading":0.2715904379848735},{"feature":"off_1st_down_s2d","loading":0.2702050406134987},{"feature":"def_1st_down_s2d","loading":0.2699281233046507},{"feature":"def_total_yds_s2d","loading":0.2690777454933664},{"feature":"off_pass_yds_s2d","loading":0.2679155984524194},{"feature":"def_pass_yds_s2d","loading":0.2670104424393059},{"feature":"def_rush_yds_s2d","loading":0.25034835741261396},{"feature":"off_rush_yds_s2d","loading":0.24800251524089578},{"feature":"def_turnovers_s2d","loading":0.22296992038103416},{"feature":"off_turnovers_s2d","loading":0.20751892672295782}]},{"component":2,"explained_variance":0.15564074301641623,"top_loadings":[{"feature":"off_success_rate_s2d",