{"season":2017,"week":5,"generated_at":"2025-11-07T00:37:49.002Z","feature_hash":"6bdf9077af646658679e771e67104b9f3c80bc10","logistic":{"weights":[-0.2913432674029349,-0.5642003175905682,-0.22281039086092835,-0.6254965285825582,1.7914343193996407,0.7162893706422854,0.07606118961174332,-0.031088937617881528,0.06381068256336482,-1.3860638408430248,2.8501503970148776,-2.2281835770738954,0,0,0,0,1.064198214517105,-0.6398822507125871,-1.937469656936678,0.8668019086229583,-3.1631393260469802,-0.16643736015376503,0,0,0,0,0,0,0,0,0,0,0,0,0,0,0,0,0,0,-0.4462105435328627,-0.12498239716795079,0.025784311576855137,0.02484921668156108,-0.508022644129395,-0.028301683679511698,0.18158887911193836,0,0,1.6792040583154675,1.024781702252116,-0.0026869275655175343,-0.32007052247460877,0.06121661895463192,0.07087678453036482,0.09753560119020474,-0.0070803158961065624,-2.176228226012668,-0.9859872784862153,0.3638653977072969,0.28069175500984095,-0.17083043505701767,0.25890017348336625,-0.21885818070499974,0.007196705183767867,-0.1521983899095329,0.49912082761964227,-0.3694840535749275,0.5257277527704924,0.01972634067656183,0.22787022027889212,0.1625549188238417,-0.13773730758434224,0.18758836467508722,0.4968861967200678,0.26660503486319304,-0.12103295390977378,-0.25511140632472057,-0.8144744458293608,-0.24326834607703096,0.15902094853368734,0,0,0,0,0.05020493575547929,0.01859216785031092,0.050204935755480455,-0.05020493575547897,0,0,0],"bias":0.834950363455476,"scaler":{"mu":[74.88888888888889,872.7142857142857,259.07936507936506,613.6349206349206,2.9047619047619047,73.15873015873017,845.5079365079365,251.15873015873015,594.3492063492064,2.5714285714285716,1.2857142857142858,1.1904761904761905,1,0,0,0,37.414303616126894,-18.89065403347299,-0.04941495714751069,0.0820614911738595,1449.980086833963,-0.03982633207437579,0,0,0,0,0,0,0,0,0,0,0,0,0,0,0,0,0,0,251.984126984127,251.984126984127,254.89153439153438,254.89153439153438,-2.907407407407408,-2.907407407407408,6.058291366274543,0,0,-0.02788239597122096,-0.025632220970421234,-0.02788239597122096,-0.03900662255693015,0.4159165719872843,0.41625661888112425,0.4159165719872843,0.4106592168491341,-0.029051213845720146,-0.026471835022441062,-0.029051213845720146,-0.04457187670495072,0.4162955854175613,0.41708545249902923,0.4162955854175613,0.4118352728199447,0.8196044815075275,0.8198273188091562,0.8196044815075275,0.8221293895361893,0.5872847562158726,0.5877535135746789,0.5872847562158726,0.5862458696185107,0.20747069790662048,0.20769532459226445,0.20747069790662048,0.20122296372467585,8.24403647427293,8.255353259629429,8.24403647427293,8.25959195905521,0,0,0,0,0.09523809523809523,0.7936507936507936,65.47619047619048,4.523809523809524,0,0,0],"sd":[36.14789335498718,428.37431445872414,147.65277819104313,314.5476622014894,2.2936370626271043,36.423525604135605,416.2591101254225,147.42070306990672,299.69058958114965,2.279754134016348,0.9665611014373542,0.9571310115353227,1,1,1,1,226.6094034621497,213.81119013890682,2.748627194048444,2.6905630919927748,1.4821675144409288,1.947935303670884,1,1,1,1,1,1,1,1,1,1,1,1,1,1,1,1,1,1,157.49639763603977,157.49639763603977,157.218969506793,157.218969506793,63.757185006990994,63.757185006990994,3.8722771305233814,1,1,0.12466337275364893,0.12668960143413893,0.12466337275364893,0.1368777974705866,0.04606518910500159,0.0468503694440548,0.04606518910500159,0.04813104612961002,0.10970563253971774,0.11140018401093062,0.10970563253971774,0.13232421313773318,0.04245060969514552,0.04277891474427833,0.04245060969514552,0.048044924506873796,0.17782461114767575,0.1736284601914605,0.17782461114767575,0.18234477525368564,0.10694407742243739,0.1076448409429056,0.10694407742243739,0.11236266848552728,0.07614794494078597,0.07600170964524214,0.07614794494078597,0.08148216530932789,1.8001784859427734,1.7929918982635737,1.8001784859427734,2.089838004482103,1,1,1,1,0.29354352395090355,0.40468408838037967,1.4677176197545183,1.4677176197545194,1,1,1]},"features":["off_1st_down_s2d","off_total_yds_s2d","off_rush_yds_s2d","off_pass_yds_s2d","off_turnovers_s2d","def_1st_down_s2d","def_total_yds_s2d","def_rush_yds_s2d","def_pass_yds_s2d","def_turnovers_s2d","wins_s2d","losses_s2d","home","sim_winrate_same_loc_s2d","sim_pointdiff_same_loc_s2d","sim_count_same_loc_s2d","off_total_yds_s2d_minus_opp","def_total_yds_s2d_minus_opp","off_turnovers_s2d_minus_opp","def_turnovers_s2d_minus_opp","elo_pre","elo_diff","rest_days","rest_diff","off_third_down_att_s2d","off_third_down_conv_s2d","off_third_down_pct_s2d","off_red_zone_att_s2d","off_red_zone_td_s2d","off_red_zone_td_pct_s2d","off_dropbacks_s2d","off_sacks_taken_s2d","off_sack_rate_s2d","off_pass_att_s2d","off_rush_att_s2d","off_neutral_pass_rate_s2d","off_third_down_pct_s2d_minus_opp","off_red_zone_td_pct_s2d_minus_opp","off_sack_rate_s2d_minus_opp","off_neutral_pass_rate_s2d_minus_opp","off_yds_for_3g","off_yds_for_5g","def_yds_against_3g","def_yds_against_5g","net_yds_3g","net_yds_5g","qb_ypa_3g","qb_sack_rate_3g","qb_qbr","off_epa_per_play_s2d","off_epa_per_play_w3","off_epa_per_play_w5","off_epa_per_play_exp","off_success_rate_s2d","off_success_rate_w3","off_success_rate_w5","off_success_rate_exp","def_epa_per_play_allowed_s2d","def_epa_per_play_allowed_w3","def_epa_per_play_allowed_w5","def_epa_per_play_allowed_exp","def_success_rate_allowed_s2d","def_success_rate_allowed_w3","def_success_rate_allowed_w5","def_success_rate_allowed_exp","rb_rush_share_s2d","rb_rush_share_w3","rb_rush_share_w5","rb_rush_share_exp","wr_target_share_s2d","wr_target_share_w3","wr_target_share_w5","wr_target_share_exp","te_target_share_s2d","te_target_share_w3","te_target_share_w5","te_target_share_exp","qb_aypa_s2d","qb_aypa_w3","qb_aypa_w5","qb_aypa_exp","qb_sack_rate_s2d","qb_sack_rate_w3","qb_sack_rate_w5","qb_sack_rate_exp","roof_dome","roof_outdoor","weather_temp_f","weather_wind_mph","weather_precip_pct","weather_impact_score","weather_extreme_flag"]},"decision_tree":{"params":{"depth":6,"minSamples":8},"alpha":6},"bt":{"coefficients":[0.04766973985663188,-0.13206122574118156,0.08390633050720636,0.004262923485909712,0.03426815968563898,0.003666929410541821,-0.0012359616246812133,0.0004636318030531242,-0.0030349738574727003,-0.0010972703707289577],"intercept":0.057670337020190914,"scaler":{"mu":[-0.6456906836808783,9.472253277529342,-0.44187756974134634,0,0.0055641701051410255,0,0,0,0,0],"sd":[50.65234419202045,507.28507732930444,13.238594063256985,1,0.06690077639866367,1,1,1,1,1]},"features":["diff_total_yards","diff_turnovers","diff_penalty_yards","diff_possession_seconds","diff_r_ratio","diff_elo_pre","diff_inj_out","diff_inj_skill_out","diff_inj_practice_dnp","diff_inj_out_trend"],"hyperparams":{"steps":1200,"learningRate":0.001,"l2":0.00001}},"ann":{"seeds":[1],"architecture":[92,128,64,32,1],"committee_size":1,"max_epochs":15,"dropout":0.5},"ensemble":{"weights":{"logistic":0.9,"tree":0,"bt":0,"ann":0.09999999999999998},"calibration":{"type":"platt","beta":-0.26378323826396693,"source":"platt"},"calibration_beta":-0.26378323826396693,"calibration_hash":"7556e86687471763d57b874eef6aeca55c82c70846672396ac5b856785539125","oof_variance":{"ann":{"mean":0.5976338663378575,"var":0.02752962369017515}}},"pca":[{"component":1,"explained_variance":0.22996289907065912,"top_loadings":[{"feature":"off_total_yds_s2d","loading":-0.2337287737200613},{"feature":"def_1st_down_s2d","loading":-0.23234210474061814},{"feature":"def_total_yds_s2d","loading":-0.23092413985677068},{"feature":"off_pass_yds_s2d","loading":-0.2305872715409112},{"feature":"def_pass_yds_s2d","loading":-0.22959202535369494},{"feature":"off_1st_down_s2d","loading":-0.22797728785908414},{"feature":"off_yds_for_3g","loading":-0.2198859189327011},{"feature":"off_yds_for_5g","loading":-0.2198859189327011},{"feature":"def_yds_against_3g","loading":-0.20771951776643344},{"feature":"def_yds_against_5g","loading":-0.20771951776643344}]},{"component":2,"explained_variance":0.1514343898011638,"top_loadings":[{"feature":"losses_s2d",