{"season":2002,"week":14,"generated_at":"2025-11-07T00:10:25.582Z","feature_hash":"e2835c45650dd6ea204091a095b5f25db19db744","logistic":{"weights":[-0.6941262922088881,-0.30161547046122755,-0.45868515464484627,-0.24434619300383736,0.737745506272281,0.5709965470633586,0.14435772008086323,0.5074614321918693,-0.034404676322242166,-0.1814328266732156,2.767405361582278,-2.6873267375084495,0,0,0,0,1.3051331078041768,-0.5669520856941681,-0.7734817566680317,0.1037413471645786,-2.9738149290458877,-0.1348861016055492,0,0,0,0,0,0,0,0,0,0,0,0,0,0,0,0,0,0,-0.24225211620475703,-0.003616606094023973,0.01949906959659407,0.06625202332556339,-0.3181307688900961,-0.28049257583755755,-0.7438965099514668,0,0,0.6663239506169967,0.7086916080326079,0.49765990595242543,0.2857996306568445,0.29810418998977783,0.15540603756064092,-0.14390072999750295,0.08778857049509509,-0.5700426626920012,-1.0734326178174158,-0.8175016590433173,-0.29992333216375544,-0.11177345435992625,-0.08461881346614439,0.12625704388156686,-0.29163098281186667,-0.18286302618130498,0.28616474353417126,0.02924645392691295,-0.05929287640783699,-0.19829908569010976,-0.18180150871057724,0.043508581316192924,-0.23393533295207133,-0.055528360704350986,0.036873467464109494,-0.0017907178993016248,-0.35898527999743035,-0.005377781209419839,0.7415253926623212,-0.27683924847888286,0.08802540494581675,0,0,0,0,0.029721003336902727,0.13265570947139155,0.029721003336903803,-0.029721003336902863,0,0,0],"bias":0.6805489816648606,"scaler":{"mu":[115.34031413612566,1367.0942408376964,449.39267015706804,917.7015706806283,6.2513089005235605,118.9738219895288,1401.0209424083769,460.130890052356,940.890052356021,4.9214659685863875,2.068062827225131,1.8952879581151831,1,0,0,0,1.900151879854394,43.691205852958426,-0.04950617811417619,-0.0570798941300693,1449.835647308546,-0.32870616300636674,0,0,0,0,0,0,0,0,0,0,0,0,0,0,0,0,0,0,319.40663176265275,317.93097731239106,315.45986038394415,314.93010471204195,3.946771378708552,3.000872600349043,2.912368536812606,0,0,0.007713758682266496,0.004705021734466053,0.006611869986675029,0.021352107867365844,0.46037302129780744,0.4604492628569559,0.4606116503216664,0.46345529025016585,0.010040545388370013,0.00931569171598477,0.010469342217290093,0.022682604395704555,0.46114966339033986,0.4602475845222839,0.4616242561076059,0.4634279367726739,0.8197918513379276,0.8185855740216105,0.8179894837106438,0.8079647446105792,0.5906328576795687,0.5929642829033626,0.591372522831612,0.5760179883355661,0.15463909264284878,0.15578120436086146,0.15611013271623814,0.1457307371145632,3.129865340689218,3.272076157314265,3.230662091724074,3.0333882491702475,0,0,0,0,0.193717277486911,0.7905759162303665,65.96858638743456,4.031413612565445,0,0,0],"sd":[75.85991773147349,879.7259458545964,301.151625111886,617.0562440508484,4.442734625986169,78.36646591261618,904.5203175147684,316.6923435440416,615.2036767020708,3.9643846300422414,1.6310392139733203,1.551735659132566,1,1,1,1,1033.7222909223383,1044.0806030024032,6.001997171857269,5.456477293928163,3.2611554077775122,4.369161079959524,1,1,1,1,1,1,1,1,1,1,1,1,1,1,1,1,1,1,116.93860668657506,114.08814222354502,117.22163127132096,114.40245370344519,111.35739877321328,105.86312015363356,2.2920816312179335,1,1,0.088550578067218,0.09845592862971388,0.09251931754328324,0.10050472477703735,0.04068281359797573,0.04527523974607242,0.04205288420614926,0.04603572995251019,0.08315355172186231,0.09857300540742886,0.08961942770936995,0.09211322481502808,0.03653412888377778,0.04301592518335281,0.039472121507955614,0.042128840113911326,0.09541165500953258,0.10605963349146273,0.1000254295126517,0.13437811920091267,0.09462439750300698,0.09977680375134736,0.09676691434918056,0.11347223302090136,0.05848056172088807,0.0687125228280579,0.06493270495796237,0.05765265393032652,1.8671899852537615,2.1708840821631448,1.95616951439389,1.9933318478105906,1,1,1,1,0.39520993647676655,0.4068975754497469,1.9760496823838367,1.9760496823838367,1,1,1]},"features":["off_1st_down_s2d","off_total_yds_s2d","off_rush_yds_s2d","off_pass_yds_s2d","off_turnovers_s2d","def_1st_down_s2d","def_total_yds_s2d","def_rush_yds_s2d","def_pass_yds_s2d","def_turnovers_s2d","wins_s2d","losses_s2d","home","sim_winrate_same_loc_s2d","sim_pointdiff_same_loc_s2d","sim_count_same_loc_s2d","off_total_yds_s2d_minus_opp","def_total_yds_s2d_minus_opp","off_turnovers_s2d_minus_opp","def_turnovers_s2d_minus_opp","elo_pre","elo_diff","rest_days","rest_diff","off_third_down_att_s2d","off_third_down_conv_s2d","off_third_down_pct_s2d","off_red_zone_att_s2d","off_red_zone_td_s2d","off_red_zone_td_pct_s2d","off_dropbacks_s2d","off_sacks_taken_s2d","off_sack_rate_s2d","off_pass_att_s2d","off_rush_att_s2d","off_neutral_pass_rate_s2d","off_third_down_pct_s2d_minus_opp","off_red_zone_td_pct_s2d_minus_opp","off_sack_rate_s2d_minus_opp","off_neutral_pass_rate_s2d_minus_opp","off_yds_for_3g","off_yds_for_5g","def_yds_against_3g","def_yds_against_5g","net_yds_3g","net_yds_5g","qb_ypa_3g","qb_sack_rate_3g","qb_qbr","off_epa_per_play_s2d","off_epa_per_play_w3","off_epa_per_play_w5","off_epa_per_play_exp","off_success_rate_s2d","off_success_rate_w3","off_success_rate_w5","off_success_rate_exp","def_epa_per_play_allowed_s2d","def_epa_per_play_allowed_w3","def_epa_per_play_allowed_w5","def_epa_per_play_allowed_exp","def_success_rate_allowed_s2d","def_success_rate_allowed_w3","def_success_rate_allowed_w5","def_success_rate_allowed_exp","rb_rush_share_s2d","rb_rush_share_w3","rb_rush_share_w5","rb_rush_share_exp","wr_target_share_s2d","wr_target_share_w3","wr_target_share_w5","wr_target_share_exp","te_target_share_s2d","te_target_share_w3","te_target_share_w5","te_target_share_exp","qb_aypa_s2d","qb_aypa_w3","qb_aypa_w5","qb_aypa_exp","qb_sack_rate_s2d","qb_sack_rate_w3","qb_sack_rate_w5","qb_sack_rate_exp","roof_dome","roof_outdoor","weather_temp_f","weather_wind_mph","weather_precip_pct","weather_impact_score","weather_extreme_flag"]},"decision_tree":{"params":{"depth":6,"minSamples":10},"alpha":2},"bt":{"coefficients":[0.125898530468115,-0.12267256762917392,0.011095979975428145,0.003988895556127908,0.050810139269955215,0.0032792965588181898,-0.0033459878510330807,0.0007553532246502255,0.00019294542958223673,-0.0031634164929109617],"intercept":0.1780916820698464,"scaler":{"mu":[0.978387269468104,-1.5865208346504702,-0.12427263101103725,0,-0.006704364261661617,0,0,0,0,0],"sd":[82.7628499658807,539.2134268757203,16.765465750524246,1,0.0932880010577747,1,1,1,1,1]},"features":["diff_total_yards","diff_turnovers","diff_penalty_yards","diff_possession_seconds","diff_r_ratio","diff_elo_pre","diff_inj_out","diff_inj_skill_out","diff_inj_practice_dnp","diff_inj_out_trend"],"hyperparams":{"steps":1200,"learningRate":0.001,"l2":0.00001}},"ann":{"seeds":[1],"architecture":[92,128,64,32,1],"committee_size":1,"max_epochs":15,"dropout":0.5},"ensemble":{"weights":{"logistic":0.9,"tree":0,"bt":0,"ann":0.09999999999999998},"calibration":{"type":"platt","beta":0.07051399744864281,"source":"platt"},"calibration_beta":0.07051399744864281,"calibration_hash":"d8ca98c674b00175a222a6952041a1d59123a71177263486801216157f540629","oof_variance":{"ann":{"mean":0.5339489642896046,"var":0.024976370816961677}}},"pca":[{"component":1,"explained_variance":0.18983986574008246,"top_loadings":[{"feature":"off_1st_down_s2d","loading":0.2739925109343428},{"feature":"off_total_yds_s2d","loading":0.27396006851747967},{"feature":"off_pass_yds_s2d","loading":0.26790592174919103},{"feature":"def_total_yds_s2d","loading":0.2607124329824823},{"feature":"def_pass_yds_s2d","loading":0.26056323303950096},{"feature":"def_1st_down_s2d","loading":0.2586572887311091},{"feature":"off_rush_yds_s2d","loading":0.25135762937115136},{"feature":"def_rush_yds_s2d","loading":0.23846561251513448},{"feature":"off_turnovers_s2d","loading":0.2230684898051458},{"feature":"wins_s2d","loading":0.20422640915262455}]},{"component":2,"explained_variance":0.1458346675009981,"top_loadings":[{"feature":"off_success_rate_w5",