{"season":2020,"week":4,"generated_at":"2025-11-07T00:44:41.085Z","feature_hash":"295bd9f3c6a44dc583a79e2be400ae4a1792fe28","logistic":{"weights":[-0.5836154591692031,-0.4394465518144229,0.06872457523020238,-0.5661486976398893,1.1341850023873032,0.8380117556075368,0.31584793199562844,-0.06410516829589089,0.44303763391060924,-1.090242100585409,3.3299929949210108,-2.7178619169106577,0,0,0,0,0.9245068675793574,-0.8064521316488803,-1.2690327379107018,0.6470350794787055,-3.3696660030219414,0.5031188462921995,0,0,0,0,0,0,0,0,0,0,0,0,0,0,0,0,0,0,-0.2044042855491404,0.018672827805413697,0.29406554254753975,0.05799038642853457,-0.41792745891116867,0.1486567315020579,-0.2532844857892895,0,0,2.190098118545387,1.1456598634495323,-0.10835216333913959,-0.04801580419318656,0.19551787721277977,0.011013636156825941,-0.2932694496375842,-0.09268891538237868,-2.017295920154761,-1.1875224725156317,0.18409275340933143,0.7859948667461641,-0.416646957366127,0.7065278675147338,-0.1526915646974046,0.026375606905084097,-0.3515019783533271,0.5770936036394614,-0.428417406939657,0.40990543004820806,-0.06684645899842219,-0.11457068574548394,-0.13681146778717448,-0.17807689556055667,-0.355863844588128,0.5798664815450375,0.04701223221404626,-0.5421155749035017,-0.1927969617516871,0.020655415321456056,-0.3816937394047894,0.43991272305870593,0,0,0,0,-0.07265278317080681,0.25303267672402535,-0.07265278317080563,0.07265278317080717,0,0,0,0.22078610726554096,0.08744992565217757,-0.02038741383313418,-0.20469516646061497,-0.2099806654545685,-0.016767577264759026,-0.112230325669739,0.4581651621004101,0,0.13077519908497542,0.015202491103661654,-0.0358688105587053,0.2398425148741227,-0.42696693966457583,-0.7951734562018297,0.4466104714258766,0.18285965601271348,-0.4169120047649194,-0.05495873979386682,0.10755149125556905,0.07154789145494098,-0.056193010746920964,0.034694505726609655,-0.200043886745544,-0.06761599380232579,-0.2877255908667577,-0.5434706731375137,-0.0635047594146432,-1.0013586089665643,0.1471678558284734,-0.43470077814546565,0.5710102037829103,0.07087288697566133,0.4480709446891428,0.08643810312994679,-0.2193378646244496,-0.02476856769679246,0.22238911134423803,0.00009505856391365778,-0.014995860713993895,-0.2069716827030069],"bias":0.3559212327952457,"scaler":{"mu":[67.80851063829788,759.2765957446809,248.89361702127658,510.3829787234043,2.3404255319148937,68.57446808510639,754.2340425531914,220.3404255319149,533.8936170212766,1.7234042553191489,1.0425531914893618,0.9361702127659575,1,0,0,0,1.4056269128208807,-6.4335666225010755,0.26361198736796665,0.022787276081893515,1450.053000120898,-0.00019136846359733102,0,0,0,0,0,0,0,0,0,0,0,0,0,0,0,0,0,0,252.60638297872342,252.60638297872342,245.32978723404256,245.32978723404256,7.276595744680851,7.276595744680851,5.26893333503861,0,0,0.034864981984197636,0.034864981984197636,0.034864981984197636,0.029341926601368744,0.45118343842865366,0.45118343842865366,0.45118343842865366,0.4477145187390077,0.02817942479077298,0.02817942479077298,0.02817942479077298,0.021532848170976056,0.44648545300833287,0.44648545300833287,0.44648545300833287,0.4459511091351298,0.8106000524997582,0.8106000524997582,0.8106000524997582,0.8085891974224633,0.5819007461441041,0.5819007461441041,0.5819007461441041,0.5866361116187672,0.21357223059789116,0.21357223059789116,0.21357223059789116,0.2109637128796783,7.633362705833519,7.633362705833519,7.633362705833519,7.553457914433874,0,0,0,0,0.19148936170212766,0.6382978723404256,65.95744680851064,4.042553191489362,0,0,0,0.2553191489361702,0,-0.9489361702127659,0.3829787234042553,0.1425531914893617,0.06382978723404255,0.06382978723404255,-0.06382978723404255,0,0.07125531914893618,-0.3829787234042553,0.18085106382978725,0.6872340425531914,-0.02127659574468085,4.872340425531914,2.302127659574469,1.5319148936170213,-1.9148936170212767,-0.1276595744680851,-0.14893617021276595,-0.02127659574468085,0.0425531914893617,-0.1276595744680851,-0.10638297872340426,-0.1702127659574468,-0.02440425531914894,0.46808510638297873,-0.0011063829787234041,-1.1702127659574468,-0.038255319148936165,-0.3617021276595745,-1.127659574468085,-0.2978723404255319,-0.5106382978723404,-1.1702127659574468,-0.026744680851063834,-0.02127659574468085,0,0.05674468085106383,-0.0425531914893617,1.638297872340425],"sd":[29.3921673586199,338.6254883601269,130.9014952115494,233.67267096749816,1.84824926642417,31.675041977739113,338.3052387796935,98.56011808239003,266.50561720498644,1.6464291167789873,0.921549269264158,0.9318080187429016,1,1,1,1,158.27591479466153,157.25870162262927,2.221770883709682,2.3625096844468128,1.311921791111823,1.9944669691941435,1,1,1,1,1,1,1,1,1,1,1,1,1,1,1,1,1,1,187.0667742929352,187.0667742929352,184.32043896188958,184.32043896188958,68.12947689842922,68.12947689842922,4.095914034743825,1,1,0.1051159992273302,0.1051159992273302,0.1051159992273302,0.11754772123255401,0.05067967729913444,0.05067967729913444,0.05067967729913444,0.0569134259370032,0.11150996232545486,0.11150996232545486,0.11150996232545486,0.12058215177650096,0.046771358614316985,0.046771358614316985,0.046771358614316985,0.05301132464667123,0.09607103493634683,0.09607103493634683,0.09607103493634683,0.09870980663699573,0.10553223459277765,0.10553223459277765,0.10553223459277765,0.10772791292677529,0.08528723456271993,0.08528723456271993,0.08528723456271993,0.0915056902093221,1.6669008064991653,1.6669008064991653,1.6669008064991653,1.9139862991559546,1,1,1,1,0.39347323423206243,0.4804931825802644,1.967366171160312,1.9673661711603123,1,1,1,1.8733072938770319,11.39055226277742,8.093887169127331,4.169561390726447,2.4694511993343924,0.3806073153191133,0.31985736975261514,0.8849631635355502,1,0.5529520955006095,8.436378146668739,8.738168616194818,8.380362481909884,0.38533553779308155,37.94419587901932,12.355694515583753,8.965302059274606,9.199513833671684,3.1326490813829087,0.6835054640088947,0.3254693306548586,0.2886097865159689,0.7612146306382265,2.1756294521130575,1.0379839078851463,0.23019100852862218,2.0613057608141045,0.1607051262991696,3.4103668545173,0.11139816799844054,1.8384259214662082,6.930097851007299,2.728220475406348,2.819931645659669,5.121166543204908,0.13036454094398695,0.3254693306548586,0.5834599659915782,0.39838906825583115,0.45929857755155123,37.285480336335645]},