{"season":2014,"week":18,"generated_at":"2025-11-07T00:33:10.325Z","feature_hash":"2c541659ae41e466cb52f1b5b40afbbbc4348925","logistic":{"weights":[-0.1692567926359852,-0.5453507096331723,-0.61965816628365,-0.45179684149994337,1.7908423305780248,1.0986278173038029,0.1555766110365073,0.08688051360620717,0.10342683275593616,-1.3372508225328434,2.868497849412828,-2.4304905558970957,0,0,0,0,1.1762606375207716,-0.9698981022447793,-1.3389838438359143,0.5646340337026892,-3.412555782632025,0.0892190625731881,0,0,0,0,0,0,0,0,0,0,0,0,0,0,0,0,0,0,-0.4775395591775449,-0.40228066588137257,0.0025315040004664814,0.03535660435024122,-0.5449344946366931,-0.559546107128173,0.20815729878150174,0,0,2.0082255407273455,1.3008424302905408,0.1435699437129591,-0.07179018303935614,0.31180246215113633,-0.12233411567892484,-0.13229584482747664,-0.08834557304855396,-2.2480825933476365,-1.1811624535856464,0.35866576410170076,0.3257592009465457,-0.7626020864172908,0.1087872399831775,0.45094889807676364,-0.5939837981577704,-0.2968863197744484,0.01158752687766519,-0.455228097479034,0.3937858550352236,-0.2745724888306136,0.6652932379809249,-0.11358536270467504,-0.2499629535849738,0.15707508109585872,0.01908149093633093,0.28344263434908634,-0.3467846620228916,0.4317004889537462,-0.8816992386402631,0.20963991056009817,0.16677775568541744,0,0,0,0,0.05025977459841648,0.23276522077251677,0.05025977459841748,-0.05025977459841615,0,0,0],"bias":1.0462253142279785,"scaler":{"mu":[153.5529411764706,1807,555.1254901960784,1251.8745098039215,6.686274509803922,152.56470588235294,1797.7450980392157,545.9764705882353,1251.7686274509804,5.411764705882353,2.545098039215686,2.411764705882353,1,0,0,0,-27.689038506914116,-18.172838932993315,-0.23396056134826784,0.038994301866026086,1449.8842937348293,-0.24620697866879548,0,0,0,0,0,0,0,0,0,0,0,0,0,0,0,0,0,0,341.82745098039203,341.1179084967321,344.15294117647056,344.09849673202615,-2.325490196078427,-2.980588235294117,7.786887919733536,0,0,-0.004204112095520615,-0.012376193620312151,-0.010578008514937186,-0.013025059345620616,0.4322481900890246,0.4305541715367963,0.4315811094071756,0.4292069575681399,-0.005807034495943885,-0.015351152363128617,-0.010699600621613707,-0.013972473442182996,0.4310875090144599,0.4301421413310957,0.430637391657511,0.42879156982709815,0.8413263871252468,0.841354028377091,0.8422582718083538,0.8373035896001537,0.5932556046578167,0.596775521702697,0.5954552184409801,0.5923274675828939,0.2133378912144672,0.20982789476488223,0.2101558393830716,0.21679376196917963,8.318013077528775,8.351678593284609,8.331262154268845,8.30767700789417,0,0,0,0,0.12549019607843137,0.7607843137254902,65.62745098039215,4.372549019607843,0,0,0],"sd":[91.88409227346216,1074.6692040061516,365.36446474082277,749.5543407534951,4.958218355213663,90.66089980981472,1070.143692809655,349.5809808777715,746.8301152046209,4.198862920719086,2.0051222372879773,1.9701345687913,1,1,1,1,1203.7122836655956,1190.9017352557769,6.167771672513224,5.3683970180278475,4.5176801431850695,6.144446598019906,1,1,1,1,1,1,1,1,1,1,1,1,1,1,1,1,1,1,103.47412856024482,100.18457806201704,102.43820458853882,98.14846100434951,78.13419091753013,65.12423119850602,2.4715049750218134,1,1,0.07319121050524972,0.09568840461746769,0.0854535514583477,0.0784745221484945,0.03424208424154688,0.04361643138246669,0.03890048459009543,0.03939354767782015,0.06294491279960915,0.09840079689720302,0.080558900966258,0.07162018562877881,0.0282451406726912,0.04277982223513045,0.03503950714964324,0.03314321298089953,0.07130829016421347,0.08011353647370281,0.07403649035527957,0.07460659493352571,0.08136104584449323,0.08729470287316736,0.08301477756247792,0.0792582445958265,0.06460669343202018,0.0714153615634963,0.06905218737583388,0.06502585628864604,1.0856171344104897,1.4621596631208313,1.276443942850006,1.1257311285876266,1,1,1,1,0.3312739150108683,0.4266046667756047,1.6563695750543466,1.656369575054346,1,1,1]},"features":["off_1st_down_s2d","off_total_yds_s2d","off_rush_yds_s2d","off_pass_yds_s2d","off_turnovers_s2d","def_1st_down_s2d","def_total_yds_s2d","def_rush_yds_s2d","def_pass_yds_s2d","def_turnovers_s2d","wins_s2d","losses_s2d","home","sim_winrate_same_loc_s2d","sim_pointdiff_same_loc_s2d","sim_count_same_loc_s2d","off_total_yds_s2d_minus_opp","def_total_yds_s2d_minus_opp","off_turnovers_s2d_minus_opp","def_turnovers_s2d_minus_opp","elo_pre","elo_diff","rest_days","rest_diff","off_third_down_att_s2d","off_third_down_conv_s2d","off_third_down_pct_s2d","off_red_zone_att_s2d","off_red_zone_td_s2d","off_red_zone_td_pct_s2d","off_dropbacks_s2d","off_sacks_taken_s2d","off_sack_rate_s2d","off_pass_att_s2d","off_rush_att_s2d","off_neutral_pass_rate_s2d","off_third_down_pct_s2d_minus_opp","off_red_zone_td_pct_s2d_minus_opp","off_sack_rate_s2d_minus_opp","off_neutral_pass_rate_s2d_minus_opp","off_yds_for_3g","off_yds_for_5g","def_yds_against_3g","def_yds_against_5g","net_yds_3g","net_yds_5g","qb_ypa_3g","qb_sack_rate_3g","qb_qbr","off_epa_per_play_s2d","off_epa_per_play_w3","off_epa_per_play_w5","off_epa_per_play_exp","off_success_rate_s2d","off_success_rate_w3","off_success_rate_w5","off_success_rate_exp","def_epa_per_play_allowed_s2d","def_epa_per_play_allowed_w3","def_epa_per_play_allowed_w5","def_epa_per_play_allowed_exp","def_success_rate_allowed_s2d","def_success_rate_allowed_w3","def_success_rate_allowed_w5","def_success_rate_allowed_exp","rb_rush_share_s2d","rb_rush_share_w3","rb_rush_share_w5","rb_rush_share_exp","wr_target_share_s2d","wr_target_share_w3","wr_target_share_w5","wr_target_share_exp","te_target_share_s2d","te_target_share_w3","te_target_share_w5","te_target_share_exp","qb_aypa_s2d","qb_aypa_w3","qb_aypa_w5","qb_aypa_exp","qb_sack_rate_s2d","qb_sack_rate_w3","qb_sack_rate_w5","qb_sack_rate_exp","roof_dome","roof_outdoor","weather_temp_f","weather_wind_mph","weather_precip_pct","weather_impact_score","weather_extreme_flag"]},"decision_tree":{"params":{"depth":6,"minSamples":14},"alpha":2},"bt":{"coefficients":[0.20430219874128264,-0.2299965683953997,-0.03843568618377875,0.004159129624923614,-0.036327965994663314,-0.0017083148714244127,0.004799974594883249,-0.0005905654930806924,0.003390942922856358,0.002450755542724974],"intercept":0.12416700158643197,"scaler":{"mu":[-1.039292997973114,-15.348087241444539,0.5431345391457385,0,0.002323663728001107,0,0,0,0,0],"sd":[52.906005009676136,466.7742389015563,16.402395162191983,1,0.08399352042195854,1,1,1,1,1]},"features":["diff_total_yards","diff_turnovers","diff_penalty_yards","diff_possession_seconds","diff_r_ratio","diff_elo_pre","diff_inj_out","diff_inj_skill_out","diff_inj_practice_dnp","diff_inj_out_trend"],"hyperparams":{"steps":1200,"learningRate":0.001,"l2":0.00001}},"ann":{"seeds":[1],"architecture":[92,128,64,32,1],"committee_size":1,"max_epochs":15,"dropout":0.5},"ensemble":{"weights":{"logistic":0.9,"tree":0,"bt":0,"ann":0.09999999999999998},"calibration":{"type":"platt","beta":-0.07867677361059197,"source":"platt"},"calibration_beta":-0.07867677361059197,"calibration_hash":"0d2d9dcdfe6b74faaf4b2574558ef63127ee4aa26ea3fc96e327cd791ffa68ed","oof_variance":{"ann":{"mean":0.5967631628526892,"var":0.017897680979516092}}},"pca":[{"component":1,"explained_variance":0.19028502261916572,"top_loadings":[{"feature":"def_total_yds_s2d","loading":0.28166878634295195},{"feature":"def_1st_down_s2d","loading":0.2810460250768468},{"feature":"def_pass_yds_s2d","loading":0.2799128294349389},{"feature":"off_total_yds_s2d","loading":0.27823390314458535},{"feature":"off_pass_yds_s2d","loading":0.27732366758839294},{"feature":"off_1st_down_s2d","loading":0.275624272753431},{"feature":"def_rush_yds_s2d","loading":0.26425563621956},{"feature":"off_rush_yds_s2d","loading":0.24945022622823662},{"feature":"def_turnovers_s2d","loading":0.24380357155283006},{"feature":"off_turnovers_s2d","loading":0.2435892678689502}]},{"component":2,"explained_variance":0.13688002356670953,"top_loadings":[{"feature":"off_epa_per_play_s2d",