{"season":2001,"week":6,"generated_at":"2025-11-07T00:08:11.718Z","feature_hash":"40a4aab7b8f0e4ded605ff267ff92f582ccd66ec","logistic":{"weights":[-0.3840720294147331,-0.0027335943784292213,-0.05841552899722237,0.0019931208630578757,0.4222304578637807,0.27321842832005944,0.07874947261696182,0.24762718224609442,-0.0016719235092514215,-0.31856832833097887,2.8528179979200994,-2.5042915107649,0,0,0,0,0.9074954309803914,-0.577442666198417,-0.8192238160398037,0.3637981487538256,-2.779902514003325,0.08556789363058903,0,0,0,0,0,0,0,0,0,0,0,0,0,0,0,0,0,0,0.07015928997819226,0.1413004571179905,-0.17223893016504568,0.22996215114738844,0.21010515229539106,-0.29578283480569845,-0.6908157910204382,0,0,0.09815917042442868,0.09116622720098448,0.09815917042442868,0.036357477599899796,0.12538126500836158,0.1493469301795154,0.12538126500836158,-0.013452661478724995,-0.1650207694637033,-0.1420210730195668,-0.1650207694637033,-0.16919728907218143,-0.1258602000261061,-0.058508843482754994,-0.1258602000261061,-0.21553108886369104,-0.3128266170691493,0.36899676752368893,-0.01079350781880454,-0.30474229724365554,0.0972882515389954,0.25959373670309593,0.3103260711873453,-0.38465155780427973,-0.06448046374388908,-0.3998029274322845,-0.060613724449171846,-0.09826408252465044,0.04852121174609562,0.5474862654747583,-0.2169535935706528,0.14075208043091003,0,0,0,0,0.0685648815205718,-0.06856488152057187,0.06856488152057257,-0.06856488152057184,0,0,0],"bias":0.5624938750385708,"scaler":{"mu":[70.72222222222223,857.7083333333334,289.2638888888889,568.4444444444445,4.458333333333333,75.23611111111111,903.5416666666666,287.2638888888889,616.2777777777778,3.486111111111111,1.4305555555555556,1.2638888888888888,1,0,0,0,-6.096882563461465,46.29500851364335,-0.4450441216005349,-0.5458510852689766,1449.9309267365597,-0.24281218364571563,0,0,0,0,0,0,0,0,0,0,0,0,0,0,0,0,0,0,246.59490740740745,245.92013888888894,257.2361111111111,258.056712962963,-10.641203703703708,-12.136574074074076,2.6569247321237928,0,0,-0.01924543319175189,-0.017175852622175185,-0.01924543319175189,-0.02362726451162131,0.44547599593800996,0.44695872252787894,0.44547599593800996,0.44045611203137863,-0.011206871602548713,-0.012289903477374046,-0.011206871602548713,-0.01157320447543934,0.44642443808576626,0.44775678461975943,0.44642443808576626,0.442472520948212,0.7512821745439792,0.7558944862405581,0.7512821745439792,0.7435690396714201,0.5636647794221258,0.5650492815747922,0.5636647794221258,0.5569945575602302,0.159220696046967,0.16105939353879348,0.159220696046967,0.1593025455194789,3.154591845791389,3.1461120847372626,3.154591845791389,3.421910442895213,0,0,0,0,0.16666666666666666,0.8333333333333334,65.83333333333333,4.166666666666667,0,0,0],"sd":[44.28324934825251,513.5691946644905,177.04840777591772,359.6983647172265,3.041095836847121,39.87393086534511,488.5266948665367,178.78905890707222,327.7791949121908,3.0276184973394678,1.1526104296201451,1.0670969907437284,1,1,1,1,517.5735428687224,490.63936618017004,4.3718748717104505,3.990559390616452,1.68479589543511,2.338813137073409,1,1,1,1,1,1,1,1,1,1,1,1,1,1,1,1,1,1,153.30183056614064,152.63066492700918,155.10532002779888,154.9951480388476,135.68588810656453,133.90555617900515,2.704288403232555,1,1,0.11783633910574795,0.12004104780114973,0.11783633910574795,0.1330339723509914,0.04672005074171197,0.04824159049298302,0.04672005074171197,0.0491958781764133,0.11347046727166757,0.1179606666679823,0.11347046727166757,0.12525202053274861,0.04144976276117366,0.04572437330942449,0.04144976276117366,0.04409257922205182,0.19276088296090443,0.19322901546468174,0.19276088296090443,0.19618100850408793,0.16102468938758163,0.16011265913169095,0.16102468938758163,0.1678837109926794,0.08808848480856686,0.08836689126810607,0.08808848480856686,0.0935299233261187,2.4109583460913195,2.521792247269121,2.4109583460913195,2.911741701364689,1,1,1,1,0.372677996249965,0.372677996249965,1.8633899812498242,1.8633899812498258,1,1,1]},"features":["off_1st_down_s2d","off_total_yds_s2d","off_rush_yds_s2d","off_pass_yds_s2d","off_turnovers_s2d","def_1st_down_s2d","def_total_yds_s2d","def_rush_yds_s2d","def_pass_yds_s2d","def_turnovers_s2d","wins_s2d","losses_s2d","home","sim_winrate_same_loc_s2d","sim_pointdiff_same_loc_s2d","sim_count_same_loc_s2d","off_total_yds_s2d_minus_opp","def_total_yds_s2d_minus_opp","off_turnovers_s2d_minus_opp","def_turnovers_s2d_minus_opp","elo_pre","elo_diff","rest_days","rest_diff","off_third_down_att_s2d","off_third_down_conv_s2d","off_third_down_pct_s2d","off_red_zone_att_s2d","off_red_zone_td_s2d","off_red_zone_td_pct_s2d","off_dropbacks_s2d","off_sacks_taken_s2d","off_sack_rate_s2d","off_pass_att_s2d","off_rush_att_s2d","off_neutral_pass_rate_s2d","off_third_down_pct_s2d_minus_opp","off_red_zone_td_pct_s2d_minus_opp","off_sack_rate_s2d_minus_opp","off_neutral_pass_rate_s2d_minus_opp","off_yds_for_3g","off_yds_for_5g","def_yds_against_3g","def_yds_against_5g","net_yds_3g","net_yds_5g","qb_ypa_3g","qb_sack_rate_3g","qb_qbr","off_epa_per_play_s2d","off_epa_per_play_w3","off_epa_per_play_w5","off_epa_per_play_exp","off_success_rate_s2d","off_success_rate_w3","off_success_rate_w5","off_success_rate_exp","def_epa_per_play_allowed_s2d","def_epa_per_play_allowed_w3","def_epa_per_play_allowed_w5","def_epa_per_play_allowed_exp","def_success_rate_allowed_s2d","def_success_rate_allowed_w3","def_success_rate_allowed_w5","def_success_rate_allowed_exp","rb_rush_share_s2d","rb_rush_share_w3","rb_rush_share_w5","rb_rush_share_exp","wr_target_share_s2d","wr_target_share_w3","wr_target_share_w5","wr_target_share_exp","te_target_share_s2d","te_target_share_w3","te_target_share_w5","te_target_share_exp","qb_aypa_s2d","qb_aypa_w3","qb_aypa_w5","qb_aypa_exp","qb_sack_rate_s2d","qb_sack_rate_w3","qb_sack_rate_w5","qb_sack_rate_exp","roof_dome","roof_outdoor","weather_temp_f","weather_wind_mph","weather_precip_pct","weather_impact_score","weather_extreme_flag"]},"decision_tree":{"params":{"depth":6,"minSamples":8},"alpha":6},"bt":{"coefficients":[0.1343482658543313,-0.07823632611333778,-0.0017106393834375897,-0.0009164872278599094,-0.019878924411378635,-0.0019324911270638156,0.003895964312322705,0.0014082191709359267,0.002375803072731615,0.0010330463783878776],"intercept":0.10085314406999649,"scaler":{"mu":[-0.6511674167717759,-29.28453090958606,0.46974881034285154,0,0.01090024043040555,0,0,0,0,0],"sd":[67.44380625475675,638.1617592245982,14.95488675583985,1,0.07987787441401109,1,1,1,1,1]},"features":["diff_total_yards","diff_turnovers","diff_penalty_yards","diff_possession_seconds","diff_r_ratio","diff_elo_pre","diff_inj_out","diff_inj_skill_out","diff_inj_practice_dnp","diff_inj_out_trend"],"hyperparams":{"steps":1200,"learningRate":0.001,"l2":0.00001}},"ann":{"seeds":[1],"architecture":[92,128,64,32,1],"committee_size":1,"max_epochs":15,"dropout":0.5},"ensemble":{"weights":{"logistic":0.9,"tree":0,"bt":0,"ann":0.09999999999999998},"calibration":{"type":"platt","beta":0.26804843353550084,"source":"platt"},"calibration_beta":0.26804843353550084,"calibration_hash":"909d05ef9892e44357f9d07ac605a33ebe8ef17dd24c1916c25abb2621d8f725","oof_variance":{"ann":{"mean":0.5455601241717196,"var":0.02966901885357828}}},"pca":[{"component":1,"explained_variance":0.2584267770052884,"top_loadings":[{"feature":"off_epa_per_play_w3","loading":-0.21175079099619534},{"feature":"off_epa_per_play_s2d","loading":-0.21166398736094613},{"feature":"off_epa_per_play_w5","loading":-0.21166398736094613},{"feature":"off_epa_per_play_exp","loading":-0.20094421596270087},{"feature":"rb_rush_share_w3","loading":-0.19284786466011053},{"feature":"rb_rush_share_s2d","loading":-0.18988384486074528},{"feature":"rb_rush_share_w5","loading":-0.18988384486074528},{"feature":"off_total_yds_s2d","loading":-0.1856362209798402},{"feature":"rb_rush_share_exp","loading":-0.18303023639168226},{"feature":"off_1st_down_s2d","loading":-0.1824737063339079}]},{"component":2,"explained_variance":0.1562243029550719,