{"season":2024,"week":15,"generated_at":"2025-11-07T00:50:33.177Z","feature_hash":"012ae94752110f1ad65c48c557b1d48883708fbb","logistic":{"weights":[-0.2229191499802313,-0.07103590272006238,0.060740522661940285,-0.1014161117425278,0.31590119882486206,0.3036545593013035,0.19865472140749832,0.2928532092557653,0.23759904262316386,-0.5868068815445544,2.6201230937823814,-2.3139171030137478,0,0,0,0,0.4192043584934322,-0.5834788576699789,-0.3154412455868404,0.0895817680288185,-1.9895066558571892,0.1473878383783516,0,0,0,0,0,0,0,0,0,0,0,0,0,0,0,0,0,0,-0.38887932911755313,-0.1856783046659336,-0.15122682260063733,0.07197975982430961,-0.3216556815120466,-0.41478403837766376,-0.12923355679434864,0,0,0.659640758834204,0.8339448756604327,0.24585243933572978,0.5081091813595088,0.12605534471600227,0.014269909100680296,-0.301691074764478,-0.20254193238106621,-0.6707464971401779,-0.3005730731032141,-0.3329639829892624,-0.09913338178109085,-0.05543535824781984,-0.02025801537860594,-0.11305775604681063,0.1231989021872573,-0.035598258328899325,0.010562459328294716,0.14655802794555642,0.2495451139480894,0.035618808004940244,-0.11476089062713596,0.06644797727041152,0.23956925697301515,-0.04267961250743776,0.017575694128305105,0.0010950067588060075,0.20867655112574174,-0.04953347291735271,-0.40693825213368134,0.09247188932427898,0.08288509756949379,0,0,0,0,-0.0848852102937935,-0.058489591469178155,-0.08488521029379431,0.08488521029379369,0,0,0,0.2919970653456172,-0.23439795804708702,0.07795303018637544,0.07970874065666234,0.2415340240762329,0.04995144379503695,0.4542933769035864,0.1467604060147519,0.005734721269403767,0.08284610934267023,-0.09574110560972189,-0.12701180662050995,0.1077202215789077,-0.13765909956201425,0.04195056692034799,0.21005583617226772,-0.0940014702282388,-0.044205112115014863,-0.012127006914353294,-0.19024166243969806,-0.26517822395507196,0.29162346526669847,0.09432922024423183,-0.5741707347936851,-0.3963302196732303,0.06791060466770117,-0.3394080514076696,-0.08468821789163997,-0.25216864107102943,-0.5353472552747018,-0.6161995374424963,0.4126135387023315,0.43401230384753264,-0.6293787026976402,-0.3894532313253796,0.225142947072063,0.017310873085236,-0.3993352649076783,0.26385412239614214,-0.46977241519305246,-0.05000060034101068],"bias":0.27607279441055127,"scaler":{"mu":[150.43269230769232,1808.0288461538462,630.0384615384615,1177.9903846153845,5.4951923076923075,148.66826923076923,1790.7403846153845,619.8942307692307,1170.8461538461538,4.206730769230769,2.644230769230769,2.485576923076923,1,0,0,0,161.43975268038946,146.1551908632956,0.3998420491984283,0.41937152510738185,1450.1350980923391,0.19907475351427723,0,0,0,0,0,0,0,0,0,0,0,0,0,0,0,0,0,0,323.6650641025639,322.0473557692307,326.00961538461553,322.8169871794872,-2.3445512820512837,-0.7696314102564096,7.091133228389267,0,0,0.006298691441821421,0.01282948839521687,0.010425159559630227,0.004242262162979149,0.46742651526797263,0.4693896542239259,0.4688121548836997,0.46627828136546035,0.0023016991529351753,0.00753684465940307,0.006165666507937492,0.0008989903913981744,0.46552626594583896,0.46631118906392827,0.4664708746440916,0.4647063331282379,0.8028914497674743,0.8055997302148481,0.8048756740528435,0.7963521236755237,0.6026193301883027,0.5952859035595255,0.5972875946524199,0.6010183658010677,0.21015393972583898,0.2204090637032333,0.21703560948255265,0.20923890802758915,7.600397783807756,7.683693259143895,7.641607933931505,7.5108014805452035,0,0,0,0,0.18269230769230768,0.6586538461538461,65.91346153846153,4.086538461538462,0,0,0,-0.09615384615384616,0.7451923076923077,0.8370192307692309,-0.3605769230769231,0.05865384615384613,0.009615384615384616,-0.028846153846153848,-0.09134615384615384,0,0.047274038461538465,-0.5625,-0.2764423076923077,0.40528846153846154,-0.02403846153846154,1.1730769230769225,0.7927884615384614,-0.8990384615384616,0.33653846153846156,-0.11057692307692307,-0.009615384615384616,-0.004807692307692308,-0.036057692307692304,-0.04807692307692308,-0.10096153846153846,0.0673076923076923,0.02200480769230769,0.17307692307692307,0.00038461538461538575,-0.014423076923076924,-0.0518605769230769,0.052884615384615384,0.35096153846153844,-0.22115384615384615,0.09615384615384616,-0.07211538461538461,-0.02362980769230769,-0.014423076923076924,0.009615384615384616,-0.008658653846153845,0.02403846153846154,-0.48076923076923167],"sd":[96.4441113988859,1160.0477481612784,439.56359308621523,749.1582391025523,4.048976124321485,97.30291003279704,1152.5749683208687,409.02871392222556,772.1919384407606,3.655942591891605,2.1635897397912993,2.0823857559036782,1,1,1,1,1319.4316552581686,1356.4085600089388,5.242299940317867,4.804927469745746,3.9943129050265322,5.5390555859944515,1,1,1,1,1,1,1,1,1,1,1,1,1,1,1,1,1,1,107.65945611520402,103.80214114150759,106.59747812890231,103.40936026538199,75.56466836377209,62.55415297573439,2.4913984724106704,1,1,0.09300284484678699,0.1083620317872067,0.09964590377556574,0.1032349734147405,0.03884473514504925,0.04441104875065762,0.041107614243721106,0.04344355353930871,0.07897183454856231,0.0902860745645788,0.08313431884990093,0.09084120551516442,0.033743679179510544,0.03927487415830745,0.035102496947240394,0.03935820220015621,0.07069731148747442,0.07339611742133864,0.07029278771234293,0.08154371128443132,0.07818686408560685,0.09678707099494474,0.08760783394715438,0.09170624533996484,0.062208091597186925,0.0806754319517701,0.07178377924295759,0.06710399865069512,1.3313576140379086,1.5282677771964128,1.4233964436928483,1.5311699616252974,1,1,1,1,0.3864140634117335,0.4741613197009978,1.9320703170586664,1.9320703170586673,1,1,1,2.199297225029776,12.26147327551199,6.1656558668856105,6.791523538562762,3.5139039919714534,0.4999075358290751,0.21735874145110207,1.254347100848997,1,0.5201903191834233,13.989554396460898,14.127485242105282,7.954233325808679,0.3594855277678867,38.44663817144996,15.3662215687984,11.658786676483592,9.94128007633891,1.7437480779824406,0.23999969181439756,0.2858455095422066,0.268360113500035,0.5166424089234496,3.0719573812744954,0.690100648692235,0.3378948758005521,1.6666543392049034,0.08156861289409956,3.586135649683234,0.22671857509250284,2.308448393767205,6.592310427137926,2.397742250411474,2.842057863487,5.536556079139413,0.2206517715854761,0.30189092185460825,0.5370000771324303,0.35565311511428577,0.3012777891133322,42.08759541563071]},