{"season":2025,"week":12,"generated_at":"2025-11-10T23:43:55.480Z","feature_hash":"edad05f8dd0c7c0e2f55977043e460734be7f356","logistic":{"weights":[-0.25023694935737956,-0.15693603525524077,-0.06841460769028458,-0.1781151532184974,0.6119822104922724,0.024442270913482184,0.07661793741887195,0.272383525991831,0.04919154113662928,-0.5684107910246898,2.826619683456636,-2.6059722953102193,0,0,0,0,0.3524635334227016,-0.7922448155647168,-0.3381255119664704,0.6939802933364174,-2.9737365166415426,-0.15231608010436878,0,0,0,0,0,0,0,0,0,0,0,0,0,0,0,0,0,0,-0.16747976064948533,0.03439258495931305,-0.10854512972769244,0.10312647405143523,0.006787241714148344,-0.05471646903502948,0.035260794711400985,0,0,0.6291459347860124,1.039734973497874,0.30278425271035225,0.3832092232308251,0.0936804570704795,-0.030352671120577514,-0.23348883997006903,-0.3301851393233766,-0.6239968959921183,-0.39879656294512034,-0.2811938839668548,-0.14845385170634828,-0.009124914845595754,-0.1962795469221066,-0.1338106121002681,0.20211585716396419,-0.047741998173395965,-0.11043387937613466,0.2584651613838666,0.12380259070968029,-0.13984439450475547,-0.14589236363299263,0.13976931058516293,0.11715673977963359,0.056868389750184205,-0.09067704021821633,-0.2706943495652371,0.20806801177049974,0.036729712648388785,-0.2423387513768103,0.12768759045111713,0.14633511657193007,0,0,0,0,-0.14052939165827152,0.03338985390129035,-0.1311480614416995,0.0803682309201301,0.04403279803626997,0.07218861084160119,0.005631939393522944,0.38764596660387896,-0.26608901464023055,-0.04765289399032105,-0.07660771162343402,0.15260363393859847,-0.24541650098130455,0.08218716917629494,0.029104259013667443,0.00564866448674943,0.04235652173930028,0.2261994843141305,0.048321630106251345,0.04887078873633381,-0.5502801639379712,0.044151122819605246,0.18524652752441514,0.23085400370822015,-0.042332745660820334,0.2519858944316311,0.08000252122131317,-0.21980052971626915,0.009107719003507141,0.07769053184400994,-0.5792593312271206,-0.3522889940853692,0.20100724649186436,-0.1678734774200185,0.08031451776780502,-0.1359012663683392,-0.19057418488326575,-0.6166346378135368,0.5055873347091384,0.23696898966981964,-0.13287232203538485,-0.2058758598988528,0.5941037278484761,-0.09094656576113441,-0.15464665240947503,0.4934868453959405,-0.832304046276281,0.06703995540595949],"bias":0.6177167436364612,"scaler":{"mu":[127.57142857142857,1507.0544217687075,506.4557823129252,1000.5986394557823,4.666666666666667,125.95918367346938,1496.7074829931973,495.5986394557823,1001.1088435374149,3.183673469387755,2.197278911564626,2.1700680272108843,1,0,0,0,93.2246760205388,63.379369323313625,0.2018808796123331,0.31804657809717385,1449.999064554239,-0.0022981488779038467,0,0,0,0,0,0,0,0,0,0,0,0,0,0,0,0,0,0,303.72902494331066,302.2032879818594,305.4897959183673,305.3368480725622,-1.760770975056688,-3.133560090702949,6.754268387288717,0,0,0.029686682349189565,0.03181599749169758,0.03130569378161617,0.03435635207345617,0.4683479668311918,0.47186060048203315,0.47045880076765145,0.46709593873356947,0.021383326721051865,0.026727246512124575,0.023417520893825438,0.028197935916021745,0.46346894873647226,0.4679972559691615,0.46489144025975815,0.46296837991526485,0.7917547030995166,0.7975471097049054,0.7941006603102836,0.7834307254282347,0.5958913864017261,0.5904712875455801,0.5935255484999429,0.5994895136290075,0.2229605791745641,0.2286665415587109,0.22554433662536175,0.22250379837402784,7.634900288856362,7.641763570022378,7.675898236724923,7.605022771397835,0,0,0,0,0.1836734693877551,0.6666666666666666,65.82993197278911,4.312925170068027,1.5034013605442176,0.015986394557823132,0.02040816326530612,0.14965986394557823,-0.23129251700680273,-0.6578231292517007,0.23129251700680273,-0.05306122448979594,-0.047619047619047616,0.006802721088435374,0.07482993197278912,0,-0.10691836734693877,-1.1904761904761905,-1.5442176870748299,-1.3319727891156459,0.02040816326530612,-6.351700680272108,0.8795918367346935,-1.2857142857142858,0.09523809523809523,0.05442176870748299,0.013605442176870748,-0.02040816326530612,0,0.006802721088435374,-0.12244897959183673,0.02040816326530612,-0.017816326530612242,0.1292517006802721,-0.003421768707482994,-0.14965986394557823,-0.004925170068027209,0.061224489795918366,0,-0.14965986394557823,0.034013605442176874,-0.05442176870748299,0.006952380952380947,-0.02040816326530612,0.034013605442176874,0.028462585034013606,-0.02040816326530612,6.621768707482993],"sd":[82.1767631886488,951.2911368084136,332.1476442316062,637.8831665342868,3.988646017404176,82.32620346040717,978.2883998828593,342.1325012820663,656.1048233121691,2.7824044028006973,1.8206654079348343,1.9108503277243187,1,1,1,1,1062.1081094151343,1100.0039900699346,5.398398535794472,3.262850755914997,3.0164616719279076,4.3769797985040055,1,1,1,1,1,1,1,1,1,1,1,1,1,1,1,1,1,1,117.89280719146795,115.56919351929776,118.38482834785695,116.66262181571457,77.84023666751487,70.97134004145899,2.705460192205444,1,1,0.0875508786612016,0.10409022365091,0.09205549123759728,0.10022584806731775,0.03583158503271586,0.04250131357715355,0.03764607324124789,0.04295398954362803,0.08378612783422976,0.10719649855236868,0.09167045104128474,0.09747438050950731,0.03546254553978649,0.04396578062942536,0.038877774011510956,0.041802210595923824,0.07960131928135984,0.08367118318355139,0.08014209776151508,0.08763125944167707,0.08418211187331556,0.09093596446396103,0.08603330031450496,0.09221577852098245,0.06174021992167863,0.07085702430654842,0.0634768338778486,0.06977760371327728,1.0839935608281062,1.365471680299139,1.1808927855177545,1.1923552246110742,1,1,1,1,0.38721767267367874,0.47140452079103123,2.869909926908783,3.236279717417277,11.695905527911112,0.08017548664292186,0.14139190265868387,2.0844540925382136,11.383881687499123,6.557987549806009,8.506954359761176,3.4807205861678505,0.7678340712665286,0.24734229881221548,0.9264696754412635,1,0.4757367578019016,14.500918729202294,13.53867289817465,8.817900674116226,0.35893621655164376,39.258264615811825,12.626292289356364,12.20293262399864,8.53909244435512,1.3440841047399372,0.3083066447244804,0.37741310222258984,0.24743582965269675,0.5150338294081005,2.576444734879193,0.7690385176088471,0.3609180475015841,1.4581327582659953,0.10385959420504348,3.528993114376149,0.19887722560179255,2.26846014419359,5.856562108258664,2.6505133413629234,2.8865509536431473,5.845845449495741,0.1548608035647679,0.24659277497131782,0.41098795828552936,0.3350329514123846,0.3589362165516437,38.33948874035324]},