{"season":2018,"week":13,"generated_at":"2025-11-07T00:40:08.544Z","feature_hash":"829c4b2297808bc3c6f874455c1d1fac63d935e2","logistic":{"weights":[-0.37789624442226943,-0.4550132064860332,-0.16093923064320673,-0.47735684316145693,1.7657683352200666,0.6765440237795358,0.03828163636520076,-0.3642522323890828,0.18554373426580295,-0.6285146619864407,3.172981972669599,-2.6420971514066136,0,0,0,0,1.0884220174992056,-0.8689163465321099,-1.4253590963305358,0.5334401809584741,-3.5290100929710713,-0.2479525303312314,0,0,0,0,0,0,0,0,0,0,0,0,0,0,0,0,0,0,-0.40852545791515077,-0.16522172333732932,-0.004569384855868267,0.10009145980259457,-0.3772121720999299,-0.23538502253362048,0.14260280446515447,0,0,2.0578500403540656,1.1476368192878206,0.12092843803338621,-0.09854568638353936,0.3788881879001966,-0.04829796853130321,0.01954409801891801,-0.07390044664905478,-1.9384967100058854,-1.4919744637544698,0.23112266192205594,1.0083398913230035,-0.11425943750147545,-0.04276468581422267,-0.2348220847716381,0.294027460433875,-0.47465643046922784,0.5293862197988157,-0.678506810530264,0.3186944725137624,-0.07045968932818558,0.40728758863038633,0.22469667081187994,-0.2976929329910525,-0.14085871591076443,0.28820880074414196,0.0754679601325332,-0.30937704217670536,0.1516432651625599,-0.07964185823763484,0.16540091107842017,0.10423657076075947,0,0,0,0,0.012009300497504549,0.2488914012476574,0.012009300497506405,-0.012009300497504337,0,0,0,-0.13643618045392703,-0.04359240188644626,0.06445535044184315,-0.0459818785204971,0.04737256100595497,0.03766598564501158,0.3560166288492004,0.32559839832303866,0,-0.3412531459285556,0.04244391941276403,0.07138112370874529,0.42677404768653715,-0.12050170811915661,-0.45759198492968534,0.13031812190038294,-0.2660443661002226,0.3001162805951455,-0.2961465388258836,0.16445624375748902,0.06206463729136404,-0.09729140153071,0.08930151716920869,-0.02353902797569154,-0.17850788689643227,-0.2584327114939132,-0.052743747392684386,0.24263129554183469,-0.36281558932741537,0.14045376135548607,-0.4426481309326868,0.14431547567587796,0.18455713689359987,-0.22665112528440667,-0.1532308501649731,-0.19718361430104242,-0.2462923480263854,-0.10300800008414018,0.016777329807470997,-0.08511867186313937,-0.1734805439323401],"bias":1.166501842019237,"scaler":{"mu":[138.06896551724137,1629.1896551724137,485.2701149425287,1143.9195402298851,5.873563218390805,137.683908045977,1625.4080459770114,475.7413793103448,1149.6666666666667,4.568965517241379,2.235632183908046,2.0517241379310347,1,0,0,0,154.88578263596534,125.90393783334508,0.47636534421751764,0.3813499883791572,1449.9491177280697,-0.11643054914654108,0,0,0,0,0,0,0,0,0,0,0,0,0,0,0,0,0,0,343.34865900383136,344.68860153256696,345.9042145593871,345.8369731800765,-2.5555555555555545,-1.1483716475095795,7.422547113617042,0,0,-0.00674514984116698,0.0036647601334307634,-0.0026138423306107795,-0.018413443439030536,0.43185670783453256,0.43523728988871374,0.4334175511687523,0.4301131036614721,-0.009188448216916665,-0.00017932567255122772,-0.002898244702325027,-0.02311592170075362,0.4291920518340584,0.43056904400370266,0.4302918163899477,0.4263831835213232,0.8270585083518065,0.825066544264845,0.8267270153467874,0.8270675558528215,0.5823211488906636,0.5847309550059229,0.5834521642412688,0.5802235330844021,0.196263982414621,0.19773403689313865,0.19751819092049677,0.19642487246592222,8.082524856307463,8.05170238094108,8.092215191526083,8.112757180767169,0,0,0,0,0.10344827586206896,0.7528735632183908,65.51724137931035,4.482758620689655,0,0,0,-0.15517241379310345,-1.2586206896551724,-0.7614942528735632,-0.9885057471264368,-0.16896551724137934,-0.017241379310344827,0.05172413793103448,0.12643678160919541,0,-0.0518448275862069,-2.7758620689655173,-1.8908045977011494,-1.4994252873563216,-0.011494252873563218,-6.441379310344828,0.13448275862068976,-2.4195402298850577,-0.3563218390804598,-0.04597701149425287,0.017241379310344827,-0.040229885057471264,0.0603448275862069,0.040229885057471264,0.034482758620689655,-0.09770114942528736,-0.04954022988505748,0.05747126436781609,-0.009293103448275865,0.05747126436781609,0.01749425287356322,-0.1839080459770115,0.6494252873563219,-0.3850574712643678,-0.14367816091954022,-0.7126436781609196,-0.04143103448275861,-0.017241379310344827,-0.034482758620689655,-0.018189655172413794,-0.040229885057471264,4.668390804597701],"sd":[87.30634308346677,1018.493390194554,312.42584687656444,732.4857021615186,4.567009629795751,87.44343376643614,1014.2523548139325,311.2491828181949,720.4117862462077,3.689588032475396,1.8025191191929555,1.839125358647328,1,1,1,1,1179.0000811044374,1134.0686325770712,5.355929554905443,4.95099331552844,3.256171285731431,4.201818638295117,1,1,1,1,1,1,1,1,1,1,1,1,1,1,1,1,1,1,121.54957923465862,119.57829673945606,119.46081273978297,116.17999887558565,74.94711701649848,66.1380030386737,2.6866066033934928,1,1,0.1024201704229281,0.11691413783920517,0.10937044312249615,0.11612529289365855,0.04570190486546202,0.05091952290856778,0.04709442441235743,0.05145874657886996,0.08429461857955382,0.1058455075364845,0.0907682243748401,0.09981406692013386,0.03771873702167248,0.04318335038290792,0.03805490296450721,0.04606876434408269,0.07532248419433113,0.08754472043501209,0.07775729265907606,0.07943378434287454,0.09611935435450547,0.09689447477916432,0.09519271384491497,0.10452853612963856,0.07020290158901213,0.07492853741072207,0.07113251283374111,0.07187230924314107,1.211938116465466,1.3236804107209876,1.249484022292004,1.4539247303508385,1,1,1,1,0.30454347814923605,0.43134088726346653,1.5227173907461788,1.52271739074618,1,1,1,1.7200814348998918,11.889665673249223,8.238440878712183,6.641032762907657,4.472773583308967,0.3935418003625281,0.30826249038859527,1.2252571646665262,1,0.46072827663063987,14.0398158411903,12.0186457839084,7.891035923474655,0.3553936743388583,39.868244361174625,13.13994810593688,11.315835096295032,10.844752967721421,1.9052742643672151,0.4078840539983674,0.3099721048313064,0.32267184952091194,0.6375166926126377,2.4185503203368723,0.7324148393466857,0.23773076167846474,1.5963775216730516,0.0967526782938606,3.815745725880664,0.18994335958918912,2.426049888297843,7.114666308492591,3.6962245023009226,2.509073243270861,6.4208855442131405,0.23091622445168677,0.226774938585619,0.5560177757447272,0.32379955788433057,0.39185963066047746,41.34651969046409]},