{"season":2004,"week":6,"generated_at":"2025-11-07T00:13:37.534Z","feature_hash":"f348a8bc642c7e0344d498a6adb4de6a8d7ae2fe","logistic":{"weights":[-0.5271297592293337,-0.19803406042753488,-0.704525557353337,0.07652519251797615,0.9889485721264261,0.672179624283929,0.11319130972724818,-0.05018728348648865,0.2119318504258533,-0.49512112322479657,2.674121943478784,-2.612027785473232,0,0,0,0,0.7327910596166511,-0.856897374488955,-1.1116472283490357,0.5585256136709622,-3.180064586985935,0.34773632230719465,0,0,0,0,0,0,0,0,0,0,0,0,0,0,0,0,0,0,0.1399016206741939,0.34132878479467854,0.17852150959027427,0.38069392037775845,0.11435391887087423,-0.09308425571183856,-1.151289458073568,0,0,0.7422366035723458,0.5774228138308741,0.4560323900500463,-0.11892940840713725,0.19287232219730271,0.3346674194606807,-0.16492509980790587,-0.4142948711304549,-0.7323546968222584,-0.5577411908130656,-0.526222463510856,0.48862448732710384,0.13524249911041278,-0.3593557244726708,0.30236804400758666,0.47504423002435847,-0.47722773493884213,0.36270420266741793,-0.16136534311010853,0.0394856527637334,0.044905630026012666,-0.44005008611914437,-0.26378189248299944,0.23566621357087453,-0.11274195422361852,0.048619400382033356,-0.345918008835047,-0.33565584156584544,0.14831298216347527,0.20614718958782338,-0.11675429444262442,0.539644260438435,0,0,0,0,-0.06960383083639834,-0.2555772476704639,-0.06960383083639715,0.06960383083639811,0,0,0],"bias":0.9484531164059596,"scaler":{"mu":[73.20270270270271,883,301.3243243243243,581.6756756756756,4.4324324324324325,74.02702702702703,894.6621621621622,300.64864864864865,594.0135135135135,2.8513513513513513,1.2837837837837838,1.364864864864865,1,0,0,0,-8.187400444284414,-2.786547507057965,0.08261006032161773,0.11145516486201808,1449.9652460952427,0.03184353855423266,0,0,0,0,0,0,0,0,0,0,0,0,0,0,0,0,0,0,257.4436936936936,256.9121621621622,266.40090090090087,266.2635135135135,-8.95720720720721,-9.351351351351353,5.44424113972377,0,0,-0.002415539804201354,-0.0021886363765501824,-0.002415539804201354,0.0017647973885174632,0.44830651947031674,0.44835267685714136,0.44830651947031674,0.4450153901445158,-0.0001951474891799982,-0.0004190592768312938,-0.0001951474891799982,0.0037168061127821894,0.4466202921308001,0.44818881591985277,0.4466202921308001,0.44462709516054383,0.8513350293816739,0.8506295799379886,0.8513350293816739,0.8553364853442076,0,0,0,0,0,0,0,0,7.0755265231016145,7.09572487517634,7.0755265231016145,7.088690054478613,0,0,0,0,0.1891891891891892,0.7972972972972973,65.94594594594595,4.054054054054054,0,0,0],"sd":[41.448104879485186,479.38815171007303,176.48467570777527,331.8723748553215,3.2176921437454378,42.56536244824682,488.1895200505814,169.07350332089555,346.72582412431046,1.9429876161602855,1.08453839066126,1.1691337093708072,1,1,1,1,458.35993274274983,423.36226467610055,4.10691355035275,2.7601051851360277,1.898528947852899,2.747182286117202,1,1,1,1,1,1,1,1,1,1,1,1,1,1,1,1,1,1,144.33918562981623,143.98747318660884,150.1989444440316,149.71937214489992,54.936224700942994,54.25077543049947,3.068936699986433,1,1,0.11197653428649296,0.1128664094174498,0.11197653428649296,0.1191336130002353,0.05302519645150174,0.05289200645496039,0.05302519645150174,0.055384708842395824,0.09220670686565786,0.0967421628331109,0.09220670686565786,0.10252706697190442,0.042550417541596615,0.044941431840067055,0.042550417541596615,0.04885612801844439,0.07590648843712204,0.07596209916546093,0.07590648843712204,0.07588582260993383,1,1,1,1,1,1,1,1,1.2061921430580416,1.2091874711023018,1.2061921430580416,1.350606095182078,1,1,1,1,0.3916588309780928,0.4020128319092846,1.9582941548904655,1.958294154890464,1,1,1]},"features":["off_1st_down_s2d","off_total_yds_s2d","off_rush_yds_s2d","off_pass_yds_s2d","off_turnovers_s2d","def_1st_down_s2d","def_total_yds_s2d","def_rush_yds_s2d","def_pass_yds_s2d","def_turnovers_s2d","wins_s2d","losses_s2d","home","sim_winrate_same_loc_s2d","sim_pointdiff_same_loc_s2d","sim_count_same_loc_s2d","off_total_yds_s2d_minus_opp","def_total_yds_s2d_minus_opp","off_turnovers_s2d_minus_opp","def_turnovers_s2d_minus_opp","elo_pre","elo_diff","rest_days","rest_diff","off_third_down_att_s2d","off_third_down_conv_s2d","off_third_down_pct_s2d","off_red_zone_att_s2d","off_red_zone_td_s2d","off_red_zone_td_pct_s2d","off_dropbacks_s2d","off_sacks_taken_s2d","off_sack_rate_s2d","off_pass_att_s2d","off_rush_att_s2d","off_neutral_pass_rate_s2d","off_third_down_pct_s2d_minus_opp","off_red_zone_td_pct_s2d_minus_opp","off_sack_rate_s2d_minus_opp","off_neutral_pass_rate_s2d_minus_opp","off_yds_for_3g","off_yds_for_5g","def_yds_against_3g","def_yds_against_5g","net_yds_3g","net_yds_5g","qb_ypa_3g","qb_sack_rate_3g","qb_qbr","off_epa_per_play_s2d","off_epa_per_play_w3","off_epa_per_play_w5","off_epa_per_play_exp","off_success_rate_s2d","off_success_rate_w3","off_success_rate_w5","off_success_rate_exp","def_epa_per_play_allowed_s2d","def_epa_per_play_allowed_w3","def_epa_per_play_allowed_w5","def_epa_per_play_allowed_exp","def_success_rate_allowed_s2d","def_success_rate_allowed_w3","def_success_rate_allowed_w5","def_success_rate_allowed_exp","rb_rush_share_s2d","rb_rush_share_w3","rb_rush_share_w5","rb_rush_share_exp","wr_target_share_s2d","wr_target_share_w3","wr_target_share_w5","wr_target_share_exp","te_target_share_s2d","te_target_share_w3","te_target_share_w5","te_target_share_exp","qb_aypa_s2d","qb_aypa_w3","qb_aypa_w5","qb_aypa_exp","qb_sack_rate_s2d","qb_sack_rate_w3","qb_sack_rate_w5","qb_sack_rate_exp","roof_dome","roof_outdoor","weather_temp_f","weather_wind_mph","weather_precip_pct","weather_impact_score","weather_extreme_flag"]},"decision_tree":{"params":{"depth":6,"minSamples":8},"alpha":6},"bt":{"coefficients":[0.12361011471983306,-0.14772513174082233,-0.090091794811335,-0.0013204876691453376,0.022348147605262186,0.003414075496698526,0.0009811662088515763,0.0030525526681464818,0.0003321296341572798,-0.004802458753868901],"intercept":0.013985386825250292,"scaler":{"mu":[-4.436412922210133,5.155851032921469,1.0672561338428213,0,-0.003386915510112816,0,0,0,0,0],"sd":[53.36387395034604,461.0482945272229,15.253652001718903,1,0.0775776310667011,1,1,1,1,1]},"features":["diff_total_yards","diff_turnovers","diff_penalty_yards","diff_possession_seconds","diff_r_ratio","diff_elo_pre","diff_inj_out","diff_inj_skill_out","diff_inj_practice_dnp","diff_inj_out_trend"],"hyperparams":{"steps":1200,"learningRate":0.001,"l2":0.00001}},"ann":{"seeds":[1],"architecture":[92,128,64,32,1],"committee_size":1,"max_epochs":15,"dropout":0.5},"ensemble":{"weights":{"logistic":0.9,"tree":0,"bt":0,"ann":0.09999999999999998},"calibration":{"type":"platt","beta":-0.2166337722234612,"source":"platt"},"calibration_beta":-0.2166337722234612,"calibration_hash":"e9fccc4cac01f772367723aaedfba3bfca7e719c13ca6a565889de27614ef4c2","oof_variance":{"ann":{"mean":0.4755930951135596,"var":0.017186214710994158}}},"pca":[{"component":1,"explained_variance":0.28487369511463034,"top_loadings":[{"feature":"off_epa_per_play_s2d","loading":0.20189642549908507},{"feature":"off_epa_per_play_w5","loading":0.20189642549908507},{"feature":"off_epa_per_play_w3","loading":0.20136865563718245},{"feature":"def_success_rate_allowed_s2d","loading":0.19676445042284194},{"feature":"def_success_rate_allowed_w5","loading":0.19676445042284194},{"feature":"off_epa_per_play_exp","loading":0.19270479986268613},{"feature":"def_success_rate_allowed_w3","loading":0.19071922129982588},{"feature":"off_success_rate_s2d","loading":0.18967966803162858},{"feature":"off_success_rate_w5","loading":0.18967966803162858},{"feature":"off_success_rate_w3","loading":0.1851433397896927}]},{"component":2,"explained_variance":0.2117176157327022,"top_loadings":[{"feature":"def_rush_yds_s2d","loading":0.2386485393428094},{"feature":"losses_s2d","loading":0.23286654696377523},{"feature":"off_turnovers_s2d","loading":0.22981219777855408},{"feature":"def_total_yds_s2d","loading":0.2224564465542098},{"feature":"def_1st_down_s2d",