{"season":2020,"week":9,"generated_at":"2025-11-07T00:44:55.852Z","feature_hash":"99b6bb1a233043de77646e1998b106d70c167a40","logistic":{"weights":[-0.6660615330875924,-0.5214420612278139,0.03865570799381599,-0.6636150343397326,1.1910339884985888,0.8332252572128165,0.28903187056752255,-0.11471437529577803,0.4331009320741827,-1.053387721731302,3.355990100149653,-2.806238338742933,0,0,0,0,0.6470309022468482,-0.8611303596781004,-1.3029615379507966,0.5776842579504278,-3.593956707752292,0.3182702923877244,0,0,0,0,0,0,0,0,0,0,0,0,0,0,0,0,0,0,-0.20505167935447152,0.01062262798879846,0.32592490455547196,0.09279204728753555,-0.5012515009944506,0.04091815544780812,-0.18974082822900745,0,0,2.159679003203456,1.1307739838878212,-0.11591009892905725,-0.14543759049206345,0.2329395871074288,0.0956957421964208,-0.25283083406816886,-0.2105925007740763,-1.959718503717484,-1.0648046643803035,0.23188207695769875,0.7274886357205259,-0.46584794294977866,0.7740857140440507,-0.18660078062727184,-0.17777350577462991,-0.3438324053415531,0.5479812236316892,-0.4754385658217896,0.42983000212015204,0.0490518896262933,0.052591316656378985,0.00939435628562387,-0.04674772372065844,-0.34145480317060184,0.4749213534420705,0.03762030495569776,-0.4610104919874553,-0.21828402749443557,0.0661624456677945,-0.402425667916977,0.4343443597259621,0,0,0,0,-0.0909480444439368,0.2545761221916945,-0.09094804444393545,0.09094804444393713,0,0,0,0.17713516401464044,0.05694769246450609,-0.13923523290794315,-0.237787765540734,-0.3390804280850619,-0.05577292717141934,0.4490123815655358,0.43088338641263574,0,0.06491166848714426,0.006609590586712346,-0.0370599433078355,0.20842752718952562,-0.34775502275239756,-0.8866020040006581,0.23868895144703395,0.1322279734604199,-0.36031316892870235,0.0390810439544569,0.17175864732553173,0.23858992909665694,-0.18547323218374903,0.11541154193158712,-0.22739683512250253,-0.14066170076889564,-0.3901395423789105,-0.4443024042379818,-0.19287388033406583,-0.9776996124069233,0.036686535589537723,-0.4785821504119102,0.7264452100099916,0.15812517144943394,0.5156892241759063,0.15758829936115415,-0.1106017876078306,-0.015486605912661428,0.07467358136649835,-0.0790119629662987,-0.28922819031896363,-0.046267702721069365],"bias":0.4512387597734454,"scaler":{"mu":[123.26271186440678,1376.6610169491526,425.5,951.1610169491526,4.627118644067797,123.28813559322033,1381.5338983050847,438.864406779661,942.6694915254237,3.347457627118644,1.728813559322034,1.9067796610169492,1,0,0,0,-25.974309282473037,-13.035946267338444,0.0949357680017246,-0.042693309837901525,1449.9794555024118,-0.06200801681087974,0,0,0,0,0,0,0,0,0,0,0,0,0,0,0,0,0,0,331.569209039548,330.5146892655366,327.2612994350283,328.76031073446336,4.307909604519774,1.7543785310734468,6.9564053148848055,0,0,0.0351909624420916,0.03429174779214023,0.03572811192258608,0.0259366081673431,0.44732508262990794,0.4452845358798458,0.4465427291285784,0.4456555445438164,0.035348988878571866,0.033830819964526054,0.03521091312245491,0.02759957800537686,0.44592577537400524,0.4438583869557339,0.44582573676232384,0.44594507517179716,0.8107125656953357,0.808348744659031,0.8098081940107466,0.8138989034441076,0.5782480041874698,0.577944791248394,0.5782970008862532,0.5848869728527507,0.21637794174014122,0.21678656601380633,0.21620751442982475,0.21286814021807318,7.8194340654274095,7.915261234030436,7.838357869102641,7.728420249297528,0,0,0,0,0.16101694915254236,0.6864406779661016,65.80508474576271,4.194915254237288,0,0,0,0.4322033898305085,1.0254237288135593,-0.13305084745762702,0.3983050847457627,-0.2449152542372881,0.09322033898305085,0.01694915254237288,-0.07627118644067797,0,0.052381355932203395,0.05084745762711865,-0.09745762711864407,0.09406779661016951,-0.0423728813559322,2.7754237288135584,0.8872881355932207,0.8728813559322034,-0.8220338983050848,-0.07627118644067797,-0.07627118644067797,0.025423728813559324,-0.01694915254237288,-0.06779661016949153,-0.00847457627118644,-0.03389830508474576,0.0023898305084745757,0.1864406779661017,0.0023983050847457624,-0.2711864406779661,-0.040864406779661015,-0.1440677966101695,-0.5338983050847458,0.2288135593220339,-0.5084745762711864,-0.423728813559322,-0.017881355932203392,-0.01694915254237288,0,0.04859322033898305,-0.01694915254237288,-3.380508474576273],"sd":[75.38572314213576,828.3504869065315,255.75288490179972,598.8371920214362,3.600368649131975,75.42985311262238,843.8058625043248,296.1757642167803,571.9338301048343,2.713360286584645,1.4938348838325903,1.7706997952815302,1,1,1,1,917.5632102811282,885.6953990403798,3.9211058376632124,3.6281459211525093,2.847859768238301,3.8092514161243494,1,1,1,1,1,1,1,1,1,1,1,1,1,1,1,1,1,1,140.84152238798256,138.95917864402927,138.1244755745233,137.98388978945644,61.92455857240573,58.978346333971245,3.101441532132536,1,1,0.09007345825710808,0.09778301303107047,0.09054282362794398,0.10028683488399472,0.04256220510050558,0.04509434740747351,0.0431220308744333,0.047333527777547214,0.08763211812849252,0.09886825227200322,0.09051868297195512,0.09755621445763768,0.0387690402927218,0.042291288663196175,0.04021609170107824,0.04488085026026975,0.0786613708525966,0.0844755171472921,0.08010035996282396,0.08156965773148085,0.09199390764951516,0.09823600681587806,0.0933689543866592,0.0984137216268234,0.07411453905915046,0.08118091112617457,0.07569477977738792,0.07909245516198986,1.3476118439626017,1.4058451088204567,1.353747692822941,1.5663675733234452,1,1,1,1,0.3675465837661264,0.46393951502274494,1.8377329188306317,1.8377329188306322,1,1,1,2.395188728133618,12.036288256349856,7.149991763474524,8.651579487916461,3.145203436001413,0.4691732384971663,0.2598255884195917,0.9928283486322008,1,0.551553690234886,10.912477275979304,10.536711141145199,8.2713441652786,0.3771900522757265,41.9730602391272,12.181268939842619,10.614625830819305,8.204619777525716,2.44310437298642,0.4898422378514726,0.304259713068072,0.2598255884195916,0.6068648742362078,2.2379461025297753,0.8726756380919312,0.24587071268088947,1.7990070356386896,0.13628951859362914,4.279753313319238,0.19042694739044863,1.9713001118543154,8.781415471583918,3.247974641268712,3.1129738430733274,6.385108177230241,0.20698121463485705,0.31844566488230414,0.582222509739582,0.40548069897613104,0.3901987943464858,37.73777556807237]},