{
  "season": 2025,
  "week": 3,
  "features": [
    "off_1st_down_s2d",
    "off_total_yds_s2d",
    "off_rush_yds_s2d",
    "off_pass_yds_s2d",
    "off_turnovers_s2d",
    "def_1st_down_s2d",
    "def_total_yds_s2d",
    "def_rush_yds_s2d",
    "def_pass_yds_s2d",
    "def_turnovers_s2d",
    "wins_s2d",
    "losses_s2d",
    "home",
    "sim_winrate_same_loc_s2d",
    "sim_pointdiff_same_loc_s2d",
    "sim_count_same_loc_s2d",
    "off_total_yds_s2d_minus_opp",
    "def_total_yds_s2d_minus_opp",
    "off_turnovers_s2d_minus_opp",
    "def_turnovers_s2d_minus_opp",
    "elo_pre",
    "elo_diff",
    "rest_days",
    "rest_diff"
  ],
  "hybrid_weight": 0,
  "logistic": {
    "weights": [
      0,
      0,
      0,
      0,
      0,
      0,
      0,
      0,
      0,
      0,
      0,
      0,
      0,
      0,
      0,
      0,
      0,
      0,
      0,
      0,
      0,
      0,
      0,
      0
    ],
    "intercept": 20.72326583794641
  },
  "scaler": {
    "mu": [
      28.715073529411764,
      339.6994485294118,
      114.51194852941177,
      225.18750000000003,
      0.9908088235294117,
      28.715073529411768,
      339.69944852941165,
      114.51194852941177,
      225.18750000000006,
      1.0707720588235294,
      9,
      0,
      0.5,
      0.125,
      0,
      0.125,
      0,
      0,
      6.938893903907228e-18,
      6.938893903907228e-18,
      1527.5,
      0,
      3.59375,
      0
    ],
    "sd": [
      5.740921247321708,
      61.752243243008024,
      39.69621979336526,
      51.183954907214535,
      0.7673327865535718,
      5.556588201647689,
      59.61104293675208,
      38.093859849990345,
      50.69162109546638,
      0.8027296968525021,
      8,
      1,
      0.5,
      0.33071891388307384,
      1,
      0.33071891388307384,
      80.36039537274358,
      80.62511031080675,
      1.1734335800470372,
      0.8600741297414537,
      27.91180672977905,
      55.807054192490355,
      3.706913937158509,
      0.7071067811865476
    ]
  }
}