{"season":2003,"week":16,"generated_at":"2025-11-07T00:12:28.073Z","feature_hash":"3b5ea446b7f332f48937f4610446dbc705a961ff","logistic":{"weights":[-0.6238765409484222,-0.2011155817381706,-0.5225074611156376,-0.03073107403165273,1.031515227263599,0.6540615375638728,0.14071678157036452,0.09264511879918294,0.1738118308971859,-0.5368190721270404,2.7574717579602095,-2.64584460796069,0,0,0,0,0.9058432546825578,-0.8003777143993507,-0.884756755722999,0.5318893498385894,-2.9268553317196333,0.7124827260671387,0,0,0,0,0,0,0,0,0,0,0,0,0,0,0,0,0,0,0.10826822716061871,0.2980223216327967,0.1677724019010932,0.3308970388540503,0.08472547791618383,-0.11122828505423274,-1.0226009811976369,0,0,0.7676112271868092,0.4648108263309539,0.415374840801736,-0.13589135202241817,0.21142107240091856,0.06104855455697487,-0.2554679920428345,-0.4469513356764376,-0.6737536616249886,-0.5366599567859114,-0.4316792511379291,0.3162732873928331,-0.03232835650185377,-0.19951657988027324,0.41608729184364934,0.31292700318405225,-0.4378585431006057,0.34789792819814347,-0.14450386572174057,-0.03227976551151613,-0.06500945480275044,-0.4083684971578161,-0.10615284691573812,0.12736026704578216,-0.11369297562227668,0.049029523574163784,-0.3488359592187245,-0.3384872266532524,0.10549837219782011,0.39725385371404176,-0.0512492772882532,0.44709876394825543,0,0,0,0,-0.00831632100712965,-0.14049165078591963,-0.008316321007128953,0.008316321007129474,0,0,0],"bias":1.1730314670384043,"scaler":{"mu":[122.59821428571429,1479.044642857143,529.5,949.5446428571429,7.272321428571429,119.97321428571429,1440.28125,501.6875,938.59375,5.732142857142857,2.3794642857142856,2.049107142857143,1,0,0,0,-65.84163735408688,-96.64316717726906,-0.2778143678854286,-0.1964669083801985,1449.8995664593701,-0.24523058471413808,0,0,0,0,0,0,0,0,0,0,0,0,0,0,0,0,0,0,306.6026785714286,305.32886904761915,309.9650297619047,307.7832589285717,-3.362351190476193,-2.4543898809523816,6.192183948902973,0,0,-0.012115451288190696,-0.01539405325524718,-0.01439945806003361,-0.019003559557386165,0.44036177994507225,0.4419371065212689,0.4413222931686313,0.4376918682289071,-0.014521080926355434,-0.01786115974747916,-0.017273096017448388,-0.02303692106011645,0.439056802022518,0.4409394617186626,0.44018146457309626,0.4364426824873924,0.841535911786907,0.8520479720281667,0.8500688517684761,0.8354520418834191,0.044642857142857144,0.013392857142857142,0.022321428571428572,0.006696428571428571,0,0,0,0,6.602251199269285,6.674293151288473,6.644862472300963,6.671245259830125,0,0,0,0,0.1875,0.7946428571428571,65.9375,4.0625,0,0,0],"sd":[76.2217699289182,913.8836856319065,346.1290660391624,605.8489525980534,5.130610340701411,76.25924532023134,910.478301697917,344.06628387694843,583.2398200050378,4.27196455070135,1.9071593682404588,1.6882733960911003,1,1,1,1,967.2943706657854,976.1962478024768,6.136149562889896,4.887591821514231,4.078008771194006,5.755872746348649,1,1,1,1,1,1,1,1,1,1,1,1,1,1,1,1,1,1,98.84302993250436,95.81852908380735,100.70379145489991,96.37564941335364,74.9042893016243,68.11924774990308,2.186066710518064,1,1,0.06933182704990185,0.09557598996283723,0.08105121617405985,0.07547073486796232,0.028257634002543355,0.03804125240089017,0.03280504316395289,0.03155204718694752,0.07099093881723627,0.09180911700707994,0.08183338091093956,0.07828048769390379,0.029413188439200925,0.038790885609376075,0.033842584532153594,0.0323975880937141,0.07685328023196925,0.07994278598887831,0.07820493254740207,0.08347932232221938,0.20651845546822145,0.1149499391927123,0.147726715247985,0.03097776832023312,1,1,1,1,0.9597143468002779,1.2215249196255684,1.1036613479427813,1.0361341405843882,1,1,1,1,0.3903123748998999,0.4039623580665569,1.9515618744994994,1.9515618744994994,1,1,1]},"features":["off_1st_down_s2d","off_total_yds_s2d","off_rush_yds_s2d","off_pass_yds_s2d","off_turnovers_s2d","def_1st_down_s2d","def_total_yds_s2d","def_rush_yds_s2d","def_pass_yds_s2d","def_turnovers_s2d","wins_s2d","losses_s2d","home","sim_winrate_same_loc_s2d","sim_pointdiff_same_loc_s2d","sim_count_same_loc_s2d","off_total_yds_s2d_minus_opp","def_total_yds_s2d_minus_opp","off_turnovers_s2d_minus_opp","def_turnovers_s2d_minus_opp","elo_pre","elo_diff","rest_days","rest_diff","off_third_down_att_s2d","off_third_down_conv_s2d","off_third_down_pct_s2d","off_red_zone_att_s2d","off_red_zone_td_s2d","off_red_zone_td_pct_s2d","off_dropbacks_s2d","off_sacks_taken_s2d","off_sack_rate_s2d","off_pass_att_s2d","off_rush_att_s2d","off_neutral_pass_rate_s2d","off_third_down_pct_s2d_minus_opp","off_red_zone_td_pct_s2d_minus_opp","off_sack_rate_s2d_minus_opp","off_neutral_pass_rate_s2d_minus_opp","off_yds_for_3g","off_yds_for_5g","def_yds_against_3g","def_yds_against_5g","net_yds_3g","net_yds_5g","qb_ypa_3g","qb_sack_rate_3g","qb_qbr","off_epa_per_play_s2d","off_epa_per_play_w3","off_epa_per_play_w5","off_epa_per_play_exp","off_success_rate_s2d","off_success_rate_w3","off_success_rate_w5","off_success_rate_exp","def_epa_per_play_allowed_s2d","def_epa_per_play_allowed_w3","def_epa_per_play_allowed_w5","def_epa_per_play_allowed_exp","def_success_rate_allowed_s2d","def_success_rate_allowed_w3","def_success_rate_allowed_w5","def_success_rate_allowed_exp","rb_rush_share_s2d","rb_rush_share_w3","rb_rush_share_w5","rb_rush_share_exp","wr_target_share_s2d","wr_target_share_w3","wr_target_share_w5","wr_target_share_exp","te_target_share_s2d","te_target_share_w3","te_target_share_w5","te_target_share_exp","qb_aypa_s2d","qb_aypa_w3","qb_aypa_w5","qb_aypa_exp","qb_sack_rate_s2d","qb_sack_rate_w3","qb_sack_rate_w5","qb_sack_rate_exp","roof_dome","roof_outdoor","weather_temp_f","weather_wind_mph","weather_precip_pct","weather_impact_score","weather_extreme_flag"]},"decision_tree":{"params":{"depth":6,"minSamples":12},"alpha":2},"bt":{"coefficients":[0.14076517479120967,-0.0585685943185707,-0.1496900914883915,-0.001955077174193121,-0.06064832121230712,-0.003958641784590089,0.0009162602159171029,-0.0028428638396964757,0.0025375083570903854,-0.003529582163444561],"intercept":0.22164392046849796,"scaler":{"mu":[-1.0457352595643525,1.188977776310192,0.18942585275046706,0,0.0018374327518813475,0,0,0,0,0],"sd":[47.39101040209989,514.7577388865445,19.55872798763376,1,0.10156408752966983,1,1,1,1,1]},"features":["diff_total_yards","diff_turnovers","diff_penalty_yards","diff_possession_seconds","diff_r_ratio","diff_elo_pre","diff_inj_out","diff_inj_skill_out","diff_inj_practice_dnp","diff_inj_out_trend"],"hyperparams":{"steps":1200,"learningRate":0.001,"l2":0.00001}},"ann":{"seeds":[1],"architecture":[92,128,64,32,1],"committee_size":1,"max_epochs":15,"dropout":0.5},"ensemble":{"weights":{"logistic":0.9,"tree":0,"bt":0,"ann":0.09999999999999998},"calibration":{"type":"platt","beta":0.1324139298976626,"source":"platt"},"calibration_beta":0.1324139298976626,"calibration_hash":"655842afb8cc2c38564704929a4358e28d7dbc4c06304cb5d675c5af1f746315","oof_variance":{"ann":{"mean":0.5590617856981369,"var":0.023608431078749596}}},"pca":[{"component":1,"explained_variance":0.21073418079896797,"top_loadings":[{"feature":"off_total_yds_s2d","loading":0.2676956418596349},{"feature":"off_1st_down_s2d","loading":0.2675826486512554},{"feature":"off_pass_yds_s2d","loading":0.2667234982097286},{"feature":"def_total_yds_s2d","loading":0.26137798027472675},{"feature":"def_1st_down_s2d","loading":0.260647494849885},{"feature":"def_pass_yds_s2d","loading":0.2571968419528589},{"feature":"def_rush_yds_s2d","loading":0.255681954023653},{"feature":"off_rush_yds_s2d","loading":0.23993514539814081},{"feature":"wins_s2d","loading":0.21683705573882994},{"feature":"def_turnovers_s2d","loading":0.21562068481615304}]},{"component":2,"explained_variance":0.16084884947971043,"top_loadings":[{"feature":"off_epa_per_play_s2d","loading":0.2624511652438211},{"feature":"off_epa_per_play_w5","loading":0.26231742917356504},{"feature":"off_epa_per_play_w3","loading":0.25008988814066446},{"feature":"off_epa_per_play_exp",