{
  "season": 2025,
  "week": 18,
  "generated_at": "2025-09-30T01:20:54.869Z",
  "logistic": {
    "weights": [
      0.18950558330299688,
      0.18246183211873546,
      0.2300935643781633,
      0.14584402050322082,
      -0.03336667174578919,
      -0.18606693378221295,
      -0.057317949364989594,
      -0.05002892687287864,
      -0.05578193514329803,
      0.4777985383065764,
      1.0093948729171593,
      -1.0508705925206854,
      0,
      0,
      0,
      0,
      0.19737003997029878,
      -0.27527512305205387,
      -0.6588508852082325,
      0.7300936220474551,
      -0.8569469294889086,
      -0.3594658798758407,
      0,
      0,
      0,
      0,
      0,
      0,
      0,
      0,
      0,
      0,
      0,
      0,
      0,
      0,
      0,
      0,
      0,
      0,
      0,
      0,
      0,
      0,
      0,
      0,
      0,
      0,
      0,
      0,
      0,
      0,
      0,
      0,
      0,
      0,
      0.0016765174440979435,
      0.0016765174440979435,
      0.0016765174440979435,
      0.0016765174440979583,
      0,
      0,
      0,
      0,
      0,
      0,
      0,
      0,
      0,
      0,
      0,
      0,
      0,
      0,
      0,
      0,
      -0.03816073564966217,
      -0.08766781645987855
    ],
    "bias": 0.677250062135734,
    "scaler": {
      "mu": [
        69.09836065573771,
        828.7049180327868,
        272.9672131147541,
        555.7377049180328,
        2.278688524590164,
        67.19672131147541,
        801.0491803278688,
        269.73770491803276,
        531.311475409836,
        1.7377049180327868,
        1.3278688524590163,
        1.098360655737705,
        1,
        0,
        0,
        0,
        27.16393442622951,
        -14.704918032786885,
        -0.21311475409836064,
        -0.06557377049180328,
        1450.0191658639912,
        -0.08432633288083201,
        0,
        0,
        0,
        0,
        0,
        0,
        0,
        0,
        0,
        0,
        0,
        0,
        0,
        0,
        0,
        0,
        0,
        0,
        0,
        0,
        0,
        0,
        0,
        0,
        0,
        0,
        0,
        0,
        0,
        0,
        0,
        0,
        0,
        0,
        0.01639344262295082,
        0.01639344262295082,
        0.01639344262295082,
        0.002459016393442623,
        0,
        0,
        0,
        0,
        0,
        0,
        0,
        0,
        0,
        0,
        0,
        0,
        0,
        0,
        0,
        0,
        0.19672131147540983,
        0.6557377049180327
      ],
      "sd": [
        33.70396917717789,
        398.896853599873,
        143.8853103397895,
        272.04657880104935,
        2.033579961634191,
        32.71076409396236,
        387.3918855514806,
        148.2502206494191,
        265.0985304597548,
        1.5353927178974554,
        1.0669600062474083,
        0.9357195536282187,
        1,
        1,
        1,
        1,
        182.57908058287373,
        192.44486919824857,
        2.4636022812025185,
        2.1414630547944826,
        1.6660890301941995,
        2.3020534097143552,
        1,
        1,
        1,
        1,
        1,
        1,
        1,
        1,
        1,
        1,
        1,
        1,
        1,
        1,
        1,
        1,
        1,
        1,
        1,
        1,
        1,
        1,
        1,
        1,
        1,
        1,
        1,
        1,
        1,
        1,
        1,
        1,
        1,
        1,
        0.12698306053139075,
        0.12698306053139075,
        0.12698306053139075,
        0.019047459079708607,
        1,
        1,
        1,
        1,
        1,
        1,
        1,
        1,
        1,
        1,
        1,
        1,
        1,
        1,
        1,
        1,
        0.39751985747482443,
        0.47512710643244055
      ]
    },
    "features": [
      "off_1st_down_s2d",
      "off_total_yds_s2d",
      "off_rush_yds_s2d",
      "off_pass_yds_s2d",
      "off_turnovers_s2d",
      "def_1st_down_s2d",
      "def_total_yds_s2d",
      "def_rush_yds_s2d",
      "def_pass_yds_s2d",
      "def_turnovers_s2d",
      "wins_s2d",
      "losses_s2d",
      "home",
      "sim_winrate_same_loc_s2d",
      "sim_pointdiff_same_loc_s2d",
      "sim_count_same_loc_s2d",
      "off_total_yds_s2d_minus_opp",
      "def_total_yds_s2d_minus_opp",
      "off_turnovers_s2d_minus_opp",
      "def_turnovers_s2d_minus_opp",
      "elo_pre",
      "elo_diff",
      "rest_days",
      "rest_diff",
      "off_third_down_att_s2d",
      "off_third_down_conv_s2d",
      "off_third_down_pct_s2d",
      "off_red_zone_att_s2d",
      "off_red_zone_td_s2d",
      "off_red_zone_td_pct_s2d",
      "off_dropbacks_s2d",
      "off_sacks_taken_s2d",
      "off_sack_rate_s2d",
      "off_pass_att_s2d",
      "off_rush_att_s2d",
      "off_neutral_pass_rate_s2d",
      "off_third_down_pct_s2d_minus_opp",
      "off_red_zone_td_pct_s2d_minus_opp",
      "off_sack_rate_s2d_minus_opp",
      "off_neutral_pass_rate_s2d_minus_opp",
      "off_epa_per_play_s2d",
      "off_epa_per_play_w3",
      "off_epa_per_play_w5",
      "off_epa_per_play_exp",
      "off_success_rate_s2d",
      "off_success_rate_w3",
      "off_success_rate_w5",
      "off_success_rate_exp",
      "def_epa_per_play_allowed_s2d",
      "def_epa_per_play_allowed_w3",
      "def_epa_per_play_allowed_w5",
      "def_epa_per_play_allowed_exp",
      "def_success_rate_allowed_s2d",
      "def_success_rate_allowed_w3",
      "def_success_rate_allowed_w5",
      "def_success_rate_allowed_exp",
      "rb_rush_share_s2d",
      "rb_rush_share_w3",
      "rb_rush_share_w5",
      "rb_rush_share_exp",
      "wr_target_share_s2d",
      "wr_target_share_w3",
      "wr_target_share_w5",
      "wr_target_share_exp",
      "te_target_share_s2d",
      "te_target_share_w3",
      "te_target_share_w5",
      "te_target_share_exp",
      "qb_aypa_s2d",
      "qb_aypa_w3",
      "qb_aypa_w5",
      "qb_aypa_exp",
      "qb_sack_rate_s2d",
      "qb_sack_rate_w3",
      "qb_sack_rate_w5",
      "qb_sack_rate_exp",
      "roof_dome",
      "roof_outdoor"
    ]
  },
  "decision_tree": {
    "params": {
      "depth": 6,
      "minSamples": 8
    },
    "alpha": 6
  },
  "bt": {
    "coefficients": [
      0.5205627239273429,
      0.0007555292303652657,
      -0.7981517957241341,
      0,
      -0.292565637657645,
      0
    ],
    "intercept": 0.4408929122575903,
    "scaler": {
      "mu": [
        -0.6480847570549627,
        -16.238941374651667,
        0.4317609356080657,
        0,
        -0.003488343884006445,
        0
      ],
      "sd": [
        45.32043566402479,
        469.67280448740746,
        13.097866837152385,
        1,
        0.07763457908822323,
        1
      ]
    },
    "features": [
      "diff_total_yards",
      "diff_turnovers",
      "diff_penalty_yards",
      "diff_possession_seconds",
      "diff_r_ratio",
      "diff_elo_pre"
    ]
  },
  "ann": {
    "seeds": [
      1,
      2,
      3,
      4,
      5,
      6,
      7,
      8,
      9,
      10,
      11,
      12,
      13,
      14,
      15
    ],
    "architecture": [
      78,
      32,
      16,
      1
    ],
    "committee_size": 15
  },
  "ensemble": {
    "weights": {
      "logistic": 0.65,
      "tree": 0.35,
      "bt": 0,
      "ann": 0
    },
    "calibration_beta": 0.11428016960215266
  },
  "pca": [
    {
      "component": 1,
      "explained_variance": 0.35321379746143317,
      "top_loadings": [
        {
          "feature": "off_total_yds_s2d",
          "loading": -0.3295613941383433
        },
        {
          "feature": "off_1st_down_s2d",
          "loading": -0.3233383995667491
        },
        {
          "feature": "off_pass_yds_s2d",
          "loading": -0.3223402189325801
        },
        {
          "feature": "def_total_yds_s2d",