{"season":2025,"week":15,"generated_at":"2025-11-14T01:12:18.215Z","feature_hash":"c6ece097186bfb67f699d1b85511a511ddf95e03","logistic":{"weights":[-0.24346624418411084,-0.16471007748310723,-0.05425350944336313,-0.19712389648842313,0.6198788492843642,-0.008989678904315039,0.052960655405413705,0.24678036313523685,0.027074684976781685,-0.5084064267904558,2.914173238644497,-2.6917330524431695,0,0,0,0,0.36951411567053616,-0.8489153700183496,-0.3733951171825909,0.7479506735964029,-3.1445570469884947,-0.1475103374561272,0,0,0,0,0,0,0,0,0,0,0,0,0,0,0,0,0,0,-0.17623362360312975,0.02018309121825906,-0.11857194687323085,0.09018727601040209,0.008488960285413506,-0.05683691423852248,0.07029721715835253,0,0,0.6334106190054323,1.0514651451973902,0.30476142103876186,0.34930697071561745,0.09711220879770449,-0.0036069359237933525,-0.25583113231356885,-0.34919485894059743,-0.5905359018417319,-0.5105389625713095,-0.28096034160526817,-0.12997558629329475,0.02213029583503952,-0.2299209074445693,-0.13000481251703438,0.2400207981405717,-0.01610589953500317,-0.1308993173991985,0.2793922924505141,0.14506534895203768,-0.1374794405546992,-0.12131831326017309,0.13310585580816828,0.10360503651922862,0.04874090919716701,-0.07458001453217702,-0.2758124834262919,0.20383329649943113,0.02359392828606046,-0.21183560837804555,0.1854381087611714,0.10108176193186917,0,0,0,0,-0.13517275339875431,0.0694727654682047,-0.16421880138172498,0.05091509151224345,0.06111565599386999,0.12179804258364296,0.013805244037240604,0.4562526907565308,-0.21802922893951518,-0.050820356494593294,-0.10569702426302548,0.22432359425790135,-0.27176392274377603,0.05636361996416035,0.08858558321205122,0.00563444776856619,0.035015983199258326,0.25787985971334776,0.023290637502304375,-0.14229363593227606,-0.5765979675433426,0.028781130563762684,0.13190257529666344,0.2389263853997466,0.0035847010227087204,0.33660757672117325,0.14432633227367553,-0.20788291337240858,0.010479397171275544,0.107669994972339,-0.5939088952600601,-0.3619106090226025,0.24437113488050244,-0.10612517845964847,0.025294105434853435,-0.1676208895334314,-0.3910237547681149,-0.6659112922954671,0.49095654127969984,0.23651541082491118,-0.1054988777547812,-0.21162884228561873,0.6859343631775416,-0.09567939498963032,-0.1137694984320429,0.47049521419539725,-0.8490252124617984,0.05514134969584044],"bias":0.5647829686822684,"scaler":{"mu":[127.78378378378379,1509.0067567567567,506.7432432432432,1002.2635135135135,4.668918918918919,125.97297297297297,1496.8513513513512,495.7364864864865,1001.1148648648649,3.175675675675676,2.2027027027027026,2.168918918918919,1,0,0,0,103.0579126534421,71.57520408874748,0.2283813551475797,0.3298298824979661,1450.0322198545641,-0.002345483246472213,0,0,0,0,0,0,0,0,0,0,0,0,0,0,0,0,0,0,304.1632882882883,302.88704954954954,305.5653153153153,305.5170045045043,-1.4020270270270259,-2.629954954954956,6.754979977385771,0,0,0.03005194929164135,0.03163933024625827,0.031563906669441526,0.034714248331657864,0.4684687636452837,0.4717309673512041,0.47061520169562293,0.46720119033531843,0.021367294594295025,0.026519722985104636,0.023450251707238464,0.028012570927603654,0.46341282775499787,0.4676800625611195,0.4648478378739061,0.4628423595168245,0.7918634087357017,0.7981354088597059,0.794281706675674,0.7837508814247245,0.5955344929871785,0.5900895935927334,0.5931733574552497,0.599244300499997,0.2230230734897881,0.22843348896224364,0.2255266717583372,0.2225733976776608,7.636048114977458,7.641260358517417,7.675980724980236,7.6117721847507775,0,0,0,0,0.18243243243243243,0.668918918918919,65.82432432432432,4.3175675675675675,1.4932432432432432,0.015878378378378383,0.02027027027027027,0.19594594594594594,0.30405405405405406,-0.4277027027027027,0.41216216216216217,-1.350271246165731e-17,-0.033783783783783786,0.006756756756756757,0.0472972972972973,0,-0.0960608108108108,-1.2702702702702702,-1.6216216216216217,-1.2499999999999996,0.02027027027027027,-5.104054054054053,1.3277027027027024,-1.4527027027027026,0.18243243243243243,0.033783783783783786,0.013513513513513514,-0.013513513513513514,0.0033783783783783786,0.02027027027027027,-0.11486486486486487,0.04054054054054054,-0.010635135135135133,0.13513513513513514,-0.007939189189189191,-0.1554054054054054,-0.012702702702702701,0.10810810810810811,0.17567567567567569,-0.17567567567567569,0.17567567567567569,0.10810810810810811,0.006067567567567563,-0.02702702702702703,0.033783783783783786,0.023202702702702704,-0.013513513513513514,6.520945945945947],"sd":[81.93912873661407,948.3673203346215,331.04196928383436,636.0448879438834,3.9752418140173984,82.04777332370239,974.9793300987438,340.978785134764,653.8845001288572,2.7746833669277686,1.815695308182201,1.9044347729015743,1,1,1,1,1065.2067032723821,1100.7757647154938,5.389715300963905,3.254945730055013,3.0330107616787356,4.362167679398944,1,1,1,1,1,1,1,1,1,1,1,1,1,1,1,1,1,1,117.61175834838869,115.47606041343441,117.98775454850845,116.28833914383596,77.6986554224056,70.99422268397954,2.696318435416534,1,1,0.08736691300732259,0.10376008281705183,0.09179736559686001,0.09998088166774978,0.035740347985058485,0.04238663477449148,0.037566564619517705,0.042827644661181066,0.08350281306519639,0.10686335906522018,0.09136109052896871,0.0971705106195862,0.03534908595690616,0.04398544120224325,0.03874981383472162,0.041688756445956716,0.07934288756319127,0.08369253155020132,0.07990104610919904,0.08742092638670251,0.08400874451970966,0.09074630636675592,0.08584841726189894,0.09195178667441058,0.06153594961399401,0.07067374484486756,0.06326238418777096,0.06954658862809654,1.08052528334858,1.3609972999202786,1.177065659394163,1.1911454982653389,1,1,1,1,0.3862005179038708,0.47060216619907674,2.861005814952519,3.2258189032842486,11.656976000720459,0.07991489606817088,0.14092333523387998,2.1675081713234303,11.665181955337529,6.740146170380938,8.583397750697362,3.4941650203144654,0.7834050809243668,0.24650589658046876,0.9749182880483234,1,0.49586370493272935,15.253530647828764,14.34629880011689,9.883691864119644,0.3936934359988438,42.71704495292941,13.739093074370265,13.056185475929968,8.542451355691378,1.3872758671687924,0.30726532434870485,0.3853129034968443,0.24997717207683684,0.5259430987951048,2.6623593698392654,0.8043662805098992,0.368669762661189,1.583908306146235,0.11210668340561794,3.7555595506327895,0.2157478965310213,2.3484760301072503,6.117891590771723,2.7106302653357703,2.9993607792332893,5.992264309581161,0.169922862553594,0.25852873607714866,0.4257829122753557,0.3448680703379789,0.3673588437585995,38.56989663108025]},