{"season":2021,"week":9,"generated_at":"2025-11-07T00:47:24.952Z","feature_hash":"e69e07e91ae7f082f548614a8603e75c87d88e7f","logistic":{"weights":[-0.5864230653427357,-0.5553847054708536,-0.006441282604936782,-0.6817687002055262,1.6181272534056088,0.764750985076624,0.24175487220024794,-0.07939452704877206,0.3298284148202719,-1.0868671623155408,3.3534424595153545,-2.9663383496646416,0,0,0,0,0.7728247899896481,-0.5743226326158677,-0.8080169899767512,0.5187968402654364,-3.8393213059504743,-0.0075908921382134035,0,0,0,0,0,0,0,0,0,0,0,0,0,0,0,0,0,0,-0.30376868240140165,-0.21260270885442176,0.17337112450905542,-0.1214505012791485,-0.4417908484699603,-0.014145773532193066,-0.074397307216315,0,0,2.326898054596502,1.0247419219187486,-0.042372595075309646,-0.36869658478166817,0.330104807763026,0.07573353317040901,-0.4471015946018202,-0.5796487246580497,-1.9134920037777359,-1.0914082045449987,0.14189706926750104,0.8451799061977925,-0.19926260860215633,0.7459457109580845,-0.13870339581913735,-0.1863094816060843,-0.2307422672786433,0.5082060921309892,-0.4767812523848535,0.5196331817559888,0.04995697540936556,0.35836896589802264,0.03727891122996697,0.004769477008405981,0.06630523539731902,0.3240268557508558,0.3223428918394318,-0.183811334911569,0.03406257536494631,-0.10083873600022517,-0.5479243822000645,0.6864509469703228,0,0,0,0,0.14120302234463195,0.09237112099703788,0.14120302234463308,-0.1412030223446317,0,0,0,0.11522956688630868,-0.08842285303384118,-0.22108405047487617,-0.15595544326430397,0.06921651476906829,0.0762111197884046,0.5802208128862789,0.4244617199944426,0,0.45558355582963467,-0.20454013120379705,0.08629794751464852,0.23059797212897157,-0.0378783713282064,-0.6064895821561722,0.14880454304940346,0.05532332492329818,-0.5342073915210125,0.21566040635690736,-0.0573244324540393,0.4844852843677731,-0.4114510441187607,0.08324659073649138,-0.4531350504132552,-0.3023875644790488,0.14449679848265307,-0.3794740267553461,-0.23598389883125578,-0.4835005453920962,-0.1766590682274305,-0.8332287661380512,0.7672175243070134,0.08851839556241355,-0.0804147478484319,-0.2843010918389155,-0.6230351462264334,0.08068405973158416,0.034988206161272656,-0.2345135777688797,-0.20062598347071092,-0.44291167559328265],"bias":-0.15377502933536336,"scaler":{"mu":[129.19672131147541,1504.344262295082,452.8524590163934,1051.4918032786886,4.844262295081967,128.45901639344262,1506.2622950819673,447.0327868852459,1059.2295081967213,3.2950819672131146,2,2.0163934426229506,1,0,0,0,6.417827359432509,4.539557148321975,-0.00922731578993451,-0.28675467265694327,1450.0216319554463,0.1051679633543621,0,0,0,0,0,0,0,0,0,0,0,0,0,0,0,0,0,0,323.8306010928962,323.9562841530056,326.3265027322403,326.55710382513666,-2.4959016393442606,-2.600819672131147,6.971299994479958,0,0,0.010887417304496478,0.009787365324306772,0.01054821398871461,0.008911412663524236,0.4378830002960955,0.43857663886209036,0.43743669801330237,0.4361378673600457,0.011917181304001892,0.013549785980902188,0.011077592011827802,0.011752173410809757,0.4377759086777137,0.43786418786546877,0.43756718537344963,0.4356151044192357,0.808112488239542,0.8079384492303864,0.8088670186861524,0.8133506736693132,0.5938829928308784,0.5914376739874139,0.5945395179376411,0.5887386519131553,0.2069720972921034,0.20911539537104645,0.20689827833478255,0.21068642550892366,8.013019991910847,8.051389077620618,8.059463978147853,7.888479478081857,0,0,0,0,0.18032786885245902,0.7295081967213115,65.90163934426229,4.098360655737705,0,0,0,-0.4672131147540984,-0.9590163934426229,-0.08360655737704917,-0.7868852459016393,-0.07131147540983601,-0.040983606557377046,-0.01639344262295082,-0.08196721311475409,0,0.019401639344262294,2.0491803278688523,2.05327868852459,1.2647540983606558,0.03278688524590164,2.1590163934426223,1.5975409836065575,1.3360655737704918,0.7131147540983607,0.30327868852459017,-0.06557377049180328,-0.05737704918032787,-0.020491803278688523,-0.13934426229508196,-0.1557377049180328,0.00819672131147541,-0.021524590163934428,-0.07377049180327869,-0.010327868852459017,0.05737704918032787,0.014729508196721301,-0.05737704918032787,-1.2540983606557377,-0.13934426229508196,-0.09836065573770492,-0.29508196721311475,-0.010106557377049175,-0.01639344262295082,0.06557377049180328,0.037967213114754095,0.040983606557377046,0.3270491803278692],"sd":[73.99364608789968,852.5668741665344,287.305334584721,597.4836337137316,3.3018139371357047,73.43862694046894,854.1580151282592,275.00023649546404,601.8533096547538,2.6663923087387293,1.6144836255128698,1.6643987077373192,1,1,1,1,807.356411418263,832.0043763324196,3.5575569394680753,3.2563931297901947,2.668723233240845,3.623918382514462,1,1,1,1,1,1,1,1,1,1,1,1,1,1,1,1,1,1,136.43447886623179,136.35910706926762,136.86166682411397,136.18190599552466,76.6515709274392,73.88033325801518,3.057413302866866,1,1,0.08945600796640447,0.10497244819628332,0.09299142523899578,0.09400638796994255,0.04023947008115709,0.04595179989246266,0.04163927726963253,0.038756533522188094,0.08757064596721356,0.10230374736251824,0.08916017729077669,0.09533735894114935,0.0384199270275001,0.04288039353520899,0.039370925748692887,0.038617983531292366,0.0902847954939641,0.09975755053889038,0.09410198651281187,0.09199696596106428,0.09819489350190841,0.10246639983826643,0.09680778794260111,0.10802467836469047,0.06752820213568864,0.07423751631591152,0.06820467021692467,0.06978509039320174,1.1693809015795291,1.25120005441654,1.2111555033256043,1.2504723649071856,1,1,1,1,0.38446030818224836,0.4442138985193185,1.9223015409112407,1.9223015409112407,1,1,1,2.602597776086483,11.090830314512305,6.711286806514922,5.196514450038065,2.060418527760913,0.39250229160042205,0.2555484798052441,1.3525335299890695,1,0.6150256513354477,14.925966184513895,14.868523163161843,8.970670992422276,0.33716334100333006,46.589835228014095,15.903023030047528,14.156392668075766,10.055158946821676,1.889962026950888,0.4386586282052342,0.3459171778034299,0.18551590652059438,0.5479555709297794,2.755086181161584,0.7628237193968842,0.38211553512283314,2.0006885404406596,0.10908715440469584,4.029195055127034,0.19756455831711522,2.124406109210363,7.058957192536509,3.232305104924275,2.9570971478899017,6.352601796385893,0.2263256687113871,0.25554847980524414,0.5238211576613265,0.345465590666938,0.3482400948565249,44.47568876692818]},