{"season":2011,"week":12,"generated_at":"2025-11-07T00:26:59.921Z","feature_hash":"62bdefb46467c8867ea388c8fab572ea52801872","logistic":{"weights":[-0.3889618910263306,-0.5935133833938221,-0.19584355327432063,-0.6999626165664391,1.1272717013059,0.7696319469365628,-0.05830737122691627,0.000060133427357500145,-0.1409532387545657,-0.5259199921812836,3.2367047980681996,-2.989644903983254,0,0,0,0,0.9928128485315234,-0.5840492689452728,-0.8060929289786489,0.8697081756329343,-3.954980066695934,0.3386112556097614,0,0,0,0,0,0,0,0,0,0,0,0,0,0,0,0,0,0,-0.2921460222753282,0.05130546074439285,0.14513710623889517,0.21751163931842998,-0.44101076188292443,-0.08194214355798457,-0.07756872516508552,0,0,1.6491682616315595,1.4390505285472224,-0.06991933811655986,-0.7923323615503894,0.4004866112369971,0.23294820368351607,-0.7370538576341505,0.17402259878840165,-1.7316619232302373,-0.49911952213614796,-0.3138400354212125,0.4588210034225931,-0.4696135216748547,0.475121268624783,0.2037537023214138,-0.24523189500079792,-0.3555996695858941,-0.08328919782926332,-0.18548956259653243,0.40687663479406766,-0.22238523500937002,0.15564553441601822,-0.3436982024079851,-0.685136856453963,-0.26410478123062436,-0.2095548450521235,-0.32002474731653785,0.19587632272035405,0.6071376171344943,-0.45815226871255954,-0.08919622542378533,-0.14147819698851022,0,0,0,0,0.05096266762553641,0.22405499899010453,0.05096266762553829,-0.05096266762553626,0,0,0],"bias":0.8487751036886904,"scaler":{"mu":[110.41875,1318.74375,409.1375,909.60625,5.26875,109.45,1311.675,411.6875,899.9875,3.975,1.8125,1.80625,1,0,0,0,65.38777291860859,53.07722092673042,-0.04013699538008948,0.3380063543157229,1450.0152790215611,0.10862951407169988,0,0,0,0,0,0,0,0,0,0,0,0,0,0,0,0,0,0,329.00104166666677,331.46093749999994,330.0791666666667,330.4204166666669,-1.0781250000000013,1.040520833333336,7.860335449757477,0,0,-0.0007743858908921538,0.00031113808844253783,-0.0003429364085984801,-0.007364224849209733,0.4322731945788976,0.4327529215731669,0.43221685923822684,0.430151838896977,-0.005326158207927029,-0.004734459939719302,-0.006998935575355608,-0.011364992063195615,0.4327983924364309,0.4338899229945947,0.4330637597876371,0.42972776635748267,0.8387087373121526,0.8340606573053915,0.8383818208084637,0.8347761472165681,0.5873153774782175,0.5886665040005202,0.5874478217218935,0.5851398630739788,0.21694507833274868,0.2209042316949094,0.2192982329047045,0.21883724113612316,8.494440007137495,8.61808774645939,8.541206254996048,8.524655459990294,0,0,0,0,0.15625,0.75625,65.78125,4.21875,0,0,0],"sd":[68.52677139948663,816.9195741233879,275.32293510303487,578.3598911672018,3.677162416524459,64.17084618422916,773.4533563021109,267.0658436486216,531.6333086289366,3.076016092285604,1.5418637261444346,1.6143763308163315,1,1,1,1,1084.7620414739729,956.4384733822028,5.193943573481972,3.9068064965149962,3.293841721924541,4.529147743956871,1,1,1,1,1,1,1,1,1,1,1,1,1,1,1,1,1,1,125.90311461496196,126.0010124800436,122.3478788327002,120.18618829742995,75.3186446821911,65.93196592421243,3.0109023418701812,1,1,0.09114440955485936,0.10287247172623945,0.09503797753236452,0.10224520181630742,0.045480419734666704,0.050708940596300024,0.046490937715724406,0.048946778038538495,0.0814615761860112,0.09383845441388505,0.08653596934271068,0.09492573059049512,0.03786160743891298,0.04439294988265636,0.04063865960835134,0.04182372462280885,0.10031354621252338,0.1061274893549514,0.10053536137260986,0.10848210187890128,0.09461172026485432,0.1021827531676198,0.09711881229657826,0.0916023389331723,0.07522067756642932,0.08378816526737295,0.07896271064736701,0.06836043488862034,1.1762258788464444,1.4694866094387231,1.2648098729600863,1.4025205437378643,1,1,1,1,0.3630921887069453,0.4293436123898899,1.8154609435347266,1.8154609435347266,1,1,1]},"features":["off_1st_down_s2d","off_total_yds_s2d","off_rush_yds_s2d","off_pass_yds_s2d","off_turnovers_s2d","def_1st_down_s2d","def_total_yds_s2d","def_rush_yds_s2d","def_pass_yds_s2d","def_turnovers_s2d","wins_s2d","losses_s2d","home","sim_winrate_same_loc_s2d","sim_pointdiff_same_loc_s2d","sim_count_same_loc_s2d","off_total_yds_s2d_minus_opp","def_total_yds_s2d_minus_opp","off_turnovers_s2d_minus_opp","def_turnovers_s2d_minus_opp","elo_pre","elo_diff","rest_days","rest_diff","off_third_down_att_s2d","off_third_down_conv_s2d","off_third_down_pct_s2d","off_red_zone_att_s2d","off_red_zone_td_s2d","off_red_zone_td_pct_s2d","off_dropbacks_s2d","off_sacks_taken_s2d","off_sack_rate_s2d","off_pass_att_s2d","off_rush_att_s2d","off_neutral_pass_rate_s2d","off_third_down_pct_s2d_minus_opp","off_red_zone_td_pct_s2d_minus_opp","off_sack_rate_s2d_minus_opp","off_neutral_pass_rate_s2d_minus_opp","off_yds_for_3g","off_yds_for_5g","def_yds_against_3g","def_yds_against_5g","net_yds_3g","net_yds_5g","qb_ypa_3g","qb_sack_rate_3g","qb_qbr","off_epa_per_play_s2d","off_epa_per_play_w3","off_epa_per_play_w5","off_epa_per_play_exp","off_success_rate_s2d","off_success_rate_w3","off_success_rate_w5","off_success_rate_exp","def_epa_per_play_allowed_s2d","def_epa_per_play_allowed_w3","def_epa_per_play_allowed_w5","def_epa_per_play_allowed_exp","def_success_rate_allowed_s2d","def_success_rate_allowed_w3","def_success_rate_allowed_w5","def_success_rate_allowed_exp","rb_rush_share_s2d","rb_rush_share_w3","rb_rush_share_w5","rb_rush_share_exp","wr_target_share_s2d","wr_target_share_w3","wr_target_share_w5","wr_target_share_exp","te_target_share_s2d","te_target_share_w3","te_target_share_w5","te_target_share_exp","qb_aypa_s2d","qb_aypa_w3","qb_aypa_w5","qb_aypa_exp","qb_sack_rate_s2d","qb_sack_rate_w3","qb_sack_rate_w5","qb_sack_rate_exp","roof_dome","roof_outdoor","weather_temp_f","weather_wind_mph","weather_precip_pct","weather_impact_score","weather_extreme_flag"]},"decision_tree":{"params":{"depth":6,"minSamples":8},"alpha":2},"bt":{"coefficients":[0.15756938249697008,-0.1808780518750087,-0.017687659825013243,-0.0017479049875952636,0.015595438286068759,0.003919980709538859,0.0049870220979723046,0.0007095137284939478,-0.004197340038493848,0.004757462401607633],"intercept":0.07887721897416532,"scaler":{"mu":[0.9709764500098348,-6.319840549597034,0.44547134610423117,0,0.0029851389955401443,0,0,0,0,0],"sd":[63.50024355486548,462.4289632186993,15.503577796643047,1,0.09065377378816024,1,1,1,1,1]},"features":["diff_total_yards","diff_turnovers","diff_penalty_yards","diff_possession_seconds","diff_r_ratio","diff_elo_pre","diff_inj_out","diff_inj_skill_out","diff_inj_practice_dnp","diff_inj_out_trend"],"hyperparams":{"steps":1200,"learningRate":0.001,"l2":0.00001}},"ann":{"seeds":[1],"architecture":[92,128,64,32,1],"committee_size":1,"max_epochs":15,"dropout":0.5},"ensemble":{"weights":{"logistic":0.9,"tree":0,"bt":0,"ann":0.09999999999999998},"calibration":{"type":"platt","beta":0.029710635842276383,"source":"platt"},"calibration_beta":0.029710635842276383,"calibration_hash":"ee118d59588b83052d32625013eebeb7bc0c30cb47af4be9c150299903445024","oof_variance":{"ann":{"mean":0.5063460835135982,"var":0.035636998432154024}}},"pca":[{"component":1,"explained_variance":0.1960400074820824,"top_loadings":[{"feature":"off_total_yds_s2d","loading":0.27336769440075087},{"feature":"off_1st_down_s2d","loading":0.2725575551288444},{"feature":"off_pass_yds_s2d","loading":0.26885804811451},{"feature":"def_total_yds_s2d","loading":0.26004247564545035},{"feature":"def_pass_yds_s2d","loading":0.2590793337089577},{"feature":"def_1st_down_s2d","loading":0.25872295332841727},{"feature":"off_rush_yds_s2d","loading":0.24633875494839463},{"feature":"def_rush_yds_s2d","loading":0.23737787403251634},{"feature":"off_turnovers_s2d","loading":0.21280773663669741},{"feature":"wins_s2d","loading":0.19781987003891321}]},{"component":2,"explained_variance":0.16212625698389857,"top_loadings":[{"feature":"off_epa_per_play_exp","loading":-0.21682486654668234},{"feature":"off_success_rate_exp","loading":-0.2078219576272614},{"feature":"off_success_rate_w3",