{
  "season": 2025,
  "week": 2,
  "generated_at": "2025-09-30T18:07:59.677Z",
  "logistic": {
    "weights": [
      -0.00026251101137660256,
      0.06626884967788106,
      0.09115740090192236,
      -0.003779391133934944,
      0.2060243667038426,
      -0.270362022699729,
      0.05355604054348186,
      0.27047092773075293,
      -0.13270309624391852,
      0.12136374200720854,
      1.0583153872242348,
      -1.0583153872242348,
      0,
      0,
      0,
      0,
      0.0030453611331135006,
      -0.0030453611331135006,
      -0.2825717457888289,
      0.08509608894401692,
      0,
      0,
      0,
      0,
      0,
      0,
      0,
      0,
      0,
      0,
      0,
      0,
      0,
      0,
      0,
      0,
      0,
      0,
      0,
      0,
      0.3424183355456153,
      0.3424183355456153,
      0.3424183355456153,
      0.3424183355456153,
      0.08308526673530492,
      0.08308526673530492,
      0.08308526673530492,
      0.08308526673530492,
      -0.17653784920040466,
      -0.17653784920040466,
      -0.17653784920040466,
      -0.17653784920040466,
      -0.24372701530234833,
      -0.24372701530234833,
      -0.24372701530234833,
      -0.24372701530234833,
      -0.2511393853552434,
      -0.2511393853552434,
      -0.2511393853552434,
      -0.2511393853552434,
      -0.04319036166589586,
      -0.04319036166589586,
      -0.04319036166589586,
      -0.04319036166589586,
      0.08352580891170074,
      0.08352580891170074,
      0.08352580891170074,
      0.08352580891170074,
      0.09682719817119319,
      0.09682719817119319,
      0.09682719817119319,
      0.09682719817119319,
      0,
      0,
      0,
      0,
      0.26350858025178986,
      -0.04259358344242975
    ],
    "bias": 0.2826029792645712,
    "scaler": {
      "mu": [
        30.8125,
        357.875,
        118.9375,
        238.9375,
        0.625,
        24.6875,
        294.3125,
        99.5,
        194.8125,
        0.6875,
        0.5625,
        0.4375,
        1,
        0,
        0,
        0,
        63.5625,
        -63.5625,
        -0.4375,
        0.25,
        1450,
        0,
        0,
        0,
        0,
        0,
        0,
        0,
        0,
        0,
        0,
        0,
        0,
        0,
        0,
        0,
        0,
        0,
        0,
        0,
        0.04646177656741719,
        0.04646177656741719,
        0.04646177656741719,
        0.04646177656741719,
        0.4725603482206121,
        0.4725603482206121,
        0.4725603482206121,
        0.4725603482206121,
        0.006158735955496624,
        0.006158735955496624,
        0.006158735955496624,
        0.006158735955496624,
        0.4428432330977843,
        0.4428432330977843,
        0.4428432330977843,
        0.4428432330977843,
        0.7309823332116148,
        0.7309823332116148,
        0.7309823332116148,
        0.7309823332116148,
        0.6259100720746691,
        0.6259100720746691,
        0.6259100720746691,
        0.6259100720746691,
        0.21526909271770248,
        0.21526909271770248,
        0.21526909271770248,
        0.21526909271770248,
        7.697356570407932,
        7.697356570407932,
        7.697356570407932,
        7.697356570407932,
        0,
        0,
        0,
        0,
        0.1875,
        0.6875
      ],
      "sd": [
        6.9751232067971385,
        66.56000582181466,
        51.080168301895796,
        64.95235633716455,
        0.9270248108869579,
        6.602260503039849,
        76.86979149022065,
        46.52015692148942,
        63.792847120582415,
        0.7680128579652817,
        0.49607837082461076,
        0.49607837082461076,
        1,
        1,
        1,
        1,
        96.54465854592888,
        96.54465854592888,
        1.1162856937182344,
        0.9013878188659973,
        1,
        1,
        1,
        1,
        1,
        1,
        1,
        1,
        1,
        1,
        1,
        1,
        1,
        1,
        1,
        1,
        1,
        1,
        1,
        1,
        0.1293000662006963,
        0.1293000662006963,
        0.1293000662006963,
        0.1293000662006963,
        0.05932552583797142,
        0.05932552583797142,
        0.05932552583797142,
        0.05932552583797142,
        0.14345869840988892,
        0.14345869840988892,
        0.14345869840988892,
        0.14345869840988892,
        0.05826506948986613,
        0.05826506948986613,
        0.05826506948986613,
        0.05826506948986613,
        0.09515683476361024,
        0.09515683476361024,
        0.09515683476361024,
        0.09515683476361024,
        0.11452970692563028,
        0.11452970692563028,
        0.11452970692563028,
        0.11452970692563028,
        0.08606260770364721,
        0.08606260770364721,
        0.08606260770364721,
        0.08606260770364721,
        1.6331991432721054,
        1.6331991432721054,
        1.6331991432721054,
        1.6331991432721054,
        1,
        1,
        1,
        1,
        0.3903123748998999,
        0.46351240544347894
      ]
    },
    "features": [
      "off_1st_down_s2d",
      "off_total_yds_s2d",
      "off_rush_yds_s2d",
      "off_pass_yds_s2d",
      "off_turnovers_s2d",
      "def_1st_down_s2d",
      "def_total_yds_s2d",
      "def_rush_yds_s2d",
      "def_pass_yds_s2d",
      "def_turnovers_s2d",
      "wins_s2d",
      "losses_s2d",
      "home",
      "sim_winrate_same_loc_s2d",
      "sim_pointdiff_same_loc_s2d",
      "sim_count_same_loc_s2d",
      "off_total_yds_s2d_minus_opp",
      "def_total_yds_s2d_minus_opp",
      "off_turnovers_s2d_minus_opp",
      "def_turnovers_s2d_minus_opp",
      "elo_pre",
      "elo_diff",
      "rest_days",
      "rest_diff",
      "off_third_down_att_s2d",
      "off_third_down_conv_s2d",
      "off_third_down_pct_s2d",
      "off_red_zone_att_s2d",
      "off_red_zone_td_s2d",
      "off_red_zone_td_pct_s2d",
      "off_dropbacks_s2d",
      "off_sacks_taken_s2d",
      "off_sack_rate_s2d",
      "off_pass_att_s2d",
      "off_rush_att_s2d",
      "off_neutral_pass_rate_s2d",
      "off_third_down_pct_s2d_minus_opp",
      "off_red_zone_td_pct_s2d_minus_opp",
      "off_sack_rate_s2d_minus_opp",
      "off_neutral_pass_rate_s2d_minus_opp",
      "off_epa_per_play_s2d",
      "off_epa_per_play_w3",
      "off_epa_per_play_w5",
      "off_epa_per_play_exp",
      "off_success_rate_s2d",
      "off_success_rate_w3",
      "off_success_rate_w5",
      "off_success_rate_exp",
      "def_epa_per_play_allowed_s2d",
      "def_epa_per_play_allowed_w3",
      "def_epa_per_play_allowed_w5",
      "def_epa_per_play_allowed_exp",
      "def_success_rate_allowed_s2d",
      "def_success_rate_allowed_w3",
      "def_success_rate_allowed_w5",
      "def_success_rate_allowed_exp",
      "rb_rush_share_s2d",
      "rb_rush_share_w3",
      "rb_rush_share_w5",
      "rb_rush_share_exp",
      "wr_target_share_s2d",
      "wr_target_share_w3",
      "wr_target_share_w5",
      "wr_target_share_exp",
      "te_target_share_s2d",
      "te_target_share_w3",
      "te_target_share_w5",
      "te_target_share_exp",
      "qb_aypa_s2d",
      "qb_aypa_w3",
      "qb_aypa_w5",
      "qb_aypa_exp",
      "qb_sack_rate_s2d",
      "qb_sack_rate_w3",
      "qb_sack_rate_w5",
      "qb_sack_rate_exp",
      "roof_dome",
      "roof_outdoor"
    ]
  },
  "decision_tree": {
    "params": {
      "depth": 6,
      "minSamples": 8
    },
    "alpha": 6
  },
  "bt": {
    "coefficients": [
      0.6623920133377957,
      -0.4473292969479042,
      -1.7999191884135952,
      0,
      -0.02931079941130647,
      0
    ],
    "intercept": 0.22288539346878394,
    "scaler": {
      "mu": [
        -13.422846024374657,
        -42.83923058258391,
        -1.5129111074254267,
        0,
        -0.014297209624793604,
        0
      ],