{"season":2008,"week":9,"generated_at":"2025-11-07T00:21:16.514Z","feature_hash":"c27ff616793b8b3c91f335f989e93ea8dd2fa9c8","logistic":{"weights":[-0.40106741625389564,-0.3186165758318092,0.11603991437479536,-0.5124928481877817,1.3201760330858545,0.8581991438681101,-0.11392084833184782,0.3193703072480247,-0.3664944562585024,-0.46417370963824955,2.865821721976331,-2.7312787861334455,0,0,0,0,0.7976381902351213,-1.1497522123780246,-0.872021373792025,1.0061434261089877,-3.0853922590034055,0.07605051630208448,0,0,0,0,0,0,0,0,0,0,0,0,0,0,0,0,0,0,-0.29800241001252886,0.3053009471843204,0.311369389896238,0.1520402485947661,-0.7707944321448281,0.2895222527009725,-0.3612671039981966,0,0,1.371534167132606,1.1492759286311502,0.29027493758070305,0.015931290663688445,0.10726544614751068,-0.15535609754229437,-0.2756965572562676,0.32257214900811415,-1.9944884574303898,-0.8853257998819399,-0.31899233864355686,-0.03144564680159646,-0.2603524675734362,-0.20199035052100503,0.8016101507564609,-0.047425087058975864,-0.24746839745448462,0.5619885139753327,0.08596564511290823,0.06311137131833094,0.3714269848007768,-0.18591225117773255,-0.1338674881587017,0.20830955443182692,-0.20388846372207386,-0.5393285102005091,0.40016891288602635,0.32323783251882704,0.1698187868153555,-0.039926248123001815,0.07233198720481195,-0.2347812688978902,0,0,0,0,-0.06698215705974445,-0.11422425958196115,-0.06698215705974361,0.06698215705974439,0,0,0],"bias":1.1361095233640182,"scaler":{"mu":[96,1172.9396551724137,395.87931034482756,777.0603448275862,4.620689655172414,92.53448275862068,1120.9310344827586,367.9051724137931,753.0258620689655,3.456896551724138,1.8017241379310345,1.5517241379310345,1,0,0,0,99.34386460397018,31.389861311155677,0.1520960015845146,0.24180976815632232,1449.9228349253885,-0.11161119669314162,0,0,0,0,0,0,0,0,0,0,0,0,0,0,0,0,0,0,294.11350574712645,292.6442528735632,290.8002873563218,290.30258620689654,3.3132183908045993,2.3416666666666672,7.106884826832087,0,0,0.011176544946272592,0.013878782311285885,0.013455127671754575,0.005334831992581651,0.4464337997650611,0.45058307017336696,0.4480861262113195,0.4404611913293273,0.0016726393788286016,0.001609189437293077,0.0035238416681362037,-0.0043224223686375955,0.44340967849967966,0.44647792054631324,0.4452984078884679,0.4358536718314699,0.871827244923028,0.8713485670636165,0.8716175904827447,0.8738216798405232,0.0603448275862069,0.017241379310344827,0.04310344827586207,0.0456896551724138,0.04310344827586207,0.02586206896551724,0.04310344827586207,0.006465517241379311,8.21346114886048,8.174224206529859,8.175616957717812,8.198820742628994,0,0,0,0,0.13793103448275862,0.8275862068965517,65.6896551724138,4.310344827586207,0,0,0],"sd":[61.928490463069444,740.8515753532075,244.01410202226276,530.2919704697674,3.9032594081273104,57.51228220165503,681.2786498137407,233.00166413673432,471.900348576186,2.975162242401042,1.4216298780297971,1.321864067729845,1,1,1,1,809.449077558323,735.0422461031026,4.775100444117595,3.8172293301578826,2.355786613759484,3.6811224889506113,1,1,1,1,1,1,1,1,1,1,1,1,1,1,1,1,1,1,130.9451231888513,129.39293195000272,129.10508212970623,127.99145680607822,87.60421039927405,85.46668326754461,3.1607403728256136,1,1,0.10128381795859184,0.10897104100936092,0.1033959653916011,0.11743510800877359,0.04332950699460787,0.04777976669374509,0.04447801663577084,0.04841224035672666,0.11311236303712323,0.11696464584451305,0.11315732698310756,0.12107459830387993,0.045708581260873876,0.04772735990430049,0.04568971779180037,0.04822704680049305,0.0867231866066367,0.08513805932660688,0.08548274399976012,0.09114926102524884,0.23812460891264028,0.130169559228806,0.20308998257568545,0.20347932258726129,0.20308998257568533,0.15872372965105155,0.20308998257568533,0.030463497386352824,1.1743713742686768,1.3243286857271643,1.214093023859841,1.2963195951431823,1,1,1,1,0.34482758620689685,0.37773969483114916,1.724137931034482,1.7241379310344822,1,1,1]},"features":["off_1st_down_s2d","off_total_yds_s2d","off_rush_yds_s2d","off_pass_yds_s2d","off_turnovers_s2d","def_1st_down_s2d","def_total_yds_s2d","def_rush_yds_s2d","def_pass_yds_s2d","def_turnovers_s2d","wins_s2d","losses_s2d","home","sim_winrate_same_loc_s2d","sim_pointdiff_same_loc_s2d","sim_count_same_loc_s2d","off_total_yds_s2d_minus_opp","def_total_yds_s2d_minus_opp","off_turnovers_s2d_minus_opp","def_turnovers_s2d_minus_opp","elo_pre","elo_diff","rest_days","rest_diff","off_third_down_att_s2d","off_third_down_conv_s2d","off_third_down_pct_s2d","off_red_zone_att_s2d","off_red_zone_td_s2d","off_red_zone_td_pct_s2d","off_dropbacks_s2d","off_sacks_taken_s2d","off_sack_rate_s2d","off_pass_att_s2d","off_rush_att_s2d","off_neutral_pass_rate_s2d","off_third_down_pct_s2d_minus_opp","off_red_zone_td_pct_s2d_minus_opp","off_sack_rate_s2d_minus_opp","off_neutral_pass_rate_s2d_minus_opp","off_yds_for_3g","off_yds_for_5g","def_yds_against_3g","def_yds_against_5g","net_yds_3g","net_yds_5g","qb_ypa_3g","qb_sack_rate_3g","qb_qbr","off_epa_per_play_s2d","off_epa_per_play_w3","off_epa_per_play_w5","off_epa_per_play_exp","off_success_rate_s2d","off_success_rate_w3","off_success_rate_w5","off_success_rate_exp","def_epa_per_play_allowed_s2d","def_epa_per_play_allowed_w3","def_epa_per_play_allowed_w5","def_epa_per_play_allowed_exp","def_success_rate_allowed_s2d","def_success_rate_allowed_w3","def_success_rate_allowed_w5","def_success_rate_allowed_exp","rb_rush_share_s2d","rb_rush_share_w3","rb_rush_share_w5","rb_rush_share_exp","wr_target_share_s2d","wr_target_share_w3","wr_target_share_w5","wr_target_share_exp","te_target_share_s2d","te_target_share_w3","te_target_share_w5","te_target_share_exp","qb_aypa_s2d","qb_aypa_w3","qb_aypa_w5","qb_aypa_exp","qb_sack_rate_s2d","qb_sack_rate_w3","qb_sack_rate_w5","qb_sack_rate_exp","roof_dome","roof_outdoor","weather_temp_f","weather_wind_mph","weather_precip_pct","weather_impact_score","weather_extreme_flag"]},"decision_tree":{"params":{"depth":6,"minSamples":8},"alpha":2},"bt":{"coefficients":[0.03179412137102739,-0.09425892919263706,0.02778550944483502,0.004882326797101029,-0.060034824014818564,-0.003820796481667419,-0.004340451385127931,0.0038971360872153177,-0.0034607009102260483,0.00259454120258625],"intercept":0.14308117004834672,"scaler":{"mu":[8.453356086082346,-2.2286156514935045,-0.7166308318548228,0,0.0038908195587394993,0,0,0,0,0],"sd":[58.062298489425004,504.76173332074893,15.286325681596425,1,0.10474748472590349,1,1,1,1,1]},"features":["diff_total_yards","diff_turnovers","diff_penalty_yards","diff_possession_seconds","diff_r_ratio","diff_elo_pre","diff_inj_out","diff_inj_skill_out","diff_inj_practice_dnp","diff_inj_out_trend"],"hyperparams":{"steps":1200,"learningRate":0.001,"l2":0.00001}},"ann":{"seeds":[1],"architecture":[92,128,64,32,1],"committee_size":1,"max_epochs":15,"dropout":0.5},"ensemble":{"weights":{"logistic":0.9,"tree":0,"bt":0,"ann":0.09999999999999998},"calibration":{"type":"platt","beta":0.588090530110082,"source":"platt"},"calibration_beta":0.588090530110082,"calibration_hash":"e140e8092d62e135d8100b458d081a833742840c7ff5a03faa1e62e4b58a0781","oof_variance":{"ann":{"mean":0.5279744619395473,"var":0.02529213096633528}}},"pca":[{"component":1,"explained_variance":0.21703107406815536,"top_loadings":[{"feature":"off_total_yds_s2d","loading":0.26171134035230176},{"feature":"off_1st_down_s2d","loading":0.26101807292267754},{"feature":"off_pass_yds_s2d","loading":0.2566261250021663},{"feature":"def_pass_yds_s2d","loading":0.2542647748709943},{"feature":"def_total_yds_s2d","loading":0.25204404148315057},{"feature":"def_1st_down_s2d","loading":0.25085316636942545},{"feature":"off_rush_yds_s2d","loading":0.2368817408803231},{"feature":"def_rush_yds_s2d","loading":0.22199235604007395},{"feature":"wins_s2d","loading":0.2090093820525167},{"feature":"off_turnovers_s2d","loading":0.20866891445184937}]},{"component":2,"explained_variance":0.1496262341582616,"top_loadings":[{"feature":"def_epa_per_play_allowed_exp",