{"season":2019,"week":20,"generated_at":"2025-11-07T00:43:47.754Z","feature_hash":"9d47e20898610ed90301ba4291df78527ff75b35","logistic":{"weights":[-0.6701778912155718,-0.5171677759335395,0.03283934370526291,-0.6544426060203629,1.1728056014852368,0.7182841410094701,0.20207111620907714,-0.13399131799961597,0.32601662300429585,-1.1175049131298749,3.185650831661719,-2.63344664841491,0,0,0,0,1.0017152483760456,-0.7633385954395886,-1.2359605447619557,0.750381404899052,-3.5244771935741577,0.4834768910132643,0,0,0,0,0,0,0,0,0,0,0,0,0,0,0,0,0,0,-0.29496979202237483,-0.07944413557190019,0.21160192618357035,-0.009569466821166526,-0.4858178103100801,0.054862372545949875,-0.2905900912312009,0,0,2.1349133262262483,1.0922903256593788,-0.15505428909831923,-0.06660304814671343,0.10889696476791987,-0.07773015921244271,-0.36681181803738705,-0.18247276357756884,-2.0436233320460726,-1.2020572732725194,0.181759275470928,0.833378985777826,-0.4268571973770128,0.6842454835598125,-0.1460409666407854,0.07849579943214072,-0.43656992664056354,0.5921278057649952,-0.47034064841819745,0.3555300450927438,-0.1056668775371725,-0.1421973636143328,-0.14784357867915868,-0.23923375883144957,-0.36713334887023763,0.5502979885912467,-0.015382551419733147,-0.5458897592550181,-0.1069818841842923,0.07898499274711739,-0.2945103121375575,0.4997334722169261,0,0,0,0,-0.02039488582136658,0.20676341404169435,-0.02039488582136547,0.020394885821367014,0,0,0,0.22914935342341636,0.09172467958817446,-0.05202976800687545,-0.2006686971272798,-0.15407501451481925,0.04883370429160652,-0.13202970405704734,0.5173464210375487,0,0.0785257571460955,0.03810242446021166,-0.0006231853112566069,0.259913041761536,-0.4438633641189984,-0.7738368090564469,0.4554216511417067,0.24902284425213334,-0.4647207423719817,-0.08411379887912909,0.08536031877388772,0.01860422944872235,-0.048885368343613504,-0.004387394559476878,-0.25193562879604386,-0.11068431499186275,-0.2944039826315421,-0.6083291962177694,-0.02631021973817829,-1.022252491978995,0.13683557132317212,-0.40271072639769245,0.5410371188686366,0.05362804204115787,0.38367078360510926,0.059537278594661895,-0.2303144555741122,-0.008787599527815921,0.20610326062151962,-0.007301327850090051,-0.0584119324455317,-0.12126070002315568],"bias":0.24402486974378693,"scaler":{"mu":[148.12167300380227,1758.444866920152,532.1749049429658,1226.2699619771863,6.266159695817491,146.20532319391634,1744.9733840304182,545.722433460076,1199.2509505703422,4.467680608365019,2.3992395437262357,2.406844106463878,1,0,0,0,-87.48105106603016,-101.53263254843633,-0.20160332392004104,-0.3587045464905288,1450.2872946145928,0.1301624759127365,0,0,0,0,0,0,0,0,0,0,0,0,0,0,0,0,0,0,343.4372623574143,344.4134980988594,344.86945500633715,345.2211660329532,-1.4321926489226857,-0.807667934093789,7.686139132358401,0,0,-0.010500329358573255,-0.0134343749811497,-0.013592074378796663,-0.00020276944752408018,0.42384241887299584,0.4237854916917701,0.4228341041955079,0.42723436951265237,-0.008624535140759374,-0.011738800831257942,-0.011055809278042622,0.0005735069291164639,0.42394770707996804,0.4241084399059548,0.42300741941906134,0.4272427846314308,0.8388441831837061,0.8329998122561384,0.8354329303570086,0.8423244756708467,0.5825848138467951,0.5753847718297124,0.5771932854264935,0.5780994029669899,0.20768526093820946,0.21189065113823705,0.21167200090072372,0.2126743349126381,8.194208622988075,8.174338945242322,8.182633611540549,8.137087297180177,0,0,0,0,0.09505703422053231,0.7718631178707225,65.47528517110266,4.524714828897339,0,0,0,0.09125475285171103,-0.10266159695817491,-0.3961977186311786,0.4524714828897338,0.4068441064638782,-0.0076045627376425855,0,-0.09885931558935361,0,0.07503802281368818,0.1444866920152091,0.4220532319391635,1.167300380228137,0.019011406844106463,5.520532319391633,-0.07300380228136877,1.167300380228137,-1.0228136882129277,0.07604562737642585,0.034220532319391636,0.011406844106463879,-0.0076045627376425855,0.045627376425855515,-0.12167300380228137,-0.07604562737642585,-0.00979087452471482,0.18250950570342206,0.0018897338403041834,0.0038022813688212928,0.003372623574144491,0.08365019011406843,0.7414448669201521,0.33460076045627374,-0.0076045627376425855,0.41064638783269963,-0.008836501901140688,-0.019011406844106463,0.060836501901140684,0.05422053231939163,0,-1.719011406844106],"sd":[90.5446995142665,1057.956500989979,347.85609516635265,756.079259914344,4.836241832451073,87.1581516194374,1019.4805223314779,335.52264852263676,712.4388451835517,3.484607808433733,1.935342541387631,1.9396480420498992,1,1,1,1,1247.1149756913283,1228.0650264302224,6.2597819575582285,4.76095276784576,5.213385086456841,6.44720585855115,1,1,1,1,1,1,1,1,1,1,1,1,1,1,1,1,1,1,102.56089916215514,99.69642237006649,103.44454063689358,100.24246144791316,88.65184550484756,80.55684410633923,2.3407171381334533,1,1,0.08775597920576227,0.10328872928775244,0.09535030982385814,0.10160421863643002,0.03370146819634936,0.04149918067310817,0.037168275533115566,0.038968675464412586,0.09611405315653916,0.11240244378408021,0.10332871830570135,0.10649501150144318,0.03514271332067858,0.045470028065162774,0.039942393106031635,0.03863471674154378,0.061558267731315786,0.07063588797220888,0.06672585494492142,0.06050821935813695,0.07660121700277754,0.09653089964105557,0.08950175680575413,0.0846195137319883,0.08092258421704304,0.09166247392335843,0.08737385148946862,0.08755800361382458,1.2538863665992295,1.4472568984638192,1.314254502552137,1.260053611891295,1,1,1,1,0.29329370001029553,0.4196313204964673,1.4664685000514757,1.4664685000514759,1,1,1,1.9768718673621481,12.248105019393488,7.142369748108959,6.472861125818301,5.7584349375563715,0.46137829086289095,0.27576371656986687,1.0881834337698253,1,0.49922149895426615,13.847967209636819,13.589395901045096,10.301422764016793,0.307726502970317,42.72765505127227,13.54070589268628,12.359728358968509,8.127749752393425,3.088356083468739,0.35256806483128855,0.30810212288795197,0.2465333091626966,0.556511648363124,2.627802841044297,0.881752246685039,0.27249480755578154,1.8408540170983336,0.08376696360250806,4.425554979147234,0.19120547626957313,2.623496995614454,7.685455685323202,3.103141504672684,2.7727522605494737,6.425250269604269,0.20596308105790695,0.4312196116621458,0.5196760323428102,0.3711603284138936,0.38011405132566345,41.12106048915468]},