{"season":2014,"week":19,"generated_at":"2025-11-07T00:33:15.783Z","feature_hash":"d3f3a49a52f315d159fe574d4ff1f27e293c7d2c","logistic":{"weights":[-0.16325909512268297,-0.5297686789773133,-0.6016742842133012,-0.438288787866409,1.808527713822867,1.0991941970971815,0.1548047440502606,0.047222885580404654,0.12096241032023489,-1.3642398556276631,2.8643863886028513,-2.4163172777779796,0,0,0,0,1.1895468826110618,-0.991328253530402,-1.34094684657966,0.558610834991309,-3.4222316373797814,0.11225709807390934,0,0,0,0,0,0,0,0,0,0,0,0,0,0,0,0,0,0,-0.47388720853645355,-0.40176701081211347,-0.0057111728081231244,0.016441009799779353,-0.5294180532287296,-0.5305161717264284,0.2359360207762696,0,0,1.9897561303828522,1.2942961353842344,0.1474022164100239,-0.0792471599218735,0.28314406715871826,-0.136389077084158,-0.11578725976030992,-0.12327090859504886,-2.220638167208605,-1.1691750722819707,0.40153100763652905,0.351789745840301,-0.7385241807271636,0.08018526516617697,0.4428169259006511,-0.5946927147950561,-0.30653895224453803,0.028744143849232965,-0.4682967241140029,0.37512545473176756,-0.2594731506523208,0.6453439207305365,-0.14147212547656002,-0.26240832046765333,0.10865303154202015,0.008002567137837074,0.3060132865629923,-0.37395514191731166,0.4240442871075338,-0.9000421848387219,0.21868222772804616,0.18212010976737544,0,0,0,0,0.047851832076760754,0.253493973161977,0.04785183207676181,-0.047851832076760414,0,0,0],"bias":1.0363240103604288,"scaler":{"mu":[154.66023166023166,1820.1891891891892,559.1621621621622,1261.027027027027,6.725868725868726,153.09652509652508,1805.146718146718,548.1003861003861,1257.046332046332,5.444015444015444,2.586872586872587,2.3976833976833976,1,0,0,0,-44.57308737296287,-47.007721912466465,-0.3138528216478059,-0.06900442099310944,1449.9804049216204,-0.24159658844393184,0,0,0,0,0,0,0,0,0,0,0,0,0,0,0,0,0,0,342.095238095238,341.89909909909915,343.8661518661518,344.0761261261261,-1.7709137709137663,-2.1770270270270267,7.802327138641747,0,0,-0.00347165650278167,-0.01185062802516635,-0.00961039964757672,-0.012280507137642515,0.4326986378739961,0.431026308505851,0.4321821112879052,0.42976953363044773,-0.005798945389961511,-0.01720393024623312,-0.012310751201480232,-0.014382905071222762,0.43098650497182567,0.4295870478269505,0.4301582694080907,0.42860578948902156,0.8410589251038506,0.8404667090471577,0.8415682143128722,0.8369727987699019,0.5931548725091368,0.5961124819308821,0.594928841598287,0.5920244730794209,0.21359665675093384,0.2107135466552123,0.21100082240563103,0.21722054600948684,8.328796464036994,8.347447774585548,8.339735373675959,8.319777816613492,0,0,0,0,0.12355212355212356,0.7567567567567568,65.61776061776062,4.382239382239383,0,0,0],"sd":[91.6199574536429,1071.9532990780715,365.21028579985574,749.0821431489326,4.96300470996219,90.1765447093881,1064.998113770532,348.2940298589286,743.6090470413591,4.189496990631514,2.019973017514813,1.9590780768887135,1,1,1,1,1206.582512650922,1220.458713931553,6.181253445085048,5.404767354146639,4.57070186149737,6.119164539048696,1,1,1,1,1,1,1,1,1,1,1,1,1,1,1,1,1,1,102.8137513340592,99.64553903962198,101.74848542091063,97.50918923777492,77.87764487309367,65.09341310092725,2.457406219776353,1,1,0.07305179962354469,0.0961267461137502,0.08643528893006851,0.07839400815494176,0.03420286687808879,0.043754503607193296,0.03904982225375064,0.03937354927053703,0.06254377391395977,0.0993011183293891,0.08122800887341683,0.0713021207209508,0.028122683030409424,0.04318995289001302,0.03529483756074859,0.03308293406584477,0.07188058895477999,0.08165971671733949,0.0751619205378782,0.0751535146426779,0.08076285476641192,0.08721201203431463,0.08253758275730046,0.0787139882380623,0.0643555492330228,0.07144989435072088,0.06902785224773522,0.06479524682905013,1.0821316114195054,1.4556380468741374,1.2746844212501465,1.122901361920765,1,1,1,1,0.3290698957940162,0.42904075314560974,1.6453494789700782,1.6453494789700742,1,1,1]},"features":["off_1st_down_s2d","off_total_yds_s2d","off_rush_yds_s2d","off_pass_yds_s2d","off_turnovers_s2d","def_1st_down_s2d","def_total_yds_s2d","def_rush_yds_s2d","def_pass_yds_s2d","def_turnovers_s2d","wins_s2d","losses_s2d","home","sim_winrate_same_loc_s2d","sim_pointdiff_same_loc_s2d","sim_count_same_loc_s2d","off_total_yds_s2d_minus_opp","def_total_yds_s2d_minus_opp","off_turnovers_s2d_minus_opp","def_turnovers_s2d_minus_opp","elo_pre","elo_diff","rest_days","rest_diff","off_third_down_att_s2d","off_third_down_conv_s2d","off_third_down_pct_s2d","off_red_zone_att_s2d","off_red_zone_td_s2d","off_red_zone_td_pct_s2d","off_dropbacks_s2d","off_sacks_taken_s2d","off_sack_rate_s2d","off_pass_att_s2d","off_rush_att_s2d","off_neutral_pass_rate_s2d","off_third_down_pct_s2d_minus_opp","off_red_zone_td_pct_s2d_minus_opp","off_sack_rate_s2d_minus_opp","off_neutral_pass_rate_s2d_minus_opp","off_yds_for_3g","off_yds_for_5g","def_yds_against_3g","def_yds_against_5g","net_yds_3g","net_yds_5g","qb_ypa_3g","qb_sack_rate_3g","qb_qbr","off_epa_per_play_s2d","off_epa_per_play_w3","off_epa_per_play_w5","off_epa_per_play_exp","off_success_rate_s2d","off_success_rate_w3","off_success_rate_w5","off_success_rate_exp","def_epa_per_play_allowed_s2d","def_epa_per_play_allowed_w3","def_epa_per_play_allowed_w5","def_epa_per_play_allowed_exp","def_success_rate_allowed_s2d","def_success_rate_allowed_w3","def_success_rate_allowed_w5","def_success_rate_allowed_exp","rb_rush_share_s2d","rb_rush_share_w3","rb_rush_share_w5","rb_rush_share_exp","wr_target_share_s2d","wr_target_share_w3","wr_target_share_w5","wr_target_share_exp","te_target_share_s2d","te_target_share_w3","te_target_share_w5","te_target_share_exp","qb_aypa_s2d","qb_aypa_w3","qb_aypa_w5","qb_aypa_exp","qb_sack_rate_s2d","qb_sack_rate_w3","qb_sack_rate_w5","qb_sack_rate_exp","roof_dome","roof_outdoor","weather_temp_f","weather_wind_mph","weather_precip_pct","weather_impact_score","weather_extreme_flag"]},"decision_tree":{"params":{"depth":6,"minSamples":14},"alpha":2},"bt":{"coefficients":[0.30943388418775003,-0.19624375128426486,-0.07126964589462363,-0.004698601200088447,-0.15587355899965974,-0.0026404464760153195,-0.0030738808679980517,-0.0035176737407877543,-0.00474253857922714,0.000643576698263968],"intercept":0.21038628285269384,"scaler":{"mu":[-0.3133000559194752,-15.825578172078602,0.5103737740624066,0,0.002252157863099594,0,0,0,0,0],"sd":[52.82820629341026,463.2075618995857,16.288896211864756,1,0.08446720127066278,1,1,1,1,1]},"features":["diff_total_yards","diff_turnovers","diff_penalty_yards","diff_possession_seconds","diff_r_ratio","diff_elo_pre","diff_inj_out","diff_inj_skill_out","diff_inj_practice_dnp","diff_inj_out_trend"],"hyperparams":{"steps":1200,"learningRate":0.001,"l2":0.00001}},"ann":{"seeds":[1],"architecture":[92,128,64,32,1],"committee_size":1,"max_epochs":15,"dropout":0.5},"ensemble":{"weights":{"logistic":0.9,"tree":0,"bt":0,"ann":0.09999999999999998},"calibration":{"type":"platt","beta":0.0024147835897456284,"source":"platt"},"calibration_beta":0.0024147835897456284,"calibration_hash":"180bfd9e6e210db3f911e148f63330b18353910791724ebc39bcc576e3790930","oof_variance":{"ann":{"mean":0.5470304279235454,"var":0.03121268181714927}}},"pca":[{"component":1,"explained_variance":0.18834080897347866,"top_loadings":[{"feature":"def_total_yds_s2d","loading":0.2832307664391577},{"feature":"def_1st_down_s2d","loading":0.28263417073769403},{"feature":"def_pass_yds_s2d","loading":0.28141513966316295},{"feature":"off_total_yds_s2d","loading":0.28021287947733875},{"feature":"off_pass_yds_s2d","loading":0.27889938740959513},{"feature":"off_1st_down_s2d","loading":0.27774017736803475},{"feature":"def_rush_yds_s2d","loading":0.26522817008653715},{"feature":"off_rush_yds_s2d","loading":0.25042167023279277},{"feature":"def_turnovers_s2d","loading":0.2443004697974132},{"feature":"off_turnovers_s2d","loading":0.24325628417082873}]},{"component":2,"explained_variance":0.1370630969847809,"top_loadings":[{"feature":"off_epa_per_play_s2d",