{"season":2018,"week":17,"generated_at":"2025-11-07T00:40:36.583Z","feature_hash":"4ea47292f6dbb79b5b877d21a11aa5daaf290de3","logistic":{"weights":[-0.46299144515111124,-0.48129306641853187,-0.13792349760167996,-0.5243241409491438,1.7870174579085671,0.647811807397021,-0.014677970998462452,-0.3028845600528452,0.08355502858428769,-0.5710763402383386,3.114594895058746,-2.6939002972638963,0,0,0,0,1.0868094537044577,-0.8943112839838583,-1.2584210603203128,0.4725066749724909,-3.557373320423568,-0.048121445525612545,0,0,0,0,0,0,0,0,0,0,0,0,0,0,0,0,0,0,-0.3513456749618029,-0.09261839478894918,0.10210888753083333,0.14208696066370008,-0.4511272452087535,-0.1845960923012357,0.03692892046208859,0,0,2.0405143535645314,1.083510099703937,0.056512073479169145,-0.16174191863755422,0.4287009429553334,0.013768564724196873,0.06513440867857735,-0.06634871609654237,-1.9347518265228794,-1.4381022932803091,0.1656566037837575,0.9572079575402047,-0.08968747039590708,0.11677230903970151,-0.20167803893675904,0.3244905807763578,-0.516128624901902,0.6378499283602456,-0.6445244187346421,0.31473829305293266,-0.023993520846466925,0.3736825372652927,0.262284868354155,-0.3014690084179734,-0.13704153131924743,0.3958112892631704,0.05500507659323171,-0.3186019409152705,0.1933239017462614,-0.1871922602452866,0.13413980955980356,0.13092234754348306,0,0,0,0,0.0069966572046113035,0.2087159646824666,0.0069966572046131735,-0.006996657204611083,0,0,0,-0.11867909529040352,-0.03675001117181095,0.07638799076327245,-0.1301600745132003,0.058317990638240454,-0.017588471766743153,0.2216944861132926,0.38499785380413787,0,-0.36354872366525837,-0.010424681419062453,0.11405956863421467,0.5885886600620236,-0.15570847068266688,-0.45996106859857117,0.10629515841968566,-0.4009660280982121,0.3788797264345845,-0.2872485324097862,0.20288005263406736,0.04243106195140949,-0.06133842002941415,0.10883130491912418,-0.0018658518755391537,-0.14037373212043971,-0.29301405498854716,-0.18233248377138317,0.27913769847065506,-0.6206580173592382,0.06055270227118497,-0.5008379475677804,0.25744166524809414,0.11147501528261075,-0.08900497499254131,-0.16230162994181194,-0.25164785149039987,-0.21424836498162875,-0.19047498396578355,0.0028409408304113522,-0.16157613216544167,-0.35093253385103024],"bias":1.4463484114426801,"scaler":{"mu":[150.81512605042016,1779.9453781512605,547.5210084033613,1232.4243697478992,6.214285714285714,149.8361344537815,1772.2857142857142,537.59243697479,1234.6932773109243,4.911764705882353,2.453781512605042,2.277310924369748,1,0,0,0,121.63157228527157,92.5070620914931,0.35534655386951036,0.22277876413731285,1449.7768503676823,-0.45702147017969025,0,0,0,0,0,0,0,0,0,0,0,0,0,0,0,0,0,0,350.25770308123236,350.8437675070028,351.07282913165284,352.16400560224076,-0.8151260504201695,-1.3202380952380959,7.607247472771272,0,0,-0.005904887397972204,-0.0012203613717227243,-0.002037234401730341,-0.01630319607828913,0.43114012052357154,0.43173958024234477,0.4326660867904477,0.42920816661211086,-0.005050945297316141,-0.0012933309318478839,-0.000643161766186714,-0.0168761967139296,0.4303074597211611,0.4309583467181381,0.4314585511869634,0.42810027415454194,0.8274518049097844,0.8275208735068778,0.8280686717527251,0.827896445447207,0.5818308095539255,0.5834260631639862,0.5815943767556511,0.5799808354942354,0.19734309026388802,0.19736774588473444,0.1981684306714733,0.19704745651816194,8.069037684612018,8.062824392109048,8.057901250608419,8.101936174895377,0,0,0,0,0.09243697478991597,0.7605042016806722,65.46218487394958,4.53781512605042,0,0,0,-0.07983193277310924,-0.865546218487395,-0.6399159663865547,-0.5882352941176471,0.005882352941176466,-0.02100840336134454,0.058823529411764705,0.1092436974789916,0,-0.03244117647058824,-1.5924369747899159,-0.8991596638655462,-1.019327731092437,-0.012605042016806723,-5.879831932773108,0.6802521008403362,-1.6008403361344539,0.008403361344537815,-0.05042016806722689,0.008403361344537815,-0.03361344537815126,0.046218487394957986,0.025210084033613446,-0.07142857142857142,-0.07142857142857142,-0.0318781512605042,0.07563025210084033,-0.004340336134453781,-0.008403361344537815,0.02802941176470588,-0.12605042016806722,0.44537815126050423,-0.31932773109243695,-0.15966386554621848,-0.6050420168067226,-0.03687394957983192,-0.012605042016806723,-0.05042016806722689,-0.032205882352941174,-0.025210084033613446,3.469327731092436],"sd":[88.44187821175424,1019.3279963992674,330.3418867835096,726.079908960461,4.5981689032597695,86.33213685508495,1006.1070005315577,318.284711259891,714.1231992704886,3.8002360932979884,1.8482237630529688,1.8939282450620143,1,1,1,1,1184.3070529495885,1168.2275334894834,5.71236756676288,5.088360030136974,4.055543664947526,5.446495595546945,1,1,1,1,1,1,1,1,1,1,1,1,1,1,1,1,1,1,108.07455031469354,105.46752892020463,105.49846144938081,102.82799897825063,75.14229355700104,67.20948533045036,2.4738302129162837,1,1,0.09542012821517376,0.11022797553820626,0.10083280503329368,0.10623092041259795,0.0422398543385706,0.04779110816816638,0.043625054979987435,0.04680813022708049,0.07700719861327238,0.09817013390844438,0.08410788747736907,0.08996458663690096,0.03455099380931247,0.04128894075600355,0.035757595927942296,0.04191353379968958,0.07175156883627427,0.08533555684949364,0.07632037554471242,0.07521321663600124,0.08823517770013696,0.09341027014680134,0.08989218852964714,0.09597881842037786,0.06746009265849655,0.07539686609334247,0.07147509253621452,0.06960069641026338,1.1394609379899185,1.3456357991391927,1.2398682988163163,1.3587728748661536,1,1,1,1,0.2896418141111612,0.42677577357052043,1.448209070555807,1.4482090705558073,1,1,1,1.7910646489715072,11.68668305534548,7.75041630714859,6.4305099510342965,4.146939625201542,0.46243308842893344,0.3733589897734966,1.2655082744543305,1,0.4667644965925405,13.80741890254038,12.38799904351944,7.407732472787519,0.3488407264233255,38.158009786886446,13.854043669155429,11.432498244065384,9.989066121943539,1.8913724486269716,0.41999996637310133,0.3157696508916967,0.29342655902383763,0.6279509812527534,2.6216500948234653,0.7441246458728792,0.24732662602882177,1.7157680195469158,0.09059855659462716,3.890293454873388,0.2144662986405909,2.3641390205278072,7.3097120602127745,3.643649415168751,2.5959994862079205,6.4576428399730155,0.23788025921613787,0.21461500485919466,0.5477032180437083,0.3576282805151477,0.36581174554082085,38.83464115103377]},