{"season":2004,"week":20,"generated_at":"2025-11-07T00:14:37.160Z","feature_hash":"bb4369c8a05da7c670cabec36c91b7aa287d8ded","logistic":{"weights":[-0.48811987411262225,-0.2332818136716163,-0.5246055430967456,-0.0743169302837904,1.3223541715521194,0.7531156622449333,-0.0926723884499585,-0.21175752742281076,-0.00913910672922125,-0.4783450665988346,2.730189154123046,-2.6015026285158966,0,0,0,0,1.135067765727724,-1.0419597629100406,-0.8198601628027213,0.3383763227729956,-3.2303072513299873,0.2782934042178591,0,0,0,0,0,0,0,0,0,0,0,0,0,0,0,0,0,0,0.059927248308453626,0.3415993517086915,0.4063060570246773,0.29368327458471966,-0.4200554575843128,0.06313823634573049,-1.1928529021775551,0,0,0.9264500927985543,1.0385349214425033,0.646813040852801,0.020431282004757946,0.05537975183942668,0.42042790405713415,-0.4144082742776227,-0.33142838794424384,-1.1135539537124772,-0.17229952750372843,-0.6421046225043062,0.40334754723227617,-0.2687842775639847,-0.38404697096411294,0.1793925550958354,0.11143992518847955,-0.48725627024043094,0.19133302260612584,-0.12996152744573042,0.16673134400044587,0.0033647197648126142,-0.4952807270783269,-0.3032218149583435,0.191895097490964,0.19664517518569163,0.19290653008090952,-0.23390478121086808,-0.02366259804541427,0.2651857826050472,0.30192216837883035,-0.22793140767819467,0.3637723653385385,0,0,0,0,0.05957297944662788,-0.13997409634869273,0.05957297944662872,-0.059572979446628004,0,0,0],"bias":0.7567848073278841,"scaler":{"mu":[146.0568181818182,1772.1780303030303,609.5075757575758,1162.6704545454545,8.378787878787879,145.93560606060606,1780.939393939394,610.3030303030303,1170.6363636363637,6.450757575757576,2.5681818181818183,2.628787878787879,1,0,0,0,-105.1875239392098,-99.79978059672655,-0.5558844521354418,-0.13609488467516986,1450.1801439977023,-0.0242028158436197,0,0,0,0,0,0,0,0,0,0,0,0,0,0,0,0,0,0,321.2089646464646,320.00984848484825,324.45075757575756,322.6172348484848,-3.241792929292931,-2.6073863636363623,6.693320547863106,0,0,0.010301347238187321,0.009259102156142191,0.0115196700314876,0.010428303533945277,0.45421829134536673,0.45444937804079705,0.4557502338334761,0.45180316028989564,0.008414379757048611,0.009768622797554704,0.009447108798934603,0.008662477561273316,0.45267678291357244,0.45458520314084166,0.45403027942326896,0.45085120217120206,0.8478061250454517,0.853588482493293,0.8509550533562685,0.8526664558752113,0.011363636363636364,0.003787878787878788,0.007575757575757576,0.001704545454545455,0.026515151515151516,0.003787878787878788,0.011363636363636364,0.003977272727272729,7.094909591044817,7.073317440480794,7.113985125576277,7.1445450054251225,0,0,0,0,0.1893939393939394,0.7992424242424242,65.9469696969697,4.053030303030303,0,0,0],"sd":[101.02493968501481,1200.572957649199,422.0555667892078,810.5769043804202,6.199988151296475,97.9306709257423,1182.566663234497,422.67081788768854,786.5481045676087,5.36732533430393,2.221428634699607,2.1773813262387187,1,1,1,1,1296.72516754416,1212.3663452094306,6.497177572267662,5.994190651033744,4.865017160115405,6.445635663989086,1,1,1,1,1,1,1,1,1,1,1,1,1,1,1,1,1,1,100.04848466675156,96.35895162739816,99.14240798828544,94.34790011994168,67.24917182460439,57.213759510295276,2.1751846068565435,1,1,0.0928185774166268,0.10765728265184425,0.09842767374015418,0.09859825616057781,0.04111034516021785,0.04794191093369411,0.04519162050504157,0.0436956642110401,0.07283293656007063,0.09846973295715836,0.08468455899046583,0.0796146867837152,0.03273235280794822,0.04328468614273724,0.03808423712880492,0.036889396703356635,0.07371564825375579,0.0838545067216557,0.0778230938850528,0.07205116389296125,0.1059929437851001,0.06142907098570776,0.08670850865348173,0.01589894156776502,0.16066143985188255,0.061429070985707754,0.10599294378509999,0.02409921597778237,1.0068559787451803,1.3415724837446883,1.1724741954560327,1.1205449782673478,1,1,1,1,0.3918212285147192,0.40056706246709345,1.9591061425736025,1.9591061425736005,1,1,1]},"features":["off_1st_down_s2d","off_total_yds_s2d","off_rush_yds_s2d","off_pass_yds_s2d","off_turnovers_s2d","def_1st_down_s2d","def_total_yds_s2d","def_rush_yds_s2d","def_pass_yds_s2d","def_turnovers_s2d","wins_s2d","losses_s2d","home","sim_winrate_same_loc_s2d","sim_pointdiff_same_loc_s2d","sim_count_same_loc_s2d","off_total_yds_s2d_minus_opp","def_total_yds_s2d_minus_opp","off_turnovers_s2d_minus_opp","def_turnovers_s2d_minus_opp","elo_pre","elo_diff","rest_days","rest_diff","off_third_down_att_s2d","off_third_down_conv_s2d","off_third_down_pct_s2d","off_red_zone_att_s2d","off_red_zone_td_s2d","off_red_zone_td_pct_s2d","off_dropbacks_s2d","off_sacks_taken_s2d","off_sack_rate_s2d","off_pass_att_s2d","off_rush_att_s2d","off_neutral_pass_rate_s2d","off_third_down_pct_s2d_minus_opp","off_red_zone_td_pct_s2d_minus_opp","off_sack_rate_s2d_minus_opp","off_neutral_pass_rate_s2d_minus_opp","off_yds_for_3g","off_yds_for_5g","def_yds_against_3g","def_yds_against_5g","net_yds_3g","net_yds_5g","qb_ypa_3g","qb_sack_rate_3g","qb_qbr","off_epa_per_play_s2d","off_epa_per_play_w3","off_epa_per_play_w5","off_epa_per_play_exp","off_success_rate_s2d","off_success_rate_w3","off_success_rate_w5","off_success_rate_exp","def_epa_per_play_allowed_s2d","def_epa_per_play_allowed_w3","def_epa_per_play_allowed_w5","def_epa_per_play_allowed_exp","def_success_rate_allowed_s2d","def_success_rate_allowed_w3","def_success_rate_allowed_w5","def_success_rate_allowed_exp","rb_rush_share_s2d","rb_rush_share_w3","rb_rush_share_w5","rb_rush_share_exp","wr_target_share_s2d","wr_target_share_w3","wr_target_share_w5","wr_target_share_exp","te_target_share_s2d","te_target_share_w3","te_target_share_w5","te_target_share_exp","qb_aypa_s2d","qb_aypa_w3","qb_aypa_w5","qb_aypa_exp","qb_sack_rate_s2d","qb_sack_rate_w3","qb_sack_rate_w5","qb_sack_rate_exp","roof_dome","roof_outdoor","weather_temp_f","weather_wind_mph","weather_precip_pct","weather_impact_score","weather_extreme_flag"]},"decision_tree":{"params":{"depth":6,"minSamples":14},"alpha":2},"bt":{"coefficients":[0.04988512274301297,-0.18828698728826368,-0.027557230379349873,0.00003472261940225866,-0.13620342838831956,-0.0029111121326788987,-0.0043358592849774375,-0.0024269358106890487,0.0014054769324035967,0.003322200639907179],"intercept":0.19504475725995785,"scaler":{"mu":[-2.098562080122995,-0.14457839700327557,0.7090486044287418,0,-0.001578379867907779,0,0,0,0,0],"sd":[60.257398099425245,482.89656499251817,13.274103497705696,1,0.087467701609808,1,1,1,1,1]},"features":["diff_total_yards","diff_turnovers","diff_penalty_yards","diff_possession_seconds","diff_r_ratio","diff_elo_pre","diff_inj_out","diff_inj_skill_out","diff_inj_practice_dnp","diff_inj_out_trend"],"hyperparams":{"steps":1200,"learningRate":0.001,"l2":0.00001}},"ann":{"seeds":[1],"architecture":[92,128,64,32,1],"committee_size":1,"max_epochs":15,"dropout":0.5},"ensemble":{"weights":{"logistic":0.75,"tree":0.15,"bt":0,"ann":0.1},"calibration":{"type":"platt","beta":0.02756579276199123,"source":"platt"},"calibration_beta":0.02756579276199123,"calibration_hash":"64ce6c817c671ef19ef2de5a243dd0ef65ef8a1e7518412697b2c6b98f2b091f","oof_variance":{"ann":{"mean":0.4775324804281517,"var":0.029487251727548583}}},"pca":[{"component":1,"explained_variance":0.2486318501988119,"top_loadings":[{"feature":"off_epa_per_play_s2d","loading":0.207446220306507},{"feature":"off_epa_per_play_w5","loading":0.20318859999625025},{"feature":"off_epa_per_play_exp","loading":0.20241386560816876},{"feature":"off_success_rate_s2d","loading":0.19800655210352572},{"feature":"off_success_rate_exp","loading":0.19738469281365986},{"feature":"off_success_rate_w5","loading":0.19731430095226865},{"feature":"off_epa_per_play_w3","loading":0.19299661499402557},{"feature":"off_success_rate_w3","loading":0.18829844798641535},{"feature":"qb_aypa_exp","loading":0.18576601098195303},{"feature":"qb_aypa_w5","loading":0.18306809584304506}]},{"component":2,"explained_variance":0.17064281283040705,"top_loadings":[{"feature":"off_turnovers_s2d",