{"season":2005,"week":8,"generated_at":"2025-11-07T00:15:26.727Z","feature_hash":"2d5686f8297fb64c1ec833a49273008166816719","logistic":{"weights":[-0.41709072467673514,-0.2759623056570561,-0.5765531367307233,-0.07026866917044099,1.187782753416002,0.8563777384823323,0.009582957052292505,0.08027902720226125,-0.02916322957469958,-0.46972430678392735,3.0213485839732703,-2.7704529329276832,0,0,0,0,0.9094145966574088,-0.8213667304933108,-0.7098406514340485,0.402076740948899,-3.1619933641835103,-0.1512102587895922,0,0,0,0,0,0,0,0,0,0,0,0,0,0,0,0,0,0,0.22434447458915832,0.5348873892062107,0.4851646080323087,0.37599766764941006,-0.26851994991850364,0.25997802522513613,-1.2073309768167353,0,0,0.8309637723119564,0.7703375859630885,0.5063807381433508,-0.09668909423113216,-0.04154462225660821,0.24242803926707424,-0.5371515458050738,-0.3805243008328939,-1.1531064271774192,-0.18736608736259414,-0.617011935823457,0.33063276366750893,-0.46162562600250595,-0.5199945251394882,0.08845820787862407,0.024844115075094052,-0.33858373995222496,0.2951266776341044,0.05288997556260823,0.2694107648491708,0.0037687574451059427,-0.4948072907105215,-0.30131948509060297,0.1910364580011311,0.2585033115893881,0.19280982745649797,-0.26882931213397265,0.0396710437861895,0.28214883179736394,0.17930776867226045,-0.2843628044138081,0.27810731275848843,0,0,0,0,-0.016914144008956803,0.10663173487529293,-0.01691414400895568,0.016914144008956713,0,0,0],"bias":1.3841008217501107,"scaler":{"mu":[88.86274509803921,1039.4607843137255,357.0686274509804,682.3921568627451,5.078431372549019,85.6470588235294,1015.8235294117648,330.8529411764706,684.9705882352941,3.8137254901960786,1.6372549019607843,1.4313725490196079,1,0,0,0,-29.6606509788005,-43.56397239011346,-0.1636456566673234,-0.27245004831359765,1449.7423403763423,-0.5638992342179541,0,0,0,0,0,0,0,0,0,0,0,0,0,0,0,0,0,0,279.8741830065359,279.56323529411765,287.4297385620916,285.301797385621,-7.555555555555552,-5.738562091503263,5.812781332175559,0,0,-0.00041712183153991576,0.004686723108443159,0.0020957092703074,-0.011286523173703725,0.44095452556235387,0.44376689824104076,0.4420813441340215,0.44074779962583005,-0.011379812470602303,-0.006591023145373905,-0.009518639733447905,-0.012487996516866016,0.4406299157845342,0.4438867195879933,0.44133194069493414,0.442070679012039,0.8633243815254005,0.863928345952537,0.8636371451914805,0.8619634923475126,0,0,0,0,0,0,0,0,7.068489252163024,7.040820589522857,7.076795525451167,7.160513439571384,0,0,0,0,0.17647058823529413,0.803921568627451,65.88235294117646,4.117647058823529,0,0,0],"sd":[56.889648807881066,647.4665964821422,255.95611832101073,440.9419319927121,3.513799894170223,51.7174918372664,605.3749026675124,219.89326274616374,414.9821979617249,3.1114286238811752,1.319456332531078,1.150531027622008,1,1,1,1,730.8578930961573,629.4972936768371,4.579239257137696,4.289458779495722,2.075483196467689,2.9515204850720678,1,1,1,1,1,1,1,1,1,1,1,1,1,1,1,1,1,1,132.36381877555016,130.96361315362302,134.91532371504084,132.5159364960254,77.34288076816925,74.61513292151521,2.90751648639857,1,1,0.09213596678390903,0.10525479467260782,0.09432884066587874,0.10454828479495809,0.03900914522034079,0.04607664442712303,0.04022109641206234,0.041879661636730695,0.09333160553489986,0.10195902183283445,0.09503982143116428,0.10555406543712655,0.040907225101078595,0.04854047985969895,0.04257710328532827,0.04295056734425986,0.06571163384283273,0.06592162656895116,0.06547029016601198,0.07237128465253619,1,1,1,1,1,1,1,1,1.6851280874731567,1.7094330460145275,1.6911078797060923,2.0480478276044063,1,1,1,1,0.3812200410828151,0.3970285633591489,1.9061002054140772,1.9061002054140779,1,1,1]},"features":["off_1st_down_s2d","off_total_yds_s2d","off_rush_yds_s2d","off_pass_yds_s2d","off_turnovers_s2d","def_1st_down_s2d","def_total_yds_s2d","def_rush_yds_s2d","def_pass_yds_s2d","def_turnovers_s2d","wins_s2d","losses_s2d","home","sim_winrate_same_loc_s2d","sim_pointdiff_same_loc_s2d","sim_count_same_loc_s2d","off_total_yds_s2d_minus_opp","def_total_yds_s2d_minus_opp","off_turnovers_s2d_minus_opp","def_turnovers_s2d_minus_opp","elo_pre","elo_diff","rest_days","rest_diff","off_third_down_att_s2d","off_third_down_conv_s2d","off_third_down_pct_s2d","off_red_zone_att_s2d","off_red_zone_td_s2d","off_red_zone_td_pct_s2d","off_dropbacks_s2d","off_sacks_taken_s2d","off_sack_rate_s2d","off_pass_att_s2d","off_rush_att_s2d","off_neutral_pass_rate_s2d","off_third_down_pct_s2d_minus_opp","off_red_zone_td_pct_s2d_minus_opp","off_sack_rate_s2d_minus_opp","off_neutral_pass_rate_s2d_minus_opp","off_yds_for_3g","off_yds_for_5g","def_yds_against_3g","def_yds_against_5g","net_yds_3g","net_yds_5g","qb_ypa_3g","qb_sack_rate_3g","qb_qbr","off_epa_per_play_s2d","off_epa_per_play_w3","off_epa_per_play_w5","off_epa_per_play_exp","off_success_rate_s2d","off_success_rate_w3","off_success_rate_w5","off_success_rate_exp","def_epa_per_play_allowed_s2d","def_epa_per_play_allowed_w3","def_epa_per_play_allowed_w5","def_epa_per_play_allowed_exp","def_success_rate_allowed_s2d","def_success_rate_allowed_w3","def_success_rate_allowed_w5","def_success_rate_allowed_exp","rb_rush_share_s2d","rb_rush_share_w3","rb_rush_share_w5","rb_rush_share_exp","wr_target_share_s2d","wr_target_share_w3","wr_target_share_w5","wr_target_share_exp","te_target_share_s2d","te_target_share_w3","te_target_share_w5","te_target_share_exp","qb_aypa_s2d","qb_aypa_w3","qb_aypa_w5","qb_aypa_exp","qb_sack_rate_s2d","qb_sack_rate_w3","qb_sack_rate_w5","qb_sack_rate_exp","roof_dome","roof_outdoor","weather_temp_f","weather_wind_mph","weather_precip_pct","weather_impact_score","weather_extreme_flag"]},"decision_tree":{"params":{"depth":6,"minSamples":8},"alpha":4},"bt":{"coefficients":[0.09277958660107796,-0.06955801534175886,-0.07539095369492897,-0.000295897959025321,-0.04094493000248615,0.004887351672068297,0.004166571551235901,0.0034864899063832672,-0.0006944962053573278,0.0006700925880336566],"intercept":0.15256887632132876,"scaler":{"mu":[-2.768594400264406,-29.737289343842125,1.6611326109391122,0,-0.0008208963645296088,0,0,0,0,0],"sd":[56.60190588598876,501.61718168572384,15.862500855597371,1,0.11627116983691185,1,1,1,1,1]},"features":["diff_total_yards","diff_turnovers","diff_penalty_yards","diff_possession_seconds","diff_r_ratio","diff_elo_pre","diff_inj_out","diff_inj_skill_out","diff_inj_practice_dnp","diff_inj_out_trend"],"hyperparams":{"steps":1200,"learningRate":0.001,"l2":0.00001}},"ann":{"seeds":[1],"architecture":[92,128,64,32,1],"committee_size":1,"max_epochs":15,"dropout":0.5},"ensemble":{"weights":{"logistic":0.9,"tree":0,"bt":0,"ann":0.09999999999999998},"calibration":{"type":"platt","beta":0.41368653324515026,"source":"platt"},"calibration_beta":0.41368653324515026,"calibration_hash":"e87f0114ff948389b53b581e1dfc05fd691e92f391aa779beeb8f76c8d5cd2ec","oof_variance":{"ann":{"mean":0.5126564879861034,"var":0.015806187013542704}}},"pca":[{"component":1,"explained_variance":0.24274573907455074,"top_loadings":[{"feature":"off_total_yds_s2d","loading":0.2503397571468175},{"feature":"off_1st_down_s2d","loading":0.24926451160733185},{"feature":"def_total_yds_s2d","loading":0.24775091265121008},{"feature":"def_1st_down_s2d","loading":0.24649099645814032},{"feature":"off_pass_yds_s2d","loading":0.24326350922811374},{"feature":"def_pass_yds_s2d","loading":0.2419733169372755},{"feature":"def_rush_yds_s2d","loading":0.22541648207982057},{"feature":"off_rush_yds_s2d","loading":0.21418338870450215},{"feature":"wins_s2d","loading":0.1784787161902014},{"feature":"off_success_rate_w3","loading":0.17436292737751835}]},{"component":2,"explained_variance":0.16067084555334007,"top_loadings":[{"feature":"qb_aypa_s2d","loading":0.26889428483012767},{"feature":"qb_aypa_w5","loading":0.2687053343510153},{"feature":"off_epa_per_play_s2d","loading":0.2662423238642615},{"feature":"qb_aypa_w3","loading":0.264208748472152},{"feature":"off_epa_per_play_w5","loading":0.2621927123126188},{"feature":"off_epa_per_play_exp",