{"season":1999,"week":10,"generated_at":"2025-11-07T00:04:42.678Z","feature_hash":"0c2427fe4f782ca536183d7e70b8644a8622a266","logistic":{"weights":[0.09312738574676174,0.21714551227772083,0.015332182659319077,0.2719154670499521,-0.31995274069207963,-0.23647157279345044,-0.12705005053781962,0.14136351435697406,-0.24948328556770638,0.0838907610651406,2.1841430655199154,-1.9764412010750743,0,0,0,0,0.6448917656288267,-0.5449752347810007,-0.8827278340079836,0.3996623548468349,-1.1136638471784972,-0.6404568329198332,0,0,0,0,0,0,0,0,0,0,0,0,0,0,0,0,0,0,-0.00691208458738681,0.0475350759894262,0.08054622061116845,0.1324444798048553,-0.24210771450846297,-0.22581240334980895,-0.5626097388490006,0,0,0,0,0,0,0,0,0,0,0,0,0,0,0,0,0,0,-0.03671342039831916,-0.03629279910605104,-0.03730741687791279,-0.13007879329234073,0.008684318502382085,-0.013191445777306432,0.060478868658956464,-0.0910398677162388,0.016934200811598125,0.07376402867721026,-0.062181321899108154,0.009326762676713913,0.07914444430431779,0.04744791524929771,0.004799012595437571,-0.21996760283850564,0,0,0,0,0.10607855688085734,-0.10607855688085736,0.10607855688085732,-0.10607855688085732,0,0,0],"bias":0.23313993159618163,"scaler":{"mu":[98.7109375,1177.46875,362.6015625,814.8671875,6.75,99.4765625,1182.96875,380.2578125,802.7109375,4.6953125,1.71875,1.9296875,1,0,0,0,-36.5781815271749,-41.479593406589714,-0.05157033494388684,0.01649918699473256,1449.8751718740612,-0.09465949888212499,0,0,0,0,0,0,0,0,0,0,0,0,0,0,0,0,0,0,282.2864583333332,283.14817708333334,282.38671875000006,285.06263020833336,-0.1002604166666694,-1.9144531249999996,2.700196688230194,0,0,0,0,0,0,0,0,0,0,0,0,0,0,0,0,0,0,0.8010857057358738,0.80470275575618,0.8022704118898689,0.7711700016912663,0.6010052750692831,0.5992497641443808,0.6009467307516019,0.5853922455151573,0.15697625702800627,0.15928843398860848,0.1573932805597867,0.14525575232966456,3.3238245025693613,3.230058145402913,3.293142650547817,3.3149563896824006,0,0,0,0,0.2578125,0.7421875,66.2890625,3.7109375,0,0,0],"sd":[63.21863752384334,732.304762136938,232.75403929912494,523.3153532272294,5.040461288413988,63.97240186739587,754.4266131628957,269.0379052665532,510.60329134306517,3.7029519342470203,1.3971930566317599,1.7463515259946234,1,1,1,1,876.5008344930665,933.436925326202,6.542754157766605,4.3380936934597525,2.65817396888102,3.7646036683433137,1,1,1,1,1,1,1,1,1,1,1,1,1,1,1,1,1,1,125.02045481511742,124.78012495726462,124.43595647096743,124.34351104990327,70.7240711831824,65.65820946660554,2.171371707849178,1,1,1,1,1,1,1,1,1,1,1,1,1,1,1,1,1,1,0.13084894043965692,0.13697902038593732,0.1322321501312742,0.17874802756270283,0.09855357904070138,0.1030407630051503,0.09931888899014367,0.13059394452133283,0.07108750618051597,0.0735666121918055,0.07147422760401753,0.07906847223722203,2.132660540454889,2.267785294025321,2.1591981642436724,2.2769565018530202,1,1,1,1,0.43743023997404434,0.43743023997404434,2.1871511998702218,2.1871511998702218,1,1,1]},"features":["off_1st_down_s2d","off_total_yds_s2d","off_rush_yds_s2d","off_pass_yds_s2d","off_turnovers_s2d","def_1st_down_s2d","def_total_yds_s2d","def_rush_yds_s2d","def_pass_yds_s2d","def_turnovers_s2d","wins_s2d","losses_s2d","home","sim_winrate_same_loc_s2d","sim_pointdiff_same_loc_s2d","sim_count_same_loc_s2d","off_total_yds_s2d_minus_opp","def_total_yds_s2d_minus_opp","off_turnovers_s2d_minus_opp","def_turnovers_s2d_minus_opp","elo_pre","elo_diff","rest_days","rest_diff","off_third_down_att_s2d","off_third_down_conv_s2d","off_third_down_pct_s2d","off_red_zone_att_s2d","off_red_zone_td_s2d","off_red_zone_td_pct_s2d","off_dropbacks_s2d","off_sacks_taken_s2d","off_sack_rate_s2d","off_pass_att_s2d","off_rush_att_s2d","off_neutral_pass_rate_s2d","off_third_down_pct_s2d_minus_opp","off_red_zone_td_pct_s2d_minus_opp","off_sack_rate_s2d_minus_opp","off_neutral_pass_rate_s2d_minus_opp","off_yds_for_3g","off_yds_for_5g","def_yds_against_3g","def_yds_against_5g","net_yds_3g","net_yds_5g","qb_ypa_3g","qb_sack_rate_3g","qb_qbr","off_epa_per_play_s2d","off_epa_per_play_w3","off_epa_per_play_w5","off_epa_per_play_exp","off_success_rate_s2d","off_success_rate_w3","off_success_rate_w5","off_success_rate_exp","def_epa_per_play_allowed_s2d","def_epa_per_play_allowed_w3","def_epa_per_play_allowed_w5","def_epa_per_play_allowed_exp","def_success_rate_allowed_s2d","def_success_rate_allowed_w3","def_success_rate_allowed_w5","def_success_rate_allowed_exp","rb_rush_share_s2d","rb_rush_share_w3","rb_rush_share_w5","rb_rush_share_exp","wr_target_share_s2d","wr_target_share_w3","wr_target_share_w5","wr_target_share_exp","te_target_share_s2d","te_target_share_w3","te_target_share_w5","te_target_share_exp","qb_aypa_s2d","qb_aypa_w3","qb_aypa_w5","qb_aypa_exp","qb_sack_rate_s2d","qb_sack_rate_w3","qb_sack_rate_w5","qb_sack_rate_exp","roof_dome","roof_outdoor","weather_temp_f","weather_wind_mph","weather_precip_pct","weather_impact_score","weather_extreme_flag"]},"decision_tree":{"params":{"depth":6,"minSamples":8},"alpha":2},"bt":{"coefficients":[0.07103978192626713,-0.06904854125371677,0.0029793907167013902,-0.00302966787307694,0.032240796427359955,0.004201436134120865,-0.004997952298667336,-0.004479385622911028,0.004745356065135768,0.0000013618945035858314],"intercept":0.03240126438083406,"scaler":{"mu":[-0.4931361607142819,44.95400855654762,-0.4055710565476193,0,-0.002019667798979108,0,0,0,0,0],"sd":[59.139561504456,579.4824961448904,14.755280183548352,1,0.1388490346146804,1,1,1,1,1]},"features":["diff_total_yards","diff_turnovers","diff_penalty_yards","diff_possession_seconds","diff_r_ratio","diff_elo_pre","diff_inj_out","diff_inj_skill_out","diff_inj_practice_dnp","diff_inj_out_trend"],"hyperparams":{"steps":1200,"learningRate":0.001,"l2":0.00001}},"ann":{"seeds":[1],"architecture":[92,128,64,32,1],"committee_size":1,"max_epochs":15,"dropout":0.5},"ensemble":{"weights":{"logistic":0.9,"tree":0,"bt":0,"ann":0.09999999999999998},"calibration":{"type":"platt","beta":-0.025546744451164123,"source":"platt"},"calibration_beta":-0.025546744451164123,"calibration_hash":"4f7f0a4157cdafaa611189455b44ccfbe95e0190b1ac4d6db0e511736b702d85","oof_variance":{"ann":{"mean":0.504278333714598,"var":0.00951332094510569}}},"pca":[{"component":1,"explained_variance":0.26489158208861413,"top_loadings":[{"feature":"def_total_yds_s2d","loading":0.2763388571753321},{"feature":"def_pass_yds_s2d","loading":0.27254494829084136},{"feature":"def_1st_down_s2d","loading":0.2722102818261756},{"feature":"off_total_yds_s2d","loading":0.2715484927507585},{"feature":"off_1st_down_s2d","loading":0.2701257596094488},{"feature":"off_pass_yds_s2d","loading":0.2694142933491597},{"feature":"def_rush_yds_s2d","loading":0.25764042579497076},{"feature":"off_rush_yds_s2d","loading":0.24862132781136997},{"feature":"off_turnovers_s2d","loading":0.24592036023843897},{"feature":"losses_s2d","loading":0.2180769506585241}]},{"component":2,"explained_variance":0.12097685639669119,"top_loadings":[{"feature":"te_target_share_s2d","loading":0.3656444870374634},{"feature":"te_target_share_w5","loading":0.36262251736362033},{"feature":"te_target_share_exp","loading":0.36034118105233925},{"feature":"te_target_share_w3","loading":0.3488871283149086},{"feature":"wr_target_share_s2d","loading":-0.2758392690453852},{"feature":"wr_target_share_w5","loading":-0.27551934990325055},{"feature":"wr_target_share_w3","loading":-0.27334953523048755},{"feature":"roof_dome","loading":-0.1941123914790442},{"feature":"roof_outdoor","loading":0.1941123914790442},{"feature":"weather_temp_f","loading":-0.1941123914790442}]},{"component":3,"explained_variance":0.11020897550956094,"top_loadings":[{"feature":"qb_aypa_s2d","loading":0.3300570490324829},{"feature":"qb_aypa_w5","loading":0.32109430761409613},{"feature":"qb_aypa_w3","loading":0.2989187670177343},{"feature":"elo_pre","loading":0.2831358052052919},{"feature":"qb_aypa_exp","loading":0.27955210030881117},{"feature":"elo_diff","loading":0.24885321886172812},{"feature":"net_yds_5g",