{"season":2016,"week":12,"generated_at":"2025-11-07T00:36:13.292Z","feature_hash":"b683ba1770abd02063152d8d2d986e0683644ac9","logistic":{"weights":[-0.3729524116358024,-0.6389681417641521,-0.23924216563143208,-0.7170513226712241,1.624360073031618,0.986580617513654,0.16010149376016797,0.06706191818709503,0.12070276271164557,-1.5809524739626604,3.0923726540877006,-2.5937895486532887,0,0,0,0,0.8652621913453155,-0.6111311991079623,-1.74093459226781,0.7814738889263698,-3.3936274415152052,-0.16301720965289004,0,0,0,0,0,0,0,0,0,0,0,0,0,0,0,0,0,0,-0.35455029144691436,-0.03722269488160315,-0.004956376531785582,0.04279994130051175,-0.2810941031627945,0.126937802870541,0.31152758093716165,0,0,1.6975246399719726,0.7007361423149936,0.09301955407149914,-0.4351404102081908,0.0843789745092322,-0.13169917834140493,0.07055243690524496,-0.007438565948700128,-2.4316212261082097,-0.9796880986917881,0.43769207416923817,0.1463237433512999,-0.45056682519858315,0.419100049677501,0.24277411282581823,-0.022661994312319637,0.01870366679623449,0.679650488504501,-0.013250554131207836,0.4737469519659002,-0.11012417310112885,0.6223335632552149,0.17733741186365998,-0.18325211244721087,0.28295888284473,0.34131403808049016,0.3544118296601882,-0.22326309008586373,-0.0648326336098725,-0.5153585751802747,-0.16354779854593288,-0.11944702567832478,0,0,0,0,-0.03492678830757499,0.1846410457296269,-0.03492678830757408,0.0349267883075753,0,0,0],"bias":0.803332950792279,"scaler":{"mu":[120.64779874213836,1425.0125786163521,414.24528301886795,1010.7672955974842,4.9748427672955975,122.9622641509434,1435.5911949685535,413.062893081761,1022.5283018867924,3.5660377358490565,1.9182389937106918,1.9433962264150944,1,0,0,0,-91.62024076972062,-90.27870562359877,-0.1976768737751281,-0.25335154609680405,1449.8431285482145,-0.2427695405875531,0,0,0,0,0,0,0,0,0,0,0,0,0,0,0,0,0,0,327.56394129979026,327.95765199161445,336.3962264150946,336.40303983228506,-8.832285115303984,-8.445387840670852,7.4184288490234165,0,0,-0.0044445499892606195,-0.0013005256896296774,-0.002163985011794421,0.0004896953201231151,0.4288504546006464,0.42791322726012493,0.4284840192910682,0.43091510679320805,-0.003994001580028858,-0.0004551394602843551,-0.0017475008950189224,0.00021932134340772242,0.42849036790017353,0.4282628026648549,0.428896964284287,0.4306700062430247,0.8456880787614086,0.8426975997267697,0.8446964906485507,0.84019705568635,0.6027489162295001,0.5994527760406119,0.6024589267644633,0.6031958657148718,0.20611638954568653,0.2100067593482139,0.20790644744002054,0.2003447073696848,8.204668014230627,8.218147729866152,8.252314063956863,8.000958793624084,0,0,0,0,0.11949685534591195,0.7672955974842768,65.59748427672956,4.40251572327044,0,0,0],"sd":[76.081811177244,909.1862211601313,297.242499246412,636.3577293355829,4.15418207940658,81.01190896168141,948.973978964998,296.8898253081508,675.6026316302133,2.8139998209464587,1.5129152726201462,1.8808712119548758,1,1,1,1,1107.4951577016182,1165.858519117687,5.540357967512401,3.611675086804884,3.062196293438477,4.095784711995935,1,1,1,1,1,1,1,1,1,1,1,1,1,1,1,1,1,1,119.92275466113331,118.09476791730204,121.99393776859142,120.39167699837013,62.031372376638515,52.55283554482441,2.791139121277364,1,1,0.0763685311056598,0.08867146573497087,0.07914486045634128,0.09301026013376176,0.034151883098617775,0.03818875974458672,0.03441566988715069,0.04083054267682695,0.0943868438073876,0.10160051880338035,0.09645413245416737,0.10370258119819874,0.04050748686114071,0.04400410056849205,0.0408985439465365,0.04397626707974126,0.0737432505062563,0.09385329318691435,0.07940625495544217,0.07945423253844365,0.07390246662897502,0.0864782141954756,0.0785118963098116,0.07304598514383123,0.07467813839107658,0.08300074321991972,0.0782781520961338,0.0790008170596202,1.1231335847885273,1.3470494412225928,1.2014343928171287,1.2523519511733747,1,1,1,1,0.3243722505214496,0.4225553970375048,1.6218612526072467,1.6218612526072467,1,1,1]},"features":["off_1st_down_s2d","off_total_yds_s2d","off_rush_yds_s2d","off_pass_yds_s2d","off_turnovers_s2d","def_1st_down_s2d","def_total_yds_s2d","def_rush_yds_s2d","def_pass_yds_s2d","def_turnovers_s2d","wins_s2d","losses_s2d","home","sim_winrate_same_loc_s2d","sim_pointdiff_same_loc_s2d","sim_count_same_loc_s2d","off_total_yds_s2d_minus_opp","def_total_yds_s2d_minus_opp","off_turnovers_s2d_minus_opp","def_turnovers_s2d_minus_opp","elo_pre","elo_diff","rest_days","rest_diff","off_third_down_att_s2d","off_third_down_conv_s2d","off_third_down_pct_s2d","off_red_zone_att_s2d","off_red_zone_td_s2d","off_red_zone_td_pct_s2d","off_dropbacks_s2d","off_sacks_taken_s2d","off_sack_rate_s2d","off_pass_att_s2d","off_rush_att_s2d","off_neutral_pass_rate_s2d","off_third_down_pct_s2d_minus_opp","off_red_zone_td_pct_s2d_minus_opp","off_sack_rate_s2d_minus_opp","off_neutral_pass_rate_s2d_minus_opp","off_yds_for_3g","off_yds_for_5g","def_yds_against_3g","def_yds_against_5g","net_yds_3g","net_yds_5g","qb_ypa_3g","qb_sack_rate_3g","qb_qbr","off_epa_per_play_s2d","off_epa_per_play_w3","off_epa_per_play_w5","off_epa_per_play_exp","off_success_rate_s2d","off_success_rate_w3","off_success_rate_w5","off_success_rate_exp","def_epa_per_play_allowed_s2d","def_epa_per_play_allowed_w3","def_epa_per_play_allowed_w5","def_epa_per_play_allowed_exp","def_success_rate_allowed_s2d","def_success_rate_allowed_w3","def_success_rate_allowed_w5","def_success_rate_allowed_exp","rb_rush_share_s2d","rb_rush_share_w3","rb_rush_share_w5","rb_rush_share_exp","wr_target_share_s2d","wr_target_share_w3","wr_target_share_w5","wr_target_share_exp","te_target_share_s2d","te_target_share_w3","te_target_share_w5","te_target_share_exp","qb_aypa_s2d","qb_aypa_w3","qb_aypa_w5","qb_aypa_exp","qb_sack_rate_s2d","qb_sack_rate_w3","qb_sack_rate_w5","qb_sack_rate_exp","roof_dome","roof_outdoor","weather_temp_f","weather_wind_mph","weather_precip_pct","weather_impact_score","weather_extreme_flag"]},"decision_tree":{"params":{"depth":6,"minSamples":8},"alpha":2},"bt":{"coefficients":[0.03298139416992378,-0.14723035928809391,0.193955770938933,-0.0013822729360069767,0.05322863382000826,-0.0034624673467404427,-0.002505858254166097,-0.004106569608144475,-0.004310945256833062,0.002035790341344135],"intercept":0.1615768669166675,"scaler":{"mu":[-2.8661977038415487,48.464809255380395,-0.8366081647267746,0,0.003710474363678918,0,0,0,0,0],"sd":[48.14822172380859,527.6072748175792,16.414434173758526,1,0.07603302480223408,1,1,1,1,1]},"features":["diff_total_yards","diff_turnovers","diff_penalty_yards","diff_possession_seconds","diff_r_ratio","diff_elo_pre","diff_inj_out","diff_inj_skill_out","diff_inj_practice_dnp","diff_inj_out_trend"],"hyperparams":{"steps":1200,"learningRate":0.001,"l2":0.00001}},"ann":{"seeds":[1],"architecture":[92,128,64,32,1],"committee_size":1,"max_epochs":15,"dropout":0.5},"ensemble":{"weights":{"logistic":0.75,"tree":0.15,"bt":0,"ann":0.1},"calibration":{"type":"platt","beta":0.08822813171208375,"source":"platt"},"calibration_beta":0.08822813171208375,"calibration_hash":"6ba1b620579d897153961a26e5d115e187f0e103abb944f5c24c522c1b020132","oof_variance":{"ann":{"mean":0.534439325534142,"var":0.03859065601772863}}},"pca":[{"component":1,"explained_variance":0.20621211013485122,"top_loadings":[{"feature":"def_total_yds_s2d","loading":0.2648005121805163},{"feature":"def_1st_down_s2d","loading":0.2640732604556436},{"feature":"def_pass_yds_s2d","loading":0.2624145779128293},{"feature":"off_total_yds_s2d","loading":0.2584361344345529},{"feature":"off_1st_down_s2d","loading":0.257352837353786},{"feature":"off_pass_yds_s2d","loading":0.2565599832514526},{"feature":"def_rush_yds_s2d","loading":0.24925346021227657},{"feature":"off_rush_yds_s2d","loading":0.24122608401994455},{"feature":"losses_s2d","loading":0.2355514161497958},{"feature":"off_turnovers_s2d","loading":0.2185317796665757}]},{"component":2,"explained_variance":0.1593319847599914,"top_loadings":[{"feature":"off_epa_per_play_s2d",