{"season":2017,"week":15,"generated_at":"2025-11-07T00:38:18.574Z","feature_hash":"1c13fcb11cc2a537b87f3669b50fd877e9888225","logistic":{"weights":[-0.170118902317517,-0.3578546059589182,-0.1300779937463049,-0.37417289724133523,1.9274291479744736,0.771981110983987,0.07227146346442757,-0.34767252919505204,0.21522894924112607,-1.1928106535692005,3.189875778116582,-2.458125491186477,0,0,0,0,1.3268881020797627,-1.0084448245727997,-1.4730650085147585,0.7929171789250059,-3.168424960599141,0.11720514461427962,0,0,0,0,0,0,0,0,0,0,0,0,0,0,0,0,0,0,-0.46855829881322725,-0.26132703725005535,-0.10493634836075806,-0.005760237698376472,-0.29023104675988,-0.22847597151614815,0.11668371570623165,0,0,1.8271646684417615,1.1846433115031463,0.0371140159914404,-0.19770914000573594,0.08632083659987909,0.16630824222574345,-0.010777944276868161,-0.15161022384459577,-2.118594311968025,-1.4294205637067534,0.18653122668124072,0.9078942626524934,-0.16084619517064686,0.1073650540397004,-0.2832542561810595,0.41232641865994196,-0.2503573257577144,0.2525339170843536,-0.5390761969150382,0.47927053535962383,0.024979606981628405,0.3782290523965579,0.2710099363272249,-0.19700626250410033,0.027936361892140202,0.1065762072030693,0.025450836538096138,-0.054372642182182435,-0.052880671203078856,-0.4859985462333428,0.044170277540664216,0.15953601844039733,0,0,0,0,-0.1227392859346846,-0.12218393024586346,-0.12273928593468346,0.12273928593468503,0,0,0],"bias":0.6136083409440954,"scaler":{"mu":[128.96153846153845,1518.1778846153845,462.22596153846155,1055.951923076923,5.706730769230769,128.6153846153846,1518.9134615384614,464.46153846153845,1054.451923076923,4.490384615384615,2.1490384615384617,2.168269230769231,1,0,0,0,53.58998979994067,32.18592360417054,0.20650275729194498,0.2790928780031807,1449.8868899930674,-0.213298768891093,0,0,0,0,0,0,0,0,0,0,0,0,0,0,0,0,0,0,319.76762820512835,319.66810897435903,325.46394230769226,325.46394230769226,-5.696314102564103,-5.7958333333333325,7.760364386555041,0,0,-0.025408383775318358,-0.02635282327227093,-0.02683165102422206,-0.03304802910681501,0.41568276287499156,0.41649310049639154,0.4155336347424509,0.4122554049020638,-0.024735668094466465,-0.026838395713198723,-0.027150392352281966,-0.036638635522606065,0.41602105418825325,0.4148901070606661,0.41524989520400307,0.41246162938489184,0.836775952235918,0.8375707353235341,0.8382066644897024,0.835930843414222,0.5769124218569214,0.5756816993352911,0.575532366284404,0.576578637336459,0.21158988442678248,0.21366656056428207,0.21272230322676472,0.20858202017846333,8.316007044969512,8.403811232411028,8.373679377802183,8.311351381325977,0,0,0,0,0.08653846153846154,0.7740384615384616,65.4326923076923,4.5673076923076925,0,0,0],"sd":[78.6861368736239,913.3184433339707,296.82689188999615,647.5836206742202,4.611394007970426,83.20726064984999,970.9205100016501,325.43464790825755,669.4300012210115,3.359816822810469,1.710234756282784,1.9698576882937975,1,1,1,1,1027.8542540091637,1152.0944826857938,5.533167818815239,4.241806068579809,3.6497240069149597,4.985730276531464,1,1,1,1,1,1,1,1,1,1,1,1,1,1,1,1,1,1,105.54199608264783,103.55716553532329,105.85084353456787,103.27782236765657,67.45604023029301,59.08307105697453,2.683746945345193,1,1,0.08903086726241566,0.10616115734648875,0.09490225899410867,0.10048185319516817,0.034513939453626324,0.04198295952722792,0.03715323476446363,0.03732224832688916,0.07420380696488327,0.09687297843209602,0.08324929346382227,0.09392089765909807,0.02914109012490491,0.038349653161780156,0.0328424061945548,0.03389807556309717,0.1259305028148511,0.11738748823390147,0.11858338296817193,0.1300441156458115,0.08603722101376977,0.09594016882350458,0.09000895250104735,0.0940886021040958,0.06290534415342508,0.0701966980996598,0.06632842373387546,0.06656276198367224,1.3441236846888578,1.4780562799409769,1.4022628896287157,1.5310153713792185,1,1,1,1,0.28115752917718145,0.4182139662871543,1.4057876458859104,1.4057876458859104,1,1,1]},"features":["off_1st_down_s2d","off_total_yds_s2d","off_rush_yds_s2d","off_pass_yds_s2d","off_turnovers_s2d","def_1st_down_s2d","def_total_yds_s2d","def_rush_yds_s2d","def_pass_yds_s2d","def_turnovers_s2d","wins_s2d","losses_s2d","home","sim_winrate_same_loc_s2d","sim_pointdiff_same_loc_s2d","sim_count_same_loc_s2d","off_total_yds_s2d_minus_opp","def_total_yds_s2d_minus_opp","off_turnovers_s2d_minus_opp","def_turnovers_s2d_minus_opp","elo_pre","elo_diff","rest_days","rest_diff","off_third_down_att_s2d","off_third_down_conv_s2d","off_third_down_pct_s2d","off_red_zone_att_s2d","off_red_zone_td_s2d","off_red_zone_td_pct_s2d","off_dropbacks_s2d","off_sacks_taken_s2d","off_sack_rate_s2d","off_pass_att_s2d","off_rush_att_s2d","off_neutral_pass_rate_s2d","off_third_down_pct_s2d_minus_opp","off_red_zone_td_pct_s2d_minus_opp","off_sack_rate_s2d_minus_opp","off_neutral_pass_rate_s2d_minus_opp","off_yds_for_3g","off_yds_for_5g","def_yds_against_3g","def_yds_against_5g","net_yds_3g","net_yds_5g","qb_ypa_3g","qb_sack_rate_3g","qb_qbr","off_epa_per_play_s2d","off_epa_per_play_w3","off_epa_per_play_w5","off_epa_per_play_exp","off_success_rate_s2d","off_success_rate_w3","off_success_rate_w5","off_success_rate_exp","def_epa_per_play_allowed_s2d","def_epa_per_play_allowed_w3","def_epa_per_play_allowed_w5","def_epa_per_play_allowed_exp","def_success_rate_allowed_s2d","def_success_rate_allowed_w3","def_success_rate_allowed_w5","def_success_rate_allowed_exp","rb_rush_share_s2d","rb_rush_share_w3","rb_rush_share_w5","rb_rush_share_exp","wr_target_share_s2d","wr_target_share_w3","wr_target_share_w5","wr_target_share_exp","te_target_share_s2d","te_target_share_w3","te_target_share_w5","te_target_share_exp","qb_aypa_s2d","qb_aypa_w3","qb_aypa_w5","qb_aypa_exp","qb_sack_rate_s2d","qb_sack_rate_w3","qb_sack_rate_w5","qb_sack_rate_exp","roof_dome","roof_outdoor","weather_temp_f","weather_wind_mph","weather_precip_pct","weather_impact_score","weather_extreme_flag"]},"decision_tree":{"params":{"depth":6,"minSamples":11},"alpha":2},"bt":{"coefficients":[0.18620418918843937,-0.17835086934330185,-0.010289076009605259,0.0023712397686637674,-0.012286301791368762,0.0024321946740416384,0.0035144103720197474,-0.0008211438848138677,-0.00472351813135644,-0.0030288417901292203],"intercept":0.10480363290134145,"scaler":{"mu":[-4.529443866515755,9.960011205899352,0.4218395352175345,0,-0.00017395561186500812,0,0,0,0,0],"sd":[48.85168356218352,544.1528369808044,12.82481250677363,1,0.08169397936045619,1,1,1,1,1]},"features":["diff_total_yards","diff_turnovers","diff_penalty_yards","diff_possession_seconds","diff_r_ratio","diff_elo_pre","diff_inj_out","diff_inj_skill_out","diff_inj_practice_dnp","diff_inj_out_trend"],"hyperparams":{"steps":1200,"learningRate":0.001,"l2":0.00001}},"ann":{"seeds":[1],"architecture":[92,128,64,32,1],"committee_size":1,"max_epochs":15,"dropout":0.5},"ensemble":{"weights":{"logistic":0.9,"tree":0,"bt":0,"ann":0.09999999999999998},"calibration":{"type":"platt","beta":0.08178251025075109,"source":"platt"},"calibration_beta":0.08178251025075109,"calibration_hash":"40978c11a7778b7d9aadfaa166c92e225d3cc79757c8c1802508736c5b2bbc77","oof_variance":{"ann":{"mean":0.5762001738759424,"var":0.03109936600154912}}},"pca":[{"component":1,"explained_variance":0.20196314689127368,"top_loadings":[{"feature":"def_total_yds_s2d","loading":0.2733028024294665},{"feature":"def_1st_down_s2d","loading":0.2712043290117302},{"feature":"def_pass_yds_s2d","loading":0.2703016611190833},{"feature":"off_total_yds_s2d","loading":0.26513772116154943},{"feature":"off_1st_down_s2d","loading":0.2639014149476539},{"feature":"off_pass_yds_s2d","loading":0.2634575307626437},{"feature":"def_rush_yds_s2d","loading":0.25936775794845146},{"feature":"off_rush_yds_s2d","loading":0.24103068505576725},{"feature":"losses_s2d","loading":0.220513859752415},{"feature":"off_turnovers_s2d","loading":0.2161206979230924}]},{"component":2,"explained_variance":0.1485880250735227,"top_loadings":[{"feature":"off_epa_per_play_w5",