{"season":2012,"week":7,"generated_at":"2025-11-07T00:28:40.583Z","feature_hash":"c29284d717e49ed5eece6e5174e54f411fa9243c","logistic":{"weights":[-0.33062523436861424,-0.6108033199485957,-0.6700298390821359,-0.48476034783813077,1.3271983453161875,0.8644379089970072,0.010789721836664459,0.024996140565861653,-0.05587297025406297,-0.6440645929329639,3.1590480974238986,-2.915170454097373,0,0,0,0,0.8177048472087198,-0.6852379696659177,-0.6492625261815899,0.7281722783568786,-3.812667142533637,-0.1391587934240754,0,0,0,0,0,0,0,0,0,0,0,0,0,0,0,0,0,0,-0.1904618345190637,0.0996459237398948,0.21349382560188962,0.2386200058613452,-0.41671856292575304,-0.05881976425781719,0.01460083573201651,0,0,1.4856003368595605,1.3609426413880237,-0.22839280138084347,-0.9154351252165895,0.38938545744868247,0.3621146215284453,-0.6533415154969023,0.05800804342956163,-1.703536293927479,-0.8627674609755945,-0.46923383408964736,0.6551181049423314,-0.19433082306690477,0.5627131934140197,0.24739140071728394,0.14383168758510342,-0.42999615862416873,-0.16465605392703864,-0.38620098495134897,0.5660806660139583,-0.14163159315566226,0.42336945109205526,-0.19438284303348935,-0.5729063317133344,-0.24975518107804504,-0.23075042521691352,-0.3090381781358311,0.08861700519012838,0.5404445926804627,-0.18923079810031804,0.13627400972539205,-0.3593044193128762,0,0,0,0,0.0683376308457213,0.14799261439305572,0.06833763084572303,-0.06833763084572116,0,0,0],"bias":1.0091626285232786,"scaler":{"mu":[101.5934065934066,1187.4945054945056,368.2197802197802,819.2747252747253,4.978021978021978,102.73626373626374,1195.989010989011,363.7802197802198,832.2087912087912,3.923076923076923,1.7692307692307692,1.4945054945054945,1,0,0,0,17.30456628698986,44.38675986392869,0.10126739644478565,-0.056173089028740235,1449.9990600008878,-0.19339739261518735,0,0,0,0,0,0,0,0,0,0,0,0,0,0,0,0,0,0,296.37728937728923,294.9941391941392,300.68315018315013,299.5556776556776,-4.305860805860809,-4.561538461538465,7.005846766969983,0,0,0.02123855474854479,0.01518615751951413,0.021317612265816608,0.016598830720515136,0.4404900663179531,0.44048012565067685,0.4409108187081278,0.44076448175878485,0.01928900765864361,0.014558134580697846,0.02092263640530416,0.015856229230734896,0.44153332911119475,0.44116349563177565,0.4418912090058551,0.44112377569656425,0.8368811457923613,0.8393551957276256,0.8373637899663567,0.8299492766446223,0.6000719921944753,0.601557388293419,0.5994253470805935,0.6073674623918426,0.22312731695714236,0.21856039330617916,0.22387870314191974,0.2202248643688503,8.483739192857778,8.473797943205778,8.495028326628919,8.491188433896944,0,0,0,0,0.15384615384615385,0.7362637362637363,65.76923076923077,4.230769230769231,0,0,0],"sd":[55.0667882241029,649.7265422007478,245.49670673012358,442.56549936627476,3.791192865072457,57.15447261489243,668.1644446945429,226.32369128113058,474.7362140070501,3.049881169476771,1.293066234732352,1.207791794640359,1,1,1,1,554.4153376357363,606.104072294982,4.959054618895667,3.80037868376225,2.0280338211579516,2.968047938070416,1,1,1,1,1,1,1,1,1,1,1,1,1,1,1,1,1,1,146.95808717640386,145.18265051592084,148.99682875349708,147.52492801128952,75.87963712835163,71.96203727567993,3.4766748400802956,1,1,0.08380695343464305,0.09034620480176593,0.08252731910141835,0.10959759820311277,0.04227434302492227,0.045177921269257654,0.04189701743080826,0.05076810465981325,0.09530737617388971,0.09699315079711392,0.09520390848154486,0.11229143214527587,0.03969393849691354,0.04057533449882245,0.039874625004821564,0.0480975119272317,0.08507930950476829,0.08805266062115287,0.0861493957520462,0.09227305735249432,0.08890360290420611,0.08866264257315513,0.08861333220795194,0.09603392330594569,0.06586569593102237,0.06820285357198622,0.06622500607043993,0.07118387058892345,1.2357257724890836,1.3027420354851338,1.2417779033431957,1.2939707852784001,1,1,1,1,0.3608012122941097,0.440657970456339,1.8040060614705498,1.8040060614705504,1,1,1]},"features":["off_1st_down_s2d","off_total_yds_s2d","off_rush_yds_s2d","off_pass_yds_s2d","off_turnovers_s2d","def_1st_down_s2d","def_total_yds_s2d","def_rush_yds_s2d","def_pass_yds_s2d","def_turnovers_s2d","wins_s2d","losses_s2d","home","sim_winrate_same_loc_s2d","sim_pointdiff_same_loc_s2d","sim_count_same_loc_s2d","off_total_yds_s2d_minus_opp","def_total_yds_s2d_minus_opp","off_turnovers_s2d_minus_opp","def_turnovers_s2d_minus_opp","elo_pre","elo_diff","rest_days","rest_diff","off_third_down_att_s2d","off_third_down_conv_s2d","off_third_down_pct_s2d","off_red_zone_att_s2d","off_red_zone_td_s2d","off_red_zone_td_pct_s2d","off_dropbacks_s2d","off_sacks_taken_s2d","off_sack_rate_s2d","off_pass_att_s2d","off_rush_att_s2d","off_neutral_pass_rate_s2d","off_third_down_pct_s2d_minus_opp","off_red_zone_td_pct_s2d_minus_opp","off_sack_rate_s2d_minus_opp","off_neutral_pass_rate_s2d_minus_opp","off_yds_for_3g","off_yds_for_5g","def_yds_against_3g","def_yds_against_5g","net_yds_3g","net_yds_5g","qb_ypa_3g","qb_sack_rate_3g","qb_qbr","off_epa_per_play_s2d","off_epa_per_play_w3","off_epa_per_play_w5","off_epa_per_play_exp","off_success_rate_s2d","off_success_rate_w3","off_success_rate_w5","off_success_rate_exp","def_epa_per_play_allowed_s2d","def_epa_per_play_allowed_w3","def_epa_per_play_allowed_w5","def_epa_per_play_allowed_exp","def_success_rate_allowed_s2d","def_success_rate_allowed_w3","def_success_rate_allowed_w5","def_success_rate_allowed_exp","rb_rush_share_s2d","rb_rush_share_w3","rb_rush_share_w5","rb_rush_share_exp","wr_target_share_s2d","wr_target_share_w3","wr_target_share_w5","wr_target_share_exp","te_target_share_s2d","te_target_share_w3","te_target_share_w5","te_target_share_exp","qb_aypa_s2d","qb_aypa_w3","qb_aypa_w5","qb_aypa_exp","qb_sack_rate_s2d","qb_sack_rate_w3","qb_sack_rate_w5","qb_sack_rate_exp","roof_dome","roof_outdoor","weather_temp_f","weather_wind_mph","weather_precip_pct","weather_impact_score","weather_extreme_flag"]},"decision_tree":{"params":{"depth":6,"minSamples":8},"alpha":4},"bt":{"coefficients":[-0.002751069462479525,-0.04688852368951815,-0.01966060659040986,-0.004843563161383063,-0.007099760158672004,0.004513587250586388,-0.0007757800817092082,0.001828937271264915,-0.0032054517257867443,0.0026022339602441544],"intercept":0.11965199475589411,"scaler":{"mu":[-4.290338260810404,-41.62256971614556,1.0890597062036687,0,-0.005959539764899214,0,0,0,0,0],"sd":[64.3097231983242,598.5305398125507,15.123808634584437,1,0.09070621668114333,1,1,1,1,1]},"features":["diff_total_yards","diff_turnovers","diff_penalty_yards","diff_possession_seconds","diff_r_ratio","diff_elo_pre","diff_inj_out","diff_inj_skill_out","diff_inj_practice_dnp","diff_inj_out_trend"],"hyperparams":{"steps":1200,"learningRate":0.001,"l2":0.00001}},"ann":{"seeds":[1],"architecture":[92,128,64,32,1],"committee_size":1,"max_epochs":15,"dropout":0.5},"ensemble":{"weights":{"logistic":0.9,"tree":0,"bt":0,"ann":0.09999999999999998},"calibration":{"type":"platt","beta":0.1574532915943594,"source":"platt"},"calibration_beta":0.1574532915943594,"calibration_hash":"2dcd63c09c02d56d3ccde7bc8aef2b00d61cf3201d525a222f48df70b2e5aad3","oof_variance":{"ann":{"mean":0.5215260879960838,"var":0.011556311351762667}}},"pca":[{"component":1,"explained_variance":0.2010995649960616,"top_loadings":[{"feature":"off_total_yds_s2d","loading":-0.26969749740824644},{"feature":"off_1st_down_s2d","loading":-0.2688921342957467},{"feature":"off_pass_yds_s2d","loading":-0.2642325437861398},{"feature":"def_total_yds_s2d","loading":-0.242280457439432},{"feature":"def_pass_yds_s2d","loading":-0.24045344067559654},{"feature":"def_1st_down_s2d","loading":-0.2398559145445313},{"feature":"off_rush_yds_s2d","loading":-0.23743460968622696},{"feature":"off_yds_for_3g","loading":-0.21630898684237332},{"feature":"off_yds_for_5g","loading":-0.21521339468526662},{"feature":"def_rush_yds_s2d","loading":-0.2108980768379506}]},{"component":2,"explained_variance":0.17623493599462892,"top_loadings":[{"feature":"te_target_share_s2d",