{
  "season": 2025,
  "week": 4,
  "features": [
    "off_1st_down_s2d",
    "off_total_yds_s2d",
    "off_rush_yds_s2d",
    "off_pass_yds_s2d",
    "off_turnovers_s2d",
    "def_1st_down_s2d",
    "def_total_yds_s2d",
    "def_rush_yds_s2d",
    "def_pass_yds_s2d",
    "def_turnovers_s2d",
    "wins_s2d",
    "losses_s2d",
    "home",
    "sim_winrate_same_loc_s2d",
    "sim_pointdiff_same_loc_s2d",
    "sim_count_same_loc_s2d",
    "off_total_yds_s2d_minus_opp",
    "def_total_yds_s2d_minus_opp",
    "off_turnovers_s2d_minus_opp",
    "def_turnovers_s2d_minus_opp",
    "elo_pre",
    "elo_diff",
    "rest_days",
    "rest_diff"
  ],
  "hybrid_weight": 0,
  "logistic": {
    "weights": [
      0.07142504856259194,
      0.8484571822210579,
      0.2828670583566471,
      0.5655901238644108,
      0.002445580672789972,
      0.07142504856259194,
      0.8484571822210577,
      0.28286705835664694,
      0.5655901238644108,
      0.002630933169756828,
      0.016666406338838015,
      0,
      0.0012499804754128514,
      0.0008333203169419007,
      0,
      0.0008333203169419007,
      -1.4802742444109297e-18,
      0,
      1.1564642534460388e-20,
      1.1564642534460388e-20,
      3.81869035238626,
      0,
      0.011770649476804349,
      0
    ],
    "intercept": 0.0025
  }
}