{"season":2017,"week":17,"generated_at":"2025-11-07T00:38:28.770Z","feature_hash":"b6aba028be44c07b6d171db8652cf018cbd3bb6a","logistic":{"weights":[-0.18330922651364312,-0.34844856294596743,-0.1688070397753637,-0.34342048486345755,1.94192763813511,0.7451436466323819,0.055481305843925785,-0.39071578807665547,0.21197516778701903,-1.1015505205440639,3.119201426493365,-2.4106500873035976,0,0,0,0,1.3441493432344604,-1.0582215643016903,-1.47619899843274,0.7897251315070144,-3.141557969057652,0.24201898786764145,0,0,0,0,0,0,0,0,0,0,0,0,0,0,0,0,0,0,-0.44252606728393024,-0.2411505351827009,-0.06522722712505344,0.06677996320935727,-0.3110807102928697,-0.31688163300553784,0.14484612913023978,0,0,1.8706809659715375,1.124990176604596,0.021955527800032282,-0.1716509723591898,0.11104573767937237,0.015621864354200024,-0.09017003574952318,-0.20237998787991504,-2.08798834463155,-1.522249424450019,0.19316818058428858,0.9992972049419477,-0.14560379267902285,0.06599016084289085,-0.24159597752887152,0.46263113189089844,-0.27280241791016724,0.22352187367380144,-0.5613734190857061,0.4752768555493367,-0.028574530745785844,0.3370649243755296,0.2429766044369552,-0.24340982311799772,-0.008138091139893932,0.08741827174729638,0.024717029190137425,-0.07827559936765982,-0.0818478690798783,-0.4657622397757943,0.02930203523696236,0.1193072218504409,0,0,0,0,-0.1467253296202473,-0.0920908715651939,-0.14672532962024568,0.1467253296202477,0,0,0],"bias":0.7755709700787586,"scaler":{"mu":[140.98333333333332,1666.0458333333333,510.7375,1155.3083333333334,6.208333333333333,140.44166666666666,1666.7625,511.8833333333333,1154.8791666666666,4.970833333333333,2.379166666666667,2.345833333333333,1,0,0,0,10.575709028389289,-7.968571749500113,-0.09093084984114727,0.24245588464954787,1449.9014956660112,-0.18581025566729562,0,0,0,0,0,0,0,0,0,0,0,0,0,0,0,0,0,0,323.99583333333356,324.4923611111113,330.0006944444445,329.77791666666656,-6.004861111111113,-5.285555555555551,7.832266118846505,0,0,-0.024762583940475643,-0.026845383546405942,-0.026271850344637408,-0.032565609550765796,0.4160403763975122,0.4165961472543632,0.4159070107128981,0.4127596361110858,-0.024207025692966653,-0.02622967075156162,-0.026074100139740923,-0.035396639285595395,0.41618979291348607,0.4155557516762773,0.4153825590254115,0.4127529183085469,0.8361799998225273,0.8375938704149912,0.8373838090455836,0.8352987029379474,0.5738787837070112,0.5721379147375318,0.5728021692852916,0.5732085219909658,0.21262154628901964,0.2148216523445528,0.21323367259643292,0.21023391247397163,8.298199829315138,8.35833056979043,8.337546521815378,8.291110813478335,0,0,0,0,0.09166666666666666,0.7708333333333334,65.45833333333333,4.541666666666667,0,0,0],"sd":[84.66251466197353,987.5769938251086,321.2712668868526,701.5551213296709,4.852655344127469,87.92030442710917,1039.2498004620525,350.19998294625253,712.1514863889367,3.656498685749646,1.8557296782906962,2.065889470798367,1,1,1,1,1072.9352508723312,1189.8642674776065,6.220888504966478,4.453863398815971,4.2184116235764035,5.876392067121013,1,1,1,1,1,1,1,1,1,1,1,1,1,1,1,1,1,1,100.65618153291452,98.27453121551314,100.56906542677054,97.44159961946671,68.19366382996871,58.99834666678027,2.5543754563538057,1,1,0.08582650481122016,0.10656544031040875,0.092790338233548,0.0971739365306291,0.0336559298584401,0.04217964831078471,0.03677504498134589,0.03666680459284815,0.07101821134161049,0.09725288294683675,0.08185925893562837,0.08993963860949138,0.027649463940467512,0.0379409584367847,0.03177231905690279,0.032162272153032835,0.12063207676510769,0.11358888895088426,0.11334396274547351,0.12410706348983375,0.08376447446448927,0.09440533250239302,0.08767373946205412,0.09142722285139751,0.06248879162019676,0.07040086844788142,0.0659886507787088,0.06612912787053893,1.3043247335561037,1.4751868722666193,1.3605805432886395,1.4765732043811695,1,1,1,1,0.28855482821968037,0.4202966875381677,1.4427741410984005,1.4427741410984014,1,1,1]},"features":["off_1st_down_s2d","off_total_yds_s2d","off_rush_yds_s2d","off_pass_yds_s2d","off_turnovers_s2d","def_1st_down_s2d","def_total_yds_s2d","def_rush_yds_s2d","def_pass_yds_s2d","def_turnovers_s2d","wins_s2d","losses_s2d","home","sim_winrate_same_loc_s2d","sim_pointdiff_same_loc_s2d","sim_count_same_loc_s2d","off_total_yds_s2d_minus_opp","def_total_yds_s2d_minus_opp","off_turnovers_s2d_minus_opp","def_turnovers_s2d_minus_opp","elo_pre","elo_diff","rest_days","rest_diff","off_third_down_att_s2d","off_third_down_conv_s2d","off_third_down_pct_s2d","off_red_zone_att_s2d","off_red_zone_td_s2d","off_red_zone_td_pct_s2d","off_dropbacks_s2d","off_sacks_taken_s2d","off_sack_rate_s2d","off_pass_att_s2d","off_rush_att_s2d","off_neutral_pass_rate_s2d","off_third_down_pct_s2d_minus_opp","off_red_zone_td_pct_s2d_minus_opp","off_sack_rate_s2d_minus_opp","off_neutral_pass_rate_s2d_minus_opp","off_yds_for_3g","off_yds_for_5g","def_yds_against_3g","def_yds_against_5g","net_yds_3g","net_yds_5g","qb_ypa_3g","qb_sack_rate_3g","qb_qbr","off_epa_per_play_s2d","off_epa_per_play_w3","off_epa_per_play_w5","off_epa_per_play_exp","off_success_rate_s2d","off_success_rate_w3","off_success_rate_w5","off_success_rate_exp","def_epa_per_play_allowed_s2d","def_epa_per_play_allowed_w3","def_epa_per_play_allowed_w5","def_epa_per_play_allowed_exp","def_success_rate_allowed_s2d","def_success_rate_allowed_w3","def_success_rate_allowed_w5","def_success_rate_allowed_exp","rb_rush_share_s2d","rb_rush_share_w3","rb_rush_share_w5","rb_rush_share_exp","wr_target_share_s2d","wr_target_share_w3","wr_target_share_w5","wr_target_share_exp","te_target_share_s2d","te_target_share_w3","te_target_share_w5","te_target_share_exp","qb_aypa_s2d","qb_aypa_w3","qb_aypa_w5","qb_aypa_exp","qb_sack_rate_s2d","qb_sack_rate_w3","qb_sack_rate_w5","qb_sack_rate_exp","roof_dome","roof_outdoor","weather_temp_f","weather_wind_mph","weather_precip_pct","weather_impact_score","weather_extreme_flag"]},"decision_tree":{"params":{"depth":6,"minSamples":13},"alpha":2},"bt":{"coefficients":[0.21324605283094586,-0.21758047123617788,-0.0003005564875608128,0.004707080514722169,-0.029787438903138206,0.0012084329383727878,-0.002697248564159843,0.0029215748467203294,-0.0025728921832560907,0.002493864399220961],"intercept":0.11672292329049992,"scaler":{"mu":[-3.36340721178618,0.9535069645266916,0.2668076338185666,0,-0.0006235396033131812,0,0,0,0,0],"sd":[48.30163576616052,530.2304422336715,12.381243557605496,1,0.08136321508889373,1,1,1,1,1]},"features":["diff_total_yards","diff_turnovers","diff_penalty_yards","diff_possession_seconds","diff_r_ratio","diff_elo_pre","diff_inj_out","diff_inj_skill_out","diff_inj_practice_dnp","diff_inj_out_trend"],"hyperparams":{"steps":1200,"learningRate":0.001,"l2":0.00001}},"ann":{"seeds":[1],"architecture":[92,128,64,32,1],"committee_size":1,"max_epochs":15,"dropout":0.5},"ensemble":{"weights":{"logistic":0.9,"tree":0,"bt":0,"ann":0.09999999999999998},"calibration":{"type":"platt","beta":0.09096415737878823,"source":"platt"},"calibration_beta":0.09096415737878823,"calibration_hash":"312415308e8e2d11463087444840b9e219573d1625f43bb3606f9514a07e5edd","oof_variance":{"ann":{"mean":0.6345150802129137,"var":0.02586641324538698}}},"pca":[{"component":1,"explained_variance":0.1979946130326436,"top_loadings":[{"feature":"def_total_yds_s2d","loading":0.2750013648831806},{"feature":"def_1st_down_s2d","loading":0.27278684359053534},{"feature":"def_pass_yds_s2d","loading":0.2726845711390311},{"feature":"off_total_yds_s2d","loading":0.2671648328939995},{"feature":"off_1st_down_s2d","loading":0.2660784416850852},{"feature":"off_pass_yds_s2d","loading":0.26592074695385765},{"feature":"def_rush_yds_s2d","loading":0.2615716601668299},{"feature":"off_rush_yds_s2d","loading":0.24056860540589042},{"feature":"off_turnovers_s2d","loading":0.22534262358743742},{"feature":"losses_s2d","loading":0.21895204471946414}]},{"component":2,"explained_variance":0.14795237549162563,"top_loadings":[{"feature":"off_epa_per_play_w5",