{"season":1999,"week":16,"generated_at":"2025-11-07T00:05:10.078Z","feature_hash":"4e7aa2a4d871001b00ead0c0341ff4d173cc3c2c","logistic":{"weights":[0.0692658508910682,0.26309252036751,0.2817187512226441,0.21123801832452374,-0.42515260743647215,-0.3133502319309908,-0.15755854642889972,0.18848732958896158,-0.32012916769310806,0.0028147957634945173,2.5824514885771133,-2.134785870239088,0,0,0,0,1.0478098878950193,-0.452597862948874,-1.0375777776779618,0.3761050249102814,-1.687471749355823,-0.4886852443621778,0,0,0,0,0,0,0,0,0,0,0,0,0,0,0,0,0,0,0.06028235840529238,0.1056650526829479,0.06845305321886502,0.16045816923783693,-0.1129318843869335,-0.17204851739297072,-0.5554656368097014,0,0,0,0,0,0,0,0,0,0,0,0,0,0,0,0,0,0,-0.04261549266948594,0.0013639093228894792,-0.022134320716555373,-0.1281548151525468,-0.013645841134317653,0.018488055960725974,0.013467590130599023,-0.04335046454599645,0.11211587010815095,0.022667836443119874,-0.035205575247018915,0.1514234229649651,0.0006980376849358239,0.25102443809754493,0.037663509252640885,-0.15769584583425691,0,0,0,0,0.06714966813631648,-0.06714966813631651,0.06714966813631666,-0.06714966813631651,0,0,0],"bias":0.5774706627363148,"scaler":{"mu":[137.59633027522935,1661.573394495413,536.394495412844,1125.1788990825687,9.064220183486238,139.42660550458714,1673.788990825688,541.6330275229358,1132.1559633027523,6.614678899082569,2.4954128440366974,2.6376146788990824,1,0,0,0,-17.509073181469265,-34.31688807363116,-0.39505582439811127,0.10425120040446151,1449.9815471539887,-0.006571475197427665,0,0,0,0,0,0,0,0,0,0,0,0,0,0,0,0,0,0,301.80122324159004,301.4310397553518,302.93348623853217,302.50649847094803,-1.1322629969418971,-1.075458715596331,2.8737783509541583,0,0,0,0,0,0,0,0,0,0,0,0,0,0,0,0,0,0,0.7962998511158627,0.7945019963814469,0.7945503793282229,0.7731243613169083,0.6044952131794581,0.6028192116736237,0.6035064634193708,0.5929502671866487,0.15701405767563184,0.15865304863752622,0.15752040713907622,0.14816400723051906,3.277029056038281,3.1367625953144747,3.2269768900200573,3.340564725572646,0,0,0,0,0.22477064220183487,0.7752293577981652,66.12385321100918,3.876146788990826,0,0,0],"sd":[91.95592474998477,1107.675401492677,371.2400251858287,764.1908655593134,6.681859914336875,97.65477777570514,1151.051841055054,404.80852106359686,774.2556730402956,5.396921067329589,2.1055795393506935,2.4573159442149044,1,1,1,1,1227.6950418681135,1309.5536731822936,8.37112835684157,6.7529760979961715,4.092338203551847,5.9954899027786235,1,1,1,1,1,1,1,1,1,1,1,1,1,1,1,1,1,1,103.37950649639141,101.57065904651385,102.3690196916878,100.16914887663243,65.86540049634932,60.48750176646064,2.107506251165586,1,1,1,1,1,1,1,1,1,1,1,1,1,1,1,1,1,1,0.13200092796237928,0.1470454840664623,0.14041593016964649,0.16479232343732725,0.08658791132509552,0.09771653246940004,0.09155052910925882,0.10962039017696246,0.06557922898775498,0.07278073497602236,0.0694968318840702,0.07216068390603743,1.7334508510005577,2.062802525006137,1.9056289809191727,1.8768029865090414,1,1,1,1,0.4174311926605499,0.4174311926605499,2.0871559633027483,2.087155963302749,1,1,1]},"features":["off_1st_down_s2d","off_total_yds_s2d","off_rush_yds_s2d","off_pass_yds_s2d","off_turnovers_s2d","def_1st_down_s2d","def_total_yds_s2d","def_rush_yds_s2d","def_pass_yds_s2d","def_turnovers_s2d","wins_s2d","losses_s2d","home","sim_winrate_same_loc_s2d","sim_pointdiff_same_loc_s2d","sim_count_same_loc_s2d","off_total_yds_s2d_minus_opp","def_total_yds_s2d_minus_opp","off_turnovers_s2d_minus_opp","def_turnovers_s2d_minus_opp","elo_pre","elo_diff","rest_days","rest_diff","off_third_down_att_s2d","off_third_down_conv_s2d","off_third_down_pct_s2d","off_red_zone_att_s2d","off_red_zone_td_s2d","off_red_zone_td_pct_s2d","off_dropbacks_s2d","off_sacks_taken_s2d","off_sack_rate_s2d","off_pass_att_s2d","off_rush_att_s2d","off_neutral_pass_rate_s2d","off_third_down_pct_s2d_minus_opp","off_red_zone_td_pct_s2d_minus_opp","off_sack_rate_s2d_minus_opp","off_neutral_pass_rate_s2d_minus_opp","off_yds_for_3g","off_yds_for_5g","def_yds_against_3g","def_yds_against_5g","net_yds_3g","net_yds_5g","qb_ypa_3g","qb_sack_rate_3g","qb_qbr","off_epa_per_play_s2d","off_epa_per_play_w3","off_epa_per_play_w5","off_epa_per_play_exp","off_success_rate_s2d","off_success_rate_w3","off_success_rate_w5","off_success_rate_exp","def_epa_per_play_allowed_s2d","def_epa_per_play_allowed_w3","def_epa_per_play_allowed_w5","def_epa_per_play_allowed_exp","def_success_rate_allowed_s2d","def_success_rate_allowed_w3","def_success_rate_allowed_w5","def_success_rate_allowed_exp","rb_rush_share_s2d","rb_rush_share_w3","rb_rush_share_w5","rb_rush_share_exp","wr_target_share_s2d","wr_target_share_w3","wr_target_share_w5","wr_target_share_exp","te_target_share_s2d","te_target_share_w3","te_target_share_w5","te_target_share_exp","qb_aypa_s2d","qb_aypa_w3","qb_aypa_w5","qb_aypa_exp","qb_sack_rate_s2d","qb_sack_rate_w3","qb_sack_rate_w5","qb_sack_rate_exp","roof_dome","roof_outdoor","weather_temp_f","weather_wind_mph","weather_precip_pct","weather_impact_score","weather_extreme_flag"]},"decision_tree":{"params":{"depth":6,"minSamples":12},"alpha":2},"bt":{"coefficients":[0.16916635825932186,-0.11104193599355744,-0.05646212389128972,0.0006746832334240409,0.02465010905828332,-0.002691793286758812,0.0009772231957829345,0.004197984658677864,-0.00012548138647037826,0.0025258344266987373],"intercept":0.1786126388961951,"scaler":{"mu":[-0.38792924710355653,12.75778558851953,-0.6107555670629067,0,-0.005729174772880382,0,0,0,0,0],"sd":[58.54721726497198,552.3621574584714,14.439271281409598,1,0.11830697127141931,1,1,1,1,1]},"features":["diff_total_yards","diff_turnovers","diff_penalty_yards","diff_possession_seconds","diff_r_ratio","diff_elo_pre","diff_inj_out","diff_inj_skill_out","diff_inj_practice_dnp","diff_inj_out_trend"],"hyperparams":{"steps":1200,"learningRate":0.001,"l2":0.00001}},"ann":{"seeds":[1],"architecture":[92,128,64,32,1],"committee_size":1,"max_epochs":15,"dropout":0.5},"ensemble":{"weights":{"logistic":0.9,"tree":0,"bt":0,"ann":0.09999999999999998},"calibration":{"type":"platt","beta":0.2089229916337579,"source":"platt"},"calibration_beta":0.2089229916337579,"calibration_hash":"f672a02a261b72fca7641ced01de5229b56475a936c37c3d99a891816f0c4175","oof_variance":{"ann":{"mean":0.4870837871249189,"var":0.011090681935462518}}},"pca":[{"component":1,"explained_variance":0.2622548814142499,"top_loadings":[{"feature":"def_total_yds_s2d","loading":0.28141663304138953},{"feature":"def_pass_yds_s2d","loading":0.2805203461184923},{"feature":"def_1st_down_s2d","loading":0.27996914113761345},{"feature":"off_total_yds_s2d","loading":0.2775790309502552},{"feature":"off_1st_down_s2d","loading":0.2764193113488166},{"feature":"off_pass_yds_s2d","loading":0.27433835642631826},{"feature":"def_rush_yds_s2d","loading":0.2636571579568309},{"feature":"off_rush_yds_s2d","loading":0.2634969072940337},{"feature":"off_turnovers_s2d","loading":0.2584653263835442},{"feature":"losses_s2d","loading":0.22540840641724913}]},{"component":2,"explained_variance":0.1295979111900897,"top_loadings":[{"feature":"te_target_share_exp","loading":0.3030087882174536},{"feature":"wr_target_share_w5","loading":-0.3019388236306412},{"feature":"te_target_share_w5","loading":0.3001319436299314},{"feature":"te_target_share_s2d","loading":0.2989873094226015},{"feature":"wr_target_share_s2d","loading":-0.2974466460668313},{"feature":"wr_target_share_w3","loading":-0.2945225255756901},{"feature":"te_target_share_w3","loading":0.2855662944726851},{"feature":"weather_temp_f","loading":-0.2171415701604383},{"feature":"roof_dome","loading":-0.21714157016043822},{"feature":"roof_outdoor","loading":0.21714157016043817}]},{"component":3,"explained_variance":0.1044912533210824,"top_loadings":[{"feature":"qb_aypa_exp","loading":0.2659052714880769},{"feature":"qb_aypa_s2d","loading":0.262302001510502},{"feature":"qb_aypa_w5","loading":0.25355604011808985},{"feature":"qb_aypa_w3",