{
  "season": 2025,
  "week": 9,
  "features": [
    "off_1st_down_s2d",
    "off_total_yds_s2d",
    "off_rush_yds_s2d",
    "off_pass_yds_s2d",
    "off_turnovers_s2d",
    "def_1st_down_s2d",
    "def_total_yds_s2d",
    "def_rush_yds_s2d",
    "def_pass_yds_s2d",
    "def_turnovers_s2d",
    "wins_s2d",
    "losses_s2d",
    "home",
    "sim_winrate_same_loc_s2d",
    "sim_pointdiff_same_loc_s2d",
    "sim_count_same_loc_s2d",
    "off_total_yds_s2d_minus_opp",
    "def_total_yds_s2d_minus_opp",
    "off_turnovers_s2d_minus_opp",
    "def_turnovers_s2d_minus_opp",
    "elo_pre",
    "elo_diff",
    "rest_days",
    "rest_diff"
  ],
  "hybrid_weight": 0.65,
  "logistic": {
    "weights": [
      0,
      0,
      0,
      0,
      0,
      0,
      0,
      0,
      0,
      0,
      0,
      0,
      0.30844238432994386,
      0.12675331327538003,
      0,
      -0.04932359736109199,
      0,
      0,
      0,
      0,
      0.05427316807464402,
      0.3583354741970316,
      0,
      0
    ],
    "intercept": -0.0003621951262983416
  },
  "scaler": {
    "mu": [
      0,
      0,
      0,
      0,
      0,
      0,
      0,
      0,
      0,
      0,
      0,
      0,
      0.5,
      0.1836734693877551,
      0,
      0.3469387755102041,
      0,
      0,
      0,
      0,
      1450.0254184253288,
      0,
      0,
      0
    ],
    "sd": [
      1,
      1,
      1,
      1,
      1,
      1,
      1,
      1,
      1,
      1,
      1,
      1,
      0.5,
      0.38721767267367896,
      1,
      0.4759960730485959,
      1,
      1,
      1,
      1,
      1.3458208668669,
      1.9542790160897867,
      1,
      1
    ]
  }
}