{"season":1999,"week":2,"generated_at":"2025-11-07T00:04:29.525Z","feature_hash":"d8fad184555e36c489d6803752cb4a748c82fc5f","logistic":{"weights":[0.1206796185673076,0.12639323096656044,0.01997307443771776,0.14665833721223898,-0.2132137327732138,-0.08806680091254707,-0.07375282524456701,-0.030290709830902002,-0.08464428738844544,0.15253011853001983,0.8193803981346703,-0.8193803981346703,0,0,0,0,0.20170498249723676,-0.20170498249723676,-0.27455502479702915,0.23509564240652894,0,0,0,0,0,0,0,0,0,0,0,0,0,0,0,0,0,0,0,0,0,0,0,0,0,0,0,0,0,0,0,0,0,0,0,0,0,0,0,0,0,0,0,0,0,-0.06041159953483362,-0.06041159953483362,-0.06041159953483362,-0.06041159953483362,-0.014548535230017933,-0.014548535230017933,-0.014548535230017933,-0.014548535230017933,-0.04898603037582012,-0.04898603037582012,-0.04898603037582012,-0.04898603037582012,-0.1729669019901495,-0.1729669019901495,-0.1729669019901495,-0.1729669019901495,0,0,0,0,0.037670973537153506,-0.0376709735371535,0.03767097353715366,-0.03767097353715352,0,0,0],"bias":-0.0815484354364046,"scaler":{"mu":[26.933333333333334,315,85.6,229.4,2.2666666666666666,27.733333333333334,327.93333333333334,108.2,219.73333333333332,1.3333333333333333,0.4666666666666667,0.5333333333333333,1,0,0,0,-13.379310344827585,13.379310344827585,0.7586206896551724,0.06896551724137935,1450,0,0,0,0,0,0,0,0,0,0,0,0,0,0,0,0,0,0,0,0,0,0,0,0,0,0,0,0,0,0,0,0,0,0,0,0,0,0,0,0,0,0,0,0,0.7612111097934271,0.7612111097934271,0.7612111097934271,0.7612111097934271,0.5757288191420924,0.5757288191420924,0.5757288191420924,0.5757288191420924,0.1314569626044937,0.1314569626044937,0.1314569626044937,0.1314569626044937,4.366539931604276,4.366539931604276,4.366539931604276,4.366539931604276,0,0,0,0,0.3333333333333333,0.6666666666666666,66.66666666666667,3.3333333333333335,0,0,0],"sd":[12.325943732180871,135.04665860361004,42.737649288030184,110.56569691063017,1.6519348924485158,12.271738082095606,129.44108913152562,62.39679478947616,90.4562263688293,1.1352924243950935,0.4988876515698588,0.4988876515698588,1,1,1,1,136.50337005243432,136.50337005243432,2.217646233215659,2.0153985098210287,1,1,1,1,1,1,1,1,1,1,1,1,1,1,1,1,1,1,1,1,1,1,1,1,1,1,1,1,1,1,1,1,1,1,1,1,1,1,1,1,1,1,1,1,1,0.22216249099260585,0.22216249099260585,0.22216249099260585,0.22216249099260585,0.1940836761101812,0.1940836761101812,0.1940836761101812,0.1940836761101812,0.11009141175728111,0.11009141175728111,0.11009141175728111,0.11009141175728111,3.644223638129453,3.644223638129453,3.644223638129453,3.644223638129453,1,1,1,1,0.47140452079103173,0.47140452079103173,2.3570226039551585,2.357022603955158,1,1,1]},"features":["off_1st_down_s2d","off_total_yds_s2d","off_rush_yds_s2d","off_pass_yds_s2d","off_turnovers_s2d","def_1st_down_s2d","def_total_yds_s2d","def_rush_yds_s2d","def_pass_yds_s2d","def_turnovers_s2d","wins_s2d","losses_s2d","home","sim_winrate_same_loc_s2d","sim_pointdiff_same_loc_s2d","sim_count_same_loc_s2d","off_total_yds_s2d_minus_opp","def_total_yds_s2d_minus_opp","off_turnovers_s2d_minus_opp","def_turnovers_s2d_minus_opp","elo_pre","elo_diff","rest_days","rest_diff","off_third_down_att_s2d","off_third_down_conv_s2d","off_third_down_pct_s2d","off_red_zone_att_s2d","off_red_zone_td_s2d","off_red_zone_td_pct_s2d","off_dropbacks_s2d","off_sacks_taken_s2d","off_sack_rate_s2d","off_pass_att_s2d","off_rush_att_s2d","off_neutral_pass_rate_s2d","off_third_down_pct_s2d_minus_opp","off_red_zone_td_pct_s2d_minus_opp","off_sack_rate_s2d_minus_opp","off_neutral_pass_rate_s2d_minus_opp","off_yds_for_3g","off_yds_for_5g","def_yds_against_3g","def_yds_against_5g","net_yds_3g","net_yds_5g","qb_ypa_3g","qb_sack_rate_3g","qb_qbr","off_epa_per_play_s2d","off_epa_per_play_w3","off_epa_per_play_w5","off_epa_per_play_exp","off_success_rate_s2d","off_success_rate_w3","off_success_rate_w5","off_success_rate_exp","def_epa_per_play_allowed_s2d","def_epa_per_play_allowed_w3","def_epa_per_play_allowed_w5","def_epa_per_play_allowed_exp","def_success_rate_allowed_s2d","def_success_rate_allowed_w3","def_success_rate_allowed_w5","def_success_rate_allowed_exp","rb_rush_share_s2d","rb_rush_share_w3","rb_rush_share_w5","rb_rush_share_exp","wr_target_share_s2d","wr_target_share_w3","wr_target_share_w5","wr_target_share_exp","te_target_share_s2d","te_target_share_w3","te_target_share_w5","te_target_share_exp","qb_aypa_s2d","qb_aypa_w3","qb_aypa_w5","qb_aypa_exp","qb_sack_rate_s2d","qb_sack_rate_w3","qb_sack_rate_w5","qb_sack_rate_exp","roof_dome","roof_outdoor","weather_temp_f","weather_wind_mph","weather_precip_pct","weather_impact_score","weather_extreme_flag"]},"decision_tree":{"params":{"depth":6,"minSamples":8},"alpha":6},"bt":{"coefficients":[-0.0024528789901456538,0.00336810601524993,0.003677413782482327,0.0036395516343616673,-0.0020391728742887583,0.0025942173193640107,-0.003931541263359826,0.00004550920252856646,-0.00036092930097913003,0.00029765897149525676],"intercept":-0.03456153977890939,"scaler":{"mu":[0,0,0,0,0,0,0,0,0,0],"sd":[1,1,1,1,1,1,1,1,1,1]},"features":["diff_total_yards","diff_turnovers","diff_penalty_yards","diff_possession_seconds","diff_r_ratio","diff_elo_pre","diff_inj_out","diff_inj_skill_out","diff_inj_practice_dnp","diff_inj_out_trend"],"hyperparams":{"steps":1200,"learningRate":0.001,"l2":0.00001}},"ann":{"seeds":[1],"architecture":[92,128,64,32,1],"committee_size":1,"max_epochs":15,"dropout":0.5},"ensemble":{"weights":{"logistic":0.4067796610169492,"tree":0,"bt":0,"ann":0.5932203389830508},"calibration":{"type":"platt","beta":-0.023364550480926994,"source":"platt"},"calibration_beta":-0.023364550480926994,"calibration_hash":"d69dc703d3e184ab8c13f64474a91d4f523a60e863940a690cdce79d68e4a4ee","oof_variance":{"ann":{"mean":0.5039117976534128,"var":0.012397448735748587}}},"pca":[{"component":1,"explained_variance":0.34453347338905577,"top_loadings":[{"feature":"rb_rush_share_s2d","loading":0.26955402011186413},{"feature":"rb_rush_share_w3","loading":0.26955402011186413},{"feature":"rb_rush_share_w5","loading":0.26955402011186413},{"feature":"rb_rush_share_exp","loading":0.26955402011186413},{"feature":"off_total_yds_s2d","loading":0.23277752982110922},{"feature":"off_pass_yds_s2d","loading":0.21488619915415266},{"feature":"off_1st_down_s2d","loading":0.21406100164729022},{"feature":"def_total_yds_s2d","loading":0.21213124967564925},{"feature":"def_pass_yds_s2d","loading":0.20973583352087888},{"feature":"def_1st_down_s2d","loading":0.18393790792832995}]},{"component":2,"explained_variance":0.1777914516499893,"top_loadings":[{"feature":"off_turnovers_s2d","loading":0.32182062814748974},{"feature":"off_turnovers_s2d_minus_opp","loading":0.2991630723142663},{"feature":"def_turnovers_s2d_minus_opp","loading":-0.29122200811082566},{"feature":"qb_aypa_s2d","loading":-0.2781270256155492},{"feature":"qb_aypa_w3","loading":-0.2781270256155492},{"feature":"qb_aypa_w5","loading":-0.2781270256155492},{"feature":"qb_aypa_exp","loading":-0.2781270256155492},{"feature":"roof_dome","loading":-0.21048034357681072},{"feature":"weather_wind_mph","loading":0.21048034357681072},{"feature":"roof_outdoor","loading":0.21048034357681067}]},{"component":3,"explained_variance":0.15487496387295002,"top_loadings":[{"feature":"te_target_share_s2d","loading":0.32400184705544793},{"feature":"te_target_share_w3","loading":0.32400184705544793},{"feature":"te_target_share_w5","loading":0.32400184705544793},{"feature":"te_target_share_exp","loading":0.32400184705544793},{"feature":"off_total_yds_s2d_minus_opp","loading":0.2666172429707479},{"feature":"def_total_yds_s2d_minus_opp","loading":-0.2666172429707479},{"feature":"def_total_yds_s2d","loading":-0.1828634993839455},{"feature":"def_turnovers_s2d_minus_opp","loading":-0.17994677080790467},{"feature":"off_1st_down_s2d","loading":0.1745538736208662},{"feature":"def_rush_yds_s2d","loading":-0.16352191330643323}]},{"component":4,"explained_variance":0.10472129123809092,"top_loadings":[{"feature":"wins_s2d","loading":0.30962057720286196},{"feature":"losses_s2d",