{"season":2002,"week":12,"generated_at":"2025-11-07T00:10:16.361Z","feature_hash":"b683ba1770abd02063152d8d2d986e0683644ac9","logistic":{"weights":[-0.737430082437141,-0.33016930315281345,-0.36997248761979074,-0.32876584024819466,0.7375226402435853,0.5707512724141725,0.1282906864529648,0.5016009860590006,-0.05495394783085633,-0.12796691297118956,2.810070085085161,-2.7491163959706872,0,0,0,0,1.2368008111155588,-0.5355631219682401,-0.7610845560746444,0.08526310788033681,-3.1738068550006258,-0.06787665059598479,0,0,0,0,0,0,0,0,0,0,0,0,0,0,0,0,0,0,-0.21757899925051405,0.0011686256160970078,-0.07230039065748531,-0.0011699446430482737,-0.19448134440394085,-0.2021810096108991,-0.6643266039188466,0,0,0.5587393694558964,0.7694672114038218,0.5077613955511405,0.24492189139606624,0.2615941266644141,0.18549551760237337,-0.12124124532346166,0.08030026655362954,-0.50501029111788,-1.0226639162338145,-0.7944744952269184,-0.24389970228881322,-0.11721355474218535,-0.10277371125020057,0.06218896214013907,-0.28782207876089433,-0.198707948280333,0.2966085581567581,0.01404018167449121,-0.08826402655619757,-0.14747337503747474,-0.11490428093279044,0.02272495169403026,-0.20332784339757,-0.0007298525038977367,0.03701875505185323,0.10527815241627803,-0.3000773405758931,0.003566877102209087,0.7377928060964509,-0.26454433847626213,0.09608581968835894,0,0,0,0,0.026160383055530638,0.12010692153471123,0.026160383055531606,-0.02616038305553083,0,0,0],"bias":0.5649647446867941,"scaler":{"mu":[104.00628930817611,1232.3396226415093,401.67295597484275,830.6666666666666,5.735849056603773,106.79245283018868,1262.2012578616352,410.47798742138366,851.7232704402516,4.477987421383648,1.89937106918239,1.679245283018868,1,0,0,0,20.324310666974476,64.24247830433549,0.18824635537668596,-0.06285263578562758,1449.867835515805,-0.2643299054907774,0,0,0,0,0,0,0,0,0,0,0,0,0,0,0,0,0,0,313.6666666666667,312.98878406708593,309.75576519916143,308.70220125786153,3.910901467505243,4.2865828092243214,2.892546540619999,0,0,0.008209462976918458,0.0049607067233315375,0.0077540158571344255,0.024431099565496182,0.46071166011184866,0.46092624151958905,0.46083931110495224,0.4645753748731041,0.01016423243661605,0.008077517561918933,0.00992001390162097,0.02466543256738146,0.4611424228572018,0.46064415777247114,0.4614866908142378,0.46409322771368994,0.8182120318535783,0.8143582568027611,0.8159031888624061,0.8052845763404912,0.5873318432105543,0.589470239923789,0.5887276098718659,0.5714734929666597,0.15494410328128783,0.15596891611924832,0.15562986867289114,0.14526538899363586,3.1309924183887965,3.2912537554154953,3.200255734561778,2.989590138237271,0,0,0,0,0.20125786163522014,0.779874213836478,66.00628930817611,3.993710691823899,0,0,0],"sd":[68.9317862485309,805.7225424884621,274.1693801595072,571.9193511630822,4.249236454073236,69.84962063453644,813.7375589471001,282.37589997468905,558.2259738548178,3.694014328813167,1.5385812649478554,1.4550746364698535,1,1,1,1,998.1614806439019,982.9868998210649,5.575666910331747,5.071537859971211,2.899147917303215,3.8823825531832825,1,1,1,1,1,1,1,1,1,1,1,1,1,1,1,1,1,1,124.90844026180663,122.45303137701484,124.4733837549546,122.08779453377073,114.77474639857633,109.87204244467436,2.35072182254102,1,1,0.09093907796775073,0.09742332161302894,0.09236067393018423,0.1031262305616584,0.04170346541946867,0.04554104810427495,0.04276741771149271,0.04757204392807753,0.08700091170256394,0.09850186583191581,0.09108580152834751,0.09611086595389733,0.038233297099896216,0.04334416042782637,0.040671231800841756,0.04406689984145724,0.10053669096299188,0.10895060984157494,0.103682913836153,0.14213667341511488,0.09824566065971338,0.10027211792436413,0.09851984687633265,0.11860978600192223,0.05962174744788502,0.0679168557530712,0.06386687677620016,0.05858460406076192,2.0082680207911543,2.2260593334369014,2.0680540552886275,2.1294225012919097,1,1,1,1,0.4009403132203588,0.4143312979119652,2.004701566101786,2.004701566101788,1,1,1]},"features":["off_1st_down_s2d","off_total_yds_s2d","off_rush_yds_s2d","off_pass_yds_s2d","off_turnovers_s2d","def_1st_down_s2d","def_total_yds_s2d","def_rush_yds_s2d","def_pass_yds_s2d","def_turnovers_s2d","wins_s2d","losses_s2d","home","sim_winrate_same_loc_s2d","sim_pointdiff_same_loc_s2d","sim_count_same_loc_s2d","off_total_yds_s2d_minus_opp","def_total_yds_s2d_minus_opp","off_turnovers_s2d_minus_opp","def_turnovers_s2d_minus_opp","elo_pre","elo_diff","rest_days","rest_diff","off_third_down_att_s2d","off_third_down_conv_s2d","off_third_down_pct_s2d","off_red_zone_att_s2d","off_red_zone_td_s2d","off_red_zone_td_pct_s2d","off_dropbacks_s2d","off_sacks_taken_s2d","off_sack_rate_s2d","off_pass_att_s2d","off_rush_att_s2d","off_neutral_pass_rate_s2d","off_third_down_pct_s2d_minus_opp","off_red_zone_td_pct_s2d_minus_opp","off_sack_rate_s2d_minus_opp","off_neutral_pass_rate_s2d_minus_opp","off_yds_for_3g","off_yds_for_5g","def_yds_against_3g","def_yds_against_5g","net_yds_3g","net_yds_5g","qb_ypa_3g","qb_sack_rate_3g","qb_qbr","off_epa_per_play_s2d","off_epa_per_play_w3","off_epa_per_play_w5","off_epa_per_play_exp","off_success_rate_s2d","off_success_rate_w3","off_success_rate_w5","off_success_rate_exp","def_epa_per_play_allowed_s2d","def_epa_per_play_allowed_w3","def_epa_per_play_allowed_w5","def_epa_per_play_allowed_exp","def_success_rate_allowed_s2d","def_success_rate_allowed_w3","def_success_rate_allowed_w5","def_success_rate_allowed_exp","rb_rush_share_s2d","rb_rush_share_w3","rb_rush_share_w5","rb_rush_share_exp","wr_target_share_s2d","wr_target_share_w3","wr_target_share_w5","wr_target_share_exp","te_target_share_s2d","te_target_share_w3","te_target_share_w5","te_target_share_exp","qb_aypa_s2d","qb_aypa_w3","qb_aypa_w5","qb_aypa_exp","qb_sack_rate_s2d","qb_sack_rate_w3","qb_sack_rate_w5","qb_sack_rate_exp","roof_dome","roof_outdoor","weather_temp_f","weather_wind_mph","weather_precip_pct","weather_impact_score","weather_extreme_flag"]},"decision_tree":{"params":{"depth":6,"minSamples":8},"alpha":2},"bt":{"coefficients":[0.12983393382320768,-0.11385612170564564,-0.052505881996690124,-0.004223324251508415,0.09691777721584445,0.003980618010047427,-0.0015439213972494909,-0.004963585529865067,0.0009214285106719776,0.0018132921648966048],"intercept":0.18641123804692725,"scaler":{"mu":[1.4610586924828413,3.674568168324394,-0.265178272014974,0,-0.0074710559750753155,0,0,0,0,0],"sd":[86.02746371548247,563.9321027122121,16.93346879335243,1,0.096372790802105,1,1,1,1,1]},"features":["diff_total_yards","diff_turnovers","diff_penalty_yards","diff_possession_seconds","diff_r_ratio","diff_elo_pre","diff_inj_out","diff_inj_skill_out","diff_inj_practice_dnp","diff_inj_out_trend"],"hyperparams":{"steps":1200,"learningRate":0.001,"l2":0.00001}},"ann":{"seeds":[1],"architecture":[92,128,64,32,1],"committee_size":1,"max_epochs":15,"dropout":0.5},"ensemble":{"weights":{"logistic":0.9,"tree":0,"bt":0,"ann":0.09999999999999998},"calibration":{"type":"platt","beta":0.06993312546882106,"source":"platt"},"calibration_beta":0.06993312546882106,"calibration_hash":"10bc7a443d3f6250215037562327df9148d0ce20674065009a60069b6ad72c12","oof_variance":{"ann":{"mean":0.5351213280440503,"var":0.01801633269387455}}},"pca":[{"component":1,"explained_variance":0.19405939322157242,"top_loadings":[{"feature":"off_1st_down_s2d","loading":0.27400081811097776},{"feature":"off_total_yds_s2d","loading":0.27374289529695855},{"feature":"off_pass_yds_s2d","loading":0.26620715843841913},{"feature":"def_total_yds_s2d","loading":0.26322378952676756},{"feature":"def_pass_yds_s2d","loading":0.2621298025152924},{"feature":"def_1st_down_s2d","loading":0.2608855064671579},{"feature":"off_rush_yds_s2d","loading":0.24915910091056698},{"feature":"def_rush_yds_s2d","loading":0.2403442349964368},{"feature":"off_turnovers_s2d","loading":0.23167157977818031},{"feature":"wins_s2d","loading":0.19928266965282118}]},{"component":2,"explained_variance":0.14478983844532628,"top_loadings":[{"feature":"off_success_rate_w5",