{"season":2014,"week":17,"generated_at":"2025-11-07T00:33:05.820Z","feature_hash":"6b7b436827ec2e04427231755f35411dd9e475ce","logistic":{"weights":[-0.1731008348245353,-0.5599442583869727,-0.635211665341747,-0.465115253818937,1.7798799156315375,1.1019014459526522,0.1611737260852594,0.13436373648723046,0.08915452360144219,-1.2948821961210335,2.8720967066922958,-2.4389101958964297,0,0,0,0,1.162959697595983,-0.9431280833542176,-1.330864890845033,0.582848948155076,-3.406759038734399,0.060102894155783765,0,0,0,0,0,0,0,0,0,0,0,0,0,0,0,0,0,0,-0.479955321903859,-0.4038057052471945,0.015620793847807546,0.059228965451957584,-0.5652181958062162,-0.5977754879368391,0.18379347727227863,0,0,2.022221026598474,1.3044009751915007,0.13244259224489244,-0.06803173038851769,0.344494690142759,-0.10578408886410666,-0.14782275314003593,-0.05022680924500336,-2.2813036069831067,-1.1940213313454073,0.3092252820389004,0.29649717057760744,-0.7896344871266184,0.13966518526869623,0.4581150800264294,-0.5932622894032508,-0.2829679864469452,-0.0020667021251830277,-0.43859312724215727,0.41860019527833714,-0.29094641552497125,0.6911505829799223,-0.08221612396075235,-0.2370961974334181,0.21943243114817712,0.03455595908358649,0.2682636020900935,-0.3063016381387179,0.44476333323854184,-0.8571809863501705,0.20523724699962448,0.15693380553132344,0,0,0,0,0.06633784719051868,0.1975277229960927,0.06633784719051967,-0.06633784719051826,0,0,0],"bias":1.071820444785442,"scaler":{"mu":[145.8284518828452,1711.4225941422594,524.0794979079498,1187.3430962343095,6.418410041841004,145.05439330543933,1713.7112970711298,520.0794979079498,1193.63179916318,5.163179916317992,2.405857740585774,2.297071129707113,1,0,0,0,-33.60066997070708,0.1339658137544123,-0.050947480065093385,0.11390454017821998,1449.8666876743457,-0.282409522954274,0,0,0,0,0,0,0,0,0,0,0,0,0,0,0,0,0,0,339.95536959553687,339.33584379358456,343.79916317991626,343.42559274755916,-3.8437935843793527,-4.089748953974893,7.75512344418691,0,0,-0.004667042702134227,-0.01038838906710797,-0.009800163000362388,-0.013267138227565959,0.4319251145278315,0.43077337540805904,0.43157341055118026,0.4288127639782348,-0.005593612032872115,-0.013154983135009714,-0.009449315957821815,-0.013557561295264513,0.4308601640720783,0.43053681554387085,0.4307209325804595,0.428563091169953,0.8413663350285375,0.8421406376944345,0.8431942748722707,0.8373764838125117,0.5916166566925863,0.5946476864272017,0.5926163668231307,0.5902332270174684,0.21492343741082046,0.21157654373665977,0.21233266458960937,0.21875888252656225,8.323147371669556,8.366848269118902,8.33871171780059,8.314468717603354,0,0,0,0,0.1297071129707113,0.7531380753138075,65.64853556485356,4.351464435146443,0,0,0],"sd":[87.11729136106499,1009.8386140543012,337.7617162197056,708.8023013285555,4.885363245560223,87.14515119096619,1038.8875186868186,337.2591934322319,727.448552001375,4.076997409830426,1.8586356168790317,1.8901948603261318,1,1,1,1,1191.9772775063757,1169.595270676725,6.04567056757773,5.216602476647504,4.2531659745545545,5.689679562084199,1,1,1,1,1,1,1,1,1,1,1,1,1,1,1,1,1,1,105.73119411666426,102.60782926023113,104.86314217113461,100.59218546753948,77.63897428218118,64.6779466375363,2.529224608728278,1,1,0.07410669083575239,0.0970320344360784,0.08618635801925491,0.07966659864171322,0.03455487138334994,0.04389932920923516,0.03893996941074177,0.03976812462791543,0.06415461961674626,0.09727997133167979,0.0796572764269619,0.07247808464117647,0.028856442403318715,0.04223006301994952,0.034966364621009785,0.03374671906731782,0.07197535514602302,0.08073010753292965,0.0744662237389169,0.0755954170989785,0.08165395316725096,0.08789580431537669,0.08332330806824129,0.07971543661719015,0.06497648846851037,0.07185429719831207,0.0690914061521097,0.06526564816669475,1.0940625988837382,1.4629587222394176,1.2896685450364307,1.141104121971586,1,1,1,1,0.33598091882652303,0.43118570804981643,1.6799045941326125,1.679904594132614,1,1,1]},"features":["off_1st_down_s2d","off_total_yds_s2d","off_rush_yds_s2d","off_pass_yds_s2d","off_turnovers_s2d","def_1st_down_s2d","def_total_yds_s2d","def_rush_yds_s2d","def_pass_yds_s2d","def_turnovers_s2d","wins_s2d","losses_s2d","home","sim_winrate_same_loc_s2d","sim_pointdiff_same_loc_s2d","sim_count_same_loc_s2d","off_total_yds_s2d_minus_opp","def_total_yds_s2d_minus_opp","off_turnovers_s2d_minus_opp","def_turnovers_s2d_minus_opp","elo_pre","elo_diff","rest_days","rest_diff","off_third_down_att_s2d","off_third_down_conv_s2d","off_third_down_pct_s2d","off_red_zone_att_s2d","off_red_zone_td_s2d","off_red_zone_td_pct_s2d","off_dropbacks_s2d","off_sacks_taken_s2d","off_sack_rate_s2d","off_pass_att_s2d","off_rush_att_s2d","off_neutral_pass_rate_s2d","off_third_down_pct_s2d_minus_opp","off_red_zone_td_pct_s2d_minus_opp","off_sack_rate_s2d_minus_opp","off_neutral_pass_rate_s2d_minus_opp","off_yds_for_3g","off_yds_for_5g","def_yds_against_3g","def_yds_against_5g","net_yds_3g","net_yds_5g","qb_ypa_3g","qb_sack_rate_3g","qb_qbr","off_epa_per_play_s2d","off_epa_per_play_w3","off_epa_per_play_w5","off_epa_per_play_exp","off_success_rate_s2d","off_success_rate_w3","off_success_rate_w5","off_success_rate_exp","def_epa_per_play_allowed_s2d","def_epa_per_play_allowed_w3","def_epa_per_play_allowed_w5","def_epa_per_play_allowed_exp","def_success_rate_allowed_s2d","def_success_rate_allowed_w3","def_success_rate_allowed_w5","def_success_rate_allowed_exp","rb_rush_share_s2d","rb_rush_share_w3","rb_rush_share_w5","rb_rush_share_exp","wr_target_share_s2d","wr_target_share_w3","wr_target_share_w5","wr_target_share_exp","te_target_share_s2d","te_target_share_w3","te_target_share_w5","te_target_share_exp","qb_aypa_s2d","qb_aypa_w3","qb_aypa_w5","qb_aypa_exp","qb_sack_rate_s2d","qb_sack_rate_w3","qb_sack_rate_w5","qb_sack_rate_exp","roof_dome","roof_outdoor","weather_temp_f","weather_wind_mph","weather_precip_pct","weather_impact_score","weather_extreme_flag"]},"decision_tree":{"params":{"depth":6,"minSamples":13},"alpha":2},"bt":{"coefficients":[0.1847106509223133,-0.2313779715922192,-0.033712889421846824,0.0019787299734953367,-0.006793431252130266,-0.003451335041826669,-0.0011158675043354445,0.0044020689470051794,0.0026113602426634163,-0.0023225459766574672],"intercept":0.12183327297618046,"scaler":{"mu":[-1.8742805347969766,-3.970832272949892,0.5451853869546582,0,0.0032083629252980996,0,0,0,0,0],"sd":[52.66343839417662,473.9061945698102,16.656710411233536,1,0.08403442558944045,1,1,1,1,1]},"features":["diff_total_yards","diff_turnovers","diff_penalty_yards","diff_possession_seconds","diff_r_ratio","diff_elo_pre","diff_inj_out","diff_inj_skill_out","diff_inj_practice_dnp","diff_inj_out_trend"],"hyperparams":{"steps":1200,"learningRate":0.001,"l2":0.00001}},"ann":{"seeds":[1],"architecture":[92,128,64,32,1],"committee_size":1,"max_epochs":15,"dropout":0.5},"ensemble":{"weights":{"logistic":0.9,"tree":0,"bt":0,"ann":0.09999999999999998},"calibration":{"type":"platt","beta":0.0034582238738648558,"source":"platt"},"calibration_beta":0.0034582238738648558,"calibration_hash":"ae36929a6904ee684d73adb7a8f74d6a43cb9368193fdf5db0c51cf9e901b810","oof_variance":{"ann":{"mean":0.48978427209606523,"var":0.03142390667978586}}},"pca":[{"component":1,"explained_variance":0.19326748330432378,"top_loadings":[{"feature":"def_total_yds_s2d","loading":0.28090203094790733},{"feature":"def_1st_down_s2d","loading":0.2791805019660461},{"feature":"def_pass_yds_s2d","loading":0.2786912578155004},{"feature":"off_total_yds_s2d","loading":0.2776936558169451},{"feature":"off_pass_yds_s2d","loading":0.27685725915109277},{"feature":"off_1st_down_s2d","loading":0.27498744067863773},{"feature":"def_rush_yds_s2d","loading":0.2641649618667368},{"feature":"off_rush_yds_s2d","loading":0.24925475580329692},{"feature":"off_turnovers_s2d","loading":0.244998292257784},{"feature":"def_turnovers_s2d","loading":0.23860348083284497}]},{"component":2,"explained_variance":0.13665192941068485,"top_loadings":[{"feature":"off_epa_per_play_s2d",