{"season":2010,"week":5,"generated_at":"2025-11-07T00:24:57.792Z","feature_hash":"1628ecf72187b8e181c552363ec25040495dc500","logistic":{"weights":[-0.284402750591418,-0.4579336574040348,-0.507611323890033,-0.36385136533814916,1.2818313446749514,1.1337752246516763,0.08622694611284915,0.20230069736520195,-0.012259011179121863,-1.158226450501904,2.9302559225393905,-2.3931773080562793,0,0,0,0,0.7048629387872015,-0.7052303864043175,-0.7979584188570876,0.8148019577608878,-3.8091992480944548,-0.08318567247444458,0,0,0,0,0,0,0,0,0,0,0,0,0,0,0,0,0,0,-0.6312064228690643,0.12883529257131185,0.07163641770358922,0.22102036800402414,-0.8889805781129015,-0.025699160444477356,-0.01067301155635104,0,0,2.0143778795237215,0.957430034068498,-0.09704186705556943,-0.291456719150795,0.4806580207928974,-0.19369432227837338,-0.772283445820352,0.2917467110535746,-1.7966734705312968,-0.4793040843236536,-0.3177754938157977,0.27466910984326165,-0.15804285296141135,-0.1444985872732522,0.29508542299942886,0.12374329268066428,-0.1369463943624022,0.14165642727080463,-0.16004995975615957,0.09514604544245307,0.33692596664427993,0.5889362541145834,0.19183693827933887,0.17866246405404093,-0.024481679691334534,-0.3383540389534494,0.11178874143502422,0.48529206076755405,0.5509627590357974,-0.10563665265188894,-0.26028121322587944,0.03381109572621456,0,0,0,0,0.07194485952053177,0.03883045254685625,0.07194485952053314,-0.07194485952053167,0,0,0],"bias":0.8806586454158978,"scaler":{"mu":[69.96774193548387,837.8387096774194,274.85483870967744,562.983870967742,4.193548387096774,68.6774193548387,826.1290322580645,267.4032258064516,558.7258064516129,3.064516129032258,1.2580645161290323,1.1935483870967742,1,0,0,0,6.058977163284406,-22.847778647867816,0.2495299903945483,-0.10029647582039057,1449.878013639046,-0.20364961944051907,0,0,0,0,0,0,0,0,0,0,0,0,0,0,0,0,0,0,245.50806451612902,245.50806451612902,250.32258064516128,250.32258064516128,-4.814516129032259,-4.814516129032259,6.2937801735206635,0,0,-0.024621368952912195,-0.023431347077364495,-0.024621368952912195,-0.03519164506321791,0.43034464503866904,0.4318098977128669,0.43034464503866904,0.42566187651364656,-0.03423265822330662,-0.03212310827074658,-0.03423265822330662,-0.046411336929767885,0.42667222679912986,0.4284467409103922,0.42667222679912986,0.4210273682937665,0.8308811118070021,0.8285391756297181,0.8308811118070021,0.8421123075262664,0.5829031289178739,0.5823358072534842,0.5829031289178739,0.5824786222023072,0.2083333758377395,0.20991006081881608,0.2083333758377395,0.20868585939254686,8.303634121057698,8.337824096310525,8.303634121057698,8.201451813520674,0,0,0,0,0.1774193548387097,0.7580645161290323,65.88709677419355,4.112903225806452,0,0,0],"sd":[35.97219703350456,411.2220651772684,146.51608375590558,296.49400211174833,2.944862720265084,33.736538148474814,399.29629567249077,158.764428826365,283.82963821203634,2.078080439794375,0.8786992562500798,0.9129659160054777,1,1,1,1,218.65259480168768,199.18716268349934,3.028250597104413,2.295907496801448,1.4976016325430495,2.3835672735997484,1,1,1,1,1,1,1,1,1,1,1,1,1,1,1,1,1,1,154.75657387389327,154.75657387389327,155.41075148294723,155.41075148294723,76.77115428195535,76.77115428195535,3.942729617528948,1,1,0.10469708289971694,0.10689651215077556,0.10469708289971694,0.11273384700589159,0.04621878148781314,0.04673101837892568,0.04621878148781314,0.05020528635733841,0.10153436497884633,0.10558840836848359,0.10153436497884633,0.1066075137288435,0.043183576643730105,0.04517535645605509,0.043183576643730105,0.04616681819374551,0.13311888316583614,0.1439828140939076,0.13311888316583614,0.11230364527001212,0.10030937159599955,0.1016859840932366,0.10030937159599955,0.10899557719259928,0.07779155112300278,0.0776324978623964,0.07779155112300278,0.08591244500738955,1.3307559352165579,1.3783818697327743,1.3307559352165579,1.4167344108077136,1,1,1,1,0.38202320265571005,0.4282554208823144,1.9101160132785506,1.9101160132785502,1,1,1]},"features":["off_1st_down_s2d","off_total_yds_s2d","off_rush_yds_s2d","off_pass_yds_s2d","off_turnovers_s2d","def_1st_down_s2d","def_total_yds_s2d","def_rush_yds_s2d","def_pass_yds_s2d","def_turnovers_s2d","wins_s2d","losses_s2d","home","sim_winrate_same_loc_s2d","sim_pointdiff_same_loc_s2d","sim_count_same_loc_s2d","off_total_yds_s2d_minus_opp","def_total_yds_s2d_minus_opp","off_turnovers_s2d_minus_opp","def_turnovers_s2d_minus_opp","elo_pre","elo_diff","rest_days","rest_diff","off_third_down_att_s2d","off_third_down_conv_s2d","off_third_down_pct_s2d","off_red_zone_att_s2d","off_red_zone_td_s2d","off_red_zone_td_pct_s2d","off_dropbacks_s2d","off_sacks_taken_s2d","off_sack_rate_s2d","off_pass_att_s2d","off_rush_att_s2d","off_neutral_pass_rate_s2d","off_third_down_pct_s2d_minus_opp","off_red_zone_td_pct_s2d_minus_opp","off_sack_rate_s2d_minus_opp","off_neutral_pass_rate_s2d_minus_opp","off_yds_for_3g","off_yds_for_5g","def_yds_against_3g","def_yds_against_5g","net_yds_3g","net_yds_5g","qb_ypa_3g","qb_sack_rate_3g","qb_qbr","off_epa_per_play_s2d","off_epa_per_play_w3","off_epa_per_play_w5","off_epa_per_play_exp","off_success_rate_s2d","off_success_rate_w3","off_success_rate_w5","off_success_rate_exp","def_epa_per_play_allowed_s2d","def_epa_per_play_allowed_w3","def_epa_per_play_allowed_w5","def_epa_per_play_allowed_exp","def_success_rate_allowed_s2d","def_success_rate_allowed_w3","def_success_rate_allowed_w5","def_success_rate_allowed_exp","rb_rush_share_s2d","rb_rush_share_w3","rb_rush_share_w5","rb_rush_share_exp","wr_target_share_s2d","wr_target_share_w3","wr_target_share_w5","wr_target_share_exp","te_target_share_s2d","te_target_share_w3","te_target_share_w5","te_target_share_exp","qb_aypa_s2d","qb_aypa_w3","qb_aypa_w5","qb_aypa_exp","qb_sack_rate_s2d","qb_sack_rate_w3","qb_sack_rate_w5","qb_sack_rate_exp","roof_dome","roof_outdoor","weather_temp_f","weather_wind_mph","weather_precip_pct","weather_impact_score","weather_extreme_flag"]},"decision_tree":{"params":{"depth":6,"minSamples":8},"alpha":6},"bt":{"coefficients":[0.17193523251775802,-0.06657707448176402,0.058861132824107626,-0.003394744993896495,0.07745105895162341,0.003311852261517275,0.0010055740979813953,0.0012465706757038917,-0.003571885714395741,-0.0011846008547509198],"intercept":0.08373606848591282,"scaler":{"mu":[-1.6683589111932209,56.18843350866095,-0.5290695706692417,0,-0.011392107536558931,0,0,0,0,0],"sd":[51.155515014811876,484.6360989365231,14.208643278422006,1,0.08938980642116723,1,1,1,1,1]},"features":["diff_total_yards","diff_turnovers","diff_penalty_yards","diff_possession_seconds","diff_r_ratio","diff_elo_pre","diff_inj_out","diff_inj_skill_out","diff_inj_practice_dnp","diff_inj_out_trend"],"hyperparams":{"steps":1200,"learningRate":0.001,"l2":0.00001}},"ann":{"seeds":[1],"architecture":[92,128,64,32,1],"committee_size":1,"max_epochs":15,"dropout":0.5},"ensemble":{"weights":{"logistic":0.9,"tree":0,"bt":0,"ann":0.09999999999999998},"calibration":{"type":"platt","beta":0.15659753373860938,"source":"platt"},"calibration_beta":0.15659753373860938,"calibration_hash":"7b4ce866f8eafead262d0547b973ea1bfeb67ba471a7ce8b0ecc959c1072db40","oof_variance":{"ann":{"mean":0.5485778897786118,"var":0.012542263946816182}}},"pca":[{"component":1,"explained_variance":0.23442249308606383,"top_loadings":[{"feature":"off_1st_down_s2d","loading":-0.21411154580662003},{"feature":"off_total_yds_s2d","loading":-0.20913393879933584},{"feature":"def_total_yds_s2d","loading":-0.20792706305338343},{"feature":"def_1st_down_s2d","loading":-0.2076907008110066},{"feature":"off_pass_yds_s2d","loading":-0.20034447423111848},{"feature":"def_pass_yds_s2d","loading":-0.1922506239457558},{"feature":"off_yds_for_3g","loading":-0.18970185546886684},{"feature":"off_yds_for_5g","loading":-0.18970185546886684},{"feature":"off_rush_yds_s2d","loading":-0.18154699855529585},{"feature":"def_yds_against_3g","loading":-0.1805199597170851}]},{"component":2,"explained_variance":0.1624646347146481,"top_loadings":[{"feature":"off_turnovers_s2d",