{"season":2001,"week":3,"generated_at":"2025-11-07T00:08:07.600Z","feature_hash":"fdb0cd5f0c8a04a351738737c77b3602e3f2b577","logistic":{"weights":[-0.4765366378687977,-0.03997046654574633,-0.10371240142701468,-0.028089951868448884,0.3466872158677842,0.2744323127092581,0.13346253970337504,0.3909504611232487,0.0025163604018275353,-0.4833367942189957,2.7659869738110223,-2.408167998869534,0,0,0,0,0.7656212671147813,-0.6237398067808548,-0.9636059439973299,0.25680909011245007,-2.4678293820845374,0.5476938798495037,0,0,0,0,0,0,0,0,0,0,0,0,0,0,0,0,0,0,0.09516147903847215,0.16366069481755724,-0.1227873215339928,0.28359063327621126,0.17792774757417001,-0.3359453054113782,-0.640914662138133,0,0,0.039922705018760794,0.039922705018760794,0.039922705018760794,0.027165262051769393,0.04823972999944674,0.04823972999944674,0.04823972999944674,0.03427195254824129,-0.0449023687748684,-0.0449023687748684,-0.0449023687748684,-0.03115327995870303,-0.03663569683059339,-0.03663569683059339,-0.03663569683059339,-0.04576226784050746,-0.2655170364126733,0.4313357014109712,0.0372781563235038,-0.3185402567428252,-0.037162891058567064,0.150571928696007,0.17641246106301098,-0.5266942032079128,0.0054818878707915235,-0.3302861684216519,0.009358383639452383,-0.03244645786087605,0.05674200774611728,0.6180420086986584,-0.20940263792534952,0.0856020267527635,0,0,0,0,0.02139978871455971,-0.021399788714559782,0.021399788714560445,-0.02139978871455965,0,0,0],"bias":0.5183980314745843,"scaler":{"mu":[33.96551724137931,426.17241379310343,145.72413793103448,280.44827586206895,2.5172413793103448,41.93103448275862,499.7241379310345,151.44827586206895,348.2758620689655,1.6551724137931034,0.7586206896551724,0.6896551724137931,1,0,0,0,-81.2874884794532,43.56002184243106,-0.6067597516801588,-0.8204521081439191,1450.0431034482758,0.12931034482758622,0,0,0,0,0,0,0,0,0,0,0,0,0,0,0,0,0,0,125,125,156.3793103448276,156.3793103448276,-31.379310344827587,-31.379310344827587,1.6322120025600328,0,0,-0.0358271156832397,-0.0358271156832397,-0.0358271156832397,-0.033239216730526676,0.43974345975378204,0.43974345975378204,0.43974345975378204,0.4360539402068053,-0.017139817407919138,-0.017139817407919138,-0.017139817407919138,-0.015007148153319674,0.43919372629795245,0.43919372629795245,0.43919372629795245,0.43632981571756524,0.7030640643939529,0.7030640643939529,0.7030640643939529,0.7039824406339557,0.5453533371521544,0.5453533371521544,0.5453533371521544,0.5421300807472857,0.16649113844264382,0.16649113844264382,0.16649113844264382,0.16431412759792038,3.049561815526428,3.049561815526428,3.049561815526428,3.4661703136644975,0,0,0,0,0.10344827586206896,0.896551724137931,65.51724137931035,4.482758620689655,0,0,0],"sd":[16.447372201013394,211.8097827452438,82.00037701836126,145.42389553845362,1.7144555716766972,19.23346766030999,235.5872920511227,84.15281100756899,164.85393671927596,1.9168196013361785,0.7265968105415682,0.6487892318009234,1,1,1,1,284.61238073939876,249.71154983299857,2.8175404935458666,2.7764291969283525,0.8358068719683327,1.1533696689879012,1,1,1,1,1,1,1,1,1,1,1,1,1,1,1,1,1,1,159.3594938366148,159.3594938366148,184.1681042048838,184.1681042048838,129.52151034057505,129.52151034057505,3.074975014530025,1,1,0.14690073063912545,0.14690073063912545,0.14690073063912545,0.15491049571934462,0.05695999848448875,0.05695999848448875,0.05695999848448875,0.05370294595129578,0.13636558726578613,0.13636558726578613,0.13636558726578613,0.13547136080907135,0.04732100358342501,0.04732100358342501,0.04732100358342501,0.04755479522303287,0.2398067056284762,0.2398067056284762,0.2398067056284762,0.24163231772933189,0.20699830153300758,0.20699830153300758,0.20699830153300758,0.20797176861889796,0.10450774042606016,0.10450774042606016,0.10450774042606016,0.10948727874638159,3.0864010427333035,3.0864010427333035,3.0864010427333035,3.4686533147446736,1,1,1,1,0.30454347814923605,0.30454347814923605,1.5227173907461808,1.522717390746181,1,1,1]},"features":["off_1st_down_s2d","off_total_yds_s2d","off_rush_yds_s2d","off_pass_yds_s2d","off_turnovers_s2d","def_1st_down_s2d","def_total_yds_s2d","def_rush_yds_s2d","def_pass_yds_s2d","def_turnovers_s2d","wins_s2d","losses_s2d","home","sim_winrate_same_loc_s2d","sim_pointdiff_same_loc_s2d","sim_count_same_loc_s2d","off_total_yds_s2d_minus_opp","def_total_yds_s2d_minus_opp","off_turnovers_s2d_minus_opp","def_turnovers_s2d_minus_opp","elo_pre","elo_diff","rest_days","rest_diff","off_third_down_att_s2d","off_third_down_conv_s2d","off_third_down_pct_s2d","off_red_zone_att_s2d","off_red_zone_td_s2d","off_red_zone_td_pct_s2d","off_dropbacks_s2d","off_sacks_taken_s2d","off_sack_rate_s2d","off_pass_att_s2d","off_rush_att_s2d","off_neutral_pass_rate_s2d","off_third_down_pct_s2d_minus_opp","off_red_zone_td_pct_s2d_minus_opp","off_sack_rate_s2d_minus_opp","off_neutral_pass_rate_s2d_minus_opp","off_yds_for_3g","off_yds_for_5g","def_yds_against_3g","def_yds_against_5g","net_yds_3g","net_yds_5g","qb_ypa_3g","qb_sack_rate_3g","qb_qbr","off_epa_per_play_s2d","off_epa_per_play_w3","off_epa_per_play_w5","off_epa_per_play_exp","off_success_rate_s2d","off_success_rate_w3","off_success_rate_w5","off_success_rate_exp","def_epa_per_play_allowed_s2d","def_epa_per_play_allowed_w3","def_epa_per_play_allowed_w5","def_epa_per_play_allowed_exp","def_success_rate_allowed_s2d","def_success_rate_allowed_w3","def_success_rate_allowed_w5","def_success_rate_allowed_exp","rb_rush_share_s2d","rb_rush_share_w3","rb_rush_share_w5","rb_rush_share_exp","wr_target_share_s2d","wr_target_share_w3","wr_target_share_w5","wr_target_share_exp","te_target_share_s2d","te_target_share_w3","te_target_share_w5","te_target_share_exp","qb_aypa_s2d","qb_aypa_w3","qb_aypa_w5","qb_aypa_exp","qb_sack_rate_s2d","qb_sack_rate_w3","qb_sack_rate_w5","qb_sack_rate_exp","roof_dome","roof_outdoor","weather_temp_f","weather_wind_mph","weather_precip_pct","weather_impact_score","weather_extreme_flag"]},"decision_tree":{"params":{"depth":6,"minSamples":8},"alpha":6},"bt":{"coefficients":[0.12164193013754437,-0.04796645408665727,-0.08528240225825909,-0.0032852788840613367,-0.036891104962430324,-0.002285544147153175,-0.004346638452192129,-0.0034819227457234155,0.0040648781659237765,-0.002898033674196966],"intercept":0.017880798736409038,"scaler":{"mu":[-15.230311465784137,-96.48996224926755,-0.44827942066118587,0,-0.005060388316723146,0,0,0,0,0],"sd":[63.530267331210986,448.93107533335217,10.634344532590905,1,0.08397797482791017,1,1,1,1,1]},"features":["diff_total_yards","diff_turnovers","diff_penalty_yards","diff_possession_seconds","diff_r_ratio","diff_elo_pre","diff_inj_out","diff_inj_skill_out","diff_inj_practice_dnp","diff_inj_out_trend"],"hyperparams":{"steps":1200,"learningRate":0.001,"l2":0.00001}},"ann":{"seeds":[1],"architecture":[92,128,64,32,1],"committee_size":1,"max_epochs":15,"dropout":0.5},"ensemble":{"weights":{"logistic":0.9350649350649352,"tree":0,"bt":0,"ann":0.06493506493506492},"calibration":{"type":"platt","beta":-0.026153617367001197,"source":"platt"},"calibration_beta":-0.026153617367001197,"calibration_hash":"f7e8a2c7f00ccd7c04b7cb7edb264c88e7532fa07d69427bee51dda27b8a613e","oof_variance":{"ann":{"mean":0.4908184233826734,"var":0.0302877073135566}}},"pca":[{"component":1,"explained_variance":0.298605283380301,"top_loadings":[{"feature":"off_epa_per_play_exp","loading":0.21380566188124103},{"feature":"off_epa_per_play_s2d","loading":0.2104261361034482},{"feature":"off_epa_per_play_w3","loading":0.2104261361034482},{"feature":"off_epa_per_play_w5","loading":0.2104261361034482},{"feature":"def_total_yds_s2d_minus_opp","loading":-0.19611373744428248},{"feature":"rb_rush_share_exp","loading":0.1916545135119127},{"feature":"rb_rush_share_s2d","loading":0.19015262722513776},{"feature":"rb_rush_share_w3","loading":0.19015262722513776},{"feature":"rb_rush_share_w5","loading":0.19015262722513776},{"feature":"off_total_yds_s2d_minus_opp","loading":0.1770087570305696}]},{"component":2,"explained_variance":0.16334044967061637,