{"season":2021,"week":12,"generated_at":"2025-11-07T00:47:38.739Z","feature_hash":"1e9f649987318cfd4b65439b0d4cb68f94a3e4b0","logistic":{"weights":[-0.5935902874910619,-0.5735028686064344,-0.01910537031105577,-0.701713772577178,1.6435682198455739,0.7615829654748746,0.25487112993543004,-0.07833135881205434,0.3480897695339791,-1.0188813561597847,3.2830291848197044,-2.9022924998101876,0,0,0,0,0.8992543695763809,-0.5121158040399945,-0.716277683764422,0.5922123261744555,-4.072539951876549,-0.034647699969561234,0,0,0,0,0,0,0,0,0,0,0,0,0,0,0,0,0,0,-0.30136069433949053,-0.22074600109447365,0.21126463200415757,-0.09507833533691956,-0.5029069162418678,-0.07695377789663223,-0.02955387337016251,0,0,2.3732735256265762,0.9904591773136838,-0.09003509649829279,-0.34930428571419203,0.3902627832625014,0.00661961496332664,-0.4566164642138005,-0.5113679573520705,-1.8664500809933349,-1.2466741781618282,0.06314326243085092,0.895446121535142,-0.2051206989936011,0.5641471821056749,-0.22214736843148758,-0.19699969211537444,-0.3080649971378393,0.47884800535428484,-0.5321440833862082,0.4169275592686362,-0.008314674589926534,0.3212640640993436,-0.008543256199577303,-0.019906119890581973,0.18431318370683886,0.3686572619618639,0.4068161722156199,-0.09557360337175541,0.05111512169520842,-0.1338023555370406,-0.5390300589087682,0.7391787087335991,0,0,0,0,0.11561649355856794,-0.0658864593868298,0.11561649355856912,-0.11561649355856765,0,0,0,0.13865437881563816,0.01747611575290921,-0.03148336975159425,-0.12395259598293557,-0.2253736411344817,0.1537390135688409,0.5880421744695515,0.36510497989220386,0,0.2995520023264535,-0.1697422735044476,0.15695576596592492,0.11901189485811119,0.07117805065999076,-0.6955753452740474,0.07820797739785161,0.11694279817003735,-0.5643099780015977,0.2861293311321265,0.010083907209341606,0.4250063705756324,-0.3256190648612025,0.14372542554909437,-0.5552284306235608,-0.4951017784287053,0.14012150180058655,-0.15303511201529207,-0.21874995854447304,-0.38553258138150914,-0.287609624680308,-0.7755548928409729,0.8626110727604599,0.09391119308254338,-0.2378107970549957,-0.3344631535078393,-0.5217554503751481,0.14187067183673419,-0.013661592094920674,-0.2806172978490275,-0.3103933413610016,-0.22747188241586883],"bias":-0.11572299071779764,"scaler":{"mu":[146.71341463414635,1701.2378048780488,515.7865853658536,1185.4512195121952,5.7317073170731705,145.54268292682926,1700.1768292682927,512.5731707317074,1187.6036585365853,3.9695121951219514,2.298780487804878,2.2804878048780486,1,0,0,0,60.269749958772934,67.12195278697362,0.384921384596933,-0.15506304638576543,1450.0691220369843,0.002333604527048398,0,0,0,0,0,0,0,0,0,0,0,0,0,0,0,0,0,0,334.7073170731707,336.52479674796757,334.7469512195121,337.963211382114,-0.039634146341461854,-1.4384146341463406,7.166240168469122,0,0,0.009846602574256999,0.004252446134239471,0.007001454635417343,0.006891489670305498,0.4381827758399826,0.43721566857377286,0.4373241021145935,0.43610542759457294,0.011541158327134926,0.010059341475178356,0.008826269387081772,0.009884129632574002,0.43765313914463233,0.4360573781378383,0.43700941443267854,0.4353317252204289,0.8069642800133237,0.8090743419736703,0.808945493343495,0.8115610876858291,0.5927819796903856,0.5882572374556271,0.5910920464552549,0.58811301295452,0.20796394545712746,0.21103163364171612,0.20901810154989853,0.21192448926297813,7.995274464020094,7.976014765389552,8.005075832574319,7.877903693988196,0,0,0,0,0.17682926829268292,0.7195121951219512,65.88414634146342,4.115853658536586,0,0,0,-0.34146341463414637,-0.9817073170731707,-0.22987804878048781,-0.676829268292683,-0.19329268292682925,-0.024390243902439025,-0.006097560975609756,-0.04878048780487805,0,0.032225609756097555,3.3658536585365852,3.0853658536585367,1.727439024390244,0.04878048780487805,3.7810975609756086,0.8646341463414638,1.2865853658536586,2.0792682926829267,0.34146341463414637,-0.04878048780487805,-0.042682926829268296,-0.006097560975609756,-0.0975609756097561,0.018292682926829267,-0.006097560975609756,-0.030603658536585372,0.042682926829268296,-0.008536585365853657,0.07317073170731707,0.004957317073170725,0,-1.1524390243902438,-0.07317073170731707,-0.036585365853658534,-0.10975609756097561,-0.004219512195121948,-0.024390243902439025,0.054878048780487805,0.021841463414634145,0.03048780487804878,1.282926829268293],"sd":[92.57052454841954,1060.8482447206522,364.59021041076323,727.4636635370906,4.192178490916455,91.64255525827137,1048.3696746992307,328.6997492147642,738.6444623050606,3.415216631503071,1.9449116791307712,1.792765884923059,1,1,1,1,1273.360561426648,1245.1504235164196,4.7227788876163,4.597380952081644,3.138805775455424,4.545785325956561,1,1,1,1,1,1,1,1,1,1,1,1,1,1,1,1,1,1,122.28670956692046,121.23549165130771,120.81961160182361,120.36465651029582,73.17783972786727,69.13220113914343,2.756290378202187,1,1,0.08216189216601251,0.10111987685834822,0.08827056152639648,0.0870640732141924,0.03723976668541003,0.043842279419843845,0.038700755800280984,0.03612472468827316,0.08118782009269644,0.09888163239582866,0.08627285570823257,0.0876679693196564,0.035434074935025615,0.04231137325845897,0.03778375348013605,0.03541430052851432,0.08771605572181644,0.0947098428707743,0.09078076094211478,0.08872444060323888,0.09088108730639409,0.09468925385266887,0.0898307819044629,0.09994867299898269,0.06363068980305173,0.07122253373544805,0.0658904447637634,0.06558530827162855,1.0647096741711217,1.3722783474799272,1.2016372605854415,1.135970391557799,1,1,1,1,0.3815241514868448,0.449237572107168,1.907620757434226,1.9076207574342283,1,1,1,2.5457736961631454,11.034575682811846,6.836337450801085,5.115657428138655,2.230911743440253,0.38176770347557465,0.25891309445807503,1.2916470769241084,1,0.6041723155732285,15.584945984649353,15.019256923186573,9.094566363705479,0.32768363030596087,46.74335686480465,14.87101758086989,13.877409807828695,10.41983612301355,1.9982889766065781,0.4103074107624564,0.3376859877073268,0.19898986429366744,0.5434702428087115,2.7105767565891012,0.7690424139046514,0.375046381178909,1.8849552293191947,0.13206716649640451,3.9610311782717536,0.1970311152414504,2.1241928165661466,7.2529174215849705,3.1265210456511343,2.8303456737572836,6.195013922622547,0.21677312093693185,0.24572489853182794,0.5325164463335432,0.3536430427640554,0.37324843762933885,43.10104634822359]},