{"season":2025,"week":9,"generated_at":"2025-11-10T23:43:42.298Z","feature_hash":"5e935bda53d12ced8485a2ed3d1f5a5242e4faf9","logistic":{"weights":[-0.27585460442561927,-0.16635617608366582,-0.09870203538946884,-0.1763581972705631,0.6356289418933909,0.07859408186400993,0.11707815988323839,0.33059287279338806,0.07909921777047454,-0.6388566033113712,2.6492469508397347,-2.452726742350334,0,0,0,0,0.2848869496811672,-0.7382788311297123,-0.2927778541219828,0.6544871416446263,-2.858337009981206,-0.21409730832519427,0,0,0,0,0,0,0,0,0,0,0,0,0,0,0,0,0,0,-0.1708489979778906,0.04933495776924415,-0.08670370030935382,0.1253061657898199,-0.031434506062507334,-0.06675155631954775,-0.024426085929541208,0,0,0.576658546101077,0.9702275716749248,0.2605251178130358,0.3702844713884861,0.10997052257185212,-0.028261801984931778,-0.16871746489941766,-0.29118007717255306,-0.6158478891168097,-0.17571157318020017,-0.22406044413201018,-0.1275297954473904,-0.013434331306907972,-0.10113877061505305,-0.11199119547955783,0.18972344762025753,-0.07208587707311005,-0.10687655310254854,0.23219307532035044,0.12577197799990428,-0.12149742173712799,-0.1446533650886721,0.1730362095034082,0.13994479677062488,0.08559679824630376,-0.0982679444509965,-0.24100667441362775,0.24291972803849635,0.04756319711695956,-0.337510357378957,0.0379020176502909,0.18379383125909166,0,0,0,0,-0.1063139939900294,-0.0747103225586872,-0.08388914868239815,0.0748855099553009,0.019525639675476023,0.027972544633518392,-0.008293919549636685,0.4021601356600074,-0.2731518941455297,-0.062312030571904646,-0.030870591024602812,0.04319020607579948,-0.21087249520950532,0.2480797270813976,0.10269457788905237,0.005662917076252144,0.0331112288550116,0.032651597846731675,-0.07493462645745853,0.14213732351431624,-0.540304198206342,-0.03326431008546849,0.2698260532551587,0.08990648059958779,-0.16966638929907893,0.12217157143840511,0.0005936570633631032,-0.21580872570774576,0.09091770770751705,0.09034866513168585,-0.4751243783813571,-0.3349013283685445,0.18220983189423445,-0.29606719240668006,0.21786916459795483,-0.1161836239108565,-0.15955492122956313,-0.565681445678083,0.5573998511854069,0.1946557680041891,-0.16415682067238402,-0.22074198544005644,0.4972424986897353,-0.11216072458856857,-0.24945813284746254,0.4778691006170331,-0.8956477376774582,0.08396392523170568],"bias":0.6995108203568183,"scaler":{"mu":[115.325,1363.825,458.3666666666667,905.4583333333334,4.066666666666666,113.40833333333333,1339.7666666666667,440.90833333333336,898.8583333333333,2.966666666666667,2.025,1.9416666666666667,1,0,0,0,30.702719610212274,-34.57505847417753,-0.2697198056601543,0.35444321261386846,1449.937495549487,-0.06358720173312425,0,0,0,0,0,0,0,0,0,0,0,0,0,0,0,0,0,0,294.0319444444445,291.1823611111111,295.55555555555554,295.14097222222216,-1.5236111111111097,-3.958611111111112,6.509603956751927,0,0,0.028691375376908287,0.03302066953553327,0.02913251897923119,0.03604334247877872,0.4671914455793023,0.47139817444815063,0.468113756468964,0.46660097646577114,0.020346480579081953,0.025900285077776607,0.02171702123883717,0.028189815014971312,0.46277294254493884,0.4674302010749988,0.4640603651573156,0.46232267155593404,0.7878637956027823,0.7915362135310927,0.7897853933126012,0.7787845927099594,0.5960099401582486,0.58984287885837,0.5944079165890049,0.5998072413937164,0.22303682929402655,0.22730754403025247,0.2236172217527072,0.22218584860909832,7.622343820052453,7.607532221577374,7.638583660009138,7.5754311612935235,0,0,0,0,0.18333333333333332,0.6666666666666666,65.80833333333334,4.366666666666666,1.8416666666666666,0.019583333333333338,0.025,0.058333333333333334,-0.016666666666666666,-0.45333333333333325,0.38333333333333336,0.10916666666666665,-0.041666666666666664,0.025,0.10833333333333334,0,-0.12264166666666668,-2.0166666666666666,-1.7708333333333333,-1.673333333333333,0,-7.641666666666667,1.3241666666666665,-2.15,0.13333333333333333,0.075,0.025,-0.025,-0.004166666666666667,0.008333333333333333,-0.2,0.008333333333333333,-0.007016666666666663,0.041666666666666664,0.0006499999999999996,-0.18333333333333332,-0.005824999999999999,-0.008333333333333333,-0.18333333333333332,-0.14166666666666666,0.15,0,0.011366666666666664,-0.016666666666666666,0.041666666666666664,0.03348333333333333,-0.008333333333333333,5.370833333333334],"sd":[69.12695596991573,795.4358727819192,276.5989254417948,535.4313820935,3.308406800191831,67.49759203523898,787.6441109762424,272.8532571375236,536.4008497357385,2.68617861572077,1.6302479361536804,1.634502132828899,1,1,1,1,687.6568372219593,729.2215392497644,4.2977251379240995,3.0735745684417544,2.6185624460131525,3.7146532364583664,1,1,1,1,1,1,1,1,1,1,1,1,1,1,1,1,1,1,126.38355659539182,124.37846865246641,126.61954593813806,125.10058304879067,78.0639644417787,72.87621369878504,2.838776615960872,1,1,0.0919685648501512,0.10576206216392282,0.09539142567448917,0.10541201275063782,0.03722247665710395,0.04253289422115742,0.03807936374364924,0.04481374178560187,0.08515701768969872,0.09630621505989889,0.0893066955372803,0.10078522657872874,0.03646006213370772,0.042373461091556215,0.038770882499338355,0.04312936790305809,0.08174672517735453,0.0835575869872386,0.08167959214255849,0.08984583097445628,0.08792570639779794,0.09175264929362754,0.08864060142575943,0.09720853166130854,0.06536744035377756,0.06987834920125119,0.0661676833546156,0.0742765143415079,1.1345309294843566,1.3382053578692406,1.177542176704979,1.2424199637885744,1,1,1,1,0.3869395588747969,0.4714045207910313,3.039451247986861,3.45912641508742,12.920910593126006,0.08834021199632451,0.1561249499599599,1.97186812157631,12.317997221770893,7.0906150806698145,9.225131736487864,3.713556153548178,0.8405933750763341,0.20258742968572027,0.9468881783094668,1,0.49703589400621295,12.91509667877954,13.55342758513711,9.195032475321781,0.3415650255319866,39.57118813676883,13.297637608696602,12.10072311888839,8.317585119625903,1.3793869411203423,0.30173111650386114,0.4175823272122515,0.23713422125220343,0.5399974279774137,2.68824602048746,0.758241752711861,0.3783174589180657,1.4571423708371432,0.07499218292595565,3.6628389111301205,0.21552075161106876,2.410034001604311,6.319260681088854,2.8673327714484445,2.993465104746226,6.26631204670392,0.166448286930873,0.25766041389567185,0.43581022883309595,0.36655281527890204,0.3762940634958543,40.16348340601892]},