{"season":2015,"week":16,"generated_at":"2025-11-07T00:34:42.874Z","feature_hash":"3b5ea446b7f332f48937f4610446dbc705a961ff","logistic":{"weights":[-0.19709372997362487,-0.4927301453225218,-0.2962833459172636,-0.5006500208565077,1.90175259490925,1.2041062160808207,0.25469259783173986,0.19245292754245052,0.19927901428905692,-1.5182478655520135,3.173905416047314,-2.5638850890331635,0,0,0,0,0.7730197622610044,-1.1672915084290283,-1.290464979821825,0.8988195301033156,-3.3144256833336017,-0.2627594463194251,0,0,0,0,0,0,0,0,0,0,0,0,0,0,0,0,0,0,-0.5581224867534244,-0.3945178366494899,-0.34840588786905996,-0.2085161820518807,-0.048845874539441184,-0.06596284698423731,-0.03306154555067718,0,0,1.8440694795783967,1.1030794263399635,0.3839579934558992,-0.40061295781479456,-0.13236993128607902,-0.34731006787354024,-0.1741051746264778,-0.4630769453907185,-2.088361658614914,-0.8887916473508847,0.7045757961599488,0.4023382491490559,-0.5072168878288769,0.18143278872610025,0.4584811345729456,-0.0763781906545058,-0.287719481691881,0.490967894410742,-0.3147914384559721,0.11303011237942372,0.010638508076511321,1.0235064091121306,0.2561984086848639,-0.10305373905770818,0.20587266703924764,0.19771203962275102,0.43294254931106413,-0.2606415061049429,0.1257737116085202,-0.5083364275285341,-0.029903009463722693,-0.12628044935194402,0,0,0,0,0.08429879565927423,0.334957144677674,0.08429879565927505,-0.08429879565927374,0,0,0],"bias":0.49992695329357933,"scaler":{"mu":[133.58035714285714,1614.3214285714287,475.875,1138.4464285714287,5.892857142857143,135.03571428571428,1606.325892857143,466.0580357142857,1140.267857142857,4.433035714285714,2.1919642857142856,2.1651785714285716,1,0,0,0,31.640158745479,31.436840435422784,0.15055509596019015,-0.13536076243220613,1449.8637641728026,-0.3272859378525784,0,0,0,0,0,0,0,0,0,0,0,0,0,0,0,0,0,0,339.0215773809526,340.61488095238093,343.65327380952385,344.1924107142857,-4.63169642857143,-3.577529761904761,7.673516367243686,0,0,-0.0049970544889535685,-0.010027969624056431,-0.008402837144678035,-0.009748160786002727,0.4300506688726857,0.42677848137593744,0.4277802545308413,0.42873440088362924,-0.002742449887805341,-0.005745912929543577,-0.0026505157910802772,-0.007926330310479053,0.4295741047915767,0.4268053549318314,0.4289815678939975,0.4287814035899825,0.8476344823308898,0.8468562424047675,0.8474347059809972,0.8439397388624295,0.580420097967898,0.5789733097825034,0.5775764982389957,0.574966381971868,0.22245004095040471,0.22700005993818326,0.22684210211874054,0.2235980754346568,8.174906641305926,8.334119127292125,8.27181647571616,8.022026167702332,0,0,0,0,0.125,0.7723214285714286,65.625,4.375,0,0,0],"sd":[78.22833319302005,938.0159695781696,290.8281317756982,682.6021815095016,3.9963312256751355,81.52162602772398,968.0252985409388,287.6476503276165,700.2017691624792,3.3132549919349152,1.709669892576234,1.7789548407014453,1,1,1,1,1081.8776155318685,1084.459345786701,5.137407597166781,4.671278653775559,4.137534562308438,5.993378599243475,1,1,1,1,1,1,1,1,1,1,1,1,1,1,1,1,1,1,104.9757963208018,102.94503227174332,106.68804691417661,103.83982574931825,69.36978667884284,59.150564991709075,2.555412291504645,1,1,0.07741784904174497,0.09293558071883237,0.08415699034267049,0.0886899352875005,0.03193826839354185,0.04057818975620983,0.0359077781616667,0.03758144292059461,0.0727582240611739,0.0900100944249909,0.0808648685539746,0.08291435921974512,0.030971195005140385,0.04119229604730344,0.035920671917329366,0.037456181152309476,0.08438527279955359,0.08671075008438309,0.08334781678750887,0.08705430354094873,0.09408952544717235,0.09834526433415322,0.09507247468309646,0.0973634406617254,0.08032826053094896,0.08718998965883441,0.08349979894964484,0.0794399393519852,1.3511901349516646,1.499387825154837,1.4130824254525736,1.4392597668239095,1,1,1,1,0.33071891388307384,0.41933404290710397,1.653594569415369,1.653594569415369,1,1,1]},"features":["off_1st_down_s2d","off_total_yds_s2d","off_rush_yds_s2d","off_pass_yds_s2d","off_turnovers_s2d","def_1st_down_s2d","def_total_yds_s2d","def_rush_yds_s2d","def_pass_yds_s2d","def_turnovers_s2d","wins_s2d","losses_s2d","home","sim_winrate_same_loc_s2d","sim_pointdiff_same_loc_s2d","sim_count_same_loc_s2d","off_total_yds_s2d_minus_opp","def_total_yds_s2d_minus_opp","off_turnovers_s2d_minus_opp","def_turnovers_s2d_minus_opp","elo_pre","elo_diff","rest_days","rest_diff","off_third_down_att_s2d","off_third_down_conv_s2d","off_third_down_pct_s2d","off_red_zone_att_s2d","off_red_zone_td_s2d","off_red_zone_td_pct_s2d","off_dropbacks_s2d","off_sacks_taken_s2d","off_sack_rate_s2d","off_pass_att_s2d","off_rush_att_s2d","off_neutral_pass_rate_s2d","off_third_down_pct_s2d_minus_opp","off_red_zone_td_pct_s2d_minus_opp","off_sack_rate_s2d_minus_opp","off_neutral_pass_rate_s2d_minus_opp","off_yds_for_3g","off_yds_for_5g","def_yds_against_3g","def_yds_against_5g","net_yds_3g","net_yds_5g","qb_ypa_3g","qb_sack_rate_3g","qb_qbr","off_epa_per_play_s2d","off_epa_per_play_w3","off_epa_per_play_w5","off_epa_per_play_exp","off_success_rate_s2d","off_success_rate_w3","off_success_rate_w5","off_success_rate_exp","def_epa_per_play_allowed_s2d","def_epa_per_play_allowed_w3","def_epa_per_play_allowed_w5","def_epa_per_play_allowed_exp","def_success_rate_allowed_s2d","def_success_rate_allowed_w3","def_success_rate_allowed_w5","def_success_rate_allowed_exp","rb_rush_share_s2d","rb_rush_share_w3","rb_rush_share_w5","rb_rush_share_exp","wr_target_share_s2d","wr_target_share_w3","wr_target_share_w5","wr_target_share_exp","te_target_share_s2d","te_target_share_w3","te_target_share_w5","te_target_share_exp","qb_aypa_s2d","qb_aypa_w3","qb_aypa_w5","qb_aypa_exp","qb_sack_rate_s2d","qb_sack_rate_w3","qb_sack_rate_w5","qb_sack_rate_exp","roof_dome","roof_outdoor","weather_temp_f","weather_wind_mph","weather_precip_pct","weather_impact_score","weather_extreme_flag"]},"decision_tree":{"params":{"depth":6,"minSamples":12},"alpha":2},"bt":{"coefficients":[0.05750097481334674,-0.06329841714133615,-0.08137663770887754,-0.003944688355182782,-0.04039445647042013,-0.004278548187852807,0.004875403935845792,0.002381121376382104,-0.0011090451861300663,0.0010930732025683408],"intercept":0.02818996163271053,"scaler":{"mu":[-2.3374725698462453,4.855180006094112,-0.09304964555752357,0,0.004440958761742217,0,0,0,0,0],"sd":[44.935186906332206,478.02347065333663,13.707015817902983,1,0.081463549523222,1,1,1,1,1]},"features":["diff_total_yards","diff_turnovers","diff_penalty_yards","diff_possession_seconds","diff_r_ratio","diff_elo_pre","diff_inj_out","diff_inj_skill_out","diff_inj_practice_dnp","diff_inj_out_trend"],"hyperparams":{"steps":1200,"learningRate":0.001,"l2":0.00001}},"ann":{"seeds":[1],"architecture":[92,128,64,32,1],"committee_size":1,"max_epochs":15,"dropout":0.5},"ensemble":{"weights":{"logistic":0.75,"tree":0.15,"bt":0,"ann":0.1},"calibration":{"type":"platt","beta":0.004228624083076706,"source":"platt"},"calibration_beta":0.004228624083076706,"calibration_hash":"a58183f283e98d225ff905c91da9a448deb8db0896791ef8c84d694ebd2151c9","oof_variance":{"ann":{"mean":0.5397346234562688,"var":0.03565999239235644}}},"pca":[{"component":1,"explained_variance":0.19486400903050347,"top_loadings":[{"feature":"def_total_yds_s2d","loading":0.2796943492671948},{"feature":"off_total_yds_s2d","loading":0.2779999000761524},{"feature":"def_1st_down_s2d","loading":0.27792901836603645},{"feature":"def_pass_yds_s2d","loading":0.2774812351210863},{"feature":"off_pass_yds_s2d","loading":0.2746311068491089},{"feature":"off_1st_down_s2d","loading":0.27428655963076687},{"feature":"def_rush_yds_s2d","loading":0.265805592784552},{"feature":"off_rush_yds_s2d","loading":0.2520545475412665},{"feature":"off_turnovers_s2d","loading":0.22350110897566777},{"feature":"def_turnovers_s2d","loading":0.2185380276574302}]},{"component":2,"explained_variance":0.1576678916626316,"top_loadings":[{"feature":"def_epa_per_play_allowed_w5","loading":0.23121880038932477},{"feature":"def_epa_per_play_allowed_s2d",