{"season":2005,"week":19,"generated_at":"2025-11-07T00:16:17.423Z","feature_hash":"903f3b6a81cd8b2f500ad43f8378fc705895372c","logistic":{"weights":[-0.4916499221100086,-0.3364503472190176,-0.550053517568368,-0.17567591946286767,1.1757074923117419,0.789705182846452,0.02041564890317555,0.3351194097940597,-0.15450228849645334,-0.7265596212429299,3.0757998566347955,-2.966822126518724,0,0,0,0,1.0006141021547301,-0.6469692893255031,-0.838618563831572,0.8576491451393161,-3.204520307606668,0.4692637342066194,0,0,0,0,0,0,0,0,0,0,0,0,0,0,0,0,0,0,0.1737328187769104,0.42739842148650575,0.5568247336861143,0.44901169673179614,-0.44371956584633965,-0.0010307048500561439,-1.5022522004152208,0,0,0.7186687149607532,0.650896448093976,0.6318537741226009,-0.330140996194916,-0.1322125105796144,0.12376827949726886,-0.1432267888179398,-0.45178450802055864,-1.236545568915213,-0.15965782704788123,-0.017627523805506754,0.15061937588080945,-0.6454073487043887,-0.38380432697382566,0.5017629569599483,-0.1492569776403819,-0.1231033531010682,-0.042602355638593416,0.16422903932100616,0.19663775159123795,0.0037340945053157275,-0.4902563278068412,-0.29854811566143186,0.18927941066182,0.25612574156645307,0.1910364696489337,-0.2663567692876716,0.03930617153792037,0.2905872334868324,0.5537116744466618,0.023073075680987428,0.020680994019811726,0,0,0,0,-0.03055167127404576,0.025013009974638994,-0.030551671274044536,0.030551671274045764,0,0,0],"bias":0.9934405170693095,"scaler":{"mu":[147.41153846153847,1747.7615384615385,598.3153846153846,1149.446153846154,8.680769230769231,146.42307692307693,1743.4730769230769,593.6653846153846,1149.8076923076924,6.0807692307692305,2.6615384615384614,2.65,1,0,0,0,12.618809786387644,-10.49456441788251,0.16475092564003851,-0.17127320120072956,1449.9440322372452,-0.2986511836982406,0,0,0,0,0,0,0,0,0,0,0,0,0,0,0,0,0,0,310.4019230769232,310.3871153846156,311.9442307692309,312.9037820512822,-1.5423076923076902,-2.5166666666666657,6.365677779740633,0,0,0.0012595650298895611,0.0005440412275144229,0.0009484057339775053,-0.004485712086412963,0.4456443537684246,0.4472624554256511,0.44756693835558736,0.44583876732990735,-0.0026929519571445054,-0.0024422131623221643,-0.0007072223015773025,-0.006109252868411132,0.44551103680722076,0.44715291535226065,0.4474492389422868,0.4457300599554432,0.8609325453612767,0.856750935216728,0.8570340695538619,0.8580780035249427,0,0,0,0,0,0,0,0,6.953274975027863,6.860495026859357,6.88319256818395,7.044752991578115,0,0,0,0,0.16538461538461538,0.823076923076923,65.82692307692308,4.173076923076923,0,0,0],"sd":[93.04372349733495,1087.0478568747997,405.5595571290342,722.4027809122985,6.337466081278932,91.0027358324687,1085.175219477231,407.6145232581954,709.0452258132204,4.612401279391261,2.0941451208028177,2.2592970315837344,1,1,1,1,1003.2635572172106,999.927016688313,6.570347290026571,5.626721775756692,4.8161359380152025,6.74956909287398,1,1,1,1,1,1,1,1,1,1,1,1,1,1,1,1,1,1,95.57169466472851,93.37225307811804,95.40491971608282,92.03351868504642,76.33393743893322,69.66665340142188,2.117886154482445,1,1,0.0819106195593765,0.1015339829484787,0.09070729220158408,0.08900257456195214,0.03546081623654603,0.04433954841338614,0.040101765946885734,0.03747855778011132,0.07361115880475821,0.09549642365093276,0.08264192566908628,0.08011047191280171,0.03384032363821508,0.0462995631947263,0.04025325071219143,0.03481120826425435,0.06879864355521144,0.0940278857439349,0.09020020918102607,0.0757966344334623,1,1,1,1,1,1,1,1,1.2224457728196596,1.4415047340946052,1.3275110861050978,1.495093796723765,1,1,1,1,0.3715273130991829,0.38160359245576914,1.8576365654959102,1.8576365654959124,1,1,1]},"features":["off_1st_down_s2d","off_total_yds_s2d","off_rush_yds_s2d","off_pass_yds_s2d","off_turnovers_s2d","def_1st_down_s2d","def_total_yds_s2d","def_rush_yds_s2d","def_pass_yds_s2d","def_turnovers_s2d","wins_s2d","losses_s2d","home","sim_winrate_same_loc_s2d","sim_pointdiff_same_loc_s2d","sim_count_same_loc_s2d","off_total_yds_s2d_minus_opp","def_total_yds_s2d_minus_opp","off_turnovers_s2d_minus_opp","def_turnovers_s2d_minus_opp","elo_pre","elo_diff","rest_days","rest_diff","off_third_down_att_s2d","off_third_down_conv_s2d","off_third_down_pct_s2d","off_red_zone_att_s2d","off_red_zone_td_s2d","off_red_zone_td_pct_s2d","off_dropbacks_s2d","off_sacks_taken_s2d","off_sack_rate_s2d","off_pass_att_s2d","off_rush_att_s2d","off_neutral_pass_rate_s2d","off_third_down_pct_s2d_minus_opp","off_red_zone_td_pct_s2d_minus_opp","off_sack_rate_s2d_minus_opp","off_neutral_pass_rate_s2d_minus_opp","off_yds_for_3g","off_yds_for_5g","def_yds_against_3g","def_yds_against_5g","net_yds_3g","net_yds_5g","qb_ypa_3g","qb_sack_rate_3g","qb_qbr","off_epa_per_play_s2d","off_epa_per_play_w3","off_epa_per_play_w5","off_epa_per_play_exp","off_success_rate_s2d","off_success_rate_w3","off_success_rate_w5","off_success_rate_exp","def_epa_per_play_allowed_s2d","def_epa_per_play_allowed_w3","def_epa_per_play_allowed_w5","def_epa_per_play_allowed_exp","def_success_rate_allowed_s2d","def_success_rate_allowed_w3","def_success_rate_allowed_w5","def_success_rate_allowed_exp","rb_rush_share_s2d","rb_rush_share_w3","rb_rush_share_w5","rb_rush_share_exp","wr_target_share_s2d","wr_target_share_w3","wr_target_share_w5","wr_target_share_exp","te_target_share_s2d","te_target_share_w3","te_target_share_w5","te_target_share_exp","qb_aypa_s2d","qb_aypa_w3","qb_aypa_w5","qb_aypa_exp","qb_sack_rate_s2d","qb_sack_rate_w3","qb_sack_rate_w5","qb_sack_rate_exp","roof_dome","roof_outdoor","weather_temp_f","weather_wind_mph","weather_precip_pct","weather_impact_score","weather_extreme_flag"]},"decision_tree":{"params":{"depth":6,"minSamples":14},"alpha":2},"bt":{"coefficients":[0.18874106550629738,-0.08607339800484769,-0.3584305053803524,-0.0014601527494905835,-0.0649016593086419,-0.004166431539161643,-0.00030616586415160087,-0.0005151156425716687,0.004886368992588375,0.0018437820047015096],"intercept":-0.036100867834432004,"scaler":{"mu":[-0.5058613732857586,1.1441197053951633,0.7729172671682792,0,0.0015176319901688104,0,0,0,0,0],"sd":[57.446601130742735,483.6969716026897,15.158802695949749,1,0.11425336280662222,1,1,1,1,1]},"features":["diff_total_yards","diff_turnovers","diff_penalty_yards","diff_possession_seconds","diff_r_ratio","diff_elo_pre","diff_inj_out","diff_inj_skill_out","diff_inj_practice_dnp","diff_inj_out_trend"],"hyperparams":{"steps":1200,"learningRate":0.001,"l2":0.00001}},"ann":{"seeds":[1],"architecture":[92,128,64,32,1],"committee_size":1,"max_epochs":15,"dropout":0.5},"ensemble":{"weights":{"logistic":0.9,"tree":0,"bt":0,"ann":0.09999999999999998},"calibration":{"type":"platt","beta":-0.04219994033026859,"source":"platt"},"calibration_beta":-0.04219994033026859,"calibration_hash":"e13d33582ba525116d09e5ac5c4c7e6bf7a1f95ded3ebeb7831ec092fa996b87","oof_variance":{"ann":{"mean":0.4860276540673617,"var":0.04292914799296824}}},"pca":[{"component":1,"explained_variance":0.2099707149542,"top_loadings":[{"feature":"def_total_yds_s2d","loading":0.2907803938303498},{"feature":"off_total_yds_s2d","loading":0.29013723590551377},{"feature":"def_1st_down_s2d","loading":0.2888734741051702},{"feature":"off_1st_down_s2d","loading":0.28691687619274014},{"feature":"def_pass_yds_s2d","loading":0.2867714494517465},{"feature":"off_pass_yds_s2d","loading":0.28347525928754835},{"feature":"def_rush_yds_s2d","loading":0.27529379881822236},{"feature":"off_rush_yds_s2d","loading":0.27273366615871747},{"feature":"off_turnovers_s2d","loading":0.2500741604245257},{"feature":"losses_s2d","loading":0.22593920420450792}]},{"component":2,"explained_variance":0.1927587846133057,"top_loadings":[{"feature":"off_epa_per_play_w5","loading":-0.2837115034344552},{"feature":"off_epa_per_play_s2d","loading":-0.2831584832855895},{"feature":"off_epa_per_play_exp","loading":-0.26927414504003944},{"feature":"off_success_rate_exp","loading":-0.2667414641917387},{"feature":"off_success_rate_w5",