{"season":1999,"week":19,"generated_at":"2025-11-07T00:05:28.820Z","feature_hash":"40d523a47989cf57049221b9bba05169993dd156","logistic":{"weights":[0.05876003231494775,0.2864594762204986,0.4145101160499933,0.18203328593256182,-0.32113870557157326,-0.3187657961277267,-0.1749725307847901,0.17785170857272967,-0.3404545936508937,0.007921123681933736,2.699260492044309,-2.187400522090936,0,0,0,0,1.0988670732245893,-0.5044153725795757,-0.9938790795325926,0.30289830009540447,-1.892060611242717,-0.42545605661245267,0,0,0,0,0,0,0,0,0,0,0,0,0,0,0,0,0,0,0.03851877705332552,0.10127658198138574,0.030211935210166404,0.16113039289099196,-0.08883429789810579,-0.18025818366008867,-0.5385751342636781,0,0,0,0,0,0,0,0,0,0,0,0,0,0,0,0,0,0,-0.04348715075179115,0.06872215728802666,0.02088851068323484,-0.12046602868982317,-0.038538463731145445,0.070674987396456,-0.02210724240497607,-0.05264382946980979,0.1097764624709876,-0.06436558210061648,-0.02735134520718591,0.16801744664136026,-0.025072175567640412,0.2975339713979627,0.025685282976044815,-0.17377570609713083,0,0,0,0,0.08396799950397316,-0.0839679995039732,0.08396799950397357,-0.0839679995039732,0,0,0],"bias":0.7392731409911556,"scaler":{"mu":[155,1871.8650793650793,603.0992063492064,1268.765873015873,10.087301587301587,156.9206349206349,1885.5119047619048,609.547619047619,1275.9642857142858,7.511904761904762,2.8134920634920637,2.9246031746031744,1,0,0,0,-25.76949691883915,-24.239862229521346,-0.36073957385153,0.15429095224625175,1450.0105958411232,-0.17786204746841977,0,0,0,0,0,0,0,0,0,0,0,0,0,0,0,0,0,0,308.759259259259,307.28320105820114,309.57738095238096,308.396097883598,-0.8181216931216944,-1.1128968253968268,2.957822785226968,0,0,0,0,0,0,0,0,0,0,0,0,0,0,0,0,0,0,0.7967205369347865,0.79528691414854,0.794740202144981,0.7754533522344649,0.6053115956110843,0.6030313562501959,0.6046699716708555,0.5946353385034718,0.1571963154585255,0.1600168612044533,0.15699966765740844,0.1493857286095814,3.2799519718923236,3.1544249753454854,3.2404948582845994,3.358648557495198,0,0,0,0,0.23015873015873015,0.7698412698412699,66.15079365079364,3.8492063492063493,0,0,0],"sd":[102.71234296239862,1238.8206459804962,411.2444457088195,857.9002078407061,7.219923757753629,108.73063434028762,1279.0457705616366,445.4342202366395,865.3829244140119,6.114958333423142,2.360584174894513,2.6273647400865836,1,1,1,1,1387.7295322208308,1421.7575697064747,8.910390989140412,7.366076816131044,4.502477561953694,6.554154011332663,1,1,1,1,1,1,1,1,1,1,1,1,1,1,1,1,1,1,99.58433575363964,96.66726243877781,97.70288701586985,95.21096035755205,66.18187397776808,59.14418234850878,2.0853344596276653,1,1,1,1,1,1,1,1,1,1,1,1,1,1,1,1,1,1,0.1313066079316787,0.14790421856625793,0.1430035971219045,0.16148685416606126,0.08509205078279387,0.09799327826102179,0.09204492888629151,0.1060239208042818,0.06544879568343423,0.07508054174779502,0.07086672083584586,0.0716616843215208,1.6368416812786035,2.017281601560662,1.8532517575499894,1.7854489214666498,1,1,1,1,0.4209343049579714,0.42093430495797124,2.1046715247898646,2.1046715247898633,1,1,1]},"features":["off_1st_down_s2d","off_total_yds_s2d","off_rush_yds_s2d","off_pass_yds_s2d","off_turnovers_s2d","def_1st_down_s2d","def_total_yds_s2d","def_rush_yds_s2d","def_pass_yds_s2d","def_turnovers_s2d","wins_s2d","losses_s2d","home","sim_winrate_same_loc_s2d","sim_pointdiff_same_loc_s2d","sim_count_same_loc_s2d","off_total_yds_s2d_minus_opp","def_total_yds_s2d_minus_opp","off_turnovers_s2d_minus_opp","def_turnovers_s2d_minus_opp","elo_pre","elo_diff","rest_days","rest_diff","off_third_down_att_s2d","off_third_down_conv_s2d","off_third_down_pct_s2d","off_red_zone_att_s2d","off_red_zone_td_s2d","off_red_zone_td_pct_s2d","off_dropbacks_s2d","off_sacks_taken_s2d","off_sack_rate_s2d","off_pass_att_s2d","off_rush_att_s2d","off_neutral_pass_rate_s2d","off_third_down_pct_s2d_minus_opp","off_red_zone_td_pct_s2d_minus_opp","off_sack_rate_s2d_minus_opp","off_neutral_pass_rate_s2d_minus_opp","off_yds_for_3g","off_yds_for_5g","def_yds_against_3g","def_yds_against_5g","net_yds_3g","net_yds_5g","qb_ypa_3g","qb_sack_rate_3g","qb_qbr","off_epa_per_play_s2d","off_epa_per_play_w3","off_epa_per_play_w5","off_epa_per_play_exp","off_success_rate_s2d","off_success_rate_w3","off_success_rate_w5","off_success_rate_exp","def_epa_per_play_allowed_s2d","def_epa_per_play_allowed_w3","def_epa_per_play_allowed_w5","def_epa_per_play_allowed_exp","def_success_rate_allowed_s2d","def_success_rate_allowed_w3","def_success_rate_allowed_w5","def_success_rate_allowed_exp","rb_rush_share_s2d","rb_rush_share_w3","rb_rush_share_w5","rb_rush_share_exp","wr_target_share_s2d","wr_target_share_w3","wr_target_share_w5","wr_target_share_exp","te_target_share_s2d","te_target_share_w3","te_target_share_w5","te_target_share_exp","qb_aypa_s2d","qb_aypa_w3","qb_aypa_w5","qb_aypa_exp","qb_sack_rate_s2d","qb_sack_rate_w3","qb_sack_rate_w5","qb_sack_rate_exp","roof_dome","roof_outdoor","weather_temp_f","weather_wind_mph","weather_precip_pct","weather_impact_score","weather_extreme_flag"]},"decision_tree":{"params":{"depth":6,"minSamples":14},"alpha":2},"bt":{"coefficients":[0.14627642068958868,-0.10955665549069739,-0.05338015297532018,0.004729940682244495,0.01973909997407518,0.000918820021891421,-0.003674019313390524,0.00029917737418986705,-0.003844245517973376,0.004194648256818231],"intercept":0.1813532203670627,"scaler":{"mu":[-1.1091440085487678,14.587316690144066,-0.33835298299584027,0,-0.004166805693046903,0,0,0,0,0],"sd":[57.82975163499118,533.1051782427943,14.22392161991693,1,0.11429288574618211,1,1,1,1,1]},"features":["diff_total_yards","diff_turnovers","diff_penalty_yards","diff_possession_seconds","diff_r_ratio","diff_elo_pre","diff_inj_out","diff_inj_skill_out","diff_inj_practice_dnp","diff_inj_out_trend"],"hyperparams":{"steps":1200,"learningRate":0.001,"l2":0.00001}},"ann":{"seeds":[1],"architecture":[92,128,64,32,1],"committee_size":1,"max_epochs":15,"dropout":0.5},"ensemble":{"weights":{"logistic":0.9,"tree":0,"bt":0,"ann":0.09999999999999998},"calibration":{"type":"platt","beta":0.09433455038687942,"source":"platt"},"calibration_beta":0.09433455038687942,"calibration_hash":"48da05c5112c1cbacd78a19f4d2b3b4a90b783e4a93cac82339231562acb6b16","oof_variance":{"ann":{"mean":0.5408691335959281,"var":0.025195890062778527}}},"pca":[{"component":1,"explained_variance":0.2645501218391877,"top_loadings":[{"feature":"def_pass_yds_s2d","loading":0.2810003991358477},{"feature":"def_total_yds_s2d","loading":0.28015783659740817},{"feature":"off_total_yds_s2d","loading":0.2792432769255286},{"feature":"def_1st_down_s2d","loading":0.27886950934473315},{"feature":"off_1st_down_s2d","loading":0.27842467857570663},{"feature":"off_pass_yds_s2d","loading":0.2770212025777688},{"feature":"off_rush_yds_s2d","loading":0.2632881503170696},{"feature":"def_rush_yds_s2d","loading":0.2585381715009409},{"feature":"off_turnovers_s2d","loading":0.2544320493843517},{"feature":"def_turnovers_s2d","loading":0.23193877622883488}]},{"component":2,"explained_variance":0.13335993455969494,"top_loadings":[{"feature":"wr_target_share_w5","loading":-0.3116281016615594},{"feature":"te_target_share_w5","loading":0.30370095182058177},{"feature":"wr_target_share_s2d","loading":-0.30268584947759336},{"feature":"te_target_share_exp","loading":0.3013504615930579},{"feature":"wr_target_share_w3","loading":-0.29953251205073356},{"feature":"te_target_share_s2d","loading":0.29728439579938276},{"feature":"te_target_share_w3","loading":0.28273550560709115},{"feature":"roof_outdoor","loading":0.22954280725424495},{"feature":"roof_dome","loading":-0.2295428072542448},{"feature":"weather_wind_mph","loading":0.22954280725424406}]},{"component":3,"explained_variance":0.10527518817827775,"top_loadings":[{"feature":"qb_aypa_w5","loading":0.2911315505981557},{"feature":"qb_aypa_s2d","loading":0.29037215160177005},{"feature":"qb_aypa_w3","loading":0.2804072114008998},{"feature":"elo_pre","loading":0.26101666604776347},{"feature":"elo_diff",