{"season":1999,"week":4,"generated_at":"2025-11-07T00:04:31.363Z","feature_hash":"c0a8ccc6f34812048fba61efa204213bcb9472e2","logistic":{"weights":[0.1248047814736574,0.2130016237827968,0.13433918114921556,0.20914171609978655,-0.29604311456011023,-0.14062149250167236,-0.07807170292292516,0.023195770175109754,-0.11842011739993442,0.06253864259788895,1.1963720802109234,-1.217724706538716,0,0,0,0,0.44096012283190106,-0.3578261901519651,-0.5212647388876336,0.43385877858963856,-0.5117838743455746,-0.2719011283418879,0,0,0,0,0,0,0,0,0,0,0,0,0,0,0,0,0,0,-0.02727271254264956,-0.02727271254264956,0.03316568100069423,0.03316568100069423,-0.1636991410303671,-0.1636991410303671,-0.3972561123613953,0,0,0,0,0,0,0,0,0,0,0,0,0,0,0,0,0,0,-0.051026090918640424,-0.051026090918640424,-0.051026090918640424,-0.11019664070641046,-0.041309346772161346,-0.041309346772161346,-0.041309346772161346,-0.09204072991690411,-0.10561610078140876,-0.10561610078140876,-0.10561610078140876,-0.13090394509323414,-0.18597366824041636,-0.18597366824041636,-0.18597366824041636,-0.39999766839554224,0,0,0,0,0.017514729764895914,-0.01751472976489595,0.0175147297648962,-0.01751472976489594,0,0,0],"bias":0.08625750228737772,"scaler":{"mu":[52.20454545454545,627.2272727272727,204.86363636363637,422.3636363636364,3.522727272727273,50.06818181818182,596.2727272727273,192.0909090909091,404.1818181818182,2.340909090909091,1.0227272727272727,0.8863636363636364,1,0,0,0,-3.3214836024355154,-65.9839725376647,-0.14126947998007988,-0.07065210124723346,1450.0853294795609,0.31229558104065414,0,0,0,0,0,0,0,0,0,0,0,0,0,0,0,0,0,0,205.9090909090909,205.9090909090909,201.1931818181818,201.1931818181818,4.715909090909091,4.715909090909091,1.6998903857706076,0,0,0,0,0,0,0,0,0,0,0,0,0,0,0,0,0,0,0.772562601712189,0.772562601712189,0.772562601712189,0.7266316536705083,0.6011415496843019,0.6011415496843019,0.6011415496843019,0.5735379311081347,0.14936524178467128,0.14936524178467128,0.14936524178467128,0.1344097818147856,3.498610292829129,3.498610292829129,3.498610292829129,3.1078568883455904,0,0,0,0,0.18181818181818182,0.8181818181818182,65.9090909090909,4.090909090909091,0,0,0],"sd":[27.256841964620506,309.97212951228397,121.2997022609497,210.6849318196908,2.189734690899545,23.06058988371989,269.18406710552364,102.8884696653743,197.84328884788783,1.8579458576388483,0.8115259577889603,0.7451634686706821,1,1,1,1,242.41369539602186,241.45470720293753,2.9642036404361196,2.6779375013536746,1.201811379387987,1.5099566247248906,1,1,1,1,1,1,1,1,1,1,1,1,1,1,1,1,1,1,177.6083623366333,177.6083623366333,173.4173963666947,173.4173963666947,65.86585866600326,65.86585866600326,2.49322374623902,1,1,1,1,1,1,1,1,1,1,1,1,1,1,1,1,1,1,0.16685201201915145,0.16685201201915145,0.16685201201915145,0.2311155799474771,0.1310556182980311,0.1310556182980311,0.1310556182980311,0.1776583725925228,0.0840377582367867,0.0840377582367867,0.0840377582367867,0.08759805141393331,2.844740104142088,2.844740104142088,2.844740104142088,2.9426039151725694,1,1,1,1,0.38569460791993493,0.38569460791993493,1.9284730395996736,1.9284730395996763,1,1,1]},"features":["off_1st_down_s2d","off_total_yds_s2d","off_rush_yds_s2d","off_pass_yds_s2d","off_turnovers_s2d","def_1st_down_s2d","def_total_yds_s2d","def_rush_yds_s2d","def_pass_yds_s2d","def_turnovers_s2d","wins_s2d","losses_s2d","home","sim_winrate_same_loc_s2d","sim_pointdiff_same_loc_s2d","sim_count_same_loc_s2d","off_total_yds_s2d_minus_opp","def_total_yds_s2d_minus_opp","off_turnovers_s2d_minus_opp","def_turnovers_s2d_minus_opp","elo_pre","elo_diff","rest_days","rest_diff","off_third_down_att_s2d","off_third_down_conv_s2d","off_third_down_pct_s2d","off_red_zone_att_s2d","off_red_zone_td_s2d","off_red_zone_td_pct_s2d","off_dropbacks_s2d","off_sacks_taken_s2d","off_sack_rate_s2d","off_pass_att_s2d","off_rush_att_s2d","off_neutral_pass_rate_s2d","off_third_down_pct_s2d_minus_opp","off_red_zone_td_pct_s2d_minus_opp","off_sack_rate_s2d_minus_opp","off_neutral_pass_rate_s2d_minus_opp","off_yds_for_3g","off_yds_for_5g","def_yds_against_3g","def_yds_against_5g","net_yds_3g","net_yds_5g","qb_ypa_3g","qb_sack_rate_3g","qb_qbr","off_epa_per_play_s2d","off_epa_per_play_w3","off_epa_per_play_w5","off_epa_per_play_exp","off_success_rate_s2d","off_success_rate_w3","off_success_rate_w5","off_success_rate_exp","def_epa_per_play_allowed_s2d","def_epa_per_play_allowed_w3","def_epa_per_play_allowed_w5","def_epa_per_play_allowed_exp","def_success_rate_allowed_s2d","def_success_rate_allowed_w3","def_success_rate_allowed_w5","def_success_rate_allowed_exp","rb_rush_share_s2d","rb_rush_share_w3","rb_rush_share_w5","rb_rush_share_exp","wr_target_share_s2d","wr_target_share_w3","wr_target_share_w5","wr_target_share_exp","te_target_share_s2d","te_target_share_w3","te_target_share_w5","te_target_share_exp","qb_aypa_s2d","qb_aypa_w3","qb_aypa_w5","qb_aypa_exp","qb_sack_rate_s2d","qb_sack_rate_w3","qb_sack_rate_w5","qb_sack_rate_exp","roof_dome","roof_outdoor","weather_temp_f","weather_wind_mph","weather_precip_pct","weather_impact_score","weather_extreme_flag"]},"decision_tree":{"params":{"depth":6,"minSamples":8},"alpha":6},"bt":{"coefficients":[0.08239203472823517,-0.014712575995165136,-0.03189066467109571,0.0004151660272685515,-0.008378917374563833,0.0008421940893144054,0.003639869235469875,0.00023703148523891948,0.0008763038883177341,0.002424279782384352],"intercept":0.047132625444920036,"scaler":{"mu":[-2.3272727272727254,-3.4727272727272767,0.09545454545454506,0,-0.0396452123468872,0,0,0,0,0],"sd":[38.54980464303974,326.00305378075853,7.6985817627031015,1,0.1839898009909431,1,1,1,1,1]},"features":["diff_total_yards","diff_turnovers","diff_penalty_yards","diff_possession_seconds","diff_r_ratio","diff_elo_pre","diff_inj_out","diff_inj_skill_out","diff_inj_practice_dnp","diff_inj_out_trend"],"hyperparams":{"steps":1200,"learningRate":0.001,"l2":0.00001}},"ann":{"seeds":[1],"architecture":[92,128,64,32,1],"committee_size":1,"max_epochs":15,"dropout":0.5},"ensemble":{"weights":{"logistic":0.9473684210526316,"tree":0,"bt":0,"ann":0.05263157894736841},"calibration":{"type":"platt","beta":0.32737027612723857,"source":"platt"},"calibration_beta":0.32737027612723857,"calibration_hash":"66e7dda15993f7c8aa43c8dfb11106e7d37cd83fca04f467320011f9b9f4439f","oof_variance":{"ann":{"mean":0.4976075499795351,"var":0.010329961064383393}}},"pca":[{"component":1,"explained_variance":0.29286678266728616,"top_loadings":[{"feature":"off_total_yds_s2d","loading":-0.25146696274359687},{"feature":"def_total_yds_s2d","loading":-0.25139128746029055},{"feature":"off_1st_down_s2d","loading":-0.24770722277576204},{"feature":"off_pass_yds_s2d","loading":-0.2463222112112602},{"feature":"def_pass_yds_s2d","loading":-0.24235406411665333},{"feature":"off_yds_for_3g","loading":-0.2423461543381472},{"feature":"off_yds_for_5g","loading":-0.2423461543381472},{"feature":"def_1st_down_s2d","loading":-0.24219189983898826},{"feature":"def_yds_against_3g","loading":-0.2300347887240151},{"feature":"def_yds_against_5g","loading":-0.2300347887240151}]},{"component":2,"explained_variance":0.1457144345315533,"top_loadings":[{"feature":"qb_aypa_s2d","loading":-0.30495657292766876},{"feature":"qb_aypa_w3","loading":-0.30495657292766876},{"feature":"qb_aypa_w5","loading":-0.30495657292766876},{"feature":"qb_aypa_exp","loading":-0.27938624065156664},{"feature":"elo_pre","loading":-0.2376954546271192},{"feature":"off_turnovers_s2d_minus_opp","loading":0.2222200570511876},{"feature":"te_target_share_s2d","loading":-0.22020601073980295},{"feature":"te_target_share_w3","loading":-0.22020601073980295},{"feature":"te_target_share_w5","loading":-0.22020601073980295},{"feature":"te_target_share_exp","loading":-0.19387149006292834}]},{"component":3,"explained_variance":0.11802270951568605,"top_loadings":[{"feature":"rb_rush_share_s2d","loading":0.28699034124981304},{"feature":"rb_rush_share_w3","loading":0.28699034124981304},{"feature":"rb_rush_share_w5",