{"season":2018,"week":12,"generated_at":"2025-11-07T00:40:01.999Z","feature_hash":"a448db20a464d33647cec73a603f4cebfd094c22","logistic":{"weights":[-0.3497497474320696,-0.4412584380399988,-0.16154822285125656,-0.457898771764214,1.777015270266621,0.6807642650174403,0.04677956228089149,-0.3695559313787497,0.19977759280478524,-0.6374357846683197,3.1818409722640437,-2.621813199036677,0,0,0,0,1.1024838343046517,-0.8470805641460185,-1.4426955872948588,0.5418888691525028,-3.5030835427979827,-0.3201514152254336,0,0,0,0,0,0,0,0,0,0,0,0,0,0,0,0,0,0,-0.41445360929602615,-0.17467216986619985,-0.02158511179118805,0.10777233200845403,-0.359470854455609,-0.2657630126249867,0.13610747257025188,0,0,2.068525041399426,1.1596969662822754,0.11090740821695895,-0.0854979099991343,0.36934076978070113,-0.07799009977548418,-0.0055412875376400165,-0.08713129949406728,-1.9210411924105184,-1.4935919478777036,0.2557945648571052,1.030679282292,-0.10904651391931729,-0.0555919135325896,-0.24162206875045195,0.3040015365119776,-0.46223919770051514,0.5052923196792398,-0.683267339320135,0.3186559972080249,-0.0698766962161895,0.39520937041836185,0.21927723339626073,-0.29295848077038333,-0.17188868382750982,0.23676373568262982,0.053459908152354754,-0.330589466406402,0.13986597499882966,-0.09553292597444919,0.14682391283055626,0.10010670095857017,0,0,0,0,-0.010894943451232496,0.2604868023118198,-0.010894943451230467,0.010894943451232682,0,0,0,-0.1524881803193652,-0.08219186558040978,0.048720355476421756,-0.019768949438566184,0.06737201330718483,0.037604455084759535,0.34647076051044456,0.31191276106292365,0,-0.30705089995270535,0.03494244762144534,0.036986178922459034,0.3811191998287074,-0.12142446077956717,-0.4413319568986348,0.11847308417553772,-0.20598824001069638,0.2277125952992628,-0.26479699513632865,0.13314739406355977,0.0862234178024926,-0.11505996457052584,0.07864562833952173,-0.010990642706966511,-0.1750415541547924,-0.24219075854204333,-0.06201042772816939,0.21139091912759306,-0.31355772902484597,0.1251030623640208,-0.369861348852039,0.11843376275189976,0.2218107661125228,-0.24156107471927332,-0.1101133922852574,-0.19046147274536468,-0.2532151466473037,-0.10857377697768437,-0.0007401019400404156,-0.06790265741040193,-0.12951649953723185],"bias":1.0925986310527136,"scaler":{"mu":[139.53459119496856,1650.1446540880504,488.0817610062893,1162.062893081761,6.012578616352202,139.9811320754717,1651.9748427672955,482.8553459119497,1169.119496855346,4.723270440251572,2.2452830188679247,2.106918238993711,1,0,0,0,164.71162846190722,144.5926732148334,0.48778590728259263,0.5211829992203638,1449.9282896594561,-0.282959323990921,0,0,0,0,0,0,0,0,0,0,0,0,0,0,0,0,0,0,340.8134171907756,342.5938155136268,343.9706498951783,344.39643605870003,-3.1572327044025155,-1.802620545073376,7.373190495696688,0,0,-0.007961898603308959,0.0019137692097709338,-0.004449133918379408,-0.02056022493919139,0.43149945895771374,0.4332717678348725,0.4325798841938781,0.42915866534762165,-0.009880653983673764,-0.0010144839460373518,-0.004348068834610961,-0.024573136094366295,0.4284921073683966,0.4298285693053975,0.4292304484329356,0.42565672449603315,0.8285776995065851,0.8266943549677346,0.8287974585993201,0.8285601635204972,0.5818811036230762,0.5845195702038782,0.5834949669457077,0.5791833235550432,0.19564838790124128,0.1963840873052246,0.19662669336098743,0.19571683900622386,8.085930360215418,8.078724627164206,8.099834207185728,8.117592332757798,0,0,0,0,0.09433962264150944,0.7672955974842768,65.47169811320755,4.528301886792453,0,0,0,-0.2138364779874214,-1.9559748427672956,-1.0861635220125785,-1.0817610062893082,-0.20817610062893088,-0.018867924528301886,0.05660377358490566,0.13836477987421383,0,-0.045207547169811325,-3.150943396226415,-2.047169811320755,-1.6125786163522011,-0.006289308176100629,-5.665408805031445,-0.28679245283018856,-2.3836477987421385,-0.7672955974842768,-0.012578616352201259,0.012578616352201259,-0.0440251572327044,0.05660377358490566,0.025157232704402517,-0.006289308176100629,-0.10062893081761007,-0.04791823899371069,0.031446540880503145,-0.011006289308176103,0.06918238993710692,0.0249937106918239,-0.14465408805031446,0.4276729559748428,-0.36477987421383645,-0.15723270440251572,-0.6666666666666666,-0.034308176100628925,-0.018867924528301886,-0.031446540880503145,-0.01550314465408805,-0.0440251572327044,4.134591194968554],"sd":[87.05935081572525,1024.7176131122,314.7010554819084,735.5406661199355,4.532187361700233,88.62062963104404,1029.0723608645876,317.4937791987613,727.3996709636223,3.7616267551554157,1.8282100437109179,1.8449018482816713,1,1,1,1,1179.5012559209972,1137.8111647132594,5.265941743044643,4.973648954666793,3.165386321101147,3.849044691081342,1,1,1,1,1,1,1,1,1,1,1,1,1,1,1,1,1,1,125.54452656256377,123.96218842802563,123.65136701285543,120.28781107219223,73.6960209908395,65.09934789387309,2.7832853957868244,1,1,0.10399629928319301,0.11788085174719226,0.10931876769847473,0.11788137872766821,0.04640962098829889,0.05052073886617801,0.04679081630523854,0.05207802188998199,0.08641046635071227,0.10577300965279471,0.09109583848213967,0.10243458553352865,0.038568259336746985,0.04312901345353339,0.03864241841043041,0.04707405573586436,0.07503197362821189,0.08631584846522111,0.07697604030603296,0.0792540472804156,0.09828191106131288,0.09923822121668728,0.09706258752866737,0.1073257867936377,0.07008620413441796,0.07502088312434475,0.07070145096208688,0.07194667779658483,1.2331060683565844,1.3216780904037488,1.2675069159387615,1.4789944145588696,1,1,1,1,0.29230062990244593,0.4225553970375048,1.4615031495122321,1.461503149512233,1,1,1,1.6382410412114607,10.914963424831294,8.176446291677202,6.611376276534715,4.579857026598415,0.34516786752232,0.3220469714337635,1.261316011462679,1,0.4657795801680565,14.287342632111894,12.220303814691572,7.855861426956489,0.36336746731205727,39.98827184575796,13.262782433853829,11.496129368928887,10.759927385456418,1.9618609487382763,0.4041828682530719,0.3039759993357122,0.30705095594299703,0.603445927864704,2.4940100703016777,0.7110535062305483,0.23101052192414556,1.6307631567941485,0.09988827071839453,3.904713321611026,0.18683367967209683,2.459320553475581,6.736233685851513,3.72552201170799,2.476390635798154,6.419963622486195,0.21277099478655342,0.23716613377314172,0.5654784098865164,0.3258661197141126,0.39407421881309584,40.76639537816015]},