{"season":2004,"week":11,"generated_at":"2025-11-07T00:13:50.774Z","feature_hash":"b5e16648ddcee3125bfde0c479f21fffc83add53","logistic":{"weights":[-0.4976443067395073,-0.23714204100549763,-0.8638281065322017,0.10004473341423935,1.0069651097428736,0.6727925963558044,0.03919705078928827,-0.1494113119131715,0.15476079503191104,-0.3515199278014052,2.6778315917333644,-2.675056580383881,0,0,0,0,0.9485287680677953,-0.8050781472356275,-0.9809831269248324,0.7157356443208449,-3.2715419076478347,0.17943077318580017,0,0,0,0,0,0,0,0,0,0,0,0,0,0,0,0,0,0,0.1754916389362538,0.3658464643503966,0.31202379806287817,0.41254953101199093,-0.06662539883454026,-0.09995508525899377,-1.1492230367477625,0,0,0.8650233470849232,0.8773249031737913,0.6919876835187959,-0.01903031781978527,0.13231817838075807,0.47139620369994534,-0.16222170285045245,-0.40626311270049786,-0.9072764307009293,-0.38007735895229966,-0.584907011612926,0.4678501422798536,-0.042552430548240636,-0.37020606719052856,0.2396063908687096,0.32377809860994505,-0.4930083763415569,0.22735083267220582,-0.19887822800608107,0.09240536470601864,0.04471742183730336,-0.43820575101902765,-0.26267633150612923,0.2346784908472317,-0.11226943086777848,0.04841562706281374,-0.34446819949383317,-0.33424904295430913,0.1367288696704791,0.41915245942342644,-0.04519840410858703,0.4615609020266329,0,0,0,0,-0.13444988351568402,-0.11792531208478971,-0.13444988351568324,0.13444988351568382,0,0,0],"bias":0.9911809249300358,"scaler":{"mu":[91.10416666666667,1106.1666666666667,378.5,727.6666666666666,5.173611111111111,90.74305555555556,1106.388888888889,374.46527777777777,731.9236111111111,3.5416666666666665,1.5902777777777777,1.6875,1,0,0,0,-112.68618060948914,-132.00529614896567,-0.5623096186436758,-0.1715871181514919,1449.9298065116423,-0.10516244752094413,0,0,0,0,0,0,0,0,0,0,0,0,0,0,0,0,0,0,300.82523148148147,299.08333333333314,304.68981481481495,304.8774305555555,-3.8645833333333326,-5.79409722222222,6.329820002342556,0,0,0.007989878769527005,0.010841256179264614,0.012616013451201611,0.010415739770250567,0.4529907850537965,0.45435727321694563,0.4550935300324267,0.44992143702678217,0.007784111800670855,0.009881623507974802,0.010206003979649795,0.009982742511802738,0.45109887016139094,0.4524700258700003,0.45266695992341344,0.44882566123967077,0.8484116769150943,0.8461892179766441,0.8463851148373991,0.8517849756056193,0,0,0,0,0,0,0,0,7.10278334101369,7.15156646131935,7.148556495731892,7.1477427619761,0,0,0,0,0.19444444444444445,0.7986111111111112,65.97222222222223,4.027777777777778,0,0,0],"sd":[61.04116538474488,723.5846817523616,258.89275450142156,487.4346822338809,4.048885067918065,57.310163259982104,694.5551545084963,248.5839594693881,470.73841343888625,2.5762672178517856,1.391507947258639,1.5251081473492663,1,1,1,1,950.6606401389878,892.7304189919075,5.9566378401981295,3.6411415035003434,3.007136689614557,3.9369147255380432,1,1,1,1,1,1,1,1,1,1,1,1,1,1,1,1,1,1,119.52170196854951,116.76574427242706,120.59314187997684,117.54247007072368,62.85408332330374,53.663401724814456,2.5577509361447897,1,1,0.1010537393222138,0.1107507126256694,0.10249868074238412,0.10894025428887055,0.046563893304084246,0.049292540193152344,0.04707310168140286,0.04956978444494181,0.08135742177454597,0.09492827694839005,0.08437802151907656,0.09143789514477779,0.03670042150510627,0.04156804421318221,0.03791489085464221,0.04208509026468494,0.07755517397729103,0.0923608006236991,0.08336512823641676,0.07767507920640403,1,1,1,1,1,1,1,1,1.087871882879653,1.305899885468469,1.1604100035044609,1.2107303661937596,1,1,1,1,0.39577241246597294,0.4010379088328036,1.9788620623298623,1.9788620623298636,1,1,1]},"features":["off_1st_down_s2d","off_total_yds_s2d","off_rush_yds_s2d","off_pass_yds_s2d","off_turnovers_s2d","def_1st_down_s2d","def_total_yds_s2d","def_rush_yds_s2d","def_pass_yds_s2d","def_turnovers_s2d","wins_s2d","losses_s2d","home","sim_winrate_same_loc_s2d","sim_pointdiff_same_loc_s2d","sim_count_same_loc_s2d","off_total_yds_s2d_minus_opp","def_total_yds_s2d_minus_opp","off_turnovers_s2d_minus_opp","def_turnovers_s2d_minus_opp","elo_pre","elo_diff","rest_days","rest_diff","off_third_down_att_s2d","off_third_down_conv_s2d","off_third_down_pct_s2d","off_red_zone_att_s2d","off_red_zone_td_s2d","off_red_zone_td_pct_s2d","off_dropbacks_s2d","off_sacks_taken_s2d","off_sack_rate_s2d","off_pass_att_s2d","off_rush_att_s2d","off_neutral_pass_rate_s2d","off_third_down_pct_s2d_minus_opp","off_red_zone_td_pct_s2d_minus_opp","off_sack_rate_s2d_minus_opp","off_neutral_pass_rate_s2d_minus_opp","off_yds_for_3g","off_yds_for_5g","def_yds_against_3g","def_yds_against_5g","net_yds_3g","net_yds_5g","qb_ypa_3g","qb_sack_rate_3g","qb_qbr","off_epa_per_play_s2d","off_epa_per_play_w3","off_epa_per_play_w5","off_epa_per_play_exp","off_success_rate_s2d","off_success_rate_w3","off_success_rate_w5","off_success_rate_exp","def_epa_per_play_allowed_s2d","def_epa_per_play_allowed_w3","def_epa_per_play_allowed_w5","def_epa_per_play_allowed_exp","def_success_rate_allowed_s2d","def_success_rate_allowed_w3","def_success_rate_allowed_w5","def_success_rate_allowed_exp","rb_rush_share_s2d","rb_rush_share_w3","rb_rush_share_w5","rb_rush_share_exp","wr_target_share_s2d","wr_target_share_w3","wr_target_share_w5","wr_target_share_exp","te_target_share_s2d","te_target_share_w3","te_target_share_w5","te_target_share_exp","qb_aypa_s2d","qb_aypa_w3","qb_aypa_w5","qb_aypa_exp","qb_sack_rate_s2d","qb_sack_rate_w3","qb_sack_rate_w5","qb_sack_rate_exp","roof_dome","roof_outdoor","weather_temp_f","weather_wind_mph","weather_precip_pct","weather_impact_score","weather_extreme_flag"]},"decision_tree":{"params":{"depth":6,"minSamples":8},"alpha":2},"bt":{"coefficients":[-0.014650045501782779,-0.11464286408836709,-0.07875008748839502,-0.003091299535755724,-0.07205279114932499,0.0010596586880066469,0.004493301237244761,0.0025843830501596277,-0.0018782647726450444,0.004636863623591183],"intercept":0.1678512117592628,"scaler":{"mu":[-2.0296579633315286,16.734620537420618,0.8074871137538834,0,-0.0026042768770400413,0,0,0,0,0],"sd":[58.666791012936976,507.5156639326622,15.743400543116108,1,0.08462353291577486,1,1,1,1,1]},"features":["diff_total_yards","diff_turnovers","diff_penalty_yards","diff_possession_seconds","diff_r_ratio","diff_elo_pre","diff_inj_out","diff_inj_skill_out","diff_inj_practice_dnp","diff_inj_out_trend"],"hyperparams":{"steps":1200,"learningRate":0.001,"l2":0.00001}},"ann":{"seeds":[1],"architecture":[92,128,64,32,1],"committee_size":1,"max_epochs":15,"dropout":0.5},"ensemble":{"weights":{"logistic":0.9,"tree":0,"bt":0,"ann":0.09999999999999998},"calibration":{"type":"platt","beta":0.4470593462701193,"source":"platt"},"calibration_beta":0.4470593462701193,"calibration_hash":"48ad3a57b02841321a18602a71c3e4d4809917593ecd7736cd33171d0e8ec010","oof_variance":{"ann":{"mean":0.44625036460747786,"var":0.030810793051161564}}},"pca":[{"component":1,"explained_variance":0.2878539249012281,"top_loadings":[{"feature":"off_epa_per_play_w5","loading":0.21133146360665145},{"feature":"off_epa_per_play_s2d","loading":0.2100405405624075},{"feature":"off_epa_per_play_w3","loading":0.20424109044537608},{"feature":"off_epa_per_play_exp","loading":0.20140573726934385},{"feature":"off_success_rate_w5","loading":0.19685830091677306},{"feature":"off_success_rate_w3","loading":0.19623877196381126},{"feature":"off_success_rate_s2d","loading":0.193333526574284},{"feature":"def_success_rate_allowed_w5","loading":0.18823005647991686},{"feature":"off_success_rate_exp","loading":0.18774038272665503},{"feature":"def_success_rate_allowed_s2d","loading":0.18474236205853603}]},{"component":2,"explained_variance":0.20542940752441985,"top_loadings":[{"feature":"def_rush_yds_s2d","loading":-0.2535728692036832},{"feature":"off_turnovers_s2d","loading":-0.2508329622078948},{"feature":"def_total_yds_s2d","loading":-0.24474108570755834},{"feature":"losses_s2d","loading":-0.23632544977083458},{"feature":"def_1st_down_s2d",