{"season":2002,"week":10,"generated_at":"2025-11-07T00:10:09.818Z","feature_hash":"4ecfcbae722b445b81196b8fdda62b47a29c60d6","logistic":{"weights":[-0.740913593665827,-0.3141141405851774,-0.2517189607022434,-0.36296029239514893,0.7629351229363498,0.6121961933722427,0.1554002933492796,0.5098389536510033,-0.01957880348360999,-0.033413033518257494,2.8440576591646876,-2.7461423701601095,0,0,0,0,1.1398039964242574,-0.5199386946794744,-0.7367471431237429,0.12695414113773415,-3.4184633275872685,-0.042167624520570546,0,0,0,0,0,0,0,0,0,0,0,0,0,0,0,0,0,0,-0.16323983261615782,0.0019918173996835153,-0.16197836349933475,-0.07282071570139374,-0.037162113810463845,-0.12181077714349829,-0.6363695840628738,0,0,0.4568837195385315,0.7961852534420186,0.44773289022025287,0.19544869226174996,0.2339712056651195,0.1965353704994303,-0.12434572233290732,0.06720356193381934,-0.3922610859072597,-0.8303814874115754,-0.655975661345051,-0.18394821597101638,-0.09740293000593851,-0.06729331844579581,0.050136643639608125,-0.2978873549977606,-0.22790121984902673,0.26080134932841215,-0.02166123346577427,-0.09059882313717563,-0.08343016270351947,-0.08361320801069198,-0.00011692189088941165,-0.14089638823593986,0.011862348755537355,0.025928670938966388,0.17201206825522336,-0.22074476382320093,0.00475475167663264,0.7171363755976503,-0.3127635115614171,0.13183593947773425,0,0,0,0,0.08742387546708025,0.0448727118644534,0.08742387546708147,-0.0874238754670805,0,0,0],"bias":0.5217188874288875,"scaler":{"mu":[99.54615384615384,1176.3,377.83076923076925,798.4692307692308,5.553846153846154,101.20769230769231,1199.5153846153846,386.5769230769231,812.9384615384615,4.476923076923077,1.7923076923076924,1.623076923076923,1,0,0,0,4.376332562349688,54.04101181274417,0.1510645326172606,-0.02167552524804126,1449.8942631245131,-0.26898853257978317,0,0,0,0,0,0,0,0,0,0,0,0,0,0,0,0,0,0,306.3692307692308,303.35858974358973,301.95512820512823,300.9757692307691,4.414102564102566,2.382820512820512,2.6589379554978265,0,0,0.008346157138255114,0.004485786343138209,0.006672567015337635,0.02595361313847053,0.460343161155041,0.45995030585253016,0.4596296433238196,0.4644631380886004,0.011397122141771026,0.009521148122963029,0.010864720819748932,0.027192682851471663,0.46115286320871185,0.45962683369925544,0.46118182494020143,0.46418701396981954,0.818959341374392,0.8185503097709917,0.8173508369029037,0.8073027176004439,0.5888574723908548,0.5909080171667802,0.5902427792356342,0.5727990699260548,0.15221620818792025,0.15333149774592444,0.15259644612916107,0.14193804642010788,3.110378287671458,3.184384766873644,3.118256660705524,2.93528580783961,0,0,0,0,0.19230769230769232,0.7846153846153846,65.96153846153847,4.038461538461538,0,0,0],"sd":[69.71316082992801,812.7410283914363,270.80430454656135,578.7207934276788,4.334231434773358,67.71247994888682,796.2590246764543,271.2608130530926,550.4928666322731,3.69243589521019,1.5226300820829415,1.4318647584148905,1,1,1,1,921.759700511114,881.6221697925511,5.382070623831805,4.489211422998442,2.5736950513681967,3.2812566995684818,1,1,1,1,1,1,1,1,1,1,1,1,1,1,1,1,1,1,134.11375447255412,130.90935663598987,133.78910849028253,131.44692309149065,119.3105429365676,112.8471533205757,2.456199051563323,1,1,0.09604314243580656,0.10100097517582718,0.09655372259268985,0.1095548086663603,0.04359812847411947,0.04617096290719988,0.043979251209557486,0.05022432667105121,0.09191823053261049,0.10171299015211066,0.09555031822048882,0.1020241473195932,0.03999339140948106,0.04459696874553697,0.0419213813948004,0.04650065621640711,0.10641341315068922,0.11177196215496414,0.10750583463539262,0.14914957146215102,0.10536518706133266,0.10413006712262035,0.10508556851606088,0.12626783421992,0.0608266863175752,0.06569047598219513,0.06277243871049046,0.058871327202125776,2.174825494042306,2.322103799756682,2.196301004418094,2.2872913581341177,1,1,1,1,0.39411349099844634,0.4110888989503815,1.9705674549922294,1.97056745499223,1,1,1]},"features":["off_1st_down_s2d","off_total_yds_s2d","off_rush_yds_s2d","off_pass_yds_s2d","off_turnovers_s2d","def_1st_down_s2d","def_total_yds_s2d","def_rush_yds_s2d","def_pass_yds_s2d","def_turnovers_s2d","wins_s2d","losses_s2d","home","sim_winrate_same_loc_s2d","sim_pointdiff_same_loc_s2d","sim_count_same_loc_s2d","off_total_yds_s2d_minus_opp","def_total_yds_s2d_minus_opp","off_turnovers_s2d_minus_opp","def_turnovers_s2d_minus_opp","elo_pre","elo_diff","rest_days","rest_diff","off_third_down_att_s2d","off_third_down_conv_s2d","off_third_down_pct_s2d","off_red_zone_att_s2d","off_red_zone_td_s2d","off_red_zone_td_pct_s2d","off_dropbacks_s2d","off_sacks_taken_s2d","off_sack_rate_s2d","off_pass_att_s2d","off_rush_att_s2d","off_neutral_pass_rate_s2d","off_third_down_pct_s2d_minus_opp","off_red_zone_td_pct_s2d_minus_opp","off_sack_rate_s2d_minus_opp","off_neutral_pass_rate_s2d_minus_opp","off_yds_for_3g","off_yds_for_5g","def_yds_against_3g","def_yds_against_5g","net_yds_3g","net_yds_5g","qb_ypa_3g","qb_sack_rate_3g","qb_qbr","off_epa_per_play_s2d","off_epa_per_play_w3","off_epa_per_play_w5","off_epa_per_play_exp","off_success_rate_s2d","off_success_rate_w3","off_success_rate_w5","off_success_rate_exp","def_epa_per_play_allowed_s2d","def_epa_per_play_allowed_w3","def_epa_per_play_allowed_w5","def_epa_per_play_allowed_exp","def_success_rate_allowed_s2d","def_success_rate_allowed_w3","def_success_rate_allowed_w5","def_success_rate_allowed_exp","rb_rush_share_s2d","rb_rush_share_w3","rb_rush_share_w5","rb_rush_share_exp","wr_target_share_s2d","wr_target_share_w3","wr_target_share_w5","wr_target_share_exp","te_target_share_s2d","te_target_share_w3","te_target_share_w5","te_target_share_exp","qb_aypa_s2d","qb_aypa_w3","qb_aypa_w5","qb_aypa_exp","qb_sack_rate_s2d","qb_sack_rate_w3","qb_sack_rate_w5","qb_sack_rate_exp","roof_dome","roof_outdoor","weather_temp_f","weather_wind_mph","weather_precip_pct","weather_impact_score","weather_extreme_flag"]},"decision_tree":{"params":{"depth":6,"minSamples":8},"alpha":2},"bt":{"coefficients":[0.3211170861187822,-0.25364995100276727,0.34482903243744417,0.004387177521288293,0.2442205691650999,-0.000022674035338756244,-0.0033048707365108017,0.00048808815341778566,0.0035053800598045383,0.0034244389123116235],"intercept":0.3074232538931471,"scaler":{"mu":[0.6219230674726032,0.8698137169847961,0.21102982286031818,0,-0.006452816822467607,0,0,0,0,0],"sd":[90.39968301390984,565.235297233071,17.115031624843443,1,0.1010496182458035,1,1,1,1,1]},"features":["diff_total_yards","diff_turnovers","diff_penalty_yards","diff_possession_seconds","diff_r_ratio","diff_elo_pre","diff_inj_out","diff_inj_skill_out","diff_inj_practice_dnp","diff_inj_out_trend"],"hyperparams":{"steps":1200,"learningRate":0.001,"l2":0.00001}},"ann":{"seeds":[1],"architecture":[92,128,64,32,1],"committee_size":1,"max_epochs":15,"dropout":0.5},"ensemble":{"weights":{"logistic":0.9,"tree":0,"bt":0,"ann":0.09999999999999998},"calibration":{"type":"platt","beta":-0.16058783271173982,"source":"platt"},"calibration_beta":-0.16058783271173982,"calibration_hash":"fab5f156e67c716ee8b36176408c99e2047cb4ed1fdf52dc248dd20a21def142","oof_variance":{"ann":{"mean":0.5507600680373516,"var":0.012314786511016732}}},"pca":[{"component":1,"explained_variance":0.19797767849915174,"top_loadings":[{"feature":"off_1st_down_s2d","loading":0.27487354803909886},{"feature":"off_total_yds_s2d","loading":0.2747827180269732},{"feature":"off_pass_yds_s2d","loading":0.2677117627852397},{"feature":"def_total_yds_s2d","loading":0.2658359888766426},{"feature":"def_1st_down_s2d","loading":0.2642872022424767},{"feature":"def_pass_yds_s2d","loading":0.2642552395637295},{"feature":"off_rush_yds_s2d","loading":0.2525691944925481},{"feature":"def_rush_yds_s2d","loading":0.244059140469444},{"feature":"off_turnovers_s2d","loading":0.23444351623718399},{"feature":"wins_s2d","loading":0.20662384235991715}]},{"component":2,"explained_variance":0.14790726636923301,"top_loadings":[{"feature":"off_success_rate_w5",