{"season":2004,"week":16,"generated_at":"2025-11-07T00:14:13.775Z","feature_hash":"3b5ea446b7f332f48937f4610446dbc705a961ff","logistic":{"weights":[-0.4682610255875584,-0.23994584599211796,-0.7267988237120075,0.022477539214762633,1.0834276009434445,0.7106422685706913,-0.042631989933507315,-0.19030015712122447,0.05460271428256644,-0.33229133455721516,2.7601894624485834,-2.6877067650000086,0,0,0,0,1.1742218867960965,-0.8388664088367114,-0.9000859657665298,0.6760949368991289,-3.2499395038589824,0.3621603206291588,0,0,0,0,0,0,0,0,0,0,0,0,0,0,0,0,0,0,0.09195960282611172,0.334121046660536,0.3792122449734678,0.33440157649992047,-0.3294573323717981,-0.01773647943968445,-1.2039621706480528,0,0,0.9216901324627833,1.0237303835277782,0.707785842673886,0.03337695109089317,0.054369880799904735,0.4120211299447762,-0.3309752060540161,-0.4092877497154461,-1.0646001672072514,-0.21758144526817685,-0.6908715548829824,0.37545597177680134,-0.17912112639012748,-0.4024158298371882,0.13034568168060517,0.16137349956748934,-0.5105881235801204,0.15500466620587017,-0.2431207347210463,0.09612494032494724,-0.004550751607244432,-0.49059138897468496,-0.31065615822213183,0.18461415378794563,0.0196909019502528,0.18356771488426318,-0.21153467668518702,-0.20135835060904134,0.2037669737118001,0.4222693331636178,-0.14104430552485692,0.39764221849734455,0,0,0,0,0.007295021851405446,-0.18194178964088445,0.007295021851406209,-0.007295021851405571,0,0,0],"bias":0.8299246048737423,"scaler":{"mu":[123.74107142857143,1507.3839285714287,521.7410714285714,985.6428571428571,7.098214285714286,124.125,1518.919642857143,521.8928571428571,997.0267857142857,5.330357142857143,2.1785714285714284,2.2857142857142856,1,0,0,0,-54.31382624372926,-58.26052663945186,-0.4184526971764327,-0.0336060073051273,1449.9327167135473,-0.1119222327098888,0,0,0,0,0,0,0,0,0,0,0,0,0,0,0,0,0,0,315.2879464285715,314.4687499999999,319.88839285714295,318.45870535714283,-4.600446428571431,-3.9899553571428545,6.555847108474972,0,0,0.007609634108133508,0.0060515751811940416,0.008630165766781607,0.008520595340876297,0.45299214345991573,0.45290692336876187,0.4537639881128133,0.45020727339305455,0.007506039657276147,0.006745815758431183,0.007084324393609493,0.008027443317315891,0.45197979799751536,0.4527339014793644,0.45244228052768465,0.44987900253138596,0.846722107955945,0.8508466953041822,0.84698281470766,0.850975742269975,0.008928571428571428,0.004464285714285714,0.008928571428571428,0.0013392857142857145,0.013392857142857142,0.004464285714285714,0.013392857142857142,0.0020089285714285717,7.0796282128763846,7.072921166604469,7.084195285706712,7.126469609054291,0,0,0,0,0.1875,0.8035714285714286,65.9375,4.0625,0,0,0],"sd":[80.4463824916627,963.6868215861685,348.99804915377075,644.5951298121566,5.114684429290285,78.03303158187015,948.4939720268659,344.2051106001554,632.964594471092,4.243457975134747,1.8813667415808464,1.9036082816052042,1,1,1,1,1059.4016422300078,994.3268987320542,5.96282159291001,4.962002125154756,4.1378996366905625,5.913257707671665,1,1,1,1,1,1,1,1,1,1,1,1,1,1,1,1,1,1,104.61624908193431,101.88447068951935,103.9512949435117,99.59518818837721,66.24614734828867,57.26827613033648,2.2310862790707136,1,1,0.09495748766494602,0.10847582930075407,0.1010702743394781,0.10171027177726161,0.04228008492546962,0.04738491651136898,0.04513611445947336,0.044854066139523786,0.07530710897703835,0.09746217266141712,0.08529459656143823,0.08276456011509192,0.03375549481757469,0.042553377020265806,0.03770192728573095,0.03809051476956154,0.0757917702919192,0.0851671284410889,0.08047773925101143,0.0743782066552541,0.09406833707904229,0.06666600233512535,0.09406833707904229,0.014110250561856353,0.11494993919271194,0.06666600233512535,0.11494993919271194,0.017242490878906776,1.0222322599438152,1.3075156820147367,1.159197625908156,1.126857777210339,1,1,1,1,0.3903123748998999,0.3972963475229813,1.9515618744994994,1.9515618744994994,1,1,1]},"features":["off_1st_down_s2d","off_total_yds_s2d","off_rush_yds_s2d","off_pass_yds_s2d","off_turnovers_s2d","def_1st_down_s2d","def_total_yds_s2d","def_rush_yds_s2d","def_pass_yds_s2d","def_turnovers_s2d","wins_s2d","losses_s2d","home","sim_winrate_same_loc_s2d","sim_pointdiff_same_loc_s2d","sim_count_same_loc_s2d","off_total_yds_s2d_minus_opp","def_total_yds_s2d_minus_opp","off_turnovers_s2d_minus_opp","def_turnovers_s2d_minus_opp","elo_pre","elo_diff","rest_days","rest_diff","off_third_down_att_s2d","off_third_down_conv_s2d","off_third_down_pct_s2d","off_red_zone_att_s2d","off_red_zone_td_s2d","off_red_zone_td_pct_s2d","off_dropbacks_s2d","off_sacks_taken_s2d","off_sack_rate_s2d","off_pass_att_s2d","off_rush_att_s2d","off_neutral_pass_rate_s2d","off_third_down_pct_s2d_minus_opp","off_red_zone_td_pct_s2d_minus_opp","off_sack_rate_s2d_minus_opp","off_neutral_pass_rate_s2d_minus_opp","off_yds_for_3g","off_yds_for_5g","def_yds_against_3g","def_yds_against_5g","net_yds_3g","net_yds_5g","qb_ypa_3g","qb_sack_rate_3g","qb_qbr","off_epa_per_play_s2d","off_epa_per_play_w3","off_epa_per_play_w5","off_epa_per_play_exp","off_success_rate_s2d","off_success_rate_w3","off_success_rate_w5","off_success_rate_exp","def_epa_per_play_allowed_s2d","def_epa_per_play_allowed_w3","def_epa_per_play_allowed_w5","def_epa_per_play_allowed_exp","def_success_rate_allowed_s2d","def_success_rate_allowed_w3","def_success_rate_allowed_w5","def_success_rate_allowed_exp","rb_rush_share_s2d","rb_rush_share_w3","rb_rush_share_w5","rb_rush_share_exp","wr_target_share_s2d","wr_target_share_w3","wr_target_share_w5","wr_target_share_exp","te_target_share_s2d","te_target_share_w3","te_target_share_w5","te_target_share_exp","qb_aypa_s2d","qb_aypa_w3","qb_aypa_w5","qb_aypa_exp","qb_sack_rate_s2d","qb_sack_rate_w3","qb_sack_rate_w5","qb_sack_rate_exp","roof_dome","roof_outdoor","weather_temp_f","weather_wind_mph","weather_precip_pct","weather_impact_score","weather_extreme_flag"]},"decision_tree":{"params":{"depth":6,"minSamples":12},"alpha":2},"bt":{"coefficients":[0.1374419019889284,-0.17970016759737442,-0.08873754197686755,0.0032634467896135795,-0.06251233048833185,0.004915140285787264,0.002766723255581817,0.003703995139116652,-0.001900396821758578,0.004711178017556847],"intercept":0.10342971885967821,"scaler":{"mu":[-2.5618846467015817,1.475642603781952,0.8939868181047422,0,-0.0018937406513884064,0,0,0,0,0],"sd":[62.14855865905327,490.6076042414764,13.91546826990921,1,0.08733519489165262,1,1,1,1,1]},"features":["diff_total_yards","diff_turnovers","diff_penalty_yards","diff_possession_seconds","diff_r_ratio","diff_elo_pre","diff_inj_out","diff_inj_skill_out","diff_inj_practice_dnp","diff_inj_out_trend"],"hyperparams":{"steps":1200,"learningRate":0.001,"l2":0.00001}},"ann":{"seeds":[1],"architecture":[92,128,64,32,1],"committee_size":1,"max_epochs":15,"dropout":0.5},"ensemble":{"weights":{"logistic":0.9,"tree":0,"bt":0,"ann":0.09999999999999998},"calibration":{"type":"platt","beta":-0.026709493615770755,"source":"platt"},"calibration_beta":-0.026709493615770755,"calibration_hash":"e236a6bcf5799bace6e17dd673a110060b28fdff690308d13d740d2dc0a7fa3f","oof_variance":{"ann":{"mean":0.5094661769380303,"var":0.04279079541777444}}},"pca":[{"component":1,"explained_variance":0.24463907944270688,"top_loadings":[{"feature":"off_epa_per_play_s2d","loading":0.21970969047861993},{"feature":"off_epa_per_play_w5","loading":0.21338410651508544},{"feature":"off_epa_per_play_exp","loading":0.21294905958197802},{"feature":"off_success_rate_s2d","loading":0.20597888051373375},{"feature":"off_success_rate_w5","loading":0.20332333114537823},{"feature":"off_success_rate_exp","loading":0.20250638770626112},{"feature":"off_epa_per_play_w3","loading":0.20194352454123057},{"feature":"qb_aypa_exp","loading":0.19669868323926934},{"feature":"off_success_rate_w3","loading":0.19515019959568325},{"feature":"qb_aypa_s2d","loading":0.19440383049988916}]},{"component":2,"explained_variance":0.17361731620207596,"top_loadings":[{"feature":"def_rush_yds_s2d",