{"season":2024,"week":18,"generated_at":"2025-11-07T00:50:59.120Z","feature_hash":"48522518d5f7df2383a1f2bddbc78f8d8e492cb7","logistic":{"weights":[-0.2633762284034914,-0.09500215220679012,0.07775379068112244,-0.14835236014069933,0.4651773596590478,0.33992490759044186,0.23676020816094778,0.3309296098006276,0.2740551585805003,-0.7317598263485279,2.564004017373721,-2.2333904372168254,0,0,0,0,0.4565717933973468,-0.5986288972260525,-0.2500991332614985,0.18104980020973252,-2.049367923530384,0.3378346602791309,0,0,0,0,0,0,0,0,0,0,0,0,0,0,0,0,0,0,-0.3607899521684052,-0.1370073560164017,-0.16552313479518643,0.07891996834416552,-0.26324703593050897,-0.3491593922515618,-0.12931739569002648,0,0,0.560252026631104,0.888874573444299,0.20930589129067365,0.44170004589276063,0.06725986299400878,0.01166081653973417,-0.2742403256803126,-0.22261649919411583,-0.6547880536083773,-0.2825335799422068,-0.3333231592791463,-0.12048770525071717,0.0020167141482676635,0.009267658384560382,-0.11072393047340114,0.16146025778955883,-0.040369462236087894,-0.058557882790181696,0.1816132237987203,0.21112678873910137,0.053012726512679846,-0.12405074167686282,0.15806007560873891,0.32195306343732966,0.030411376081122637,0.04266319185539821,-0.057473619223124106,0.20900929129518275,-0.03422906807772924,-0.4446014287136935,-0.004206443119918534,0.14481584783819793,0,0,0,0,-0.09353429582653522,-0.13963780573898935,-0.09353429582653602,0.09353429582653541,0,0,0,0.24264506769698432,-0.24595161117870407,0.12064081482247635,0.11862618880195211,0.23823690812637768,0.03450013037407617,0.38394412823626156,0.15215210516464828,0.005720287961081464,0.07021242026630672,-0.07373931956018662,-0.15223613096328323,0.20293152258215183,-0.25219692133978905,0.022111727494715818,0.16230791171623465,-0.12728923859136487,0.0242111349521066,0.041447604122086465,-0.18455769027088514,-0.3729869006340167,0.4017127414249235,0.1302538536228502,-0.6769349032390545,-0.44178601431635806,0.03706913895099861,-0.41668745398251006,0.012673427059294749,-0.3042548221353724,-0.4823894327149656,-0.5047489777333193,0.4514452594490592,0.3262021619289618,-0.5721365265918669,-0.3613058640658029,0.26240020768510874,0.043073505159807235,-0.43504354410620893,0.35030492926959034,-0.5557424481522967,-0.08907535405221413],"bias":0.3531988485726277,"scaler":{"mu":[156.62109375,1874.6484375,645.16796875,1229.48046875,5.75,154.4609375,1852.8515625,637.9765625,1214.875,4.421875,2.74609375,2.5625,1,0,0,0,120.85355582547913,116.27296139629698,0.26673684336443765,0.2807480069464065,1450.023370140763,-0.01104588129505224,0,0,0,0,0,0,0,0,0,0,0,0,0,0,0,0,0,0,328.64713541666646,328.16894531249983,331.95442708333354,330.00755208333345,-3.3072916666666687,-1.838606770833333,7.243020618671995,0,0,0.007109415914104525,0.011835092986493644,0.01157431386248045,0.004926009725061719,0.46730746329929856,0.4699470264802235,0.4692102666579216,0.46651030529904,0.004509681678093142,0.010869759374825637,0.009428334242850679,0.003745358955990588,0.4662144615218828,0.4688565638971632,0.46810678925971194,0.46585143103577115,0.8021059918472031,0.8038945912684997,0.8035533807844727,0.7960661778092372,0.6026703795637068,0.5991787845994321,0.5999600244108667,0.601544851387104,0.21240722421081165,0.2198542204697,0.21827702626934595,0.21169402837900758,7.634345367852401,7.7020472158875695,7.6759550002429675,7.551911772706388,0,0,0,0,0.1875,0.66015625,65.9375,4.0625,0,0,0,-0.04296875,0.55078125,0.7515625000000001,-0.28515625,-0.034765625000000015,0.00390625,-0.03125,-0.07421875,0,0.03287890625,-0.78125,-0.638671875,0.180859375,-0.02734375,0.98515625,0.984765625,-0.91015625,0.12890625,-0.09765625,-0.01171875,-0.0078125,-0.015625,-0.03125,-0.0859375,0.07421875,0.020957031249999997,0.1328125,-0.0020742187499999992,-0.140625,-0.046464843750000005,0.0234375,0.21875,-0.33203125,0.01953125,-0.2890625,-0.02775390624999998,0,-0.01953125,-0.019664062500000003,0.01953125,0.132812499999999],"sd":[97.41334783438926,1161.806524272139,441.75691393033003,755.7660380739732,4.031128874149275,96.4199313504272,1144.1386572565445,403.4816051577613,769.5929727784682,3.7083296757940762,2.352272914908246,2.138742329033584,1,1,1,1,1402.1757766392836,1415.0002567758588,5.356923849718306,5.038378925457887,4.980301122179527,6.58579438358449,1,1,1,1,1,1,1,1,1,1,1,1,1,1,1,1,1,1,100.17655555797897,96.19257411743013,98.8208655158602,95.74071205449725,75.21532584500638,62.850823847785584,2.3601888903144985,1,1,0.08962016027419317,0.1082132771936345,0.09783830804001127,0.09974596670891807,0.03722033451288799,0.04473717886462234,0.04052170965697502,0.04171685595664038,0.0741813831168077,0.0901284432697808,0.08008812741179504,0.08498347912332499,0.031649862368090566,0.0402405591664695,0.03433228425133266,0.03678533973680823,0.0684273493531765,0.07415869378458308,0.06913487463508247,0.07804890598377098,0.077234570180736,0.10012380980743943,0.09126646559664378,0.09106146105922253,0.06163396984437223,0.08124833558242933,0.07346468163361236,0.06702781122380579,1.2531557829743605,1.4990895708778733,1.3859090990558458,1.4396346287122008,1,1,1,1,0.3903123748998999,0.4736559675396664,1.9515618744994994,1.9515618744994994,1,1,1,2.069615891058879,11.834361358546072,6.3447749710761014,6.406839483168432,3.3325458232135965,0.5191492956856799,0.21423920626253262,1.2176915977161202,1,0.5157320314902447,13.787130264761409,13.872371252730515,7.718832542812077,0.35799241519330754,38.17361058752614,14.91778649301961,11.48928400078029,9.93705700540713,1.6424050982738507,0.22504204251303245,0.2650499289638652,0.28254908312539256,0.4990224819584785,3.0772028282343933,0.7277690754273896,0.329691430825759,1.6949884482921262,0.08294325973415291,3.5613690639099733,0.2118397987313482,2.3300511117985696,6.454089667606114,2.445321860006048,2.7520605517091075,5.562362840654478,0.2089792855323612,0.29315098498896436,0.5409133759424308,0.3387259857111591,0.2991024578191184,42.49446951033561]},