{"season":2008,"week":7,"generated_at":"2025-11-07T00:21:11.823Z","feature_hash":"ac478bdf56d00a55cea6db228a793b21993de0f6","logistic":{"weights":[-0.42167369680342737,-0.33733399044687723,0.011090034671207326,-0.489363440823576,1.3814452525818854,0.8762605966048849,-0.0893276159221813,0.386680348123913,-0.36488150811671,-0.4781333201165931,2.7859271241641514,-2.6704887267572093,0,0,0,0,0.8841046802727768,-0.9821774181475631,-0.7661906041596499,1.0327718794251408,-3.1462483557115117,0.05980125618852796,0,0,0,0,0,0,0,0,0,0,0,0,0,0,0,0,0,0,-0.349083058957476,0.26002374700258324,0.2948009444597109,0.14383844544744856,-0.823253605729764,0.23283903349105137,-0.43709146536634236,0,0,1.3785904383128114,1.126839144685155,0.2928663931121157,0.08077919603878603,0.1288265550373704,-0.17638024792836976,-0.296646055399324,0.43393406763234194,-1.913274259020465,-0.8682616851338874,-0.25606107682576257,0.06968655775100123,-0.24572382961012618,-0.27012135906909207,0.7792788453472616,-0.010447681086639822,-0.3074127308136359,0.5077250148152117,0.03315589481577172,0.0020317753582261705,0.37854527903709295,-0.18132219002541228,-0.14400306752585224,0.23533332305017252,-0.2200084295125753,-0.5880922316264482,0.38506461671652176,0.3080041834695074,0.2200865286072718,-0.0192780543849716,0.1453284865833422,-0.25907784923956156,0,0,0,0,-0.07686869453131431,-0.12867985185324887,-0.07686869453131347,0.0768686945313143,0,0,0],"bias":0.887866687862335,"scaler":{"mu":[84.57954545454545,1037.4772727272727,349.9431818181818,687.5340909090909,4.1022727272727275,83.07954545454545,1002.6022727272727,330.875,671.7272727272727,3.090909090909091,1.6022727272727273,1.375,1,0,0,0,84.8119177203779,42.94444346533147,0.1879637750528424,0.1060566433167046,1449.9567194928088,-0.11527417941030649,0,0,0,0,0,0,0,0,0,0,0,0,0,0,0,0,0,0,277.71780303030306,277.76515151515156,278.42992424242425,277.36477272727274,-0.7121212121212107,0.4003787878787874,6.833794734555966,0,0,0.012256051821093504,0.01237787857185333,0.012125373036711025,0.006961835758903376,0.44459938962585527,0.44689984907094654,0.44494608149323067,0.43820828676265333,0.0007918974068611559,0.0014218071135764093,0.0007794783467338415,-0.0061740546605757755,0.44203888116175793,0.4443653731092361,0.4421306189706064,0.4341972791594167,0.8708267361469787,0.871265482004397,0.8714400082945637,0.8729869629265452,0.03409090909090909,0.011363636363636364,0.03409090909090909,0.03409090909090909,0.03409090909090909,0.022727272727272728,0.03409090909090909,0.0051136363636363645,8.266974267976364,8.245320357888344,8.259132382780717,8.249661474935186,0,0,0,0,0.1590909090909091,0.7954545454545454,65.79545454545455,4.204545454545454,0,0,0],"sd":[52.284997324738704,625.9049262916839,208.8205165574747,454.49162280667633,3.2753895421602235,49.97390718958633,590.2148980701229,201.94321954563006,412.11788713008076,2.5789196277280513,1.2480873797286853,1.131295516412288,1,1,1,1,599.7156795784163,567.7999486418906,3.477399176279641,3.227683894366564,1.8521460115591242,3.0518496815288962,1,1,1,1,1,1,1,1,1,1,1,1,1,1,1,1,1,1,143.60362630730347,143.2956005574437,143.80816724251383,142.7865707553748,89.95312586606545,90.07164232498009,3.4837662727246075,1,1,0.1104852054845969,0.11455031621079513,0.1106633266524815,0.12902897093615326,0.046869979883175636,0.04896930534388324,0.04707999318718537,0.05204733895238205,0.12276907478994929,0.12831879410890326,0.12353104223621951,0.12953393657338474,0.05034935603156637,0.05217427921340459,0.05054547077155238,0.052327451565547835,0.09089032365345386,0.09149707531631697,0.09138645287677337,0.09567479684042375,0.18146272071217398,0.10599294378510027,0.18146272071217398,0.18146272071217398,0.18146272071217398,0.14903269373413638,0.18146272071217398,0.02721940810682611,1.2126294095994783,1.3530847428877517,1.2287605466063116,1.3693519235959926,1,1,1,1,0.3657608395325248,0.4033690761204282,1.8288041976626226,1.8288041976626228,1,1,1]},"features":["off_1st_down_s2d","off_total_yds_s2d","off_rush_yds_s2d","off_pass_yds_s2d","off_turnovers_s2d","def_1st_down_s2d","def_total_yds_s2d","def_rush_yds_s2d","def_pass_yds_s2d","def_turnovers_s2d","wins_s2d","losses_s2d","home","sim_winrate_same_loc_s2d","sim_pointdiff_same_loc_s2d","sim_count_same_loc_s2d","off_total_yds_s2d_minus_opp","def_total_yds_s2d_minus_opp","off_turnovers_s2d_minus_opp","def_turnovers_s2d_minus_opp","elo_pre","elo_diff","rest_days","rest_diff","off_third_down_att_s2d","off_third_down_conv_s2d","off_third_down_pct_s2d","off_red_zone_att_s2d","off_red_zone_td_s2d","off_red_zone_td_pct_s2d","off_dropbacks_s2d","off_sacks_taken_s2d","off_sack_rate_s2d","off_pass_att_s2d","off_rush_att_s2d","off_neutral_pass_rate_s2d","off_third_down_pct_s2d_minus_opp","off_red_zone_td_pct_s2d_minus_opp","off_sack_rate_s2d_minus_opp","off_neutral_pass_rate_s2d_minus_opp","off_yds_for_3g","off_yds_for_5g","def_yds_against_3g","def_yds_against_5g","net_yds_3g","net_yds_5g","qb_ypa_3g","qb_sack_rate_3g","qb_qbr","off_epa_per_play_s2d","off_epa_per_play_w3","off_epa_per_play_w5","off_epa_per_play_exp","off_success_rate_s2d","off_success_rate_w3","off_success_rate_w5","off_success_rate_exp","def_epa_per_play_allowed_s2d","def_epa_per_play_allowed_w3","def_epa_per_play_allowed_w5","def_epa_per_play_allowed_exp","def_success_rate_allowed_s2d","def_success_rate_allowed_w3","def_success_rate_allowed_w5","def_success_rate_allowed_exp","rb_rush_share_s2d","rb_rush_share_w3","rb_rush_share_w5","rb_rush_share_exp","wr_target_share_s2d","wr_target_share_w3","wr_target_share_w5","wr_target_share_exp","te_target_share_s2d","te_target_share_w3","te_target_share_w5","te_target_share_exp","qb_aypa_s2d","qb_aypa_w3","qb_aypa_w5","qb_aypa_exp","qb_sack_rate_s2d","qb_sack_rate_w3","qb_sack_rate_w5","qb_sack_rate_exp","roof_dome","roof_outdoor","weather_temp_f","weather_wind_mph","weather_precip_pct","weather_impact_score","weather_extreme_flag"]},"decision_tree":{"params":{"depth":6,"minSamples":8},"alpha":4},"bt":{"coefficients":[0.017652590294757225,-0.09285770471046903,0.02337439672952785,-0.0026941473714131143,-0.01521313218208278,0.0035340519289997576,-0.0038577915372073465,-0.00019696507011677294,-0.0003611890048882417,-0.0018877658044638794],"intercept":0.10606927190500517,"scaler":{"mu":[7.635484537714611,4.00107806978453,-0.19600254675235282,0,0.004868870591622385,0,0,0,0,0],"sd":[54.45982921758602,503.0437535256684,14.959281239085918,1,0.10517806379507798,1,1,1,1,1]},"features":["diff_total_yards","diff_turnovers","diff_penalty_yards","diff_possession_seconds","diff_r_ratio","diff_elo_pre","diff_inj_out","diff_inj_skill_out","diff_inj_practice_dnp","diff_inj_out_trend"],"hyperparams":{"steps":1200,"learningRate":0.001,"l2":0.00001}},"ann":{"seeds":[1],"architecture":[92,128,64,32,1],"committee_size":1,"max_epochs":15,"dropout":0.5},"ensemble":{"weights":{"logistic":0.9,"tree":0,"bt":0,"ann":0.09999999999999998},"calibration":{"type":"platt","beta":0.2026759047751384,"source":"platt"},"calibration_beta":0.2026759047751384,"calibration_hash":"c05f7c4c40b858fc6b8383d0ad84305e892490d79c4f1364a21cb661ad08c9a2","oof_variance":{"ann":{"mean":0.5194563502978133,"var":0.010980474040688613}}},"pca":[{"component":1,"explained_variance":0.22334173607748217,"top_loadings":[{"feature":"off_total_yds_s2d","loading":-0.2537708489753933},{"feature":"off_1st_down_s2d","loading":-0.25040745315302926},{"feature":"def_pass_yds_s2d","loading":-0.24983217476663566},{"feature":"off_pass_yds_s2d","loading":-0.24949631874821177},{"feature":"def_total_yds_s2d","loading":-0.24798294326755138},{"feature":"def_1st_down_s2d","loading":-0.24743368371165905},{"feature":"off_rush_yds_s2d","loading":-0.21761481333299718},{"feature":"def_rush_yds_s2d","loading":-0.21492635246434158},{"feature":"off_yds_for_5g","loading":-0.20053507966891398},{"feature":"off_yds_for_3g","loading":-0.1992798765080584}]},{"component":2,"explained_variance":0.15006508916981337,"top_loadings":[{"feature":"net_yds_5g",