{
  "season": 2003,
  "week": 21,
  "generated_at": "2025-11-07T00:13:00.853Z",
  "feature_hash": "680402a9042e7e3f0d339841b23db12a535032b9",
  "logistic": {
    "weights": [
      -0.5534911969968094,
      -0.193445009462817,
      -0.6296687893277902,
      0.043934683016192674,
      1.016342216008039,
      0.6477672526320902,
      0.09559261332197377,
      -0.06969667912705882,
      0.20037077475194856,
      -0.48087391983257505,
      2.583942423887228,
      -2.524125178820169,
      0,
      0,
      0,
      0,
      0.7461043605124558,
      -0.9705149374588833,
      -0.9638394825363955,
      0.5768173960528165,
      -2.9200781495865016,
      0.5118889055147161,
      0,
      0,
      0,
      0,
      0,
      0,
      0,
      0,
      0,
      0,
      0,
      0,
      0,
      0,
      0,
      0,
      0,
      0,
      0.09448579935230844,
      0.28722150311352707,
      0.14354670104145675,
      0.35363496619618195,
      0.09840936607688683,
      -0.1547507275948137,
      -1.1487376525225974,
      0,
      0,
      0.7022443227688051,
      0.5499759574512607,
      0.414835523328651,
      -0.2048927021587274,
      0.16530198386054687,
      0.3035993348069422,
      -0.19400134796579346,
      -0.5078941249762771,
      -0.7322991491033608,
      -0.570119857007315,
      -0.5252993395169365,
      0.3813826050252501,
      0.09897892497069186,
      -0.40403670188635654,
      0.2668078734810381,
      0.37670939790604513,
      -0.5102045504227768,
      0.3494271341923269,
      -0.19301274633803744,
      -0.016119380524184608,
      0.04509463035167545,
      -0.44190218371885037,
      -0.26489210658208634,
      0.236658093455131,
      -0.11321646635164775,
      0.048824031349250646,
      -0.3473739201825656,
      -0.33706856115868566,
      0.16597296207760168,
      0.2472510347136177,
      -0.10020993859550453,
      0.5095081175338863,
      0,
      0,
      0,
      0,
      -0.00742703181466946,
      -0.35210100155172097,
      -0.0074270318146687055,
      0.007427031814669206,
      0,
      0,
      0
    ],
    "bias": 1.092132392965184,
    "scaler": {
      "mu": [
        142.40225563909775,
        1725.5601503759399,
        623.1954887218045,
        1102.3646616541353,
        8.469924812030076,
        140.04135338345864,
        1687.639097744361,
        596.4887218045113,
        1091.1503759398497,
        6.642857142857143,
        2.7706766917293235,
        2.3947368421052633,
        1,
        0,
        0,
        0,
        -148.30641583992852,
        -139.08267740572518,
        -0.5587511132614278,
        -0.42265303978874846,
        1450.245340488384,
        -0.2322326135531221,
        0,
        0,
        0,
        0,
        0,
        0,
        0,
        0,
        0,
        0,
        0,
        0,
        0,
        0,
        0,
        0,
        0,
        0,
        310.8809523809525,
        310.03634085213025,
        313.6058897243105,
        312.20394736842115,
        -2.724937343358395,
        -2.167606516290728,
        6.2645847667570855,
        0,
        0,
        -0.011150920791625753,
        -0.01350838349532832,
        -0.013157743177798933,
        -0.017720592713007324,
        0.44133924608796715,
        0.44335938322966384,
        0.4423288402479572,
        0.43893971073216975,
        -0.01556670848121637,
        -0.0227571059759384,
        -0.020263986512489104,
        -0.024233598491474568,
        0.43984377217608367,
        0.441148244935565,
        0.440611606729338,
        0.43727136387546295,
        0.8440935414902502,
        0.8533814266516259,
        0.8517316677848614,
        0.839234330719248,
        0.045112781954887216,
        0.011278195488721804,
        0.018796992481203006,
        0.006766917293233082,
        0,
        0,
        0,
        0,
        6.6213169675048675,
        6.669628317848196,
        6.651195768990504,
        6.686566442621518,
        0,
        0,
        0,
        0,
        0.18796992481203006,
        0.793233082706767,
        65.93984962406014,
        4.06015037593985,
        0,
        0,
        0
      ],
      "sd": [
        93.03443373060185,
        1133.126122852927,
        433.0942691778383,
        736.7788091675949,
        6.222763027272925,
        93.30660400018883,
        1125.3318263399563,
        428.5275561899791,
        712.5782953550696,
        5.007915324452389,
        2.2851360813985138,
        2.023873149368033,
        1,
        1,
        1,
        1,
        1221.9213600279948,
        1144.0829246813637,
        6.995019686793259,
        5.788536143047228,
        4.889536352584829,
        6.466673433963568,
        1,
        1,
        1,
        1,
        1,
        1,
        1,
        1,
        1,
        1,
        1,
        1,
        1,
        1,
        1,
        1,
        1,
        1,
        94.8861133554211,
        91.16430437379168,
        95.17160534559676,
        90.67818743192181,
        77.66044410528538,
        68.89855039556652,
        2.0871245529669635,
        1,
        1,
        0.06835112250503511,
        0.09810874378984778,
        0.08320634092847826,
        0.07433351938106529,
        0.02805633456381894,
        0.03887555396633402,
        0.033586894425592234,
        0.03128816942484146,
        0.06873199076424855,
        0.09593675702791983,
        0.08325733631077634,
        0.07632520416332271,
        0.028440446690592782,
        0.03982467602437887,
        0.03412939110194428,
        0.0317484286283183,
        0.07352561644875451,
        0.07649323023858942,
        0.0746741643487618,
        0.07955842062210926,
        0.20755148483973315,
        0.10559828500141512,
        0.1358074576555516,
        0.031132722725959964,
        1,
        1,
        1,
        1,
        0.9185849174626882,
        1.2128323820693157,
        1.0792497642224934,
        0.9857387069378453,
        1,
        1,
        1,
        1,
        0.3906881520832049,
        0.40498686300457426,
        1.9534407604160218,
        1.953440760416033,
        1,
        1,
        1
      ]
    },