{"season":2018,"week":18,"generated_at":"2025-11-07T00:40:45.685Z","feature_hash":"a7f8b0f7835e8da887909694d781086123ba2a16","logistic":{"weights":[-0.4906978677869224,-0.499612178751592,-0.15462827406230997,-0.5423826534105747,1.803498124219607,0.6122444417292651,-0.05126654385069142,-0.2744975260958438,0.019268167382032034,-0.5695620666085391,3.067591320514154,-2.6946731064448555,0,0,0,0,1.110771291888248,-0.9033844099672504,-1.204463832336779,0.476875208467267,-3.557876549501646,0.032686737440144595,0,0,0,0,0,0,0,0,0,0,0,0,0,0,0,0,0,0,-0.3307175729242704,-0.06936220070523608,0.12231825613720097,0.1543465055208166,-0.45005056192560217,-0.16719359799537695,0.015043506926617652,0,0,2.031433672746426,1.07989756778939,0.03152055970295887,-0.18451455478284676,0.4525271980148134,0.06011282040076096,0.0963469361867758,-0.05337611596885206,-1.9330956666539647,-1.460128270305396,0.1487031431782667,0.9387132864931546,-0.07788600902739119,0.12612928564690712,-0.1841410635384166,0.33630882334928713,-0.5367685536462943,0.661900880603032,-0.6494842783857075,0.29764155349132115,-0.0022199460476063962,0.37012896793587086,0.27804151185620896,-0.296404407505868,-0.14553303088844924,0.4019765926469503,0.05161167651519558,-0.3301876199489181,0.21579464788184194,-0.2042933838395945,0.15363724101115342,0.14742601452952225,0,0,0,0,-0.024521088173802632,0.2105259007217072,-0.024521088173800824,0.02452108817380292,0,0,0,-0.11549559255809227,-0.06534144296129926,0.043778558710922164,-0.1890605507064287,0.05778682321279848,-0.01623273203165353,0.20823162333586204,0.4400995263956349,0,-0.3903116205892089,0.003156064822045646,0.10612058868086449,0.5880490251651262,-0.16016352258634048,-0.493838452359096,0.08015171412750995,-0.387248261017873,0.3820485492975063,-0.307965821837126,0.22107476729189146,0.03598560436517804,-0.057987784090970856,0.11754584066920724,-0.007003496394671501,-0.1265721555191679,-0.29740064090308677,-0.2211449108398956,0.28294644336837727,-0.6885175760906106,0.05805186380819336,-0.4958958327482265,0.25183183594172726,0.09664365524650957,-0.0451756816713989,-0.1515543284110955,-0.25120441761577805,-0.2650259176162691,-0.17238438259183977,0.045542399110921894,-0.18744904846561058,-0.3998014116127816],"bias":1.452459984665189,"scaler":{"mu":[157.64173228346456,1862.5629921259842,581.0551181102362,1281.507874015748,6.409448818897638,156.49212598425197,1849.1181102362204,562.9724409448819,1286.1456692913387,5.153543307086614,2.5866141732283463,2.37007874015748,1,0,0,0,120.5611449327362,80.70599081168255,0.20247248455165315,0.25822599728266354,1449.934465150566,-0.14111648989092007,0,0,0,0,0,0,0,0,0,0,0,0,0,0,0,0,0,0,350.9304461942256,352.20793963254596,350.6758530183729,352.76627296587907,0.2545931758530171,-0.5583333333333336,7.659946412356,0,0,-0.004318562076469996,-0.0015234012296005514,-0.002405198877575614,-0.014818933853029756,0.431738567301086,0.43198406187548716,0.43256320070368204,0.42971167526873255,-0.005350913522145587,-0.0028695031421606216,-0.002502509786268685,-0.01718551098612791,0.43022300946071507,0.4303293675350751,0.4308944176140605,0.4279880148217097,0.8261709849931641,0.8257302655861818,0.8264141049173429,0.8265748952602633,0.5829140815210622,0.5846988490477184,0.5831480670037392,0.5815865767354368,0.1971820558004606,0.19683824285929027,0.1972081117492129,0.19673472180818524,8.087501548806163,8.095886095486378,8.079664610901593,8.12591344983803,0,0,0,0,0.09448818897637795,0.7637795275590551,65.4724409448819,4.52755905511811,0,0,0,0.003937007874015748,-0.4015748031496063,-0.5665354330708662,-0.15354330708661418,0.01968503937007874,-0.01968503937007874,0.051181102362204724,0.051181102362204724,0,-0.018586614173228353,-1.6653543307086613,-0.9763779527559056,-0.7681102362204724,-0.007874015748031496,-4.321259842519685,0.3744094488188976,-1.6377952755905512,-0.027559055118110236,-0.027559055118110236,0.007874015748031496,-0.03543307086614173,0.04330708661417323,0.01968503937007874,-0.11811023622047244,-0.06299212598425197,-0.025027559055118116,0.07874015748031496,-0.003968503937007874,-0.003937007874015748,0.027551181102362196,-0.1141732283464567,0.4330708661417323,-0.2125984251968504,-0.12598425196850394,-0.452755905511811,-0.03642125984251968,-0.003937007874015748,-0.047244094488188976,-0.030177165354330706,-0.031496062992125984,4.574015748031496],"sd":[92.03885685840707,1060.7565761043043,355.4428712989888,750.4303895918924,4.7294592434621405,90.31871572625917,1048.5750144139051,333.53190362626697,743.762010053858,3.8612815643242913,1.913065816860894,1.951390175194913,1,1,1,1,1178.9271793575178,1156.0120053673727,5.806891071032942,5.193591743000751,4.246621081649298,5.965897159076802,1,1,1,1,1,1,1,1,1,1,1,1,1,1,1,1,1,1,105.04419026140823,102.75233413998049,102.71095762745226,100.13229977528577,73.56973149528658,66.21916755174985,2.428736969058612,1,1,0.09451922862713774,0.10875052087409214,0.09939303544165115,0.10468785524845083,0.041671923863691646,0.047315343113002784,0.04284256118596136,0.04593458904050908,0.07548674009022541,0.09865013231136761,0.08335116156382194,0.08827923983058951,0.03391225636304297,0.04149964349048137,0.03557860674774887,0.04115857600862761,0.07147875186187189,0.08588759113057151,0.07676460930591149,0.0750352657431111,0.08696199900918,0.09286017047679658,0.08925346258143059,0.09448045890619249,0.06619236226668265,0.07546482525051554,0.07096566724943278,0.06850864858052051,1.1315720932392699,1.3409192062557256,1.2420009388359157,1.3446707540557121,1,1,1,1,0.2925067026930192,0.42475917981924904,1.462533513465094,1.462533513465093,1,1,1,2.03995142657948,12.098519361820337,7.7044791019897305,8.022854120098192,4.034117089054483,0.4563703721187785,0.3676625767623636,1.2771995781699603,1,0.4698439747493007,13.623820489017382,12.301392000440032,7.342142324220348,0.34358148392553417,38.297372763905386,13.980718395560855,11.277927220162615,9.748169035957428,1.8706256970546002,0.4065615950685232,0.3117205388475206,0.28425633080605883,0.6112513781223682,2.6786239657803224,0.7555363271678477,0.2547782949064912,1.684137664396632,0.08850414261471896,3.886680294617432,0.21035456414369844,2.334008225175906,7.195898384629067,3.679331335305121,2.55488454824677,6.4193767545452465,0.2440039041025992,0.22619814838146912,0.5449592589920699,0.3683078513103494,0.36450825194024145,38.803733306467315]},