{"season":2018,"week":6,"generated_at":"2025-11-07T00:39:40.357Z","feature_hash":"a8f0d20fadc6f9356f2e982eed021c207663ad2a","logistic":{"weights":[-0.32033699968116663,-0.47991317089787594,-0.27478108012567565,-0.46420087243320957,1.8826443757003388,0.5961843965334376,-0.03453864413341859,-0.41475639896080047,0.10441888478669187,-0.8801075841566529,2.9303785978189785,-2.4133357438974112,0,0,0,0,0.9421999466696792,-1.1374848213298738,-1.4972725601581591,0.5373363699604445,-3.38374341492216,-0.15679003826843824,0,0,0,0,0,0,0,0,0,0,0,0,0,0,0,0,0,0,-0.3747248546655116,-0.16274977811495517,-0.04021378335771809,0.1529522981874859,-0.25079136685790976,-0.3297402937137606,0.12026824904497901,0,0,1.9543533015402121,1.0948410531928732,-0.006575836792157431,-0.16875310511385225,0.21997560874436334,-0.08841009413708527,-0.17757390360297826,-0.25869419936395943,-2.0255073773348875,-1.6917789821587923,0.16292106488275104,1.0476576560812854,-0.06501716280471394,-0.12499902105668674,-0.20467767436826065,0.46317438027898244,-0.25174314087695493,0.3662966050968703,-0.5226392275488492,0.503358070663107,-0.06443898484971543,0.4741363220457909,0.31980435076078867,-0.3090085060200821,-0.0736287110360957,0.037307656265833766,0.06162263333440248,-0.12345846191968461,-0.023004032791308932,-0.3072473220716347,0.03469817735764769,0.06082964147973646,0,0,0,0,-0.0243561367857982,-0.04887078400629601,-0.024356136785796522,0.02435613678579847,0,0,0,-0.05895120230889367,-0.15016966352087618,-0.09421433355883556,-0.05043977397804126,-0.00632563182782257,-0.0512345631507304,0.16059547992164194,0.20474364626700134,0,-0.0949295745983307,0.034818103502739735,0.01428285238795922,0.02226220230200125,-0.17084394591210705,-0.18356689481099808,0.0503575664185389,-0.05309118758361029,0.06478351904396874,-0.08463458692593408,0.14050820593411772,0.07933939063907233,0.0036818485964801966,0.1292652190882771,0.00913606173159989,-0.10882256684214603,-0.022300285862907235,-0.09031454556307598,0.04251382254211184,-0.08272058032426279,0.18223902463268016,-0.09724467905704759,0.017157193841510984,0.026250345110004077,-0.15821446115298354,-0.08991272298043954,-0.060086861316191884,-0.09169156585316424,-0.037901468256187384,-0.02506601659211623,-0.12673703538245082,0.0008532897779848543],"bias":1.0496995634593171,"scaler":{"mu":[95.09210526315789,1117.157894736842,320.0263157894737,797.1315789473684,4.157894736842105,93.35526315789474,1099.2368421052631,313.13157894736844,786.1052631578947,3.276315789473684,1.5921052631578947,1.355263157894737,1,0,0,0,28.762397796015833,-20.157935083065645,-0.09516494755845661,0.02712997843669143,1449.9182360729449,-0.0651974051317582,0,0,0,0,0,0,0,0,0,0,0,0,0,0,0,0,0,0,298.51315789473676,297.98574561403507,298.21052631578937,299.030701754386,0.3026315789473673,-1.0449561403508785,6.464440860761291,0,0,-0.015541236912904497,-0.008042318252788408,-0.015541236912904497,-0.033071364253139536,0.43079160142512246,0.43249109055286333,0.43079160142512246,0.42774120544552463,-0.02142142591327403,-0.020249773383471812,-0.02142142591327403,-0.03608115138632415,0.4255379040485138,0.4255917894544768,0.4255379040485138,0.4227030093880197,0.8337136601335375,0.8322563682484193,0.8337136601335375,0.833640098832271,0.5802180566998327,0.5837959640085322,0.5802180566998327,0.5780750577358627,0.19023347814268907,0.1898309844577396,0.19023347814268907,0.19034943968731363,8.08603021150742,8.031426839570981,8.08603021150742,8.156271588446975,0,0,0,0,0.10526315789473684,0.7368421052631579,65.52631578947368,4.473684210526316,0,0,0,-0.4342105263157895,-3.1052631578947367,-1.1710526315789471,-1.986842105263158,-0.39473684210526333,0,0.013157894736842105,0.2631578947368421,0,-0.041223684210526315,-4.815789473684211,-4.559210526315789,-1.6513157894736843,-0.02631578947368421,-5.918421052631579,0.08026315789473695,-3.526315789473684,-1.2894736842105263,0.13157894736842105,-0.013157894736842105,-0.07894736842105263,0.11842105263157894,0.02631578947368421,-0.21052631578947367,-0.09210526315789473,-0.03248684210526315,-0.013157894736842105,-0.010026315789473685,-0.039473684210526314,-0.00018421052631578926,-0.5,0.3157894736842105,-0.75,-0.17105263157894737,-1.4210526315789473,-0.055894736842105254,-0.013157894736842105,0.013157894736842105,0.00813157894736842,-0.10526315789473684,10.85657894736842],"sd":[49.79092541279589,571.5411080816032,176.10941378378584,423.26106607553885,2.4281931314573213,51.556229892421555,572.1403919636713,165.45148295889157,427.4320376555838,2.376411958186932,1.078225047046099,1.1086258370331246,1,1,1,1,378.3345215511066,321.7751232897628,2.627492287609269,3.01124210003228,1.7321115032031735,2.1510797220430273,1,1,1,1,1,1,1,1,1,1,1,1,1,1,1,1,1,1,161.21043139152906,160.6255284129918,156.9569780524973,157.15992643945498,75.10384482631149,73.89813084804199,3.5869707012107783,1,1,0.11120675708383564,0.11309454673998341,0.11120675708383564,0.12975059504476902,0.05307297260996449,0.053744312514723905,0.05307297260996449,0.05973344790228385,0.10713727313648937,0.11058337572162495,0.10713727313648937,0.12637946078763232,0.04763412699706786,0.04875742792784137,0.04763412699706786,0.0569915780590328,0.08451728043147798,0.08572778965145043,0.08451728043147798,0.08767170994616381,0.1202933723966293,0.12116308858607468,0.1202933723966293,0.12901918670614898,0.08106314412714663,0.08171537277852868,0.08106314412714663,0.0824795449431568,1.4638039301961554,1.467426843858794,1.4638039301961554,1.752151951158204,1,1,1,1,0.30689220499185776,0.44034738238635546,1.5344610249592892,1.534461024959288,1,1,1,1.995623674547763,10.44859465162209,7.18303585923979,7.77054733060513,4.99702265925058,0.3627381250550058,0.30320312162639224,1.228696582097763,1,0.4409214513733295,12.934766010452305,10.180918395544248,7.660106729726641,0.3617822917070398,38.181025566325474,15.423504105037752,10.5187472790884,11.344852518669427,2.2084890361318714,0.3802153493894707,0.38943812070917755,0.3231060304686496,0.6683381631158049,2.4023880086373066,0.6723413837390114,0.23196009714814111,1.5516834750193733,0.07445361920512919,4.0276700508831595,0.10526741767696561,2.0869267255691413,6.643577282878059,3.692542270719813,2.7500629557135254,6.037739115663152,0.17055162661411422,0.30320312162639224,0.6385308188711022,0.3383013038116536,0.38316367838318544,40.914173118622486]},