{"season":2024,"week":7,"generated_at":"2025-11-07T00:49:51.147Z","feature_hash":"ee6f5b8637861914fc3a8cb54c8c78e79c461230","logistic":{"weights":[-0.13680603087467294,-0.08487890675564179,-0.10626177878043551,-0.0285157811620583,0.141924095956962,0.17144691886671642,0.11887925675115069,0.2218389424027876,0.1562564737284567,-0.37072765162465005,2.2778970457816863,-2.1059310953841277,0,0,0,0,0.480522259797287,-0.28218841993289245,-0.3776177258325922,0.13876729955286088,-2.058963492019647,-0.25622645440635233,0,0,0,0,0,0,0,0,0,0,0,0,0,0,0,0,0,0,-0.3935564788907274,-0.20312878144862678,-0.03255661891947485,0.08878204385223083,-0.5106416578082844,-0.46840806827193704,-0.2456337210495363,0,0,0.6885939650286106,0.6207000247217094,0.2664227859978909,0.4328754989676942,0.28128233899840843,0.07209593829812004,-0.17931980875210343,-0.21106864617099377,-0.6088219710414056,-0.3976779531152522,-0.31207686581583566,-0.0914612673882665,-0.04072862614222586,-0.11805510126049511,0.03214590627079044,0.05990168606954572,-0.09568016897722624,-0.05540777071277483,0.05192936930586378,0.10868323931943559,0.020076170661741184,0.07503105213953726,0.16246894626046787,0.11923019824363229,-0.11571171227401772,-0.22515230984397805,-0.2308794443239131,0.10117133885877387,-0.17721921349117725,-0.24882422766360518,0.09429710866141079,-0.28426971919860666,0,0,0,0,-0.050399039936808235,0.04840975371335634,-0.05039903993680918,0.050399039936808415,0,0,0,0.282582315491492,-0.2616915379799501,0.006861208816993935,-0.17656218025478232,-0.006191052632129279,0.008811416729623168,0.49131384446048393,0.0497602485011272,0.005773388383927062,0.11682688257731426,-0.17306982832453494,-0.09622502244635643,-0.09256941997509323,-0.17484500260813313,0.08987801889959578,0.08176916263892434,-0.05399340297598677,-0.20260411165532607,-0.10211578750426016,-0.02810031247775588,-0.22238696234685065,-0.05582753991910387,-0.16311778097192828,-0.28640879922974627,-0.25251785469644245,-0.1342207446300702,-0.04161778376853623,-0.0886895841551933,-0.25451478982121856,-0.24943739333329887,-0.8075524507228237,0.5274231325090263,0.36510269176365207,-0.45070302957487207,-0.40847207822844883,0.29490559024396246,-0.19229369291551338,-0.11131085122722635,0.26889147796613183,-0.2573281114755455,0.3685611092086681],"bias":0.31272293388715106,"scaler":{"mu":[92.94565217391305,1135.4782608695652,391.04347826086956,744.4347826086956,3.8152173913043477,91.73913043478261,1123.8152173913043,400.7391304347826,723.0760869565217,2.6739130434782608,1.6521739130434783,1.6521739130434783,1,0,0,0,8.446166456214808,-21.725051125979093,0.3025474383015219,0.04540136304504128,1450.0007799565292,0.0827873305452504,0,0,0,0,0,0,0,0,0,0,0,0,0,0,0,0,0,0,282.37318840579695,278.6092391304348,281.231884057971,279.1949275362319,1.1413043478260858,-0.5856884057971008,6.188178028616784,0,0,-0.003052918111359999,-0.00043582818295299404,-0.0017946385148530663,-0.007457940217898229,0.4658961637001853,0.4670884807727152,0.4663640895146549,0.463905075065553,-0.004516484794687662,-0.0013161316531253068,-0.0033108079146478213,-0.008245111966040095,0.46303226313680684,0.46318810948994676,0.463769916882293,0.4611164992969058,0.8026484276379852,0.8053620129535631,0.8033080665792752,0.7930723928404738,0.6059205018149988,0.6083076034449547,0.6057641417814537,0.6067151070410901,0.19857456302625595,0.19777718192693114,0.198640925991943,0.19599844921876108,7.490955464857681,7.570752701699743,7.496380536390276,7.407580861614086,0,0,0,0,0.16304347826086957,0.6630434782608695,65.81521739130434,4.184782608695652,0,0,0,0.05434782608695652,1.2608695652173914,1.2771739130434785,-0.4782608695652174,0.04891304347826085,0.010869565217391304,-0.021739130434782608,-0.11956521739130435,0,0.09510869565217392,0.15217391304347827,0.266304347826087,1.2076086956521739,-0.03260869565217391,5.145652173913043,0.8695652173913043,-1.2282608695652173,1.3804347826086956,-0.16304347826086957,0,0,0,0,0.32608695652173914,0.07608695652173914,-0.0027826086956521763,0.2826086956521739,0.004576086956521739,-0.18478260869565216,-0.03768478260869566,0.10869565217391304,-0.43478260869565216,-0.42391304347826086,0.4782608695652174,0.16304347826086957,-0.004260869565217385,-0.021739130434782608,0.043478260869565216,0.024989130434782608,0.08695652173913043,-8.158695652173913],"sd":[52.368751911312366,615.1350060062969,225.35980472990673,424.11373844523854,2.669999787600086,50.73457563103536,609.6925442090326,228.38130156296003,411.0076756316923,2.5754218550693784,1.192684062986539,1.2974455053371106,1,1,1,1,404.93020907208637,449.8992883533053,3.0672263795240364,3.2356709672521116,1.742549025067106,2.5303300663653414,1,1,1,1,1,1,1,1,1,1,1,1,1,1,1,1,1,1,139.65069512282486,137.0490588041635,138.35878706917123,136.38177268656548,66.6089738353634,60.70446886139017,3.2143575895575816,1,1,0.11038242623346099,0.11947493602791458,0.11031106091980993,0.12266249942946152,0.04596796309897913,0.048193722950274936,0.04578124614807135,0.05113659807674362,0.0981046345337841,0.10533149544330869,0.09950663734256236,0.11488990141647601,0.042635145703134085,0.045729784672273774,0.042795474264339606,0.05085677519031643,0.07639400357754665,0.07853821387005394,0.07610647198950808,0.09278456228329213,0.08788439235352151,0.09050712798758345,0.08802916533694335,0.10187347309418461,0.0656604898933634,0.06798279900803696,0.06564496950517915,0.07028305229724997,1.71202260783171,1.7777359027443778,1.7154794923818364,1.934631598868732,1,1,1,1,0.3694053362601397,0.47266988924258446,1.8470266813007004,1.8470266813006995,1,1,1,2.1587241120765044,13.806795400955876,5.633461814304994,7.528898327039863,4.107508886576891,0.47764288136347405,0.20737808726455323,1.2144276814914834,1,0.5015937091459787,16.310129409696867,16.29207781056896,7.585386890703958,0.31106713089682997,38.11651876595682,14.651722996545006,12.462206571374079,9.572199773647446,1.8134591849559087,0.14744195615489714,0.20851441405707477,0.2211629342323457,0.3296902366978935,3.2674571140932467,0.7106900451425019,0.352244783529337,1.603841088819356,0.053507056360262116,3.7298133413666523,0.16114933186251612,2.433714827972691,7.325216049382596,2.318328181611903,2.913530134560229,5.916589010557416,0.25532365945502333,0.2940815056188845,0.5298285916066932,0.34351999798015787,0.35053294557819786,44.66699771929157]},