{"season":2011,"week":16,"generated_at":"2025-11-07T00:27:18.790Z","feature_hash":"3b5ea446b7f332f48937f4610446dbc705a961ff","logistic":{"weights":[-0.3936457359800811,-0.6291270191161025,-0.2986134211821847,-0.6995055835682876,1.2519507223019568,0.8000657844907365,-0.03850182294936531,-0.08326628796699101,-0.06829701476598807,-0.5793339389545399,3.127551308326521,-2.8950532008573453,0,0,0,0,1.0498473208523056,-0.49514701954080875,-0.7040903570852983,0.8960920248656802,-3.681506418689124,0.3463727438163568,0,0,0,0,0,0,0,0,0,0,0,0,0,0,0,0,0,0,-0.2739671391044836,0.03711115584889586,0.16369782519595655,0.18408999325853534,-0.44189787701783806,-0.051663584011238474,-0.0371985789906628,0,0,1.6216063407502304,1.5342765013608963,-0.08638343507444952,-0.8080922235081629,0.435278155790696,0.40941456967101575,-0.6406920466282607,0.15126351945351788,-1.8074518688678505,-0.6812377592444908,-0.508600844665072,0.5329306610306325,-0.35425471521797014,0.5409381238598465,0.19443258476455091,-0.03889126221477607,-0.37232286603568526,-0.15261045738539056,-0.2826960568282186,0.49235690944601246,-0.31763223142057173,0.22539008964657933,-0.3660359399284377,-0.7866424206982486,-0.22434547029509352,-0.2962865031291771,-0.3771579284691013,0.20410052839525308,0.5128630002591709,-0.28930125250207056,0.03574582591984491,-0.2858698191600376,0,0,0,0,0.11227958627507838,0.2103459370209746,0.11227958627508064,-0.11227958627507821,0,0,0],"bias":0.6249620715763631,"scaler":{"mu":[129.04017857142858,1556.8482142857142,495.9330357142857,1060.9151785714287,6.504464285714286,129.125,1559.700892857143,501.42410714285717,1058.2767857142858,4.950892857142857,2.111607142857143,2.232142857142857,1,0,0,0,47.92328626573135,34.0718721584956,0.13832705538836096,0.22433294008327032,1449.8908026471158,-0.16262936937874276,0,0,0,0,0,0,0,0,0,0,0,0,0,0,0,0,0,0,335.53943452380946,336.4345982142857,335.3452380952381,335.2824404761906,0.1941964285714273,1.1521577380952401,8.110863280652527,0,0,-0.0053194655359667135,-0.004959332305072915,-0.007172054261165376,-0.010594500263884902,0.43110486070351844,0.4318937246721074,0.43091223702183823,0.4294134206768488,-0.007089422418296703,-0.010059719403724774,-0.01160238007021354,-0.012912112069063527,0.43192385381377163,0.43158757661931446,0.43141452559671256,0.42923473660902395,0.8380488762329605,0.8327440758861975,0.8354910754714309,0.8336016689356163,0.5890258136922585,0.5907990317761308,0.5897353005298607,0.5874031030139433,0.21564982354560533,0.21753668325027156,0.21697525998979303,0.21662702060573294,8.533019437203217,8.637597582650248,8.591995689580612,8.558991914448344,0,0,0,0,0.15625,0.7410714285714286,65.78125,4.21875,0,0,0],"sd":[73.12344743140757,882.7046323842001,311.190355699,616.8468400302663,4.540490226696285,71.6222886547397,875.1906398440466,315.38505879591503,586.9992806916595,3.6021198008879405,1.6932241822563112,1.8707434678354438,1,1,1,1,1028.1343702804822,948.1641677273881,5.774758210082628,4.095990381022767,4.121520301973654,6.116651825653799,1,1,1,1,1,1,1,1,1,1,1,1,1,1,1,1,1,1,110.20422310940937,109.47745139174292,106.98902581101922,104.0443200869589,69.23338442469733,62.360580840104404,2.682314483334804,1,1,0.08637996000927733,0.10223286700135559,0.09311766566926151,0.09591502136145316,0.04219176029074946,0.04722640592981773,0.043337173263229084,0.04505238724163009,0.07489908843056038,0.09478127386580137,0.0855187617106168,0.08665815869520309,0.03497411833597852,0.04324366207940548,0.03933092286602242,0.03840916230147053,0.09637719108147799,0.10241667448692801,0.09857544289724884,0.10364562193334903,0.09181602440319954,0.10105932351124407,0.09636977026070172,0.08914309708165688,0.07188838121948604,0.08251166446849281,0.07702345762892855,0.06634839458234931,1.0954028116014327,1.4324849529962669,1.2636665875140667,1.3092714057539039,1,1,1,1,0.3630921887069453,0.4380463061441454,1.8154609435347266,1.8154609435347266,1,1,1]},"features":["off_1st_down_s2d","off_total_yds_s2d","off_rush_yds_s2d","off_pass_yds_s2d","off_turnovers_s2d","def_1st_down_s2d","def_total_yds_s2d","def_rush_yds_s2d","def_pass_yds_s2d","def_turnovers_s2d","wins_s2d","losses_s2d","home","sim_winrate_same_loc_s2d","sim_pointdiff_same_loc_s2d","sim_count_same_loc_s2d","off_total_yds_s2d_minus_opp","def_total_yds_s2d_minus_opp","off_turnovers_s2d_minus_opp","def_turnovers_s2d_minus_opp","elo_pre","elo_diff","rest_days","rest_diff","off_third_down_att_s2d","off_third_down_conv_s2d","off_third_down_pct_s2d","off_red_zone_att_s2d","off_red_zone_td_s2d","off_red_zone_td_pct_s2d","off_dropbacks_s2d","off_sacks_taken_s2d","off_sack_rate_s2d","off_pass_att_s2d","off_rush_att_s2d","off_neutral_pass_rate_s2d","off_third_down_pct_s2d_minus_opp","off_red_zone_td_pct_s2d_minus_opp","off_sack_rate_s2d_minus_opp","off_neutral_pass_rate_s2d_minus_opp","off_yds_for_3g","off_yds_for_5g","def_yds_against_3g","def_yds_against_5g","net_yds_3g","net_yds_5g","qb_ypa_3g","qb_sack_rate_3g","qb_qbr","off_epa_per_play_s2d","off_epa_per_play_w3","off_epa_per_play_w5","off_epa_per_play_exp","off_success_rate_s2d","off_success_rate_w3","off_success_rate_w5","off_success_rate_exp","def_epa_per_play_allowed_s2d","def_epa_per_play_allowed_w3","def_epa_per_play_allowed_w5","def_epa_per_play_allowed_exp","def_success_rate_allowed_s2d","def_success_rate_allowed_w3","def_success_rate_allowed_w5","def_success_rate_allowed_exp","rb_rush_share_s2d","rb_rush_share_w3","rb_rush_share_w5","rb_rush_share_exp","wr_target_share_s2d","wr_target_share_w3","wr_target_share_w5","wr_target_share_exp","te_target_share_s2d","te_target_share_w3","te_target_share_w5","te_target_share_exp","qb_aypa_s2d","qb_aypa_w3","qb_aypa_w5","qb_aypa_exp","qb_sack_rate_s2d","qb_sack_rate_w3","qb_sack_rate_w5","qb_sack_rate_exp","roof_dome","roof_outdoor","weather_temp_f","weather_wind_mph","weather_precip_pct","weather_impact_score","weather_extreme_flag"]},"decision_tree":{"params":{"depth":6,"minSamples":12},"alpha":2},"bt":{"coefficients":[0.2256834990629696,-0.10501586695560193,-0.023307226774086205,-0.0038796017806337017,0.09807432687388018,0.002461585777587474,-0.003534839668609098,0.004621018636730273,-0.002191961158070349,0.004308915881568973],"intercept":0.09457596701336948,"scaler":{"mu":[-1.6808345453642706,11.721887952419033,0.5825841158486763,0,0.00019321588936636484,0,0,0,0,0],"sd":[63.8782160550984,473.63021918588385,15.396116274607563,1,0.08903929584808602,1,1,1,1,1]},"features":["diff_total_yards","diff_turnovers","diff_penalty_yards","diff_possession_seconds","diff_r_ratio","diff_elo_pre","diff_inj_out","diff_inj_skill_out","diff_inj_practice_dnp","diff_inj_out_trend"],"hyperparams":{"steps":1200,"learningRate":0.001,"l2":0.00001}},"ann":{"seeds":[1],"architecture":[92,128,64,32,1],"committee_size":1,"max_epochs":15,"dropout":0.5},"ensemble":{"weights":{"logistic":0.9,"tree":0,"bt":0,"ann":0.09999999999999998},"calibration":{"type":"platt","beta":-0.09721001901272983,"source":"platt"},"calibration_beta":-0.09721001901272983,"calibration_hash":"c15212f52085bc2fabf95aa7b3188d886a706558e759f3c9215c08fed345a4f4","oof_variance":{"ann":{"mean":0.5468003828594139,"var":0.03270435852822678}}},"pca":[{"component":1,"explained_variance":0.19107678842287995,"top_loadings":[{"feature":"def_total_yds_s2d","loading":0.2693740727415833},{"feature":"def_1st_down_s2d","loading":0.26679554793586047},{"feature":"def_pass_yds_s2d","loading":0.26405104529742346},{"feature":"off_total_yds_s2d","loading":0.2603380502405484},{"feature":"def_rush_yds_s2d","loading":0.25605491183680895},{"feature":"off_1st_down_s2d","loading":0.25429213947058965},{"feature":"off_pass_yds_s2d","loading":0.25060383516277734},{"feature":"off_rush_yds_s2d","loading":0.24170870894961735},{"feature":"off_turnovers_s2d","loading":0.23107982794251275},{"feature":"losses_s2d","loading":0.20130550892998886}]},{"component":2,"explained_variance":0.16755736518902778,"top_loadings":[{"feature":"off_success_rate_exp",