{"season":2025,"week":6,"generated_at":"2025-11-10T23:43:34.709Z","feature_hash":"02c086564f85f773c957f5d067b5f10c355439a9","logistic":{"weights":[-0.31945771476722135,-0.18714219691371725,-0.1060807862255538,-0.20352259113508567,0.6648711267951335,0.14151901477575402,0.1705890189755032,0.37724339187596656,0.13375925791438462,-0.7141757696385983,2.4975497884848106,-2.3054368083981442,0,0,0,0,0.25411690573451307,-0.5890916721973867,-0.21185841152844814,0.5860942919599906,-2.6643451703669565,-0.12704787363843495,0,0,0,0,0,0,0,0,0,0,0,0,0,0,0,0,0,0,-0.27064738027153307,-0.047322744042413926,-0.1002521842168574,0.11874420436206934,-0.17635192695315197,-0.22655733572050166,-0.06749181583266094,0,0,0.505150597681469,0.8996496028706041,0.17825464944744218,0.332596751904784,0.05414360693832385,-0.059096448838328104,-0.23360971658901822,-0.29445569015621836,-0.578748398340139,-0.08898012667460072,-0.1586710744980011,-0.09353052563764239,-0.03361990096132592,-0.07276788426531457,-0.10546786521677486,0.14808085825356876,-0.0827373662758602,-0.09035907819109068,0.21491894490267027,0.1431463601899842,-0.056780336361539153,-0.0765958524771725,0.2440527292100214,0.2304837770598304,0.16929886395187932,-0.06094461883702465,-0.1662860305510232,0.303180107030829,0.03867008698254865,-0.3116571978064276,0.024958536891131165,0.21459661951654505,0,0,0,0,-0.08698422858759433,-0.14747474980096675,-0.08698422858759501,0.08698422858759455,0,0,0,0.3714211871892039,-0.27744443952483594,-0.03676768212188073,-0.004595265835303639,-0.01925489722334728,-0.19889143258593794,0.2834046901943956,0.0855055763631553,0.0056772056275840345,0.027374836945908827,0.025912773729881784,-0.09114256061996322,0.2010865654936963,-0.46504182071218625,-0.0502520599688873,0.20784226045077916,0.02038916655049958,-0.07247124303275503,0.11169777220333062,-0.1008388942763462,-0.27847698361964307,0.17098971565907403,0.09361217553227982,-0.37550601255380067,-0.28738541903023934,0.1801741357960201,-0.3647246474214942,0.1635262203638647,-0.040651777795947766,-0.15257326660970635,-0.5082981914378636,0.6715480078497361,0.25802549693914734,-0.1850792637051568,-0.1805205512457145,0.48619844290271375,-0.14034853222615173,-0.32244829009037534,0.4467288025694207,-0.8458260574535734,0.009078641637558085],"bias":0.6338837362211804,"scaler":{"mu":[83.8051948051948,999.2727272727273,335.09090909090907,664.1818181818181,2.9740259740259742,83.07792207792208,982.4025974025974,329.83116883116884,652.5714285714286,2.142857142857143,1.5324675324675325,1.4025974025974026,1,0,0,0,19.48525146580864,-18.467574366339296,-0.20244505241241878,0.12143427104333043,1450.015064895735,0.0944816744306654,0,0,0,0,0,0,0,0,0,0,0,0,0,0,0,0,0,0,261.21428571428567,261.8679653679654,267.35064935064935,267.1125541125541,-6.136363636363637,-5.2445887445887465,5.967871092429409,0,0,0.027679800946162285,0.024393245240979727,0.027679800946162285,0.03411538628492126,0.4645925457597916,0.4652419810231048,0.4645925457597916,0.4637754897399127,0.015859853704722884,0.013777920287793085,0.015859853704722884,0.026343439489329712,0.4589735628559518,0.4601559547942183,0.4589735628559518,0.4595956840220836,0.7809130561002395,0.7856745606140707,0.7809130561002395,0.7716422330693435,0.6011693889280783,0.5968316287260981,0.6011693889280783,0.6021616757423004,0.22074110772717426,0.22242382955564716,0.22074110772717426,0.22163892139819732,7.6591747948955256,7.661241960068943,7.6591747948955256,7.595053825140456,0,0,0,0,0.19480519480519481,0.6623376623376623,65.97402597402598,4.025974025974026,0,0,0,0.2077922077922078,1.5324675324675325,-0.022077922077922103,0.6103896103896104,0.048051948051948054,0.012987012987012988,0.012987012987012988,0.2597402597402597,0,-0.14025974025974028,-3.038961038961039,-3.0779220779220777,-1.8259740259740256,0.012987012987012988,-8.445454545454547,1.0402597402597402,-2.7532467532467533,-0.2857142857142857,0.03896103896103896,0,-0.025974025974025976,0.012987012987012988,0,0.03896103896103896,0.05194805194805195,-0.003493506493506491,0.012987012987012988,0.0027532467532467536,0.2857142857142857,-0.021155844155844157,-0.14285714285714285,0.5714285714285714,0.09090909090909091,0.025974025974025976,-0.025974025974025976,0.012116883116883114,-0.025974025974025976,0.025974025974025976,0.013220779220779218,-0.025974025974025976,6.694805194805195],"sd":[42.65233629235118,500.4018550414513,184.11248550805234,332.54925334931625,2.4809614075633775,43.842624765536,502.88443999914483,184.24323297921643,343.2908133933922,1.9719743268677723,1.1797470077065728,1.165073324260042,1,1,1,1,215.3122354392695,225.61181881785546,2.907057926360946,2.4103943110728507,2.079352325401565,2.4567804136514915,1,1,1,1,1,1,1,1,1,1,1,1,1,1,1,1,1,1,144.55593508170787,144.89121556865598,145.67328529748303,145.18882177832555,77.66502574893988,75.98697429774467,3.3142411520959785,1,1,0.09862560153687826,0.10390713588597757,0.09862560153687826,0.11391658008405077,0.041692108532927756,0.044798880503507756,0.041692108532927756,0.049933799161794024,0.09611084901520303,0.09974594347162166,0.09611084901520303,0.11381330207897333,0.03942023239234089,0.04083849210709759,0.03942023239234089,0.04731275047974145,0.08813918267348085,0.08856247596127413,0.08813918267348085,0.0961861008492712,0.09661261611240682,0.09681652657393586,0.09661261611240682,0.10862534485402443,0.07402826843922958,0.07599774004855131,0.07402826843922958,0.08354762440191273,1.2966668048596086,1.368945580014913,1.2966668048596086,1.3951112739642053,1,1,1,1,0.39605066706433545,0.47291276509176944,1.9802533353216767,1.9802533353216771,1,1,1,1.8328720088915769,13.63492880515601,8.163183479097396,10.626059420558619,4.026458286753226,0.6343727138607699,0.11321815437767985,0.9856449849875472,1,0.5076652799149272,11.676863079958263,11.769999540727829,8.395041866922242,0.2544924408086419,38.12378180452595,12.855452729001806,12.533752709825611,7.346449169421022,1.2214698240028563,0.2279211529192759,0.27793421505237276,0.24139779604468972,0.4264014327112209,2.4198398489540454,0.7367197196718356,0.3819924736926558,1.3627084041116546,0.07768202851621257,3.448534952840807,0.22039698921595147,2.0809231574914158,6.093276199410343,2.8154574179438443,3.0957617696441515,6.113587222457702,0.1695174950957328,0.3212809578403372,0.42560960021231015,0.3423110009719316,0.35943772735319607,39.97910784301081]},