{"season":2015,"week":6,"generated_at":"2025-11-07T00:34:06.235Z","feature_hash":"41c5c1fa38a0bfe58bb14c4be0f8910a79bf3ea7","logistic":{"weights":[-0.2717705211827417,-0.5926885576863783,-0.6353665898389099,-0.5000767657150785,1.683696201136955,1.0985994730633333,0.13737588173965048,0.06004486997358812,0.09153681609344332,-1.531831466780326,2.9275327857277986,-2.5517934223623175,0,0,0,0,0.9765808305204439,-0.879107563968866,-1.2440627936552613,0.7281041039724706,-3.6909356336356782,-0.3709162285392687,0,0,0,0,0,0,0,0,0,0,0,0,0,0,0,0,0,0,-0.5216053503396305,-0.4342380192345596,-0.12857842852068535,-0.12710708636390666,-0.40036908960726586,-0.3376346090012275,0.1154568922618166,0,0,1.9550891309909113,1.1571363530084051,0.08347916861311153,-0.3328805770816122,0.2155661934857523,-0.2900938640183859,-0.1425819375494616,-0.3651007023292178,-2.003353980707799,-1.0288122894071947,0.5584349409900436,0.6540281474144094,-0.5810033037118117,0.12812673045662765,0.45486314558093444,-0.33905313448739866,-0.20371427363355016,0.1710508387024434,-0.39588649926083597,0.29892313067824694,-0.18724138780505467,0.6930740600503509,-0.11247130335351906,-0.24910417953320607,0.044844680921355205,0.03897102578468211,0.3576236081228471,-0.3236758078653843,0.3170223522053643,-1.0223128063000684,0.17484866598590007,0.127075895028356,0,0,0,0,0.061175623785220255,0.2046461044208136,0.06117562378522076,-0.06117562378521985,0,0,0],"bias":0.9330032894251816,"scaler":{"mu":[90.40259740259741,1063.3636363636363,310.35064935064935,753.012987012987,4.194805194805195,88.25974025974025,1042.5844155844156,305.85714285714283,736.7272727272727,2.935064935064935,1.4545454545454546,1.4285714285714286,1,0,0,0,36.296318936129545,-15.291457487256537,0.15953737644505897,-0.17381519544691965,1449.9022448659705,-0.09938959558083403,0,0,0,0,0,0,0,0,0,0,0,0,0,0,0,0,0,0,286.08874458874465,285.004329004329,286.5541125541126,285.987012987013,-0.46536796536796365,-0.9826839826839815,6.360011709529416,0,0,-0.0046156549226126775,-0.005686981004129344,-0.0046156549226126775,-0.00854202653140318,0.4309294218382365,0.4305182108347301,0.4309294218382365,0.4297851508330417,-0.002209052142662363,-0.0017701907611876113,-0.002209052142662363,-0.005422643950035496,0.428617686071678,0.4283534422709133,0.428617686071678,0.4303176039891854,0.8477482686683895,0.848726546215955,0.8477482686683895,0.8446439826531579,0.5851963526623796,0.5883200714847725,0.5851963526623796,0.5776320793051167,0.21186251765638517,0.20881766242856262,0.21186251765638517,0.21332005831883738,7.975011430555672,8.065465894065703,7.975011430555672,7.718486874871025,0,0,0,0,0.11688311688311688,0.7532467532467533,65.58441558441558,4.415584415584416,0,0,0],"sd":[46.09737286940863,546.9909875819415,162.21252423613555,410.3592817167388,2.86056465699626,45.43995684256988,540.3059342763772,167.16410121402825,397.9009416752723,2.2467157117200944,1.222573977741538,1.2424167005819635,1,1,1,1,298.9393093915164,322.04180579776323,3.1402880119339343,2.7562138179379247,2.0429158555119713,2.801630475380513,1,1,1,1,1,1,1,1,1,1,1,1,1,1,1,1,1,1,152.5702676436088,151.6330839657919,152.6018630338864,152.12502219633376,57.608078598527285,58.191817113262786,3.5741299023958195,1,1,0.10444894379160827,0.10677586910917443,0.10444894379160827,0.11913332164246491,0.04287616417586407,0.0441462327359128,0.04287616417586407,0.05149336080580716,0.09754737726887426,0.10328622498144117,0.09754737726887426,0.11207696092814073,0.04245424578060322,0.04452805777089778,0.04245424578060322,0.05074004285117102,0.0924918199809242,0.09682084752746418,0.0924918199809242,0.09787463343069465,0.10639083360489117,0.10700371779991057,0.10639083360489117,0.11018017589324781,0.09111899330734911,0.09305318597275354,0.09111899330734911,0.09187155300575121,1.6803369463437468,1.69583616955601,1.6803369463437468,1.7804952016992013,1,1,1,1,0.32128095784033733,0.43112188760254117,1.6064047892016868,1.6064047892016868,1,1,1]},"features":["off_1st_down_s2d","off_total_yds_s2d","off_rush_yds_s2d","off_pass_yds_s2d","off_turnovers_s2d","def_1st_down_s2d","def_total_yds_s2d","def_rush_yds_s2d","def_pass_yds_s2d","def_turnovers_s2d","wins_s2d","losses_s2d","home","sim_winrate_same_loc_s2d","sim_pointdiff_same_loc_s2d","sim_count_same_loc_s2d","off_total_yds_s2d_minus_opp","def_total_yds_s2d_minus_opp","off_turnovers_s2d_minus_opp","def_turnovers_s2d_minus_opp","elo_pre","elo_diff","rest_days","rest_diff","off_third_down_att_s2d","off_third_down_conv_s2d","off_third_down_pct_s2d","off_red_zone_att_s2d","off_red_zone_td_s2d","off_red_zone_td_pct_s2d","off_dropbacks_s2d","off_sacks_taken_s2d","off_sack_rate_s2d","off_pass_att_s2d","off_rush_att_s2d","off_neutral_pass_rate_s2d","off_third_down_pct_s2d_minus_opp","off_red_zone_td_pct_s2d_minus_opp","off_sack_rate_s2d_minus_opp","off_neutral_pass_rate_s2d_minus_opp","off_yds_for_3g","off_yds_for_5g","def_yds_against_3g","def_yds_against_5g","net_yds_3g","net_yds_5g","qb_ypa_3g","qb_sack_rate_3g","qb_qbr","off_epa_per_play_s2d","off_epa_per_play_w3","off_epa_per_play_w5","off_epa_per_play_exp","off_success_rate_s2d","off_success_rate_w3","off_success_rate_w5","off_success_rate_exp","def_epa_per_play_allowed_s2d","def_epa_per_play_allowed_w3","def_epa_per_play_allowed_w5","def_epa_per_play_allowed_exp","def_success_rate_allowed_s2d","def_success_rate_allowed_w3","def_success_rate_allowed_w5","def_success_rate_allowed_exp","rb_rush_share_s2d","rb_rush_share_w3","rb_rush_share_w5","rb_rush_share_exp","wr_target_share_s2d","wr_target_share_w3","wr_target_share_w5","wr_target_share_exp","te_target_share_s2d","te_target_share_w3","te_target_share_w5","te_target_share_exp","qb_aypa_s2d","qb_aypa_w3","qb_aypa_w5","qb_aypa_exp","qb_sack_rate_s2d","qb_sack_rate_w3","qb_sack_rate_w5","qb_sack_rate_exp","roof_dome","roof_outdoor","weather_temp_f","weather_wind_mph","weather_precip_pct","weather_impact_score","weather_extreme_flag"]},"decision_tree":{"params":{"depth":6,"minSamples":8},"alpha":6},"bt":{"coefficients":[0.04493646076614354,-0.063788259046221,0.05921543358896774,-0.00215985936868566,0.011800074190770886,-0.0007337209827716418,0.001162642605927241,-0.004714917624038661,-0.0003481597508065323,-0.0006076596765376333],"intercept":0.047139411221384334,"scaler":{"mu":[-1.4283885962678495,-12.984169927939245,0.25495925642984485,0,0.004255446989569395,0,0,0,0,0],"sd":[44.92656041706559,439.09044243813617,13.547339420006129,1,0.08149630170450367,1,1,1,1,1]},"features":["diff_total_yards","diff_turnovers","diff_penalty_yards","diff_possession_seconds","diff_r_ratio","diff_elo_pre","diff_inj_out","diff_inj_skill_out","diff_inj_practice_dnp","diff_inj_out_trend"],"hyperparams":{"steps":1200,"learningRate":0.001,"l2":0.00001}},"ann":{"seeds":[1],"architecture":[92,128,64,32,1],"committee_size":1,"max_epochs":15,"dropout":0.5},"ensemble":{"weights":{"logistic":0.9,"tree":0,"bt":0,"ann":0.09999999999999998},"calibration":{"type":"platt","beta":-0.17335328980114414,"source":"platt"},"calibration_beta":-0.17335328980114414,"calibration_hash":"b0477875513a0abcaab013abd16dd73d4ac7c3bd972fb404728ac03d29f6de41","oof_variance":{"ann":{"mean":0.5053758586783448,"var":0.026613155221636202}}},"pca":[{"component":1,"explained_variance":0.20426177144345808,"top_loadings":[{"feature":"off_total_yds_s2d","loading":-0.26407647226039344},{"feature":"def_total_yds_s2d","loading":-0.26354220816237917},{"feature":"off_pass_yds_s2d","loading":-0.2633261963143789},{"feature":"off_1st_down_s2d","loading":-0.2603272144822587},{"feature":"def_1st_down_s2d","loading":-0.2598544233084137},{"feature":"def_pass_yds_s2d","loading":-0.25710723537338537},{"feature":"def_rush_yds_s2d","loading":-0.23982546279184888},{"feature":"off_yds_for_3g","loading":-0.22560987900238438},{"feature":"off_yds_for_5g","loading":-0.22456156085031034},{"feature":"off_rush_yds_s2d","loading":-0.22432979052299135}]},{"component":2,"explained_variance":0.15383159668387233,"top_loadings":[{"feature":"wr_target_share_w3",