{"season":2024,"week":1,"generated_at":"2025-11-07T00:49:41.224Z","feature_hash":"68494b5fbae030daf914ea3d4eae27e21c287a4f","logistic":{"weights":[-0.10884530050108396,-0.0820394976932493,-0.01748154416733318,-0.06599012779374176,0.10359428651616472,0.13886134865338096,0.13586408368914987,0.21730566350547081,0.18736925072223773,-0.4291810593136932,1.936140286135805,-1.7131241638140617,0,0,0,0,0.40849141895269436,-0.2543540715867968,-0.6082200867749742,0.16667027499111872,-1.808753425356702,-0.010906502576030196,0,0,0,0,0,0,0,0,0,0,0,0,0,0,0,0,0,0,-0.2582995148339909,-0.07276815873634096,0.13896142825515512,0.25345603283172674,-0.6082016698246866,-0.5635977490056705,-0.14414164222911596,0,0,0.6426074046908923,0.594811013513312,0.22408728776028264,0.38851928827914584,0.28169013694588235,0.12996103590409813,-0.1737765376247082,-0.23151068960435972,-0.6677248694286614,-0.5188251466630149,-0.37272396902217386,-0.14267295167026123,-0.1326532290035873,-0.2335486080029587,-0.057368109532442466,-0.04867714132721861,-0.1103098395408018,-0.0531314137233582,0.03816935387246245,0.1336174502104917,-0.005713569876176898,0.028383040710495078,0.14888579599355156,0.02972804597991753,-0.06338287307964455,-0.11404518889741869,-0.18594499182129456,0.17031773594391408,-0.06959083530558782,-0.1261871086782365,0.21160804481565262,-0.2658330943167816,0,0,0,0,0.011942155430057473,0.20470294447026227,0.011942155430056793,-0.011942155430057269,0,0,0,0.07617683722584495,-0.24015773511267238,0.16427876981961834,-0.13423446379473333,0.2651537086279933,-0.055371098073307375,0.3005311043418865,-0.03587657890927593,0.005802559720150889,-0.0849045170253655,-0.07897701907054037,0.06037661689332489,-0.06544297758610598,-0.09914509018476159,-0.029968346959808143,0.26189033831741365,-0.004024647833354593,-0.10150627527497487,-0.04262509610120696,0.05431573078780624,-0.184120975731832,-0.023688366962891422,-0.08022033572293491,-0.21225215010963555,-0.041715789647621696,-0.19422270932742575,0.02358948253986124,-0.1050994291380491,-0.3029567986797667,-0.27770406910463147,-0.8226775880167736,0.6843216927130272,0.14069165606267742,-0.27625226188927593,-0.4105330040718853,0.2547365450158477,-0.04376095325574073,-0.14018352729829928,0.23903907914509193,-0.06276225045289016,0.45548168502249187],"bias":0.5945158112136173,"scaler":{"mu":[0,0,0,0,0,0,0,0,0,0,0,0,0,0,0,0,0,0,0,0,0,0,0,0,0,0,0,0,0,0,0,0,0,0,0,0,0,0,0,0,0,0,0,0,0,0,0,0,0,0,0,0,0,0,0,0,0,0,0,0,0,0,0,0,0,0,0,0,0,0,0,0,0,0,0,0,0,0,0,0,0,0,0,0,0,0,0,0,0,0,0,0,0,0,0,0,0,0,0,0,0,0,0,0,0,0,0,0,0,0,0,0,0,0,0,0,0,0,0,0,0,0,0,0,0,0,0,0,0,0,0,0,0],"sd":[1,1,1,1,1,1,1,1,1,1,1,1,1,1,1,1,1,1,1,1,1,1,1,1,1,1,1,1,1,1,1,1,1,1,1,1,1,1,1,1,1,1,1,1,1,1,1,1,1,1,1,1,1,1,1,1,1,1,1,1,1,1,1,1,1,1,1,1,1,1,1,1,1,1,1,1,1,1,1,1,1,1,1,1,1,1,1,1,1,1,1,1,1,1,1,1,1,1,1,1,1,1,1,1,1,1,1,1,1,1,1,1,1,1,1,1,1,1,1,1,1,1,1,1,1,1,1,1,1,1,1,1,1]},"features":["off_1st_down_s2d","off_total_yds_s2d","off_rush_yds_s2d","off_pass_yds_s2d","off_turnovers_s2d","def_1st_down_s2d","def_total_yds_s2d","def_rush_yds_s2d","def_pass_yds_s2d","def_turnovers_s2d","wins_s2d","losses_s2d","home","sim_winrate_same_loc_s2d","sim_pointdiff_same_loc_s2d","sim_count_same_loc_s2d","off_total_yds_s2d_minus_opp","def_total_yds_s2d_minus_opp","off_turnovers_s2d_minus_opp","def_turnovers_s2d_minus_opp","elo_pre","elo_diff","rest_days","rest_diff","off_third_down_att_s2d","off_third_down_conv_s2d","off_third_down_pct_s2d","off_red_zone_att_s2d","off_red_zone_td_s2d","off_red_zone_td_pct_s2d","off_dropbacks_s2d","off_sacks_taken_s2d","off_sack_rate_s2d","off_pass_att_s2d","off_rush_att_s2d","off_neutral_pass_rate_s2d","off_third_down_pct_s2d_minus_opp","off_red_zone_td_pct_s2d_minus_opp","off_sack_rate_s2d_minus_opp","off_neutral_pass_rate_s2d_minus_opp","off_yds_for_3g","off_yds_for_5g","def_yds_against_3g","def_yds_against_5g","net_yds_3g","net_yds_5g","qb_ypa_3g","qb_sack_rate_3g","qb_qbr","off_epa_per_play_s2d","off_epa_per_play_w3","off_epa_per_play_w5","off_epa_per_play_exp","off_success_rate_s2d","off_success_rate_w3","off_success_rate_w5","off_success_rate_exp","def_epa_per_play_allowed_s2d","def_epa_per_play_allowed_w3","def_epa_per_play_allowed_w5","def_epa_per_play_allowed_exp","def_success_rate_allowed_s2d","def_success_rate_allowed_w3","def_success_rate_allowed_w5","def_success_rate_allowed_exp","rb_rush_share_s2d","rb_rush_share_w3","rb_rush_share_w5","rb_rush_share_exp","wr_target_share_s2d","wr_target_share_w3","wr_target_share_w5","wr_target_share_exp","te_target_share_s2d","te_target_share_w3","te_target_share_w5","te_target_share_exp","qb_aypa_s2d","qb_aypa_w3","qb_aypa_w5","qb_aypa_exp","qb_sack_rate_s2d","qb_sack_rate_w3","qb_sack_rate_w5","qb_sack_rate_exp","roof_dome","roof_outdoor","weather_temp_f","weather_wind_mph","weather_precip_pct","weather_impact_score","weather_extreme_flag","diff_rush_carries","diff_rush_rushing_yards_before_contact","diff_rush_rushing_yards_before_contact_avg","diff_rush_rushing_yards_after_contact","diff_rush_rushing_yards_after_contact_avg","diff_rush_rushing_broken_tackles","diff_def_def_ints","diff_def_def_targets","diff_def_def_completions_allowed","diff_def_def_completion_pct","diff_def_def_yards_allowed","diff_def_def_yards_allowed_per_cmp","diff_def_def_yards_allowed_per_tgt","diff_def_def_receiving_td_allowed","diff_def_def_passer_rating_allowed","diff_def_def_adot","diff_def_def_air_yards_completed","diff_def_def_yards_after_catch","diff_def_def_times_blitzed","diff_def_def_times_hurried","diff_def_def_times_hitqb","diff_def_def_sacks","diff_def_def_pressures","diff_def_def_tackles_combined","diff_def_def_missed_tackles","diff_def_def_missed_tackle_pct","diff_pass_passing_drops","diff_pass_passing_drop_pct","diff_pass_passing_bad_throws","diff_pass_passing_bad_throw_pct","diff_pass_times_sacked","diff_pass_times_blitzed","diff_pass_times_hurried","diff_pass_times_hit","diff_pass_times_pressured","diff_pass_times_pressured_pct","diff_rec_receiving_broken_tackles","diff_rec_receiving_drop","diff_rec_receiving_drop_pct","diff_rec_receiving_int","diff_rec_receiving_rat"]},"decision_tree":{"params":{"depth":6,"minSamples":8},"alpha":6},"bt":{"coefficients":[-0.0030084461823297625,0.004947085102725133,-0.003995732264973462,-0.0030057551520134497,-0.0035531698926742706,-0.002259263618958436,0.0005872284442016618,-0.0006507627365038715,-0.004544458482591591,0.002838809100542201],"intercept":0,"scaler":{"mu":[],"sd":[]},"features":["diff_total_yards","diff_turnovers","diff_penalty_yards","diff_possession_seconds","diff_r_ratio","diff_elo_pre","diff_inj_out","diff_inj_skill_out","diff_inj_practice_dnp","diff_inj_out_trend"],"hyperparams":{"steps":1200,"learningRate":0.001,"l2":0.00001}},"ann":{"seeds":[],"architecture":[0,1],"committee_size":0,"max_epochs":15,"dropout":0.5},"ensemble":{"weights":{"logistic":0,"tree":0,"bt":0,"ann":1},"calibration":{"type":"league_prior","lambda":0.85,"mean":0.56,"source":"league_prior"},"calibration_beta":0,"calibration_hash":"729bd80641a1693082e28166f0bc44dbe300221d0d4bf4256b7f485c2cf5cc29","oof_variance":{"ann":null}},"pca":[],