{
  "season": 2025,
  "week": 4,
  "features": [
    "off_1st_down_s2d",
    "off_total_yds_s2d",
    "off_rush_yds_s2d",
    "off_pass_yds_s2d",
    "off_turnovers_s2d",
    "def_1st_down_s2d",
    "def_total_yds_s2d",
    "def_rush_yds_s2d",
    "def_pass_yds_s2d",
    "def_turnovers_s2d",
    "wins_s2d",
    "losses_s2d",
    "home",
    "sim_winrate_same_loc_s2d",
    "sim_pointdiff_same_loc_s2d",
    "sim_count_same_loc_s2d",
    "off_total_yds_s2d_minus_opp",
    "def_total_yds_s2d_minus_opp",
    "off_turnovers_s2d_minus_opp",
    "def_turnovers_s2d_minus_opp",
    "elo_pre",
    "elo_diff",
    "rest_days",
    "rest_diff"
  ],
  "hybrid_weight": 0,
  "logistic": {
    "weights": [
      0,
      0,
      0,
      0,
      0,
      0,
      0,
      0,
      0,
      0,
      0,
      0,
      0,
      0,
      0,
      0,
      0,
      0,
      0,
      0,
      0,
      0,
      0,
      0
    ],
    "intercept": 20.72326583794641
  },
  "scaler": {
    "mu": [
      28.570465686274517,
      339.3881740196079,
      113.14859068627453,
      226.23958333333334,
      0.978247549019608,
      28.570465686274513,
      339.3881740196078,
      113.14859068627447,
      226.23958333333337,
      1.0523897058823528,
      6.666666666666667,
      0,
      0.5,
      0.3333333333333333,
      0,
      0.3333333333333333,
      -5.921189464667501e-16,
      0,
      4.625929269271485e-18,
      4.625929269271485e-18,
      1527.5,
      0,
      4.708333333333333,
      0
    ],
    "sd": [
      5.544147681510072,
      58.47749979798315,
      37.02230255040586,
      49.306256252348305,
      0.7596130942172694,
      5.265381021118398,
      57.655955855391895,
      36.71526586755821,
      48.982908194429854,
      0.7908794171028313,
      7.318166133366716,
      1,
      0.5,
      0.4714045207910314,
      1,
      0.4714045207910314,
      81.94645490385238,
      76.60121561319922,
      1.205994435250292,
      0.8888344460211246,
      28.052943083132813,
      56.084188310093545,
      3.4758592063290226,
      0.9574271077563381
    ]
  }
}