{"season":2016,"week":18,"generated_at":"2025-11-07T00:36:47.073Z","feature_hash":"2e3485099826822dfcc1e8d5fb7250a54362d823","logistic":{"weights":[-0.31105336710036174,-0.5902590207147155,-0.35019743923733027,-0.5985953237477908,1.685064007728909,0.8291280253201314,0.148153838389163,0.14458730070330242,0.06926251825150993,-1.5314505347836769,2.835428341648654,-2.269094957940805,0,0,0,0,1.1744038910946053,-0.3802879387722876,-1.873272901210648,0.9999593091256772,-3.1959675505122322,0.10132224118428167,0,0,0,0,0,0,0,0,0,0,0,0,0,0,0,0,0,0,-0.34220675380103655,-0.03013720662283993,0.09255310854368974,0.10717172218347579,-0.42617943138208525,0.012383837372661745,0.34144111640677727,0,0,1.7185614694128053,0.9735013875648596,0.04038574169006328,-0.3520475207071648,0.10283037587647706,0.04803947270001606,0.08837356580239047,0.021924425378751704,-2.295306996499704,-0.9659370393340176,0.4626898953976153,0.16842667957511048,-0.3425985575254963,0.2262475453637385,-0.09395607608357606,-0.10069047542956426,-0.14360027238013368,0.5451702414690429,-0.29752104727842954,0.4922520650855486,-0.006411182685388719,0.4292701442070544,0.20663115261542397,-0.049270359328134214,0.2328001484513947,0.42015464269250163,0.28695029617806544,-0.21117665021678544,-0.15830261794841635,-0.6515938930882312,-0.21041023443261087,0.15110474820007005,0,0,0,0,-0.01622818109284821,0.11961520652272052,-0.01622818109284723,0.016228181092848525,0,0,0],"bias":0.8573091030516676,"scaler":{"mu":[149.10236220472441,1742.732283464567,515.0196850393701,1227.7125984251968,6.1299212598425195,149.9724409448819,1750.476377952756,518.5629921259842,1231.9133858267717,4.783464566929134,2.393700787401575,2.3976377952755907,1,0,0,0,-76.36360849832808,-75.45129437938171,-0.062141302808239283,-0.23171271588886067,1449.833150578953,-0.34730842560514974,0,0,0,0,0,0,0,0,0,0,0,0,0,0,0,0,0,0,337.65879265091866,339.58451443569567,342.60104986876655,344.8034776902888,-4.942257217847768,-5.218963254593174,7.8097428193583145,0,0,-0.0035328829951822454,-0.007480018295810896,-0.005184921440922476,-0.002296375033830486,0.4280322402724439,0.4268042494098701,0.42681595801164574,0.4288278757715271,-0.0031854334687324284,-0.006527345184522649,-0.004147618358294345,-0.0021972103297989067,0.4277384741014075,0.4259964551295082,0.4265386062292067,0.42851657825838424,0.8462667225570873,0.8463827475333128,0.8460298918624197,0.84263386613217,0.5997886151217666,0.5960687451847672,0.5982669099154418,0.5996652345183213,0.20908168999568302,0.21240344101078085,0.21243143750764723,0.20543140965053594,8.239593888964169,8.264379765188993,8.311810864514571,8.123042203845797,0,0,0,0,0.12598425196850394,0.7598425196850394,65.62992125984252,4.3700787401574805,0,0,0],"sd":[92.99935099643749,1070.7216931004473,340.188419893773,756.6853172679105,4.716661954581862,93.61873607582775,1097.0276795764817,351.79520758423666,770.9919270349742,3.7422310870103983,1.9284748995076073,2.235045299508487,1,1,1,1,1221.0655287950717,1252.6365785739276,5.779480047177475,4.571240990174291,4.582802669306347,6.293968431486837,1,1,1,1,1,1,1,1,1,1,1,1,1,1,1,1,1,1,99.97750700284448,98.02494172539609,100.17818586290275,98.22364536001213,63.244719323347795,53.94733456013381,2.4287486277172263,1,1,0.07201321373462354,0.09088672680344141,0.08015383914457891,0.0853089238798044,0.03145179574975848,0.039640152864768026,0.035145572929720044,0.03707451291676309,0.07994837876886896,0.09366204609342789,0.08467528231822437,0.0874562702238869,0.034440636808502234,0.041069595489083184,0.03651460687200426,0.037497896395077224,0.07504214743946536,0.09619466852628292,0.08446010155626855,0.08166602903238165,0.07746421511348169,0.09486349817971948,0.08543198594995886,0.07807208135432236,0.07638772160074835,0.09012919610148203,0.08340216844126053,0.08113935937389385,1.0219944288051719,1.3464561502094443,1.20795952831873,1.1558547127465997,1,1,1,1,0.33183161426307817,0.4271789612840612,1.6591580713153964,1.6591580713153964,1,1,1]},"features":["off_1st_down_s2d","off_total_yds_s2d","off_rush_yds_s2d","off_pass_yds_s2d","off_turnovers_s2d","def_1st_down_s2d","def_total_yds_s2d","def_rush_yds_s2d","def_pass_yds_s2d","def_turnovers_s2d","wins_s2d","losses_s2d","home","sim_winrate_same_loc_s2d","sim_pointdiff_same_loc_s2d","sim_count_same_loc_s2d","off_total_yds_s2d_minus_opp","def_total_yds_s2d_minus_opp","off_turnovers_s2d_minus_opp","def_turnovers_s2d_minus_opp","elo_pre","elo_diff","rest_days","rest_diff","off_third_down_att_s2d","off_third_down_conv_s2d","off_third_down_pct_s2d","off_red_zone_att_s2d","off_red_zone_td_s2d","off_red_zone_td_pct_s2d","off_dropbacks_s2d","off_sacks_taken_s2d","off_sack_rate_s2d","off_pass_att_s2d","off_rush_att_s2d","off_neutral_pass_rate_s2d","off_third_down_pct_s2d_minus_opp","off_red_zone_td_pct_s2d_minus_opp","off_sack_rate_s2d_minus_opp","off_neutral_pass_rate_s2d_minus_opp","off_yds_for_3g","off_yds_for_5g","def_yds_against_3g","def_yds_against_5g","net_yds_3g","net_yds_5g","qb_ypa_3g","qb_sack_rate_3g","qb_qbr","off_epa_per_play_s2d","off_epa_per_play_w3","off_epa_per_play_w5","off_epa_per_play_exp","off_success_rate_s2d","off_success_rate_w3","off_success_rate_w5","off_success_rate_exp","def_epa_per_play_allowed_s2d","def_epa_per_play_allowed_w3","def_epa_per_play_allowed_w5","def_epa_per_play_allowed_exp","def_success_rate_allowed_s2d","def_success_rate_allowed_w3","def_success_rate_allowed_w5","def_success_rate_allowed_exp","rb_rush_share_s2d","rb_rush_share_w3","rb_rush_share_w5","rb_rush_share_exp","wr_target_share_s2d","wr_target_share_w3","wr_target_share_w5","wr_target_share_exp","te_target_share_s2d","te_target_share_w3","te_target_share_w5","te_target_share_exp","qb_aypa_s2d","qb_aypa_w3","qb_aypa_w5","qb_aypa_exp","qb_sack_rate_s2d","qb_sack_rate_w3","qb_sack_rate_w5","qb_sack_rate_exp","roof_dome","roof_outdoor","weather_temp_f","weather_wind_mph","weather_precip_pct","weather_impact_score","weather_extreme_flag"]},"decision_tree":{"params":{"depth":6,"minSamples":14},"alpha":2},"bt":{"coefficients":[0.12945316610105406,-0.17668971100771988,0.07304704802300761,-0.00034584507720426664,0.037345873723531736,0.0014660437593374009,0.004203171829889954,-0.002791005784984982,0.003204730133823489,-0.002901879197221116],"intercept":0.1425778142414152,"scaler":{"mu":[-2.64540863472112,28.968179037276734,-0.1577031323915536,0,0.0012786566842159267,0,0,0,0,0],"sd":[47.95395831873911,519.0843233218172,15.00989744551531,1,0.0750382687027403,1,1,1,1,1]},"features":["diff_total_yards","diff_turnovers","diff_penalty_yards","diff_possession_seconds","diff_r_ratio","diff_elo_pre","diff_inj_out","diff_inj_skill_out","diff_inj_practice_dnp","diff_inj_out_trend"],"hyperparams":{"steps":1200,"learningRate":0.001,"l2":0.00001}},"ann":{"seeds":[1],"architecture":[92,128,64,32,1],"committee_size":1,"max_epochs":15,"dropout":0.5},"ensemble":{"weights":{"logistic":0.75,"tree":0.15,"bt":0,"ann":0.1},"calibration":{"type":"platt","beta":0.1666048264983278,"source":"platt"},"calibration_beta":0.1666048264983278,"calibration_hash":"0c04ba17113c38a656ff885c9b649532366abd1aa9bb05cd901b873d4482ddd7","oof_variance":{"ann":{"mean":0.5202525823169244,"var":0.048552353362783164}}},"pca":[{"component":1,"explained_variance":0.1957709535077255,"top_loadings":[{"feature":"def_total_yds_s2d","loading":0.27956177686543127},{"feature":"def_1st_down_s2d","loading":0.2765395650739448},{"feature":"def_pass_yds_s2d","loading":0.2759467084099819},{"feature":"off_total_yds_s2d","loading":0.2719106053577862},{"feature":"off_1st_down_s2d","loading":0.2692382984686791},{"feature":"def_rush_yds_s2d","loading":0.2670142198412389},{"feature":"off_pass_yds_s2d","loading":0.2666833458019122},{"feature":"off_rush_yds_s2d","loading":0.26263448838254816},{"feature":"off_turnovers_s2d","loading":0.23473521552482787},{"feature":"losses_s2d","loading":0.22540485477916739}]},{"component":2,"explained_variance":0.15390647111359654,"top_loadings":[{"feature":"off_epa_per_play_s2d",