{"season":2024,"week":2,"generated_at":"2025-11-07T00:49:42.353Z","feature_hash":"505eed91d14b5410a90ee81b1ee747d860505732","logistic":{"weights":[-0.0740815342361642,-0.05273199818291362,-0.009623338808550288,-0.03664878357904371,0.12378011086070742,0.17054480515614953,0.18143003335303898,0.23088663255217926,0.23468090811651174,-0.4346721932344197,1.970503965453574,-1.747675098072667,0,0,0,0,0.3957341897767593,-0.2417262634570257,-0.597490304695784,0.15300183304292814,-1.8072347099735533,-0.010897344957857132,0,0,0,0,0,0,0,0,0,0,0,0,0,0,0,0,0,0,-0.25808263427905115,-0.07270705913009982,0.13884474963229962,0.2532432190945876,-0.6076909947823772,-0.5631245255362213,-0.14402061405228586,0,0,0.65987296982973,0.6121167107749276,0.2417042622901584,0.40599819788255403,0.29939527636707886,0.14779357429333198,-0.15568896672585034,-0.21337464236620898,-0.6528854180737176,-0.5041107185955703,-0.35813221445066695,-0.12827435887197577,-0.10180354477552385,-0.20261420721705692,-0.026581638270535862,-0.017897967415477417,-0.1089771867075587,-0.05184677061529706,0.03937733651464839,0.1347452900923826,-0.002403516108864131,0.03166446534224661,0.15206604078199543,0.03300834128128915,-0.05313098525448635,-0.10375076258287871,-0.17559019501334494,0.18037339762514318,-0.07932927739524821,-0.13587802984558917,0.20163349477508077,-0.27540676207434933,0,0,0,0,0.0179342692156158,0.2138341706163035,0.01793426921561512,-0.017934269215615598,0,0,0,0.06970063863823339,-0.25034101238930956,0.16241773970861922,-0.1740244383645163,0.22432557958140412,-0.09511080099279136,0.2885334525196994,-0.04319799065375185,0.005797687615094928,-0.07594839047741035,-0.054162009075308486,0.07553204796580594,-0.04820780766700991,-0.07252871881847833,-0.015338784566585882,0.27373771994078144,0.019008317388532085,-0.08889298400303931,-0.01668758828703971,0.05427012471749391,-0.18396637900555426,-0.023668477083594427,-0.08015297891454072,-0.21695971034727196,-0.046006788637525685,-0.18495813099772979,0.019551297170539415,-0.10556643685066472,-0.3135784777448722,-0.3290159036528811,-0.8163710918112485,0.6830518834009672,0.13289177524715476,-0.273440454379992,-0.41000881447478565,0.2152858079993411,-0.031196949128897908,-0.16811896147635855,0.22577960146790774,-0.0765219228968522,0.46822763497663283],"bias":0.6469678212393497,"scaler":{"mu":[26.1875,329.25,118.625,210.625,0.9375,25.75,320.75,124.375,196.375,0.9375,0.6875,0.3125,1,0,0,0,8.793103448275865,-8.793103448275865,-0.3879310344827587,0.1939655172413794,1450,0,0,0,0,0,0,0,0,0,0,0,0,0,0,0,0,0,0,0,0,0,0,0,0,0,0,0,0,0.011565983510709924,0.011565983510709924,0.011565983510709924,0.011565983510709924,0.4706087252813756,0.4706087252813756,0.4706087252813756,0.4706087252813756,-0.031964230772429485,-0.031964230772429485,-0.031964230772429485,-0.031964230772429485,0.4505545890216551,0.4505545890216551,0.4505545890216551,0.4505545890216551,0.7821817808702358,0.7821817808702358,0.7821817808702358,0.7821817808702358,0.613303138388379,0.613303138388379,0.613303138388379,0.613303138388379,0.1852165635364644,0.1852165635364644,0.1852165635364644,0.1852165635364644,7.35125578031499,7.35125578031499,7.35125578031499,7.35125578031499,0,0,0,0,0.1875,0.6875,65.9375,4.0625,0,0,0,0.125,4.875,2.5749999999999997,-0.125,-0.675,-0.0625,0.0625,0,0,-0.029124999999999998,-2.9375,-2.375,-0.675,-0.25,-8.137500000000001,0.66875,-4.0625,1.125,-0.625,0,0,0,0,0.875,0.1875,-0.00006250000000000006,0.4375,0.011999999999999999,0.25,-0.04600000000000001,0.25,0.9375,-0.125,0.8125,0.9375,-0.036750000000000005,-0.0625,-0.1875,-0.0625,0.0625,-18.406250000000004],"sd":[6.993021074614319,72.93018922229669,39.72857126804335,62.17201440358837,0.899218410621135,6.0878978309429606,70.57310039951483,42.70081234590274,55.53250737180881,1.0288798520721456,0.46351240544347894,0.46351240544347894,1,1,1,1,90.9470093064285,90.9470093064285,1.7871045208299898,1.4268152903478823,1,1,1,1,1,1,1,1,1,1,1,1,1,1,1,1,1,1,1,1,1,1,1,1,1,1,1,1,1,0.15993125109519327,0.15993125109519327,0.15993125109519327,0.15993125109519327,0.07738472409960588,0.07738472409960588,0.07738472409960588,0.07738472409960588,0.1440857639273639,0.1440857639273639,0.1440857639273639,0.1440857639273639,0.04975785137890687,0.04975785137890687,0.04975785137890687,0.04975785137890687,0.0793878196575204,0.0793878196575204,0.0793878196575204,0.0793878196575204,0.12349302244435073,0.12349302244435073,0.12349302244435073,0.12349302244435073,0.07358509869640513,0.07358509869640513,0.07358509869640513,0.07358509869640513,2.698408351832293,2.698408351832293,2.698408351832293,2.698408351832293,1,1,1,1,0.3903123748998999,0.46351240544347894,1.9515618744994994,1.9515618744994994,1,1,1,1.7275343701356567,11.439378261076953,6.601656988968754,7.330373455697875,6.101997623729463,0.42847841252506524,0.24206145913796356,1.4142135623730951,1,0.4389052965902781,15.662330406104962,14.920099698058321,5.943326088984181,0.4330127018922193,46.004019865116135,11.546899949228797,12.467300980966169,8.02242949486002,1.3169567191065923,1,1,1,1,2.394655507583502,0.8816709987291178,0.41119421639141523,2.060605190229317,0.06124540799113024,3.132491021535417,0.21579040757179177,1.8200274723201295,4.307968633822674,2.4717149916606487,3.8765118018651767,6.878124290095375,0.22692964218012596,0.24206145913796356,0.7261843774138906,0.5299338402102662,0.24206145913796356,41.474080290435616]},