{"season":2009,"week":19,"generated_at":"2025-11-07T00:23:58.827Z","feature_hash":"903f3b6a81cd8b2f500ad43f8378fc705895372c","logistic":{"weights":[-0.3441159539609605,-0.5216160247671232,-0.6710688078095195,-0.3848216953748221,1.151084092959942,1.2109460154597438,0.042546485123715144,0.0733843413487618,-0.001006228873238306,-1.3411741099517966,2.834994906309902,-2.4428499605665928,0,0,0,0,0.8714506530424396,-0.630040364244287,-0.7697078605904593,0.9603876667582094,-3.605382346227098,0.046966289734102364,0,0,0,0,0,0,0,0,0,0,0,0,0,0,0,0,0,0,-0.6554052707098912,0.08037661068756353,0.01955292344784306,0.15274949873850566,-0.8781596413130802,-0.020681157787441656,-0.07161505318153236,0,0,1.9876985335330462,1.1590439146218345,0.05916764899813807,-0.17190054067885085,0.4654007323093997,-0.02888719674298652,-0.6282509167767818,0.31927690952661164,-1.89372484754418,-0.6585216180816187,-0.4590282395465208,0.15747911875941847,-0.14104904387630535,-0.07060178393038415,0.46175438095055266,0.18747583972063994,-0.13679911561352942,0.15937468623978007,-0.12634999417334336,0.1460929303819138,0.26643685296308944,0.5585993838176079,0.18475189711170054,0.20740055484566497,0.11802392776618599,-0.27888081171898427,0.15794750372732816,0.6317073507775034,0.35524727740881035,-0.21220321752220903,-0.3719532956233515,-0.06849449053145265,0,0,0,0,0.09552390944494032,0.17146508583446365,0.09552390944494153,-0.09552390944494016,0,0,0],"bias":0.6935319497148855,"scaler":{"mu":[146.9346153846154,1773.5076923076922,589.7384615384616,1183.7692307692307,7.792307692307692,143.18076923076924,1734.2192307692308,577.526923076923,1156.6923076923076,6.457692307692308,2.646153846153846,2.373076923076923,1,0,0,0,-16.232499795889726,-35.59846092883309,-0.2236765011853593,-0.11973121052170539,1449.9696492105686,-0.27698110202270265,0,0,0,0,0,0,0,0,0,0,0,0,0,0,0,0,0,0,324.8762820512819,325.6524999999999,329.01666666666665,329.41076923076906,-4.140384615384614,-3.758269230769234,7.681380864958484,0,0,-0.008772790088839938,-0.004382200464464531,-0.007635496378106527,-0.0187516165192659,0.4421120418457099,0.4458637289305722,0.44461034457002674,0.4406751875784098,-0.008957474421835442,-0.005464089529041099,-0.007509939610933189,-0.02052491806613686,0.4401692609506859,0.44420152544223823,0.4430311439371271,0.43903621350399297,0.8609719140369895,0.8519474513861469,0.8541948967327825,0.8632019040992863,0.578334856418733,0.5843995132200935,0.5827717770383272,0.5767294049976136,0.2136245767603772,0.2116544146855985,0.21128763856556526,0.2135350814983287,8.204350890255427,8.240521368217893,8.22370354182989,8.139371375057534,0,0,0,0,0.1576923076923077,0.7538461538461538,65.78846153846153,4.211538461538462,0,0,0],"sd":[94.58089513666103,1123.9475914838586,393.48854061793605,776.1115556062557,5.845045441484416,90.24795978614772,1105.0869518588295,383.9349043960571,748.5462972799997,5.037755382106283,2.3117144435762507,1.9969318181626865,1,1,1,1,948.1293561147064,966.3962930060762,5.865943087711759,5.45446986390638,5.05555152453163,7.205998262742881,1,1,1,1,1,1,1,1,1,1,1,1,1,1,1,1,1,1,100.41652661689105,98.75343973858833,99.73324967002523,96.5827212290406,88.79871994547354,82.17756605166262,2.399576461051445,1,1,0.08544984109666692,0.1049746007720014,0.09514029293287808,0.09264472995216597,0.03925678466882206,0.04617683546278967,0.04186246896823943,0.04114385881861302,0.06828302124502837,0.08973250614421027,0.0781489820573514,0.08730530844339904,0.028915019924195567,0.039686394133056635,0.03358852915620989,0.03489952565313022,0.0617166278422979,0.09593829348366202,0.08600721029628518,0.07043826964216485,0.06931278719585794,0.08082820258013133,0.07611550774484777,0.06878289299586877,0.06565311008215259,0.07512089267809381,0.07226883684962365,0.06693620687097306,1.0771482580149416,1.3209362850710846,1.1754868997214662,1.2881714847145485,1,1,1,1,0.3644522517243963,0.4307692307692306,1.822261258621981,1.8222612586219784,1,1,1]},"features":["off_1st_down_s2d","off_total_yds_s2d","off_rush_yds_s2d","off_pass_yds_s2d","off_turnovers_s2d","def_1st_down_s2d","def_total_yds_s2d","def_rush_yds_s2d","def_pass_yds_s2d","def_turnovers_s2d","wins_s2d","losses_s2d","home","sim_winrate_same_loc_s2d","sim_pointdiff_same_loc_s2d","sim_count_same_loc_s2d","off_total_yds_s2d_minus_opp","def_total_yds_s2d_minus_opp","off_turnovers_s2d_minus_opp","def_turnovers_s2d_minus_opp","elo_pre","elo_diff","rest_days","rest_diff","off_third_down_att_s2d","off_third_down_conv_s2d","off_third_down_pct_s2d","off_red_zone_att_s2d","off_red_zone_td_s2d","off_red_zone_td_pct_s2d","off_dropbacks_s2d","off_sacks_taken_s2d","off_sack_rate_s2d","off_pass_att_s2d","off_rush_att_s2d","off_neutral_pass_rate_s2d","off_third_down_pct_s2d_minus_opp","off_red_zone_td_pct_s2d_minus_opp","off_sack_rate_s2d_minus_opp","off_neutral_pass_rate_s2d_minus_opp","off_yds_for_3g","off_yds_for_5g","def_yds_against_3g","def_yds_against_5g","net_yds_3g","net_yds_5g","qb_ypa_3g","qb_sack_rate_3g","qb_qbr","off_epa_per_play_s2d","off_epa_per_play_w3","off_epa_per_play_w5","off_epa_per_play_exp","off_success_rate_s2d","off_success_rate_w3","off_success_rate_w5","off_success_rate_exp","def_epa_per_play_allowed_s2d","def_epa_per_play_allowed_w3","def_epa_per_play_allowed_w5","def_epa_per_play_allowed_exp","def_success_rate_allowed_s2d","def_success_rate_allowed_w3","def_success_rate_allowed_w5","def_success_rate_allowed_exp","rb_rush_share_s2d","rb_rush_share_w3","rb_rush_share_w5","rb_rush_share_exp","wr_target_share_s2d","wr_target_share_w3","wr_target_share_w5","wr_target_share_exp","te_target_share_s2d","te_target_share_w3","te_target_share_w5","te_target_share_exp","qb_aypa_s2d","qb_aypa_w3","qb_aypa_w5","qb_aypa_exp","qb_sack_rate_s2d","qb_sack_rate_w3","qb_sack_rate_w5","qb_sack_rate_exp","roof_dome","roof_outdoor","weather_temp_f","weather_wind_mph","weather_precip_pct","weather_impact_score","weather_extreme_flag"]},"decision_tree":{"params":{"depth":6,"minSamples":14},"alpha":2},"bt":{"coefficients":[0.273944631679664,0.09120490823811844,-0.03168813126150795,0.004709494128224452,-0.12815216620453398,0.00017740439007917289,0.0032166751688896393,0.003524927019321847,-0.0028062630456699013,-0.001041545888750799],"intercept":0.11390237412777943,"scaler":{"mu":[-0.6823997225089746,-2.826191193468209,-0.2621144689107301,0,-0.0021858701080515338,0,0,0,0,0],"sd":[62.766779820214175,535.2100575266879,11.563978969523092,1,0.09615651825237911,1,1,1,1,1]},"features":["diff_total_yards","diff_turnovers","diff_penalty_yards","diff_possession_seconds","diff_r_ratio","diff_elo_pre","diff_inj_out","diff_inj_skill_out","diff_inj_practice_dnp","diff_inj_out_trend"],"hyperparams":{"steps":1200,"learningRate":0.001,"l2":0.00001}},"ann":{"seeds":[1],"architecture":[92,128,64,32,1],"committee_size":1,"max_epochs":15,"dropout":0.5},"ensemble":{"weights":{"logistic":0.9,"tree":0,"bt":0,"ann":0.09999999999999998},"calibration":{"type":"platt","beta":-0.08742012824123108,"source":"platt"},"calibration_beta":-0.08742012824123108,"calibration_hash":"bd9721facacec9c522220a763774f87cf759f85f68e332b985459e705511f1cd","oof_variance":{"ann":{"mean":0.5372596969679163,"var":0.029672906058766768}}},"pca":[{"component":1,"explained_variance":0.1953629467458438,"top_loadings":[{"feature":"off_total_yds_s2d","loading":0.27571635529131616},{"feature":"off_1st_down_s2d","loading":0.2749229888656507},{"feature":"off_pass_yds_s2d","loading":0.2722631349508912},{"feature":"def_1st_down_s2d","loading":0.265322532498431},{"feature":"def_pass_yds_s2d","loading":0.2652726524422028},{"feature":"def_total_yds_s2d","loading":0.262935389756024},{"feature":"off_rush_yds_s2d","loading":0.25053885459178465},{"feature":"def_rush_yds_s2d","loading":0.23961772058926945},{"feature":"wins_s2d","loading":0.23798766057214518},{"feature":"def_turnovers_s2d","loading":0.23156314375391487}]},{"component":2,"explained_variance":0.1732971520386716,"top_loadings":[{"feature":"net_yds_5g",