{"season":2021,"week":20,"generated_at":"2025-11-07T00:48:41.293Z","feature_hash":"979f0708f206b8f33add431090a18e4d20ebbdf0","logistic":{"weights":[-0.694544644040719,-0.7009705422134318,-0.5086292372279722,-0.6532487373285835,1.6428997792795363,0.7507113507180799,0.3008885919879129,-0.006033683736445905,0.37910705125524974,-1.2078916996321738,2.8991616774259437,-2.594199610539264,0,0,0,0,0.9870068844618335,-0.4433276222966644,-0.6896580030462603,0.6109376831673905,-3.9753962089723895,0.3744297413372009,0,0,0,0,0,0,0,0,0,0,0,0,0,0,0,0,0,0,-0.15235603429195166,-0.21246890033448404,0.31483594304258117,0.03543928874647645,-0.4334530562472529,-0.2692939568573563,0.1528684423830291,0,0,2.572228758088538,1.2124004221613525,0.0009586241984821611,-0.37102600383029594,0.43405354614033836,0.3031444396880511,-0.32386933672443036,-0.3845379346196787,-1.6770047153242504,-1.3468588737558314,0.14818183503312238,0.9457450688080254,-0.09184175871239195,0.3102458600833938,-0.3919956165019288,-0.2980415367311057,-0.35988532548557883,0.5500690957502674,-0.5338242813912167,0.35746146597694456,-0.054547349792111524,0.3655098102697938,0.17397469348852482,0.08320613700857418,0.27117713367995744,0.44077765446003886,0.39041800754630224,0.04494195956637936,-0.14781884199211978,-0.389460949212729,-0.4892809667512772,0.5808585259199924,0,0,0,0,0.1406057217624164,0.11175202594621625,0.14060572176241765,-0.1406057217624161,0,0,0,0.018154388632201857,-0.20784982926716117,-0.13389502259580519,0.0034818287148477758,-0.07831899076005412,0.05344465467482303,0.45119191837551226,0.0270438131865685,0,0.17767221763253715,-0.3491512333857481,0.03345202999898268,-0.31178512317926926,0.1196471088559229,-0.7855014307239514,0.28338651839316553,-0.29080438900449945,-0.27553177400008577,0.1558080993067752,0.3011922074125414,0.14531528835744328,-0.25464019516029607,0.15944479945199955,-0.6077842717658584,-0.5418950287521701,0.0844099946814259,0.10998044410842515,-0.3322925473614182,-0.29692803776118953,-0.1447248754848675,-1.1308388954725292,0.9653744094453997,0.25901172567409925,-0.4739082327805038,-0.4856758999356577,-0.29917816696549426,-0.02428391116394323,-0.03920723776360583,-0.36119363752218797,-0.1579104150713045,-0.13763862382246211],"bias":0.08612980135041108,"scaler":{"mu":[164.5306859205776,1903.6462093862815,590.2599277978339,1313.3862815884477,6.6389891696750905,162.5812274368231,1909.5162454873646,599.8989169675091,1309.6173285198556,4.996389891696751,2.6498194945848375,2.6028880866425994,1,0,0,0,-15.094183112844425,-18.427242969725626,-0.15163226420929712,0.05746122916781646,1450.1310205139032,0.042625679854939987,0,0,0,0,0,0,0,0,0,0,0,0,0,0,0,0,0,0,340.86522262334523,343.1576413959086,339.9524669073405,343.191215403129,0.9127557160048142,-0.033574007220216855,7.269024298460082,0,0,0.005196156508983725,0.00009547405743876033,-0.0014016156155596073,0.0015289691189734592,0.4359343880510607,0.4334780162666216,0.43256740511047453,0.43326781071694886,0.00464345667340879,-0.003931394905738668,-0.0038333083384500906,-0.00013363990155901043,0.43506261512489075,0.4314561176627503,0.43181643296237715,0.43204165140704626,0.8108257068072152,0.8125318696866852,0.8127341177400633,0.8139450544295662,0.5929304580698638,0.5900188062367412,0.5912438499684434,0.5892062074573388,0.20918166872748162,0.21390608294417604,0.21259113160604162,0.2133699132739167,7.911677967881647,7.774477984274429,7.8011118621054925,7.786229521142638,0,0,0,0,0.18050541516245489,0.7075812274368231,65.90252707581227,4.097472924187725,0,0,0,-0.21299638989169675,-1.1407942238267148,-0.835379061371841,-0.4151624548736462,-0.13971119133574003,-0.007220216606498195,0.01444043321299639,0.018050541516245487,0,0.006999999999999994,2.563176895306859,2.3602888086642597,1.0592057761732856,0.010830324909747292,0.3685920577617318,0.7631768953068592,1.371841155234657,1.1913357400722022,0.24548736462093862,-0.021660649819494584,-0.02888086642599278,-0.009025270758122744,-0.05776173285198556,-0.08664259927797834,-0.04693140794223827,-0.02957039711191336,0.010830324909747292,-0.0041660649819494616,-0.17689530685920576,0.0005162454873646211,-0.15162454873646208,-0.8989169675090253,-0.11552346570397112,-0.26714801444043323,-0.5342960288808665,-0.02347292418772563,-0.018050541516245487,0.07220216606498195,0.040909747292418766,0.010830324909747292,1.5072202166064983],"sd":[101.43097080358481,1156.8431358214405,376.4696606125489,810.6327378190937,4.762935613350491,99.5422632587118,1157.7607840696564,387.5857104215979,794.6992334292764,3.9321852486796622,2.018893154752346,1.9876129848054163,1,1,1,1,1441.1249665099176,1438.4732644466515,5.853350903190729,5.093712985603753,4.438399991108324,6.001503585067915,1,1,1,1,1,1,1,1,1,1,1,1,1,1,1,1,1,1,99.65984508890922,97.59581273923801,97.67864339548862,95.54968910306556,72.46044821904147,65.1682890096178,2.341939513214172,1,1,0.07560582159729512,0.10504101318440251,0.08872859356277203,0.08107674189719291,0.035026526156589785,0.046719066032400475,0.039563686967401694,0.03485685974812207,0.0712416129043155,0.09945041371938874,0.08332565403978061,0.07724464144818069,0.03163058061706887,0.04242707200937226,0.03608726376952935,0.03183781569793108,0.08500609058405405,0.09380613845092647,0.08904035346556854,0.08524089288931046,0.0811870353975313,0.08789573139631578,0.08248096982098534,0.08780562986296811,0.058201554810000646,0.06768291625837798,0.06260075589411272,0.05959708453373487,0.9181753560381838,1.3451441319944486,1.1542383685507982,0.9860915631795687,1,1,1,1,0.38460786557152565,0.4548736462093855,1.9230393278576252,1.9230393278576252,1,1,1,2.361264738662728,10.621398778154774,6.689183381758658,5.5956585536198205,2.164784760059019,0.4074467455037698,0.25450623439732245,1.2443514937688753,1,0.5737496151969327,14.668680799769673,14.148131125948135,8.715144920984244,0.33435918031821804,44.24244644787161,14.670105707174796,13.400886381725794,9.696264345567307,1.9794128685021657,0.3496777066955609,0.2929308703985681,0.19215138458008973,0.48469653416584035,2.8117344221516283,0.7609368434841793,0.3832942704396038,1.8664504324245335,0.10862575039951904,4.054828262471398,0.2214205790814785,2.182662045835033,7.011380556694605,3.0007840426108627,2.817064457016744,5.930683898846306,0.21523665966561603,0.24707492609774268,0.5524999197239293,0.3910135157149649,0.36531727482089477,44.23981599995219]},