{"season":2004,"week":2,"generated_at":"2025-11-07T00:13:32.356Z","feature_hash":"657a0a7913d3d3037b517037e342243cabf42719","logistic":{"weights":[-0.5516712830890242,-0.1974776520065,-0.6235649124544506,0.03419203831436246,1.0022694312024965,0.6556022894383617,0.10632679708809571,-0.07059452711808704,0.2132781888245697,-0.47523454501578394,2.60152367530552,-2.541756655641764,0,0,0,0,0.7304346343706186,-0.954656785525794,-0.9784112036038606,0.5874316620078982,-2.917626313120789,0.511459099249045,0,0,0,0,0,0,0,0,0,0,0,0,0,0,0,0,0,0,0.09440646458232066,0.2869803382819716,0.14342617240553773,0.3533380374630263,0.0983267368937092,-0.1546207915254428,-1.1477731177664336,0,0,0.7092869472977952,0.5571464337402147,0.42211946995209804,-0.19708840224874138,0.17671058966025857,0.3148918195746834,-0.18229105400360932,-0.49592027171274,-0.725624569587255,-0.5635814509365668,-0.5187985668839153,0.387122084384408,0.10425433453329469,-0.39833893648477425,0.27194236587811327,0.38175161175733496,-0.5074779209578739,0.35143197601886544,-0.19055244619449,-0.013807608461952036,0.045056766755757614,-0.4415311416327072,-0.2646696905736345,0.23645938406664285,-0.11312140442299351,0.04878303637092015,-0.34708224852135866,-0.3367855423669405,0.16750435099349334,0.24871417869490692,-0.09845504985906434,0.5107510579979696,0,0,0,0,-0.007851940005610378,-0.3494209092288298,-0.007851940005609626,0.007851940005610125,0,0,0],"bias":1.0946282199079622,"scaler":{"mu":[30,352.875,119.8125,233.0625,1.8125,26.1875,325.0625,117.8125,207.25,1,0.5625,0.4375,1,0,0,0,28.771551724137936,-28.771551724137936,0.3232758620689655,0.06465517241379308,1450,0,0,0,0,0,0,0,0,0,0,0,0,0,0,0,0,0,0,0,0,0,0,0,0,0,0,0,0,0.0159248507230666,0.0159248507230666,0.0159248507230666,0.0159248507230666,0.45873597212767436,0.45873597212767436,0.45873597212767436,0.45873597212767436,0.000653715494918077,0.000653715494918077,0.000653715494918077,0.000653715494918077,0.42836764387299353,0.42836764387299353,0.42836764387299353,0.42836764387299353,0.8716552816513244,0.8716552816513244,0.8716552816513244,0.8716552816513244,0,0,0,0,0,0,0,0,7.357745712137652,7.357745712137652,7.357745712137652,7.357745712137652,0,0,0,0,0.1875,0.75,65.9375,4.0625,0,0,0],"sd":[7.2886898685566255,74.88146883575402,49.177254333177245,60.614013179709524,1.3792547806696194,7.264801700666027,77.0401427422743,48.61612226155023,67.27323018853785,0.8660254037844386,0.49607837082461076,0.49607837082461076,1,1,1,1,78.89518106308027,78.89518106308027,2.216267650991717,1.3912134563372858,1,1,1,1,1,1,1,1,1,1,1,1,1,1,1,1,1,1,1,1,1,1,1,1,1,1,1,1,1,0.15343876901626427,0.15343876901626427,0.15343876901626427,0.15343876901626427,0.07152605572823167,0.07152605572823167,0.07152605572823167,0.07152605572823167,0.11415296499513358,0.11415296499513358,0.11415296499513358,0.11415296499513358,0.05255957799721564,0.05255957799721564,0.05255957799721564,0.05255957799721564,0.0551129770037592,0.0551129770037592,0.0551129770037592,0.0551129770037592,1,1,1,1,1,1,1,1,1.5496953730656209,1.5496953730656209,1.5496953730656209,1.5496953730656209,1,1,1,1,0.3903123748998999,0.4330127018922193,1.9515618744994994,1.9515618744994994,1,1,1]},"features":["off_1st_down_s2d","off_total_yds_s2d","off_rush_yds_s2d","off_pass_yds_s2d","off_turnovers_s2d","def_1st_down_s2d","def_total_yds_s2d","def_rush_yds_s2d","def_pass_yds_s2d","def_turnovers_s2d","wins_s2d","losses_s2d","home","sim_winrate_same_loc_s2d","sim_pointdiff_same_loc_s2d","sim_count_same_loc_s2d","off_total_yds_s2d_minus_opp","def_total_yds_s2d_minus_opp","off_turnovers_s2d_minus_opp","def_turnovers_s2d_minus_opp","elo_pre","elo_diff","rest_days","rest_diff","off_third_down_att_s2d","off_third_down_conv_s2d","off_third_down_pct_s2d","off_red_zone_att_s2d","off_red_zone_td_s2d","off_red_zone_td_pct_s2d","off_dropbacks_s2d","off_sacks_taken_s2d","off_sack_rate_s2d","off_pass_att_s2d","off_rush_att_s2d","off_neutral_pass_rate_s2d","off_third_down_pct_s2d_minus_opp","off_red_zone_td_pct_s2d_minus_opp","off_sack_rate_s2d_minus_opp","off_neutral_pass_rate_s2d_minus_opp","off_yds_for_3g","off_yds_for_5g","def_yds_against_3g","def_yds_against_5g","net_yds_3g","net_yds_5g","qb_ypa_3g","qb_sack_rate_3g","qb_qbr","off_epa_per_play_s2d","off_epa_per_play_w3","off_epa_per_play_w5","off_epa_per_play_exp","off_success_rate_s2d","off_success_rate_w3","off_success_rate_w5","off_success_rate_exp","def_epa_per_play_allowed_s2d","def_epa_per_play_allowed_w3","def_epa_per_play_allowed_w5","def_epa_per_play_allowed_exp","def_success_rate_allowed_s2d","def_success_rate_allowed_w3","def_success_rate_allowed_w5","def_success_rate_allowed_exp","rb_rush_share_s2d","rb_rush_share_w3","rb_rush_share_w5","rb_rush_share_exp","wr_target_share_s2d","wr_target_share_w3","wr_target_share_w5","wr_target_share_exp","te_target_share_s2d","te_target_share_w3","te_target_share_w5","te_target_share_exp","qb_aypa_s2d","qb_aypa_w3","qb_aypa_w5","qb_aypa_exp","qb_sack_rate_s2d","qb_sack_rate_w3","qb_sack_rate_w5","qb_sack_rate_exp","roof_dome","roof_outdoor","weather_temp_f","weather_wind_mph","weather_precip_pct","weather_impact_score","weather_extreme_flag"]},"decision_tree":{"params":{"depth":6,"minSamples":8},"alpha":6},"bt":{"coefficients":[0.08301550912146291,0.07173567817499917,-0.109387038935089,0.00009315187926332558,0.04783489267358683,-0.0002009849802467297,0.0008943374175492346,-0.0009247698469407595,0.004655137273172658,0.0022459882968021037],"intercept":0.06484063737165797,"scaler":{"mu":[-5.298386706656352,-108.56727968051254,-0.028476253439972066,0,0.0019304690529831706,0,0,0,0,0],"sd":[44.03626518474271,301.05589691990934,11.474057323490403,1,0.06928034462267117,1,1,1,1,1]},"features":["diff_total_yards","diff_turnovers","diff_penalty_yards","diff_possession_seconds","diff_r_ratio","diff_elo_pre","diff_inj_out","diff_inj_skill_out","diff_inj_practice_dnp","diff_inj_out_trend"],"hyperparams":{"steps":1200,"learningRate":0.001,"l2":0.00001}},"ann":{"seeds":[1],"architecture":[92,128,64,32,1],"committee_size":1,"max_epochs":15,"dropout":0.5},"ensemble":{"weights":{"logistic":0.9350649350649352,"tree":0,"bt":0,"ann":0.06493506493506492},"calibration":{"type":"platt","beta":0.2060585562912108,"source":"platt"},"calibration_beta":0.2060585562912108,"calibration_hash":"91738fbc0d7f1d81112418c1b5b9bd5279a445de14c1f04489d151c17358e299","oof_variance":{"ann":{"mean":0.48824110167060725,"var":0.002225981544124374}}},"pca":[{"component":1,"explained_variance":0.4282272935598783,"top_loadings":[{"feature":"off_epa_per_play_s2d","loading":0.21631444793785776},{"feature":"off_epa_per_play_w3","loading":0.21631444793785776},{"feature":"off_epa_per_play_w5","loading":0.21631444793785776},{"feature":"off_epa_per_play_exp","loading":0.21631444793785776},{"feature":"qb_aypa_s2d","loading":0.2083611513692458},{"feature":"qb_aypa_w3","loading":0.2083611513692458},{"feature":"qb_aypa_w5","loading":0.2083611513692458},{"feature":"qb_aypa_exp","loading":0.2083611513692458},{"feature":"off_success_rate_s2d","loading":0.19551179202911464},{"feature":"off_success_rate_w3","loading":0.19551179202911464}]},{"component":2,"explained_variance":0.13445550899838943,"top_loadings":[{"feature":"def_turnovers_s2d","loading":-0.2842478171917889},{"feature":"roof_outdoor","loading":-0.27761278613439144},{"feature":"off_turnovers_s2d_minus_opp","loading":0.2690462468713764},{"feature":"def_turnovers_s2d_minus_opp","loading":-0.2624472174428867},{"feature":"weather_temp_f","loading":0.24130591833059292},{"feature":"weather_wind_mph","loading":-0.24130591833059292},{"feature":"roof_dome","loading":0.2413059183305929},{"feature":"def_success_rate_allowed_s2d","loading":-0.2102012597084618},{"feature":"def_success_rate_allowed_w3","loading":-0.2102012597084618},{"feature":"def_success_rate_allowed_w5","loading":-0.2102012597084618}]},{"component":3,"explained_variance":0.12497571463750293,"top_loadings":[{"feature":"off_rush_yds_s2d","loading":-0.3100105563478619},{"feature":"wins_s2d",