{"season":2002,"week":13,"generated_at":"2025-11-07T00:10:21.462Z","feature_hash":"0c52cd2a013e55005753dab21bbce49fcebfe26f","logistic":{"weights":[-0.7174203328065916,-0.3213795813909399,-0.41798580044895756,-0.2924187721087844,0.7451827587792648,0.5654065197252783,0.1304654923689486,0.5002723443074412,-0.051117086506150204,-0.16553004474813315,2.7744045027685598,-2.7059633195516177,0,0,0,0,1.2623649160846793,-0.5662206892750468,-0.7756560735177708,0.05820271761354818,-3.1275382656184982,-0.12927615005524729,0,0,0,0,0,0,0,0,0,0,0,0,0,0,0,0,0,0,-0.24052261562393923,-0.005293602158966425,-0.030124204764884786,0.025584986384917345,-0.26411439505278367,-0.23852473801444726,-0.6864891116307666,0,0,0.5985377934253712,0.7541178424826883,0.5163896884502543,0.2599722556701262,0.272442844371631,0.17067029123641952,-0.12588837534391226,0.08075158652516362,-0.5424614128586068,-1.0716611790792114,-0.8312627124142122,-0.2738455422141627,-0.11774546279462526,-0.09634850017873889,0.08279772598328954,-0.29115513804254567,-0.1978033347281413,0.2774197611487595,0.009535643862480951,-0.08478442296291361,-0.16973474001543287,-0.1236938334810947,0.03936224590114404,-0.2150032765024606,-0.02469448085167606,0.036584786490942926,0.06472359012866628,-0.33210915035898936,-0.004400323677803025,0.7565519512585488,-0.259828172881389,0.08674103059517894,0,0,0,0,0.01594616152927153,0.13827212301776792,0.015946161529272664,-0.01594616152927169,0,0,0],"bias":0.6161379741047815,"scaler":{"mu":[109.18285714285715,1293.4685714285715,423.54285714285714,869.9257142857143,6.017142857142857,111.81714285714285,1317.6228571428571,428.5942857142857,889.0285714285715,4.777142857142858,1.9657142857142857,1.7885714285714285,1,0,0,0,17.160236492622747,43.556175564729074,0.2304653570352605,0.1974016829481613,1449.8080127575386,-0.38397533634485237,0,0,0,0,0,0,0,0,0,0,0,0,0,0,0,0,0,0,315.7790476190476,315.3315238095239,310.61238095238093,310.2997142857143,5.166666666666668,5.031809523809526,2.9119930470299127,0,0,0.006679076621157016,0.004230916089334128,0.0063077222861196765,0.021557630159780166,0.4599186264891683,0.4606633931082448,0.4603690614999653,0.46341418913784455,0.009219262339222394,0.009224821700248147,0.010268367997919223,0.022539984669236974,0.46086106821930595,0.46079112751280293,0.46170015885468013,0.46326623319974075,0.8179778707593462,0.8139511573035545,0.8148907951242353,0.8062983985773651,0.5894033802559344,0.5906054248054039,0.5900736874185627,0.5747734478252745,0.15456905255528938,0.15535944015670713,0.15545070111841108,0.1455648551080595,3.124169022323185,3.304191294053138,3.216201408986632,3.0137898494674324,0,0,0,0,0.18857142857142858,0.7942857142857143,65.94285714285714,4.057142857142857,0,0,0],"sd":[71.78786799896439,837.8642221306089,289.42618529548065,585.4709558944136,4.392817886003449,71.96634723739894,836.4630812741792,290.3828034487848,573.179477536825,3.9887760897144315,1.5780535672861316,1.49890844637431,1,1,1,1,1027.993374840203,1038.7809660082953,5.739226281655421,5.314181132662596,3.0874222926496904,4.035756692200422,1,1,1,1,1,1,1,1,1,1,1,1,1,1,1,1,1,1,120.41903717178066,117.75387206208764,119.91836272951646,117.45952793661728,112.25898203537677,106.90139638965883,2.3193143425353253,1,1,0.08953061985900089,0.09873913317682882,0.09270928770483482,0.1019189828356389,0.04115299827926807,0.04502249724297659,0.04235170080204175,0.04677880081530036,0.084861528839559,0.09956674089134675,0.09107720080181257,0.09410210788729659,0.03743230858314817,0.04368115672824853,0.04031143976640932,0.04313473801233416,0.0982334199109759,0.10841494630619516,0.10227561622945225,0.13736223426741517,0.09638066740662522,0.09944508197296253,0.09744901570597428,0.11546453217528346,0.0591169179146199,0.06810095770453717,0.06439031016086723,0.058123712148778255,1.9339717689623246,2.213205980080243,2.0110332510677376,2.0657745888182557,1,1,1,1,0.3911677963457107,0.40422260991605535,1.9558389817285518,1.955838981728551,1,1,1]},"features":["off_1st_down_s2d","off_total_yds_s2d","off_rush_yds_s2d","off_pass_yds_s2d","off_turnovers_s2d","def_1st_down_s2d","def_total_yds_s2d","def_rush_yds_s2d","def_pass_yds_s2d","def_turnovers_s2d","wins_s2d","losses_s2d","home","sim_winrate_same_loc_s2d","sim_pointdiff_same_loc_s2d","sim_count_same_loc_s2d","off_total_yds_s2d_minus_opp","def_total_yds_s2d_minus_opp","off_turnovers_s2d_minus_opp","def_turnovers_s2d_minus_opp","elo_pre","elo_diff","rest_days","rest_diff","off_third_down_att_s2d","off_third_down_conv_s2d","off_third_down_pct_s2d","off_red_zone_att_s2d","off_red_zone_td_s2d","off_red_zone_td_pct_s2d","off_dropbacks_s2d","off_sacks_taken_s2d","off_sack_rate_s2d","off_pass_att_s2d","off_rush_att_s2d","off_neutral_pass_rate_s2d","off_third_down_pct_s2d_minus_opp","off_red_zone_td_pct_s2d_minus_opp","off_sack_rate_s2d_minus_opp","off_neutral_pass_rate_s2d_minus_opp","off_yds_for_3g","off_yds_for_5g","def_yds_against_3g","def_yds_against_5g","net_yds_3g","net_yds_5g","qb_ypa_3g","qb_sack_rate_3g","qb_qbr","off_epa_per_play_s2d","off_epa_per_play_w3","off_epa_per_play_w5","off_epa_per_play_exp","off_success_rate_s2d","off_success_rate_w3","off_success_rate_w5","off_success_rate_exp","def_epa_per_play_allowed_s2d","def_epa_per_play_allowed_w3","def_epa_per_play_allowed_w5","def_epa_per_play_allowed_exp","def_success_rate_allowed_s2d","def_success_rate_allowed_w3","def_success_rate_allowed_w5","def_success_rate_allowed_exp","rb_rush_share_s2d","rb_rush_share_w3","rb_rush_share_w5","rb_rush_share_exp","wr_target_share_s2d","wr_target_share_w3","wr_target_share_w5","wr_target_share_exp","te_target_share_s2d","te_target_share_w3","te_target_share_w5","te_target_share_exp","qb_aypa_s2d","qb_aypa_w3","qb_aypa_w5","qb_aypa_exp","qb_sack_rate_s2d","qb_sack_rate_w3","qb_sack_rate_w5","qb_sack_rate_exp","roof_dome","roof_outdoor","weather_temp_f","weather_wind_mph","weather_precip_pct","weather_impact_score","weather_extreme_flag"]},"decision_tree":{"params":{"depth":6,"minSamples":9},"alpha":2},"bt":{"coefficients":[0.10781021731292774,-0.11591322997617821,-0.014220510226699538,-0.00026114767354651835,0.09246311125293623,0.002702806632166503,0.0007512092258502133,-0.00223400110909823,0.004908862505023725,-0.004676609213985504],"intercept":0.1910737969808165,"scaler":{"mu":[-0.3799523879727339,2.149464792934734,-0.4655048300021763,0,-0.007462831620759999,0,0,0,0,0],"sd":[83.7782757404542,544.5513575862245,16.956769455976453,1,0.09477686106780739,1,1,1,1,1]},"features":["diff_total_yards","diff_turnovers","diff_penalty_yards","diff_possession_seconds","diff_r_ratio","diff_elo_pre","diff_inj_out","diff_inj_skill_out","diff_inj_practice_dnp","diff_inj_out_trend"],"hyperparams":{"steps":1200,"learningRate":0.001,"l2":0.00001}},"ann":{"seeds":[1],"architecture":[92,128,64,32,1],"committee_size":1,"max_epochs":15,"dropout":0.5},"ensemble":{"weights":{"logistic":0.9,"tree":0,"bt":0,"ann":0.09999999999999998},"calibration":{"type":"platt","beta":0.13808292633135905,"source":"platt"},"calibration_beta":0.13808292633135905,"calibration_hash":"0f7375a62c25d29cdd6aa3e2367f6a42fbf4b97a12237ba995d8d50b8523fc82","oof_variance":{"ann":{"mean":0.48022956562907027,"var":0.04323720018115577}}},"pca":[{"component":1,"explained_variance":0.195663852541676,"top_loadings":[{"feature":"off_1st_down_s2d","loading":0.27154627015417954},{"feature":"off_total_yds_s2d","loading":0.2711960206887897},{"feature":"off_pass_yds_s2d","loading":0.2653376223674594},{"feature":"def_total_yds_s2d","loading":0.2619964508715644},{"feature":"def_pass_yds_s2d","loading":0.26037558516920123},{"feature":"def_1st_down_s2d","loading":0.25976954191802576},{"feature":"off_rush_yds_s2d","loading":0.24834647025361578},{"feature":"def_rush_yds_s2d","loading":0.24074571867899727},{"feature":"off_turnovers_s2d","loading":0.22540916936137642},{"feature":"wins_s2d","loading":0.19704726568219288}]},{"component":2,"explained_variance":0.14433996071457086,"top_loadings":[{"feature":"off_success_rate_w5",