{"season":2025,"week":2,"generated_at":"2025-11-10T23:43:29.717Z","feature_hash":"505eed91d14b5410a90ee81b1ee747d860505732","logistic":{"weights":[-0.3115884506139696,-0.1386207795095023,0.020501122205801286,-0.1942334912077414,0.5647925198197062,0.2884749923901921,0.2589004571210613,0.4376191515474829,0.23319669520164127,-0.8910032356678672,2.49251452938573,-2.2353668785028193,0,0,0,0,0.4435611176266328,-0.5797534999074768,-0.26854341615243016,0.3547385982595525,-2.1022486668687868,0.388894338610439,0,0,0,0,0,0,0,0,0,0,0,0,0,0,0,0,0,0,-0.3119591949747697,-0.08432448587401513,-0.08827690232894195,0.14702953757123816,-0.29635296904721997,-0.36912528484924323,-0.09032585651614432,0,0,0.5179245252759886,0.888315610071048,0.18992835899459537,0.41342969530742235,0.05824855013728495,-0.05201990349212455,-0.23047325097885718,-0.1935195007165508,-0.6237823677412545,-0.12526605257290194,-0.2022912097556288,-0.0762313017829705,-0.007538702101883868,-0.05656093863586401,-0.07962848161190393,0.18259803989545093,-0.1326639801510328,-0.10876671487293273,0.16599413862786647,0.11262282564475244,-0.0198460852166782,-0.028116625708372905,0.2819994798054707,0.3449486026648648,0.2428813810363459,-0.006960483079655763,-0.09383297548451754,0.31059659263019546,-0.02578876422236016,-0.40157787897849045,-0.03954646262167012,0.2490051700425811,0,0,0,0,-0.11115994726988782,-0.2721486344735089,-0.11115994726988873,0.11115994726988804,0,0,0,0.3655135387079613,-0.22176555329873682,0.1215786412431323,0.07765062092316741,0.036593409672336805,-0.01665916479894148,0.2900875631109091,0.09052368579600574,0.005696313126847391,-0.08106163683562896,0.017072957505616923,-0.12630976311237416,0.23723400146198806,-0.3084039668187797,-0.10356416450467501,0.21079727349267854,-0.03638003995082699,0.04159447128485096,0.16623253598450657,-0.2124605553054048,-0.35846382089434103,0.34997599877712954,0.16941622615859356,-0.538415952590954,-0.4029767198582843,0.033823588046849526,-0.4229011929922901,0.16255901933165307,-0.27717206205011985,-0.16839422836099788,-0.3837525733353163,0.5798723537614512,0.21418353765183176,-0.5146887331298211,-0.33262407693729656,0.25530884717390756,0.032829031555567614,-0.46897583630221423,0.3605595359949625,-0.4672549921464046,-0.18076861328199756],"bias":0.4997315216226018,"scaler":{"mu":[30.8125,357.875,118.9375,238.9375,0.625,24.6875,294.3125,99.5,194.8125,0.6875,0.5625,0.4375,1,0,0,0,65.75431034482759,-65.75431034482759,-0.45258620689655177,0.25862068965517243,1450,0,0,0,0,0,0,0,0,0,0,0,0,0,0,0,0,0,0,0,0,0,0,0,0,0,0,0,0,0.050042860575113764,0.050042860575113764,0.050042860575113764,0.050042860575113764,0.4729184880971916,0.4729184880971916,0.4729184880971916,0.4729184880971916,0.010919802670204915,0.010919802670204915,0.010919802670204915,0.010919802670204915,0.4431636363787139,0.4431636363787139,0.4431636363787139,0.4431636363787139,0.7309823332116148,0.7309823332116148,0.7309823332116148,0.7309823332116148,0.6259100720746691,0.6259100720746691,0.6259100720746691,0.6259100720746691,0.21526909271770248,0.21526909271770248,0.21526909271770248,0.21526909271770248,7.697356570407932,7.697356570407932,7.697356570407932,7.697356570407932,0,0,0,0,0.1875,0.6875,65.9375,4.0625,0,0,0,0.1875,0.5,0.58125,6.0625,2.175,0.0625,0,0.1875,0,-0.08125,-2.125,-1.78125,-0.26875,0.1875,-4.29375,1.3499999999999999,-3.6875,1.5625,-0.125,-0.0625,0.0625,0.03125,0.0625,-0.0625,0.0625,0.1206875,-0.25,-0.014250000000000004,0.9375,-0.006687499999999999,-0.9375,0.4375,0.4375,-0.0625,-0.5625,-0.0359375,0.0625,0.0625,0.03125,0,8.124999999999998],"sd":[6.9751232067971385,66.56000582181466,51.080168301895796,64.95235633716455,0.9270248108869579,6.602260503039849,76.86979149022065,46.52015692148942,63.792847120582415,0.7680128579652817,0.49607837082461076,0.49607837082461076,1,1,1,1,99.87378470268507,99.87378470268507,1.1547783038464494,0.9324701574475834,1,1,1,1,1,1,1,1,1,1,1,1,1,1,1,1,1,1,1,1,1,1,1,1,1,1,1,1,1,0.12909281243300028,0.12909281243300028,0.12909281243300028,0.12909281243300028,0.059325557343887274,0.059325557343887274,0.059325557343887274,0.059325557343887274,0.14268996190364916,0.14268996190364916,0.14268996190364916,0.14268996190364916,0.057984879418536694,0.057984879418536694,0.057984879418536694,0.057984879418536694,0.09515683476361024,0.09515683476361024,0.09515683476361024,0.09515683476361024,0.11452970692563028,0.11452970692563028,0.11452970692563028,0.11452970692563028,0.08606260770364721,0.08606260770364721,0.08606260770364721,0.08606260770364721,1.6331991432721054,1.6331991432721054,1.6331991432721054,1.6331991432721054,1,1,1,1,0.3903123748998999,0.46351240544347894,1.9515618744994994,1.9515618744994994,1,1,1,2.530285309999645,11.715374513859981,3.1881065599349085,11.382380847169014,3.524113363670357,0.5555121510822243,1,1.0135796712641785,1,0.47986814595261484,7.7368840627218916,8.071881654081656,5.5516572694556725,0.3903123748998999,36.53348581695292,11.509832752911747,7.958633284050723,5.600990425808636,0.9921567416492215,0.24206145913796356,0.24206145913796356,0.12103072956898178,0.42847841252506524,1.6758859597239903,0.24206145913796356,0.3072146478339697,1.299038105676658,0.047607116064722926,2.656801413354035,0.07629033257071305,1.919269066598011,4.872996383130199,2.4486922530199666,2.3040385738958453,4.795424251304571,0.115234255296548,0.24206145913796356,0.24206145913796356,0.12103072956898178,1,35.685842781136614]},