{"season":2002,"week":19,"generated_at":"2025-11-07T00:10:58.678Z","feature_hash":"d3f3a49a52f315d159fe574d4ff1f27e293c7d2c","logistic":{"weights":[-0.6091128069552219,-0.22084602178846768,-0.5272360192053476,-0.09053641975180564,0.9741545065332506,0.47445913964197756,0.08827647210245647,0.5123534500230406,-0.12079679054261452,-0.3261017760417717,2.6178857173445804,-2.5607140495155614,0,0,0,0,1.2371307472469464,-0.8574704569620653,-0.5834211313881214,0.17500129553051538,-2.67732203750561,-0.13606141760209783,0,0,0,0,0,0,0,0,0,0,0,0,0,0,0,0,0,0,-0.17271744340886155,0.01567299446672739,0.22258797463611377,0.19848483898955177,-0.4495979131697737,-0.39489060044048385,-0.9686020371102415,0,0,0.8881532353791977,0.6004811288446429,0.48261548006533705,0.3038023112220872,0.3964174405254043,0.15983243564711502,-0.1541085763025589,0.05462517429715043,-0.7385481089316108,-1.0033346762867854,-0.7392290586025412,-0.43013704875487807,-0.11190104334390016,0.046810266160743644,0.3343506821404096,-0.29985859250046576,-0.1443842526347385,0.2830573001743173,0.0796126262650777,0.11094580518055697,-0.36340625601846954,-0.2735382889115336,0.04066706978058528,-0.23415502050181863,-0.12123404198272811,0.008649362817970418,-0.3169788857255992,-0.36506902975492717,0.03283275179429731,0.6290778948494653,-0.20336420105663736,0.10204594984390111,0,0,0,0,0.03816385308945801,0.17158396821983934,0.03816385308945879,-0.03816385308945813,0,0,0],"bias":0.8448911943460978,"scaler":{"mu":[156.04633204633205,1846.4208494208494,616.1814671814672,1230.2393822393822,8.44015444015444,158.45945945945945,1867.4092664092664,620.7104247104247,1246.6988416988418,6.617760617760617,2.787644787644788,2.55984555984556,1,0,0,0,11.09274582717099,30.362118725284283,0.003401977140702977,0.07907459862917157,1449.8967122756333,-0.35775635221166147,0,0,0,0,0,0,0,0,0,0,0,0,0,0,0,0,0,0,324.16988416988414,324.3799871299873,322.415057915058,322.0951737451739,1.7548262548262554,2.2848133848133867,3.0661828401918667,0,0,0.00701027904615261,0.0036079723693611555,0.005018612097614315,0.0174709070060908,0.4600054117996042,0.45856829545890365,0.45891643395913173,0.46194277530892486,0.008595766204224866,0.006510283515103901,0.007041256117770006,0.017547099603434632,0.46057025968642784,0.45784757327538284,0.45942469925680113,0.461477882623112,0.8218779985759535,0.8206052319825881,0.8206527865327141,0.8105139836222428,0.5946759906061646,0.5960022955715593,0.5953211827171984,0.5816811120825467,0.15506086649648945,0.15931938826229175,0.15892945016546806,0.14859241777664706,3.111485025199313,3.2659235145249874,3.2253825614540097,3.092966870513834,0,0,0,0,0.18532818532818532,0.803088803088803,65.92664092664093,4.073359073359073,0,0,0],"sd":[108.0903283779947,1247.8976531012047,433.3748610134939,850.240254844883,6.292675890296444,106.33552790794198,1234.4415282041757,432.3963454330242,828.7883198910611,5.275849508407175,2.2311591801015895,2.053175705603089,1,1,1,1,1199.8426171038752,1238.9509935859369,6.908944608413415,6.134304312459396,3.9741224249049982,5.5646217934497155,1,1,1,1,1,1,1,1,1,1,1,1,1,1,1,1,1,1,107.64736634425007,103.54624382990696,107.06450438944513,103.24993698096988,115.05938095959814,105.40237525254192,2.235760168920003,1,1,0.08372841323187642,0.09959089936413122,0.09158184330092325,0.09529467812722595,0.038287979270626354,0.04351852572052474,0.04016990470824755,0.042726894416554036,0.07611800510858951,0.09427638491496229,0.08464769064147973,0.08452989322436272,0.03408472755075411,0.04217940964070965,0.03835015258571932,0.03934953559294688,0.08919413279921491,0.10479682604112794,0.09784068123435676,0.12412825486652279,0.08939165696402934,0.09762233471152613,0.09358103612601952,0.10542553806071629,0.058074114455153744,0.07289113944001734,0.06691144599356538,0.05885121718035788,1.6768511699108768,2.1415605469139916,1.887829857959189,1.8130217053236464,1,1,1,1,0.38856357144120895,0.39766465450451677,1.9428178572060475,1.9428178572060446,1,1,1]},"features":["off_1st_down_s2d","off_total_yds_s2d","off_rush_yds_s2d","off_pass_yds_s2d","off_turnovers_s2d","def_1st_down_s2d","def_total_yds_s2d","def_rush_yds_s2d","def_pass_yds_s2d","def_turnovers_s2d","wins_s2d","losses_s2d","home","sim_winrate_same_loc_s2d","sim_pointdiff_same_loc_s2d","sim_count_same_loc_s2d","off_total_yds_s2d_minus_opp","def_total_yds_s2d_minus_opp","off_turnovers_s2d_minus_opp","def_turnovers_s2d_minus_opp","elo_pre","elo_diff","rest_days","rest_diff","off_third_down_att_s2d","off_third_down_conv_s2d","off_third_down_pct_s2d","off_red_zone_att_s2d","off_red_zone_td_s2d","off_red_zone_td_pct_s2d","off_dropbacks_s2d","off_sacks_taken_s2d","off_sack_rate_s2d","off_pass_att_s2d","off_rush_att_s2d","off_neutral_pass_rate_s2d","off_third_down_pct_s2d_minus_opp","off_red_zone_td_pct_s2d_minus_opp","off_sack_rate_s2d_minus_opp","off_neutral_pass_rate_s2d_minus_opp","off_yds_for_3g","off_yds_for_5g","def_yds_against_3g","def_yds_against_5g","net_yds_3g","net_yds_5g","qb_ypa_3g","qb_sack_rate_3g","qb_qbr","off_epa_per_play_s2d","off_epa_per_play_w3","off_epa_per_play_w5","off_epa_per_play_exp","off_success_rate_s2d","off_success_rate_w3","off_success_rate_w5","off_success_rate_exp","def_epa_per_play_allowed_s2d","def_epa_per_play_allowed_w3","def_epa_per_play_allowed_w5","def_epa_per_play_allowed_exp","def_success_rate_allowed_s2d","def_success_rate_allowed_w3","def_success_rate_allowed_w5","def_success_rate_allowed_exp","rb_rush_share_s2d","rb_rush_share_w3","rb_rush_share_w5","rb_rush_share_exp","wr_target_share_s2d","wr_target_share_w3","wr_target_share_w5","wr_target_share_exp","te_target_share_s2d","te_target_share_w3","te_target_share_w5","te_target_share_exp","qb_aypa_s2d","qb_aypa_w3","qb_aypa_w5","qb_aypa_exp","qb_sack_rate_s2d","qb_sack_rate_w3","qb_sack_rate_w5","qb_sack_rate_exp","roof_dome","roof_outdoor","weather_temp_f","weather_wind_mph","weather_precip_pct","weather_impact_score","weather_extreme_flag"]},"decision_tree":{"params":{"depth":6,"minSamples":14},"alpha":2},"bt":{"coefficients":[0.28779971068747506,-0.19125698478680203,-0.15838764879695552,-0.0026265106238045548,-0.20560138197856134,-0.0038056247997673835,0.00048474732598388203,-0.0008707484270613767,0.004821061523073645,0.00120411596691904],"intercept":0.24498218208904124,"scaler":{"mu":[-0.0492182896760523,2.9375177721982317,-0.24305334406506438,0,-0.0034478818406390222,0,0,0,0,0],"sd":[78.87708407169171,512.7844087739436,15.980844192213864,1,0.09070901795410044,1,1,1,1,1]},"features":["diff_total_yards","diff_turnovers","diff_penalty_yards","diff_possession_seconds","diff_r_ratio","diff_elo_pre","diff_inj_out","diff_inj_skill_out","diff_inj_practice_dnp","diff_inj_out_trend"],"hyperparams":{"steps":1200,"learningRate":0.001,"l2":0.00001}},"ann":{"seeds":[1],"architecture":[92,128,64,32,1],"committee_size":1,"max_epochs":15,"dropout":0.5},"ensemble":{"weights":{"logistic":0.9,"tree":0,"bt":0,"ann":0.09999999999999998},"calibration":{"type":"platt","beta":0.0458226647223816,"source":"platt"},"calibration_beta":0.0458226647223816,"calibration_hash":"8eb6fc817e1dadf936a1cc544f30f3e4720880b0132078e11d1e5fa8fd49de82","oof_variance":{"ann":{"mean":0.5490250338525693,"var":0.038985724647814364}}},"pca":[{"component":1,"explained_variance":0.18163641891741555,"top_loadings":[{"feature":"off_total_yds_s2d","loading":0.28768929574884766},{"feature":"off_1st_down_s2d","loading":0.28586721810370713},{"feature":"off_pass_yds_s2d","loading":0.2834642418969013},{"feature":"def_pass_yds_s2d","loading":0.2783173750229568},{"feature":"def_total_yds_s2d","loading":0.27684170782089507},{"feature":"def_1st_down_s2d","loading":0.2751367148243344},{"feature":"off_rush_yds_s2d","loading":0.2722679562943506},{"feature":"def_rush_yds_s2d","loading":0.2568909575775272},{"feature":"off_turnovers_s2d","loading":0.24255335881329504},{"feature":"def_turnovers_s2d","loading":0.23789205203565952}]},{"component":2,"explained_variance":0.15173987407375994,"top_loadings":[{"feature":"off_success_rate_w5",