{"season":2020,"week":13,"generated_at":"2025-11-07T00:45:15.328Z","feature_hash":"7f18555a7379ef720d7607f8de880adbf705c5ce","logistic":{"weights":[-0.6155829164025655,-0.464076134625582,0.23440922387355914,-0.6649343016439119,1.3376195702883855,0.9353557720008905,0.37846367870240777,0.011363369334416356,0.5016489564495945,-1.0718763705442114,3.3573919908675696,-2.7388816238932003,0,0,0,0,0.5704174328862806,-0.858489795288205,-1.348467383837572,0.6081662127308171,-3.4883113361371967,0.26452563733512463,0,0,0,0,0,0,0,0,0,0,0,0,0,0,0,0,0,0,-0.2203430357989529,-0.055223330429364344,0.27463503821969476,0.05491915370338772,-0.43187373315592936,-0.01924127875621018,-0.20918465323925103,0,0,2.279311903162645,1.1736104796469262,0.00582596036637747,-0.1338839578869237,0.34702955576974914,0.17135134519721057,-0.19849567619516642,-0.22343462528825359,-1.94317498101055,-0.9711691530922325,0.19471059220717102,0.7809207238647953,-0.415440548736637,0.8401055023228715,-0.19987214710209025,-0.20523393993674616,-0.385275642381771,0.288628102851926,-0.6860750772800609,0.3882101517721959,0.08100289407412949,0.18900961081806747,0.060884852149075,-0.06029575856054348,-0.14161065295859437,0.5940538469611804,0.2520068674312512,-0.2759376652149487,-0.2518701438308652,0.010702711914010345,-0.4475261925198127,0.38041254953467657,0,0,0,0,-0.09995238682546531,0.24353842755521254,-0.09995238682546391,0.09995238682546552,0,0,0,0.11990091492726132,-0.0757064473745913,-0.34525222030688296,-0.15939847445322874,-0.2515463115537809,0.04455622670311313,0.7001874559242208,0.2958806673432231,0,0.4068420626692999,-0.13389957885878706,-0.05717008542017461,0.2962758821619298,-0.3301339016844888,-0.6311695086903392,0.37503962494270593,0.01038332124711931,-0.380151057303646,0.07089895105795156,0.09855988328651076,0.5077723787057321,-0.20211715742891914,0.22261330921395878,-0.38539618099103357,-0.20827869141611774,-0.298816278373054,-0.3227656814764385,-0.1538708736404515,-1.043969213648354,-0.16662619185160707,-0.515260418180707,0.8181569225604592,-0.022105432606689346,0.35841547238278154,-0.019782542035984275,-0.16795468321380524,-0.05129812018832259,-0.04795674797377698,-0.1736335814914199,-0.47779048406284885,-0.05199096262492216],"bias":0.3759093567396868,"scaler":{"mu":[137.4090909090909,1547.778409090909,480.22727272727275,1067.5511363636363,5.198863636363637,137.13636363636363,1542.8863636363637,481.89772727272725,1060.9886363636363,3.8181818181818183,2.0454545454545454,2.090909090909091,1,0,0,0,96.33615480423249,109.67701733196738,0.4442880527806508,0.3243324421363329,1449.9364572720422,-0.22509334335640185,0,0,0,0,0,0,0,0,0,0,0,0,0,0,0,0,0,0,343.96874999999994,343.97007575757567,339.78693181818187,342.447253787879,4.181818181818184,1.5228219696969705,7.19880872846756,0,0,0.03259006806971934,0.02621404503049919,0.02867819897705948,0.023531117014319366,0.4459978298868721,0.44324838534377486,0.444311664861655,0.44437818732849055,0.033179626973831894,0.02495740289262854,0.02985876486882608,0.025687811529006323,0.4453376002708451,0.4424443565163857,0.4445248564153246,0.44530535547508715,0.8151255274824707,0.8149935258942158,0.8153202061343113,0.8173317685842911,0.5820924736222111,0.5887612593845835,0.5864445239255509,0.588971597186364,0.21335745582093638,0.2115255954040679,0.21161935847096666,0.2102172738276549,7.828673053875031,7.875237692173264,7.811460571770071,7.740979841067179,0,0,0,0,0.18181818181818182,0.6590909090909091,65.9090909090909,4.090909090909091,0,0,0,0.3522727272727273,0.03409090909090909,-0.7454545454545454,0.7897727272727273,-0.1982954545454544,0.10227272727272728,-0.005681818181818182,-0.07386363636363637,0,0.05832386363636364,0.42045454545454547,0.34375,0.4107954545454545,-0.045454545454545456,3.364204545454544,0.5068181818181821,0.9318181818181818,-0.5113636363636364,-0.06818181818181818,-0.028409090909090908,0.022727272727272728,-0.019886363636363636,-0.022727272727272728,-0.16477272727272727,-0.0625,0.016954545454545458,0.1534090909090909,0.002789772727272727,-0.2727272727272727,-0.012755681818181817,-0.2159090909090909,-0.36363636363636365,0.017045454545454544,-0.3125,-0.5113636363636364,-0.0005113636363636349,-0.011363636363636364,-0.005681818181818182,0.016954545454545455,0,-0.2403409090909098],"sd":[88.09320172455222,967.5431525435094,286.0522332814224,707.7942752109797,4.024103353492152,87.0208545822862,973.7630140549201,324.00834864989935,679.0772983568181,3.1099015423813317,1.7703947358318592,1.9166516947552743,1,1,1,1,1177.2044270592467,1176.72839712025,4.986097323587846,3.9964418907742814,3.8340191591513637,5.063250851509506,1,1,1,1,1,1,1,1,1,1,1,1,1,1,1,1,1,1,120.2990610115295,117.26500826440866,117.80054604570842,116.82940391188035,68.20998029501058,58.124620898545366,2.6672562407336833,1,1,0.08247019677545057,0.09484818778029055,0.08677224838814913,0.09170737777080593,0.03838832867721599,0.0428807200689526,0.03946181113967376,0.042766261221218065,0.07967698793984365,0.09656421723920332,0.08701852579484777,0.08760401062330175,0.03578330627480101,0.04203729167599868,0.037953932851432455,0.04056082979276945,0.07771464341474402,0.09099328016718933,0.08417784532227696,0.08119615667780268,0.08786605297812883,0.09675172598663558,0.09153867654447903,0.09297998431427253,0.07014434878164824,0.07926088003376368,0.07437322675231131,0.07399889648232572,1.2303495361970163,1.3846083699792273,1.2613865800588424,1.4111634288775232,1,1,1,1,0.3856946079199349,0.4740148548775957,1.928473039599673,1.928473039599673,1,1,1,2.284034372886917,12.091459104031356,7.707565779669607,8.49104528007872,3.186414243454302,0.47767839902235726,0.27171925457314455,1.044574110493865,1,0.5834181533885063,10.811107073608365,10.327713468283022,7.941136242490583,0.3506192868304893,42.97994012066958,11.943810639963518,11.09083923226881,7.606059662863642,2.280328198793957,0.4320797652676179,0.3363329224306527,0.2630718633160809,0.5736104301874537,2.228714456848452,0.8735783906126883,0.274105690842175,1.7755568181454529,0.11584803970932692,4.397125281795103,0.20454026185012314,1.9566254788443325,8.913959708566695,3.2412021335703773,3.3624028373930885,6.703110401118781,0.21167408987737077,0.31959911614602826,0.5276142604699374,0.3853571221221268,0.3692744729379982,41.91036861697895]},