{"season":2013,"week":15,"generated_at":"2025-11-07T00:31:01.053Z","feature_hash":"db6517a53da4e816baae63336cd1996153de67b6","logistic":{"weights":[-0.3017163473564444,-0.6726007981279891,-0.6734562107216312,-0.582400902999557,1.6846014179291215,0.9825631403940925,0.0923224876843769,0.44686460294865,-0.13782912108340759,-0.6456800673674963,3.318104207019407,-2.8792133788489007,0,0,0,0,1.0200263547522304,-0.8247803420305198,-0.9365211425395986,0.7567475548084488,-3.4612648089397653,-0.12338448359701402,0,0,0,0,0,0,0,0,0,0,0,0,0,0,0,0,0,0,-0.11646255551970486,-0.23168133500944885,0.09292433055543939,0.22940182029041506,-0.0742005609110828,-0.572674683611051,0.15070105532377742,0,0,1.806826712340653,1.2849998023912688,0.013189249405728128,-0.16596968566298004,0.6623196396615522,0.16389001333072967,-0.33856321423745017,0.37223562596404425,-1.9096752938283685,-1.0362247932901796,0.04655238395511263,0.4541810183539731,-0.6751785828206511,0.1279963308561336,0.13980921207885735,-0.2199357077364201,-0.371433170847474,-0.11685715403871051,-0.5508243825086698,0.6705966744912997,-0.4532773994775358,0.28916341098479126,-0.1427321250526687,-0.3042557145001488,0.40887582053420174,0.03920453069811361,-0.09573240140291474,-0.1332177112145879,0.3671217267980535,-0.35479206820768294,0.29955017537751927,-0.1977615002272831,0,0,0,0,-0.07606863518153631,-0.06410259058376974,-0.07606863518153524,0.07606863518153657,0,0,0],"bias":1.3816822949315737,"scaler":{"mu":[130.6425120772947,1562.1739130434783,476.32850241545896,1085.8454106280194,6.193236714975845,129.7342995169082,1535.8985507246377,456.7826086956522,1079.1159420289855,4.995169082125604,2.251207729468599,1.9855072463768115,1,0,0,0,21.396070673309165,-2.8684961955664816,-0.16078493758391885,0.2724216945292898,1449.8732073089927,-0.24251326100888265,0,0,0,0,0,0,0,0,0,0,0,0,0,0,0,0,0,0,336.85104669887284,338.1596618357486,337.60789049919487,339.89935587761676,-0.7568438003220629,-1.7396940418679558,7.682844315424904,0,0,0.004535959743118569,0.008860175718707718,0.007072178567573756,0.005824566510292004,0.4347801092145162,0.43614081362164503,0.43527973797402236,0.4335963140383858,0.0032463562503484717,0.0065079037217257,0.005423836853033465,0.004488345814854316,0.43400608114077904,0.43505654773380503,0.4343631419005686,0.4327862517692657,0.8383116016562868,0.8390858451623449,0.8384646303284299,0.8416807100822458,0.5989076911752932,0.5927093726151172,0.5954618687425872,0.5969398744152786,0.20752279144165592,0.20983318349342556,0.20843032093962652,0.2061290121756031,8.461529976305997,8.39845509216342,8.424507685427272,8.266839192400495,0,0,0,0,0.1497584541062802,0.7342995169082126,65.7487922705314,4.251207729468599,0,0,0],"sd":[79.64691241028366,958.7002466834815,336.33609586371944,662.1166069680619,4.571636210331942,81.22969122547876,954.0717543315903,308.20248079167305,674.614290290182,4.1066666484813945,1.8919320162072193,1.71798742176666,1,1,1,1,1186.0056125439141,1194.6958832072373,6.019127523460617,5.5658957063664145,3.8487312283522686,5.143423668355348,1,1,1,1,1,1,1,1,1,1,1,1,1,1,1,1,1,1,110.84319853776366,109.07005791752147,111.88636861336893,110.07486169293497,69.96980159224825,62.88718006557374,2.757054599275856,1,1,0.08262333101506343,0.09974286889581399,0.08612495158642298,0.08161822727514707,0.035955866620094354,0.042684624534984006,0.03742799372024661,0.03312529360891196,0.07013338859474294,0.08976349619277968,0.07889995519128071,0.06919541502116931,0.03324664424920136,0.0393630643883013,0.035016821592588544,0.03227916015173777,0.08601653059976413,0.09485149345436784,0.08795934233055468,0.08468358333204237,0.08812729899936743,0.09220433690992882,0.08794634888488635,0.08928486546879433,0.05840730474172354,0.06603909547389328,0.0609178345686337,0.06328318089808378,1.4903157730656829,1.6661071124330817,1.4970432378159522,1.7344290523314836,1,1,1,1,0.35683449879457796,0.44170548601594134,1.7841724939728847,1.7841724939728856,1,1,1]},"features":["off_1st_down_s2d","off_total_yds_s2d","off_rush_yds_s2d","off_pass_yds_s2d","off_turnovers_s2d","def_1st_down_s2d","def_total_yds_s2d","def_rush_yds_s2d","def_pass_yds_s2d","def_turnovers_s2d","wins_s2d","losses_s2d","home","sim_winrate_same_loc_s2d","sim_pointdiff_same_loc_s2d","sim_count_same_loc_s2d","off_total_yds_s2d_minus_opp","def_total_yds_s2d_minus_opp","off_turnovers_s2d_minus_opp","def_turnovers_s2d_minus_opp","elo_pre","elo_diff","rest_days","rest_diff","off_third_down_att_s2d","off_third_down_conv_s2d","off_third_down_pct_s2d","off_red_zone_att_s2d","off_red_zone_td_s2d","off_red_zone_td_pct_s2d","off_dropbacks_s2d","off_sacks_taken_s2d","off_sack_rate_s2d","off_pass_att_s2d","off_rush_att_s2d","off_neutral_pass_rate_s2d","off_third_down_pct_s2d_minus_opp","off_red_zone_td_pct_s2d_minus_opp","off_sack_rate_s2d_minus_opp","off_neutral_pass_rate_s2d_minus_opp","off_yds_for_3g","off_yds_for_5g","def_yds_against_3g","def_yds_against_5g","net_yds_3g","net_yds_5g","qb_ypa_3g","qb_sack_rate_3g","qb_qbr","off_epa_per_play_s2d","off_epa_per_play_w3","off_epa_per_play_w5","off_epa_per_play_exp","off_success_rate_s2d","off_success_rate_w3","off_success_rate_w5","off_success_rate_exp","def_epa_per_play_allowed_s2d","def_epa_per_play_allowed_w3","def_epa_per_play_allowed_w5","def_epa_per_play_allowed_exp","def_success_rate_allowed_s2d","def_success_rate_allowed_w3","def_success_rate_allowed_w5","def_success_rate_allowed_exp","rb_rush_share_s2d","rb_rush_share_w3","rb_rush_share_w5","rb_rush_share_exp","wr_target_share_s2d","wr_target_share_w3","wr_target_share_w5","wr_target_share_exp","te_target_share_s2d","te_target_share_w3","te_target_share_w5","te_target_share_exp","qb_aypa_s2d","qb_aypa_w3","qb_aypa_w5","qb_aypa_exp","qb_sack_rate_s2d","qb_sack_rate_w3","qb_sack_rate_w5","qb_sack_rate_exp","roof_dome","roof_outdoor","weather_temp_f","weather_wind_mph","weather_precip_pct","weather_impact_score","weather_extreme_flag"]},"decision_tree":{"params":{"depth":6,"minSamples":11},"alpha":2},"bt":{"coefficients":[0.061496596877764174,-0.1091849302163813,-0.067040163251167,0.0017491065230762002,-0.002367496046526465,0.004564363426858449,0.002135296371300627,0.002588172427824458,0.000730577935209959,-0.003100675580276436],"intercept":0.21486589848987567,"scaler":{"mu":[-0.40428518730454394,16.483361333261165,0.622099584149434,0,-0.0010531442422796375,0,0,0,0,0],"sd":[58.15424562473111,546.4947975926327,16.013333271309616,1,0.09894585783683986,1,1,1,1,1]},"features":["diff_total_yards","diff_turnovers","diff_penalty_yards","diff_possession_seconds","diff_r_ratio","diff_elo_pre","diff_inj_out","diff_inj_skill_out","diff_inj_practice_dnp","diff_inj_out_trend"],"hyperparams":{"steps":1200,"learningRate":0.001,"l2":0.00001}},"ann":{"seeds":[1],"architecture":[92,128,64,32,1],"committee_size":1,"max_epochs":15,"dropout":0.5},"ensemble":{"weights":{"logistic":0.9,"tree":0,"bt":0,"ann":0.09999999999999998},"calibration":{"type":"platt","beta":0.27444229983303603,"source":"platt"},"calibration_beta":0.27444229983303603,"calibration_hash":"d2561ca09e9e760e66eca466651d834961ad936a13145ca8b7d93d6bbcd09fba","oof_variance":{"ann":{"mean":0.5307511478364906,"var":0.034052118508813685}}},"pca":[{"component":1,"explained_variance":0.20021515500950002,"top_loadings":[{"feature":"off_total_yds_s2d","loading":0.2712276434836328},{"feature":"off_1st_down_s2d","loading":0.2697472355595875},{"feature":"def_1st_down_s2d","loading":0.26897909047338797},{"feature":"def_total_yds_s2d","loading":0.2682202526523201},{"feature":"off_pass_yds_s2d","loading":0.26727216262031983},{"feature":"def_pass_yds_s2d","loading":0.26612128708810634},{"feature":"def_rush_yds_s2d","loading":0.24779860168235285},{"feature":"off_rush_yds_s2d","loading":0.24695735095174431},{"feature":"def_turnovers_s2d","loading":0.2268201889858664},{"feature":"off_turnovers_s2d","loading":0.20814173387300985}]},{"component":2,"explained_variance":0.15662466519235602,"top_loadings":[{"feature":"off_success_rate_s2d",