{"season":2019,"week":5,"generated_at":"2025-11-07T00:42:22.193Z","feature_hash":"109e2e37e7f2ae568fbe9e163db227f2cccacc31","logistic":{"weights":[-0.6805613059409612,-0.6279293039470542,-0.31834779148512715,-0.6490494004496169,1.5944967611371537,0.3964349210813584,-0.1781825349173453,-0.17049080839727399,-0.1992085668961874,-0.7554752673048689,3.0641817003187204,-2.9173540286826585,0,0,0,0,1.0473162986389843,-0.9090541388546821,-1.1162446222958613,0.31370968618236705,-3.6906705220656177,-0.007384288458563288,0,0,0,0,0,0,0,0,0,0,0,0,0,0,0,0,0,0,-0.2829541846724917,-0.03397983057955636,0.1925272913487475,0.19369192273034874,-0.4778481393557114,-0.17034550779840732,-0.06942031979831323,0,0,2.132469418881581,1.1700853952430619,0.05439196531610739,-0.10420936362113958,0.39453569174797687,0.10310393494669168,0.04551563476542536,-0.09784625880056776,-1.8390952839840329,-1.383157687297642,0.18702957319604613,0.9719957391849363,-0.10235806946729413,0.09657887945857395,-0.23228708328329062,0.22668374959468665,-0.4299349746302634,0.8965697126355231,-0.49471797423477964,0.4322822400365215,-0.03410777408866624,0.3710499318807165,0.2622528804827849,-0.2528464984481196,-0.12389665861166448,0.358653351015739,-0.00865178341244567,-0.323264874974127,0.2160862098145339,-0.2192948991694317,0.18033382271268408,0.2676901713812781,0,0,0,0,0.1176056021127099,0.05964543401837826,0.11760560211271151,-0.11760560211270955,0,0,0,0.05028760014612527,0.04501026425078221,-0.006207835241320838,-0.14219727738096444,0.12150909761886493,0.04943175272371767,0.19742803507680493,0.48694314926979776,0,-0.4231650895767627,0.10467344752078538,0.20480745998814423,0.6384523396481795,-0.06339311151310041,-0.5580894788761986,0.08819337833880599,-0.14268360913339623,0.16224189092244704,-0.12363240975280969,0.14869504676193854,0.032392574730597555,0.04359492994608807,0.09635219512347827,-0.06423070214686738,0.07850462769131829,-0.09232583616898073,-0.3108342301060862,0.2697081513355803,-0.9918790327332443,0.05238253180869676,-0.692505051654048,0.24020531592211145,0.13035932964401134,0.32980725913072173,-0.056034095540413775,-0.14185631543520746,-0.043993019504867586,0.09338288031991637,0.3078354149217538,-0.3252824941877623,-0.43544919372723473],"bias":0.9754054859590661,"scaler":{"mu":[77.96774193548387,931.1774193548387,270,661.1774193548387,3.1774193548387095,77.56451612903226,940.7741935483871,280.5967741935484,660.1774193548387,2.161290322580645,1.2419354838709677,1.2580645161290323,1,0,0,0,-7.84077563653727,13.8033370491556,0.18279552554325196,-0.3330318211076282,1450.14141706907,0.2826895903207177,0,0,0,0,0,0,0,0,0,0,0,0,0,0,0,0,0,0,285.94086021505376,285.94086021505376,288.8763440860215,288.8763440860215,-2.9354838709677438,-2.9354838709677438,6.351575230441417,0,0,-0.005055373588841497,-0.007496457987930725,-0.005055373588841497,0.01351579898724972,0.4249108218684366,0.4242556971081782,0.4249108218684366,0.4306029460366973,0.016605547304257333,0.013045201877471773,0.016605547304257333,0.032562061421341125,0.43046514353653903,0.4297409345575635,0.43046514353653903,0.4365241608797645,0.8464623289806603,0.8450209813316208,0.8464623289806603,0.8502457343064623,0.590444228162216,0.5871477305797544,0.590444228162216,0.5874815732703779,0.19793436989467358,0.19926905676301276,0.19793436989467358,0.2049229453742676,8.293064516681463,8.221270566405964,8.293064516681463,8.274984328771946,0,0,0,0,0.0967741935483871,0.7580645161290323,65.48387096774194,4.516129032258065,0,0,0,0.22580645161290322,-2.7580645161290325,-1.7758064516129026,0.3225806451612903,0.056451612903225805,-0.03225806451612903,-0.016129032258064516,-0.20967741935483872,0,0.19853225806451616,0.6612903225806451,1.403225806451613,3,0.03225806451612903,19.877419354838707,-3.1919354838709677,1.4516129032258065,-0.7903225806451613,-0.11290322580645161,0,-0.04838709677419355,-0.04032258064516129,-0.08064516129032258,0.03225806451612903,0.08064516129032258,-0.0035645161290322586,0.20967741935483872,0.00893548387096774,0.3548387096774194,0.0034032258064516136,0.0967741935483871,0.6451612903225806,0.016129032258064516,0.2903225806451613,0.4032258064516129,-0.0062580645161290326,-0.0967741935483871,0.12903225806451613,0.12811290322580646,-0.016129032258064516,-5.90967741935484],"sd":[38.37924831667183,447.0429193580623,167.63256670275868,315.3351787764654,2.485598477607245,37.3853606710943,432.123093997862,154.50936496071012,302.2981610923095,1.9108649315638564,1.1025700748846843,1.0915435042379764,1,1,1,1,238.65356191792122,235.61099528876167,2.6833201417341863,2.491998096677403,1.8326878191969946,2.2884108923388986,1,1,1,1,1,1,1,1,1,1,1,1,1,1,1,1,1,1,175.28070445868372,175.28070445868372,176.94223521163076,176.94223521163076,110.42149758082289,110.42149758082289,3.904789879452212,1,1,0.13036386528792324,0.12968446784156346,0.13036386528792324,0.15022783061013215,0.046957312156701174,0.0461490258329843,0.046957312156701174,0.05485103275374057,0.13702480837935405,0.13654857450251404,0.13702480837935405,0.15527759634710875,0.05216358861670025,0.05281380246584839,0.05216358861670025,0.05809745046015887,0.06681701281998573,0.07081989303799736,0.06681701281998573,0.06511583347195148,0.08132488344178992,0.0797996512987812,0.08132488344178992,0.09603046521100099,0.0824482991295681,0.08123138298089988,0.0824482991295681,0.09730653281362739,1.7791811990266062,1.8194199039361234,1.7791811990266062,1.79454836687533,1,1,1,1,0.2956500448358607,0.4282554208823144,1.478250224179303,1.478250224179303,1,1,1,1.9790789226036083,15.18242350057053,9.288749446783443,3.917595516460718,3.3236989192348956,0.4003120530964793,0.3806588297163208,0.9694876727192718,1,0.4516148700994036,14.09408884144525,14.311015019365165,8.961980627863104,0.17668469596940845,41.18913660160202,13.434095986093725,12.81087922161478,8.641865645300534,3.7892242746422338,0.47519096331149147,0.2798282511757657,0.22537400987874381,0.6549658227176438,2.264506938681837,0.7890048263635492,0.23769210369772437,1.6178151014233177,0.0637641498446504,3.94354014116164,0.10920186393266539,2.576003890871603,7.630788176839395,3.795123932201692,2.2745938792005416,6.335918288765621,0.18708717439220773,0.7768770695995024,0.5231378948460277,0.36996957611790393,0.33562342010781926,42.53290835863836]},