{"season":2025,"week":7,"generated_at":"2025-11-10T23:43:36.454Z","feature_hash":"ee6f5b8637861914fc3a8cb54c8c78e79c461230","logistic":{"weights":[-0.33094823279457947,-0.20567135544712178,-0.1242573421781461,-0.22152385899213953,0.6420195868714367,0.10064342751344964,0.1320332254443491,0.3511542160581879,0.09067985505657312,-0.7037475129818507,2.514082117672143,-2.3537873381737153,0,0,0,0,0.2196569422763769,-0.6853954641306316,-0.2496765445839091,0.6022119946048207,-2.766944303293275,-0.19214343540594642,0,0,0,0,0,0,0,0,0,0,0,0,0,0,0,0,0,0,-0.22494638996110047,-0.003090061946542081,-0.08153641875850874,0.13233123437788466,-0.1289699218439589,-0.17043227600783978,-0.04893492714291127,0,0,0.5261458473060607,0.926446330542735,0.2000196074894471,0.34976993414089375,0.08862541938040562,-0.022035208300544493,-0.19563038236707259,-0.2827022817904777,-0.5837564285615011,-0.09912430230599048,-0.16822090878011176,-0.09899633934061461,-0.01709484571550264,-0.056557973914748275,-0.09489878333422824,0.16741316842661041,-0.06647332604224306,-0.08466294511102586,0.23167566418702368,0.1487184810221758,-0.08527933153080018,-0.10857415955756296,0.21379218106089073,0.19971759136510417,0.1333825007996933,-0.0874909432769679,-0.19998356610309964,0.27532491816748755,0.037910850289897054,-0.3254034891834424,0.024482987062916215,0.20336430399808944,0,0,0,0,-0.07925145584321848,-0.14135662622550746,-0.07925145584321916,0.0792514558432187,0,0,0,0.3905956587916803,-0.27255915935627856,-0.05300564438181228,-0.02102869690350435,-0.011787113596913498,-0.21531135213788577,0.28353452646737265,0.103179842416718,0.005672438775784858,0.03584573477761198,0.039765673101726656,-0.06810360432638062,0.18392060980702446,-0.5129771804640909,-0.042851320967277284,0.22616046189977781,0.06385945723410316,-0.12052017319249983,0.12900977068508399,-0.05655943489168078,-0.2490181092154688,0.13214834798168457,0.08893563362500514,-0.3956731673485941,-0.3066818158499219,0.18074631691119755,-0.3295345285913687,0.19322729409090433,-0.04969866355522106,-0.17071649204433173,-0.5314341093604668,0.6316098753820131,0.24159518543534841,-0.1747429659730873,-0.19145612156029354,0.4941713167620239,-0.12602580168057115,-0.28343998333735976,0.4700495087047939,-0.883678414270073,0.04255195975030812],"bias":0.6341919540194073,"scaler":{"mu":[93.56521739130434,1116.7282608695652,381.45652173913044,735.2717391304348,3.3152173913043477,94,1107.9891304347825,368.9673913043478,739.0217391304348,2.3369565217391304,1.641304347826087,1.6304347826086956,1,0,0,0,-20.499290342281316,-45.826926384681556,-0.40558295570667957,0.0003384382415506166,1449.904694693559,-0.136652770090047,0,0,0,0,0,0,0,0,0,0,0,0,0,0,0,0,0,0,274.78442028985506,275.2617753623188,281.213768115942,280.4686594202899,-6.429347826086954,-5.206884057971015,6.181994046788957,0,0,0.0292460303389897,0.02676183952631035,0.028274360370432763,0.037594940852658985,0.46673129752082887,0.4691276046289012,0.4669913810862286,0.4661080876612205,0.020452701670468657,0.021299108852246118,0.02020535862091973,0.030192005779347095,0.4618288984990628,0.4647518815562852,0.46192521632735367,0.4622387545839643,0.7824003992494102,0.785961426480147,0.7831908342755907,0.7729249569921742,0.5983806196056053,0.5895667301417954,0.5967532699886388,0.6029272902577532,0.22030731915814736,0.22359822166733037,0.22100610036280274,0.21981210402855794,7.637624944378438,7.567363506473467,7.629648131167382,7.6021191903603365,0,0,0,0,0.18478260869565216,0.6739130434782609,65.92391304347827,4.076086956521739,0,0,0,0.07608695652173914,0.7608695652173914,-0.04347826086956524,0.5434782608695652,0.16195652173913042,-0.03260869565217391,0.010869565217391304,0.20652173913043478,0,-0.1391304347826087,-2.25,-2.1467391304347827,-1.4630434782608688,0.010869565217391304,-6.965217391304347,0.8021739130434782,-1.7608695652173914,-0.4891304347826087,0.05434782608695652,0.03260869565217391,-0.010869565217391304,0.005434782608695652,0.043478260869565216,-0.17391304347826086,-0.010869565217391304,0.0012500000000000048,-0.07608695652173914,0.0017934782608695645,-0.15217391304347827,-0.015565217391304344,-0.22826086956521738,-0.13043478260869565,-0.07608695652173914,-0.14130434782608695,-0.44565217391304346,0.007358695652173911,-0.021739130434782608,0.021739130434782608,0.003815217391304346,-0.010869565217391304,6.481521739130434],"sd":[50.68107964170054,594.9493786149934,222.52666733418314,388.1107557985744,2.769905616921642,53.550463806703334,619.1519532281234,219.8024039057806,421.6801533168513,2.2276775482504663,1.2647522677096679,1.4273523018416934,1,1,1,1,404.51273629467045,454.0377460427924,3.3272357194984834,2.534095315841295,2.328318234542563,2.8980420359750627,1,1,1,1,1,1,1,1,1,1,1,1,1,1,1,1,1,1,136.7232220778177,136.49761300000208,138.0658084662666,137.2694598244545,77.16764184477745,74.25536607556079,3.101225800799717,1,1,0.0950833132453103,0.10394203618120991,0.09628401943540606,0.10935705915529577,0.03966474027972512,0.043300853627058454,0.03974484969278069,0.047494569582715765,0.09091010042226778,0.09612477845437344,0.09007125745061305,0.10848431144743738,0.037868808671574765,0.04060198754869387,0.038054949896883246,0.0454154635399513,0.08530180570445493,0.08657808436279361,0.08517682687579,0.09295746191295183,0.09215722802095445,0.09455844606723386,0.09264534413733796,0.102064459252236,0.0702355166737748,0.07328087855664625,0.0703343419882694,0.07955396084642599,1.2410154591049154,1.353867789817731,1.255797020180699,1.3485872216888843,1,1,1,1,0.38812111024689444,0.46877953593147426,1.9406055512344695,1.9406055512344704,1,1,1,1.9123948999378055,13.042880421081799,7.614649844183737,10.013483348528949,3.861426926817743,0.9142719478946041,0.10368904363227661,0.92710446245826,1,0.4948016997921511,11.760864542311873,12.044649281869996,8.1244895142818,0.27562439854578197,38.71698434959332,12.225383236287607,12.278798947441173,7.707272913657298,1.354253608279762,0.27390441670335114,0.3125826922727915,0.24994091929493287,0.4642207935665787,2.393872139134737,0.7444660359203371,0.38686700402638086,1.4083114747206555,0.07274307647369764,3.451322313097502,0.22111654925714522,2.313022025072136,6.052698627928645,2.7276112166069972,3.0237520664807014,6.127919234119079,0.1667715556448752,0.29408150561888463,0.41646182740582655,0.3320820985889085,0.37574752211833934,40.27554530801816]},