{"season":2020,"week":1,"generated_at":"2025-11-07T00:44:37.280Z","feature_hash":"68494b5fbae030daf914ea3d4eae27e21c287a4f","logistic":{"weights":[-0.6830821488008472,-0.5298002002860358,0.010515684949664242,-0.6619278590607636,1.1701013402207225,0.7326328735102855,0.21805253698314706,-0.14325321953002113,0.35330500767443235,-1.143955401649391,3.1706030626984685,-2.6074412437610297,0,0,0,0,0.9532295550653886,-0.8015979633091176,-1.217335112458887,0.7288959518521223,-3.4730621823040018,0.5030971422048209,0,0,0,0,0,0,0,0,0,0,0,0,0,0,0,0,0,0,-0.3018732837959767,-0.07823330703688716,0.22966157646097216,-0.007009239446261556,-0.5149538631571273,0.053059920375607306,-0.3036956741073172,0,0,2.1510098092585395,1.1039362498804568,-0.15323987325189894,-0.03273491847761016,0.11267461544595364,-0.07229516276757873,-0.3773460091405478,-0.15255572556704206,-2.0377898781657517,-1.2059227638984846,0.1691532922486639,0.8394299645203653,-0.4347834452691521,0.6912253503239649,-0.17016204599522913,0.0904006057288808,-0.4008932884151116,0.5300453061030609,-0.47800278836691734,0.3572430644425889,-0.09536817101768227,-0.14321281451365084,-0.16550971402123116,-0.21598552491386494,-0.38535709460224776,0.5527342462902249,0.018535510506145984,-0.5576523628937292,-0.12841027152071768,0.0855806840280872,-0.3177836694858573,0.5169398968316712,0,0,0,0,-0.04224600288614573,0.21915976758293707,-0.04224600288614454,0.0422460028861461,0,0,0,0.2339729659696519,0.08546291732180254,-0.04187732909153211,-0.18037384970585402,-0.17764067347429977,0.01613937507382998,-0.13024118538409515,0.4744399904769274,0,0.11237163903745255,0.023265579563218775,-0.015457106445343373,0.2294748202986692,-0.460699833871431,-0.7919188906142277,0.48951282318728917,0.22039461049610648,-0.44623486148208824,-0.0879583579635486,0.08002556508059795,0.01371182282359158,-0.05957286214347558,-0.017736651204112563,-0.2405750281657554,-0.1248153579377521,-0.32538694015978836,-0.584054461502561,-0.004800557843070894,-1.0496888112513427,0.12557871978740484,-0.42400530664958774,0.5875102848446904,0.04439957464518574,0.4335703629858705,0.06777296943675816,-0.2306016671947713,-0.041796095252030846,0.21119206118246142,0.007098225532734735,-0.05475631951312064,-0.11852246717677471],"bias":0.2255227042392356,"scaler":{"mu":[0,0,0,0,0,0,0,0,0,0,0,0,0,0,0,0,0,0,0,0,0,0,0,0,0,0,0,0,0,0,0,0,0,0,0,0,0,0,0,0,0,0,0,0,0,0,0,0,0,0,0,0,0,0,0,0,0,0,0,0,0,0,0,0,0,0,0,0,0,0,0,0,0,0,0,0,0,0,0,0,0,0,0,0,0,0,0,0,0,0,0,0,0,0,0,0,0,0,0,0,0,0,0,0,0,0,0,0,0,0,0,0,0,0,0,0,0,0,0,0,0,0,0,0,0,0,0,0,0,0,0,0,0],"sd":[1,1,1,1,1,1,1,1,1,1,1,1,1,1,1,1,1,1,1,1,1,1,1,1,1,1,1,1,1,1,1,1,1,1,1,1,1,1,1,1,1,1,1,1,1,1,1,1,1,1,1,1,1,1,1,1,1,1,1,1,1,1,1,1,1,1,1,1,1,1,1,1,1,1,1,1,1,1,1,1,1,1,1,1,1,1,1,1,1,1,1,1,1,1,1,1,1,1,1,1,1,1,1,1,1,1,1,1,1,1,1,1,1,1,1,1,1,1,1,1,1,1,1,1,1,1,1,1,1,1,1,1,1]},"features":["off_1st_down_s2d","off_total_yds_s2d","off_rush_yds_s2d","off_pass_yds_s2d","off_turnovers_s2d","def_1st_down_s2d","def_total_yds_s2d","def_rush_yds_s2d","def_pass_yds_s2d","def_turnovers_s2d","wins_s2d","losses_s2d","home","sim_winrate_same_loc_s2d","sim_pointdiff_same_loc_s2d","sim_count_same_loc_s2d","off_total_yds_s2d_minus_opp","def_total_yds_s2d_minus_opp","off_turnovers_s2d_minus_opp","def_turnovers_s2d_minus_opp","elo_pre","elo_diff","rest_days","rest_diff","off_third_down_att_s2d","off_third_down_conv_s2d","off_third_down_pct_s2d","off_red_zone_att_s2d","off_red_zone_td_s2d","off_red_zone_td_pct_s2d","off_dropbacks_s2d","off_sacks_taken_s2d","off_sack_rate_s2d","off_pass_att_s2d","off_rush_att_s2d","off_neutral_pass_rate_s2d","off_third_down_pct_s2d_minus_opp","off_red_zone_td_pct_s2d_minus_opp","off_sack_rate_s2d_minus_opp","off_neutral_pass_rate_s2d_minus_opp","off_yds_for_3g","off_yds_for_5g","def_yds_against_3g","def_yds_against_5g","net_yds_3g","net_yds_5g","qb_ypa_3g","qb_sack_rate_3g","qb_qbr","off_epa_per_play_s2d","off_epa_per_play_w3","off_epa_per_play_w5","off_epa_per_play_exp","off_success_rate_s2d","off_success_rate_w3","off_success_rate_w5","off_success_rate_exp","def_epa_per_play_allowed_s2d","def_epa_per_play_allowed_w3","def_epa_per_play_allowed_w5","def_epa_per_play_allowed_exp","def_success_rate_allowed_s2d","def_success_rate_allowed_w3","def_success_rate_allowed_w5","def_success_rate_allowed_exp","rb_rush_share_s2d","rb_rush_share_w3","rb_rush_share_w5","rb_rush_share_exp","wr_target_share_s2d","wr_target_share_w3","wr_target_share_w5","wr_target_share_exp","te_target_share_s2d","te_target_share_w3","te_target_share_w5","te_target_share_exp","qb_aypa_s2d","qb_aypa_w3","qb_aypa_w5","qb_aypa_exp","qb_sack_rate_s2d","qb_sack_rate_w3","qb_sack_rate_w5","qb_sack_rate_exp","roof_dome","roof_outdoor","weather_temp_f","weather_wind_mph","weather_precip_pct","weather_impact_score","weather_extreme_flag","diff_rush_carries","diff_rush_rushing_yards_before_contact","diff_rush_rushing_yards_before_contact_avg","diff_rush_rushing_yards_after_contact","diff_rush_rushing_yards_after_contact_avg","diff_rush_rushing_broken_tackles","diff_def_def_ints","diff_def_def_targets","diff_def_def_completions_allowed","diff_def_def_completion_pct","diff_def_def_yards_allowed","diff_def_def_yards_allowed_per_cmp","diff_def_def_yards_allowed_per_tgt","diff_def_def_receiving_td_allowed","diff_def_def_passer_rating_allowed","diff_def_def_adot","diff_def_def_air_yards_completed","diff_def_def_yards_after_catch","diff_def_def_times_blitzed","diff_def_def_times_hurried","diff_def_def_times_hitqb","diff_def_def_sacks","diff_def_def_pressures","diff_def_def_tackles_combined","diff_def_def_missed_tackles","diff_def_def_missed_tackle_pct","diff_pass_passing_drops","diff_pass_passing_drop_pct","diff_pass_passing_bad_throws","diff_pass_passing_bad_throw_pct","diff_pass_times_sacked","diff_pass_times_blitzed","diff_pass_times_hurried","diff_pass_times_hit","diff_pass_times_pressured","diff_pass_times_pressured_pct","diff_rec_receiving_broken_tackles","diff_rec_receiving_drop","diff_rec_receiving_drop_pct","diff_rec_receiving_int","diff_rec_receiving_rat"]},"decision_tree":{"params":{"depth":6,"minSamples":8},"alpha":6},"bt":{"coefficients":[-0.0009384613648247741,-0.003861587274015241,0.004447507313563148,0.0023961285578967596,-0.0035305888528521455,-0.001069248931408433,-0.0017241369798661644,0.004056840914542037,-0.0043291763720788665,0.0036962403748739625],"intercept":0,"scaler":{"mu":[],"sd":[]},"features":["diff_total_yards","diff_turnovers","diff_penalty_yards","diff_possession_seconds","diff_r_ratio","diff_elo_pre","diff_inj_out","diff_inj_skill_out","diff_inj_practice_dnp","diff_inj_out_trend"],"hyperparams":{"steps":1200,"learningRate":0.001,"l2":0.00001}},"ann":{"seeds":[],"architecture":[0,1],"committee_size":0,"max_epochs":15,"dropout":0.5},"ensemble":{"weights":{"logistic":0,"tree":0,"bt":0,"ann":1},"calibration":{"type":"league_prior","lambda":0.85,"mean":0.56,"source":"league_prior"},"calibration_beta":0,"calibration_hash":"729bd80641a1693082e28166f0bc44dbe300221d0d4bf4256b7f485c2cf5cc29","oof_variance":{"ann":null}},"pca":[],