{"season":2009,"week":5,"generated_at":"2025-11-07T00:23:01.824Z","feature_hash":"1628ecf72187b8e181c552363ec25040495dc500","logistic":{"weights":[-0.23266363200302348,-0.298707186817208,-0.03435717972087316,-0.4055270605840042,1.2920257356887606,0.8619011804226492,-0.14252166572847486,0.3760571942609874,-0.4408231011844937,-0.7208094558242514,3.0053815910731303,-2.750170822825186,0,0,0,0,0.9028403684369736,-1.0662749727582717,-0.9483325887952342,0.9750932079778444,-3.785857739291825,-0.289485613557184,0,0,0,0,0,0,0,0,0,0,0,0,0,0,0,0,0,0,-0.30169537740465546,0.23915503662847243,0.0837185438423883,0.14957185612370327,-0.5023535577853244,0.20190541497790498,-0.17206846010196594,0,0,1.4324180881105437,1.1214810437936404,0.17203442013095874,-0.14616041176241765,0.13067392470690017,-0.028285778226354204,-0.5254311523089135,0.17404207745485092,-1.840724600990212,-0.7671841739741048,-0.19112416253304862,0.004918172406805537,-0.3741677022326689,-0.14615384504068354,0.8177098001305558,-0.037336597196983595,-0.09713768662616538,0.526439576926869,0.05214551315705131,0.024420382582378112,0.12290979703576259,-0.025251812381890573,-0.06327280276976012,0.32135365431127666,-0.1738326056218119,-0.2667954996702236,-0.032147738783624494,0.3439982241848169,0.04034377199333827,0.015324094047677915,0.16031751143556572,-0.0870697017281045,0,0,0,0,0.0383237515653186,-0.15989271024523372,0.03832375156531988,-0.038323751565318566,0,0,0],"bias":0.8045487140293903,"scaler":{"mu":[72.5,858.1612903225806,280.9032258064516,577.258064516129,3.4838709677419355,70.01612903225806,831.6935483870968,260.85483870967744,570.8387096774194,2.8870967741935485,1.3387096774193548,1.1129032258064515,1,0,0,0,25.34833590190951,-27.384010748879973,-0.1846446884383143,-0.06593648241882277,1450.0404681572768,0.04061321200540827,0,0,0,0,0,0,0,0,0,0,0,0,0,0,0,0,0,0,247.8252688172043,247.8252688172043,260.9032258064516,260.9032258064516,-13.077956989247314,-13.077956989247314,5.797736059516681,0,0,-0.016479806185444125,-0.01106857335631362,-0.016479806185444125,-0.029721049121838077,0.4418046289206533,0.44214385927114963,0.4418046289206533,0.4382064706802322,-0.020977788211032775,-0.020312652210975158,-0.020977788211032775,-0.03717557769339556,0.43200295274917766,0.4320130440732023,0.43200295274917766,0.43046329842552883,0.8711094393109041,0.8693997321833811,0.8711094393109041,0.8777904163510509,0.5632236592271972,0.5643074703070919,0.5632236592271972,0.5577636504033248,0.21323256203334945,0.2128595323973576,0.21323256203334945,0.21664014311958157,8.111312243388484,8.158438297373449,8.111312243388484,7.928431810333868,0,0,0,0,0.14516129032258066,0.7580645161290323,65.7258064516129,4.274193548387097,0,0,0],"sd":[34.9828298897727,404.305824583178,158.0712078899498,283.21899286388714,2.1155487009122065,34.67335685130861,403.7845796121618,158.54986462738174,277.8487749250792,2.2440231635116183,1.1492430662789392,1.0176639712482165,1,1,1,1,220.25516505208006,214.59656041862718,3.040371910226744,2.877474280771823,1.6605837081322103,2.3911423679770256,1,1,1,1,1,1,1,1,1,1,1,1,1,1,1,1,1,1,156.24735819248917,156.24735819248917,165.6933827476776,165.6933827476776,93.6968378192748,93.6968378192748,3.8168913624291902,1,1,0.10636672827349279,0.11200217872553421,0.10636672827349279,0.12081089648414244,0.04964816099195638,0.05078200383776623,0.04964816099195638,0.05280249576684005,0.10183256510724008,0.10360540029477806,0.10183256510724008,0.12736099051372615,0.041069022772219875,0.041821132759787716,0.041069022772219875,0.04951589863781446,0.05567170357791313,0.05751975555903177,0.05567170357791313,0.06318502863311606,0.07911591258454959,0.08385917269112193,0.07911591258454959,0.07781265255496186,0.07523270532949772,0.07714878732258469,0.07523270532949772,0.07510151101077771,1.646723518107922,1.6794907214892374,1.646723518107922,2.0000767477903407,1,1,1,1,0.35226338173938004,0.42825542088231433,1.7613169086968985,1.7613169086968983,1,1,1]},"features":["off_1st_down_s2d","off_total_yds_s2d","off_rush_yds_s2d","off_pass_yds_s2d","off_turnovers_s2d","def_1st_down_s2d","def_total_yds_s2d","def_rush_yds_s2d","def_pass_yds_s2d","def_turnovers_s2d","wins_s2d","losses_s2d","home","sim_winrate_same_loc_s2d","sim_pointdiff_same_loc_s2d","sim_count_same_loc_s2d","off_total_yds_s2d_minus_opp","def_total_yds_s2d_minus_opp","off_turnovers_s2d_minus_opp","def_turnovers_s2d_minus_opp","elo_pre","elo_diff","rest_days","rest_diff","off_third_down_att_s2d","off_third_down_conv_s2d","off_third_down_pct_s2d","off_red_zone_att_s2d","off_red_zone_td_s2d","off_red_zone_td_pct_s2d","off_dropbacks_s2d","off_sacks_taken_s2d","off_sack_rate_s2d","off_pass_att_s2d","off_rush_att_s2d","off_neutral_pass_rate_s2d","off_third_down_pct_s2d_minus_opp","off_red_zone_td_pct_s2d_minus_opp","off_sack_rate_s2d_minus_opp","off_neutral_pass_rate_s2d_minus_opp","off_yds_for_3g","off_yds_for_5g","def_yds_against_3g","def_yds_against_5g","net_yds_3g","net_yds_5g","qb_ypa_3g","qb_sack_rate_3g","qb_qbr","off_epa_per_play_s2d","off_epa_per_play_w3","off_epa_per_play_w5","off_epa_per_play_exp","off_success_rate_s2d","off_success_rate_w3","off_success_rate_w5","off_success_rate_exp","def_epa_per_play_allowed_s2d","def_epa_per_play_allowed_w3","def_epa_per_play_allowed_w5","def_epa_per_play_allowed_exp","def_success_rate_allowed_s2d","def_success_rate_allowed_w3","def_success_rate_allowed_w5","def_success_rate_allowed_exp","rb_rush_share_s2d","rb_rush_share_w3","rb_rush_share_w5","rb_rush_share_exp","wr_target_share_s2d","wr_target_share_w3","wr_target_share_w5","wr_target_share_exp","te_target_share_s2d","te_target_share_w3","te_target_share_w5","te_target_share_exp","qb_aypa_s2d","qb_aypa_w3","qb_aypa_w5","qb_aypa_exp","qb_sack_rate_s2d","qb_sack_rate_w3","qb_sack_rate_w5","qb_sack_rate_exp","roof_dome","roof_outdoor","weather_temp_f","weather_wind_mph","weather_precip_pct","weather_impact_score","weather_extreme_flag"]},"decision_tree":{"params":{"depth":6,"minSamples":8},"alpha":6},"bt":{"coefficients":[0.21945320888718933,-0.007495977672056005,-0.07246999012097366,0.003620188169274539,0.06296748643794532,0.003627394611091715,0.0037983719680777252,-0.004714861284676991,0.004403174835369455,-0.0019862547824517334],"intercept":0.10046018149188572,"scaler":{"mu":[0.10217941675821036,-27.378275242185147,0.5181154499151102,0,0.006186101068707398,0,0,0,0,0],"sd":[54.84904209808558,378.9851434497748,10.581385533780148,1,0.08607621731411,1,1,1,1,1]},"features":["diff_total_yards","diff_turnovers","diff_penalty_yards","diff_possession_seconds","diff_r_ratio","diff_elo_pre","diff_inj_out","diff_inj_skill_out","diff_inj_practice_dnp","diff_inj_out_trend"],"hyperparams":{"steps":1200,"learningRate":0.001,"l2":0.00001}},"ann":{"seeds":[1],"architecture":[92,128,64,32,1],"committee_size":1,"max_epochs":15,"dropout":0.5},"ensemble":{"weights":{"logistic":0.9,"tree":0,"bt":0,"ann":0.09999999999999998},"calibration":{"type":"platt","beta":0.22214110477501525,"source":"platt"},"calibration_beta":0.22214110477501525,"calibration_hash":"5871243c4ec804982e6264137eeaa180f22085238d165016c2cdbebeaebc7a69","oof_variance":{"ann":{"mean":0.6011827619933331,"var":0.02540630894364989}}},"pca":[{"component":1,"explained_variance":0.21266881414151204,"top_loadings":[{"feature":"def_total_yds_s2d","loading":-0.23831271991828012},{"feature":"def_1st_down_s2d","loading":-0.23670586394984036},{"feature":"def_yds_against_3g","loading":-0.2338737563151465},{"feature":"def_yds_against_5g","loading":-0.2338737563151465},{"feature":"def_pass_yds_s2d","loading":-0.23233961496796718},{"feature":"off_yds_for_3g","loading":-0.22995489350753776},{"feature":"off_yds_for_5g","loading":-0.22995489350753776},{"feature":"off_total_yds_s2d","loading":-0.22228235990574838},{"feature":"qb_ypa_3g","loading":-0.2203148855293793},{"feature":"off_pass_yds_s2d","loading":-0.20769550360301375}]},{"component":2,"explained_variance":0.18294693620331876,"top_loadings":[{"feature":"wins_s2d",