{"season":2001,"week":16,"generated_at":"2025-11-07T00:08:42.891Z","feature_hash":"4e7aa2a4d871001b00ead0c0341ff4d173cc3c2c","logistic":{"weights":[-0.7625402406515367,-0.3264424364793637,-0.2720123716627445,-0.35867956760998326,0.7995631063114039,0.5341279129440193,0.14986200341994635,0.4813960020635509,-0.02003704051545943,0.046692741701846265,2.7377890913766705,-2.609722729030044,0,0,0,0,0.9299933304193533,-0.7729471071955145,-0.5915426233640194,0.17849107598908592,-3.3381375344875184,0.41571510292671193,0,0,0,0,0,0,0,0,0,0,0,0,0,0,0,0,0,0,-0.11702942508128236,-0.09116749463872946,-0.1766884287169155,0.09071038313142121,0.016608638740379354,-0.39097546780248904,-0.4570448441017329,0,0,0.20532758436519272,0.7075182669090496,0.2549579048738397,0.2520315975546925,0.13194970542048212,0.3632121144604743,-0.04894837596776833,0.17748328175660028,-0.2634851837155708,-0.30098716576981394,-0.31536430861613646,-0.16631789534976194,-0.16451553223907867,0.2240867938001665,0.033970633975076193,-0.29946767936151897,-0.3477942885992864,0.37301659590975106,-0.01764528686567797,-0.01053548371001689,-0.011882986028008597,-0.03908353541729149,0.04621508856360852,-0.02806306302336406,-0.15921927654275633,-0.28335628164535176,-0.02005451206326058,-0.07452053643984236,-0.10392350897076817,0.4087857464671107,-0.38431933440954547,0.4419022376923692,0,0,0,0,0.032807964980551246,-0.032807964980551295,0.0328079649805522,-0.03280796498055136,0,0,0],"bias":0.38471728873930466,"scaler":{"mu":[143.69724770642202,1709.5779816513761,571.5688073394496,1138.0091743119267,8.431192660550458,143.54128440366972,1710.3761467889908,562.4449541284404,1147.9311926605506,6.9036697247706424,2.6192660550458715,2.522935779816514,1,0,0,0,-78.22102116329243,-96.51693662394617,-0.7293499165590965,-0.30855895940665723,1450.0169835096835,0.017272793697356723,0,0,0,0,0,0,0,0,0,0,0,0,0,0,0,0,0,0,306.61850152905225,306.04013761467905,308.82568807339464,308.55863914373083,-2.2071865443425067,-2.5185015290519845,2.8974773363065407,0,0,-0.010257051822713784,-0.00954807156227722,-0.006655061273817719,-0.017377829995029175,0.44919858580876754,0.4487533013427477,0.4498032657994885,0.4450149611271282,-0.005546170004916377,-0.0038261460633407453,-0.004825598421506928,-0.010406174895824415,0.4490086537353938,0.4482776265508054,0.4482755687862948,0.4449043710329443,0.7871910207842805,0.790370772673895,0.7891353801210714,0.7724329457365162,0.5990555525372214,0.6039475032645769,0.6039904378304158,0.5869177253658447,0.15715454250986852,0.15477446222397898,0.15399323198825113,0.15490647254944995,3.0851352977872595,3.0763875834428984,3.066065580353707,3.229704037042221,0,0,0,0,0.18807339449541285,0.8119266055045872,65.94036697247707,4.059633027522936,0,0,0],"sd":[99.9288283047982,1162.1345734701479,407.37524948062713,791.320925576521,6.229357798165138,95.85530304206486,1140.4569484089016,385.86234793914264,777.7943230874201,5.727359521068919,2.257910744297637,2.1228176285185603,1,1,1,1,1323.804515761002,1405.6276702912871,8.073627920544808,7.354670140227902,4.091263283635928,5.889795547884304,1,1,1,1,1,1,1,1,1,1,1,1,1,1,1,1,1,1,111.72236321161226,106.80839096752545,108.84117005218566,105.02038981208662,118.96867607135978,108.51497858670497,2.2684592029127923,1,1,0.08525483822492695,0.10008888083815726,0.09124259753516524,0.09753695583846414,0.034604208515159864,0.04169587835349515,0.037646344685780375,0.036839417317043606,0.08150564248549587,0.09785008882792996,0.08971817032021785,0.09344389899637905,0.029946947609496663,0.03920879048353573,0.033253941982217025,0.03249663708098037,0.13600872665975752,0.1442691035548258,0.13928543627585627,0.15134273976719345,0.11049710058625607,0.11629357190959982,0.1137728959539372,0.12408025420497693,0.07325350515755036,0.07442293397164289,0.07296799195485267,0.07775037682498451,1.6806905757081774,2.231071459676336,1.9122340539210665,1.9477397540832746,1,1,1,1,0.39077076755866197,0.39077076755866197,1.9538538377933117,1.9538538377933121,1,1,1]},"features":["off_1st_down_s2d","off_total_yds_s2d","off_rush_yds_s2d","off_pass_yds_s2d","off_turnovers_s2d","def_1st_down_s2d","def_total_yds_s2d","def_rush_yds_s2d","def_pass_yds_s2d","def_turnovers_s2d","wins_s2d","losses_s2d","home","sim_winrate_same_loc_s2d","sim_pointdiff_same_loc_s2d","sim_count_same_loc_s2d","off_total_yds_s2d_minus_opp","def_total_yds_s2d_minus_opp","off_turnovers_s2d_minus_opp","def_turnovers_s2d_minus_opp","elo_pre","elo_diff","rest_days","rest_diff","off_third_down_att_s2d","off_third_down_conv_s2d","off_third_down_pct_s2d","off_red_zone_att_s2d","off_red_zone_td_s2d","off_red_zone_td_pct_s2d","off_dropbacks_s2d","off_sacks_taken_s2d","off_sack_rate_s2d","off_pass_att_s2d","off_rush_att_s2d","off_neutral_pass_rate_s2d","off_third_down_pct_s2d_minus_opp","off_red_zone_td_pct_s2d_minus_opp","off_sack_rate_s2d_minus_opp","off_neutral_pass_rate_s2d_minus_opp","off_yds_for_3g","off_yds_for_5g","def_yds_against_3g","def_yds_against_5g","net_yds_3g","net_yds_5g","qb_ypa_3g","qb_sack_rate_3g","qb_qbr","off_epa_per_play_s2d","off_epa_per_play_w3","off_epa_per_play_w5","off_epa_per_play_exp","off_success_rate_s2d","off_success_rate_w3","off_success_rate_w5","off_success_rate_exp","def_epa_per_play_allowed_s2d","def_epa_per_play_allowed_w3","def_epa_per_play_allowed_w5","def_epa_per_play_allowed_exp","def_success_rate_allowed_s2d","def_success_rate_allowed_w3","def_success_rate_allowed_w5","def_success_rate_allowed_exp","rb_rush_share_s2d","rb_rush_share_w3","rb_rush_share_w5","rb_rush_share_exp","wr_target_share_s2d","wr_target_share_w3","wr_target_share_w5","wr_target_share_exp","te_target_share_s2d","te_target_share_w3","te_target_share_w5","te_target_share_exp","qb_aypa_s2d","qb_aypa_w3","qb_aypa_w5","qb_aypa_exp","qb_sack_rate_s2d","qb_sack_rate_w3","qb_sack_rate_w5","qb_sack_rate_exp","roof_dome","roof_outdoor","weather_temp_f","weather_wind_mph","weather_precip_pct","weather_impact_score","weather_extreme_flag"]},"decision_tree":{"params":{"depth":6,"minSamples":12},"alpha":2},"bt":{"coefficients":[0.1613424470246827,-0.17727292976068204,-0.04901248861487582,-0.0009802375115790533,-0.08730884111228127,0.0001445859034068221,-0.003513930019501522,0.00296394080916653,0.000666186899638105,-0.0008257558189189249],"intercept":0.0730653542662215,"scaler":{"mu":[1.6479167404694277,9.995550904018929,0.7799590070130021,0,0.0018462138718155245,0,0,0,0,0],"sd":[76.70967396111786,694.7887862542069,18.106296297423018,1,0.09000525532901672,1,1,1,1,1]},"features":["diff_total_yards","diff_turnovers","diff_penalty_yards","diff_possession_seconds","diff_r_ratio","diff_elo_pre","diff_inj_out","diff_inj_skill_out","diff_inj_practice_dnp","diff_inj_out_trend"],"hyperparams":{"steps":1200,"learningRate":0.001,"l2":0.00001}},"ann":{"seeds":[1],"architecture":[92,128,64,32,1],"committee_size":1,"max_epochs":15,"dropout":0.5},"ensemble":{"weights":{"logistic":0.9,"tree":0,"bt":0,"ann":0.09999999999999998},"calibration":{"type":"platt","beta":0.06918415338741939,"source":"platt"},"calibration_beta":0.06918415338741939,"calibration_hash":"ba866a91d31e6d19c35cf8eec4af2d38074dc718e8763b746548b2efd0e42e1b","oof_variance":{"ann":{"mean":0.5462641905936773,"var":0.020561894155811358}}},"pca":[{"component":1,"explained_variance":0.21492376639611177,"top_loadings":[{"feature":"off_total_yds_s2d","loading":0.2377153171921894},{"feature":"off_1st_down_s2d","loading":0.2358345569027754},{"feature":"off_pass_yds_s2d","loading":0.2319321396214607},{"feature":"off_rush_yds_s2d","loading":0.22761430272085895},{"feature":"def_pass_yds_s2d","loading":0.20974741697359855},{"feature":"def_total_yds_s2d","loading":0.20766917202943994},{"feature":"def_1st_down_s2d","loading":0.2071608944603973},{"feature":"wins_s2d","loading":0.1962950624372744},{"feature":"off_turnovers_s2d","loading":0.19534007322385433},{"feature":"def_turnovers_s2d","loading":0.19292105046138236}]},{"component":2,"explained_variance":0.15408132418730053,