{"season":2011,"week":15,"generated_at":"2025-11-07T00:27:14.245Z","feature_hash":"1c13fcb11cc2a537b87f3669b50fd877e9888225","logistic":{"weights":[-0.41623366191553135,-0.631161602745456,-0.242866828615292,-0.7304982927486856,1.1997635471465473,0.792957491119704,-0.04794505209460394,-0.09511472362324687,-0.07605724190968433,-0.5859451563250091,3.17822519389762,-2.951787778340676,0,0,0,0,1.0372762595046798,-0.5097585020328063,-0.7278573916075401,0.8837544685595002,-3.686734760317932,0.4104487467079239,0,0,0,0,0,0,0,0,0,0,0,0,0,0,0,0,0,0,-0.2713075210641281,0.041281835456090314,0.17832308783995598,0.19570213269241718,-0.4600576311346576,-0.06355583533942985,-0.018564459673250232,0,0,1.6512553640135965,1.5276398858626967,-0.06490640077933688,-0.7810704092470279,0.4337230979601412,0.3903819350163112,-0.6436666055951116,0.17078025562588633,-1.7999311190716003,-0.6221503081699088,-0.4823355370163307,0.512210962276721,-0.37700496165030634,0.5316709540128459,0.18670897943539697,-0.08299554700676509,-0.3403555118850562,-0.1393768165076398,-0.25634161063754435,0.4944851520215875,-0.3221869259603464,0.19544065544770212,-0.3842113300302312,-0.7865679756496643,-0.2260531670024611,-0.2856288384980731,-0.3772415018003099,0.20057907866759703,0.5589299924876338,-0.2759139332982758,0.05633228636904754,-0.21921893723174102,0,0,0,0,0.11146243911014961,0.21029139108384673,0.11146243911015187,-0.11146243911014944,0,0,0],"bias":0.6777167281710678,"scaler":{"mu":[122.73076923076923,1474.7163461538462,465.65384615384613,1009.0625,6.028846153846154,122.24038461538461,1473.4278846153845,469.22596153846155,1004.2019230769231,4.6875,2.0288461538461537,2.0721153846153846,1,0,0,0,62.57306042349104,44.39740277383541,-0.013922850488107073,0.3514517733717045,1450.0231834735714,0.10642192479383102,0,0,0,0,0,0,0,0,0,0,0,0,0,0,0,0,0,0,334.82612179487177,336.17572115384615,334.048076923077,334.1512820512822,0.7780448717948704,2.024439102564105,8.021874852816422,0,0,-0.003543245188934952,-0.0022665737963332194,-0.0034609517758030766,-0.008248684015671944,0.43170374208542983,0.4327140457009457,0.43203612170162164,0.430041999053022,-0.007981570753549036,-0.010393212729254676,-0.011425224717253811,-0.013341348327449239,0.4314007709012734,0.43161248338768243,0.4316321340753145,0.42890366473538316,0.8399614017286126,0.8337302593563767,0.8376428487562202,0.8354969462519914,0.5867054596275302,0.587505880797565,0.5866181128362924,0.5850546044904115,0.21730433810833014,0.22044656549172933,0.2191558122474104,0.2184782094426583,8.514593206168895,8.602647409184236,8.563408222037957,8.540601663677126,0,0,0,0,0.15384615384615385,0.75,65.76923076923077,4.230769230769231,0,0,0],"sd":[70.49846299050546,845.2961595944411,291.72701179061914,593.800609938202,4.19353149039646,68.47002364767819,830.5887477424038,293.35163970618305,564.06927049732,3.429711456241898,1.6347002240426862,1.7594774536103928,1,1,1,1,1038.8531221293567,958.9723385427305,5.689268700203457,4.093054448489784,3.8300980689636224,5.606526980836363,1,1,1,1,1,1,1,1,1,1,1,1,1,1,1,1,1,1,113.37540733123572,112.94567480081167,109.93049395220268,107.38123948798511,70.30665062143711,63.11568867778328,2.738341847797334,1,1,0.08762433325511143,0.1013285141700684,0.09266247201002122,0.09725690993890228,0.04307788021675174,0.047897097758127526,0.04399393537026228,0.046040519743211814,0.07574927161231071,0.0933321002632421,0.08547565471454703,0.08760818346169882,0.03536900012739145,0.04262535942119133,0.03906101660580685,0.038657544337078,0.0963637525821206,0.10317104251247419,0.0980747276323145,0.10401900597414418,0.09187089565243767,0.10036483812046025,0.095640008430079,0.08897484756287612,0.07189991262106087,0.08124938326668396,0.0763732684597573,0.06587116413368818,1.1070546216171175,1.4401480258441932,1.2586415602216192,1.3186082552937295,1,1,1,1,0.3608012122941102,0.4330127018922193,1.8040060614705489,1.8040060614705502,1,1,1]},"features":["off_1st_down_s2d","off_total_yds_s2d","off_rush_yds_s2d","off_pass_yds_s2d","off_turnovers_s2d","def_1st_down_s2d","def_total_yds_s2d","def_rush_yds_s2d","def_pass_yds_s2d","def_turnovers_s2d","wins_s2d","losses_s2d","home","sim_winrate_same_loc_s2d","sim_pointdiff_same_loc_s2d","sim_count_same_loc_s2d","off_total_yds_s2d_minus_opp","def_total_yds_s2d_minus_opp","off_turnovers_s2d_minus_opp","def_turnovers_s2d_minus_opp","elo_pre","elo_diff","rest_days","rest_diff","off_third_down_att_s2d","off_third_down_conv_s2d","off_third_down_pct_s2d","off_red_zone_att_s2d","off_red_zone_td_s2d","off_red_zone_td_pct_s2d","off_dropbacks_s2d","off_sacks_taken_s2d","off_sack_rate_s2d","off_pass_att_s2d","off_rush_att_s2d","off_neutral_pass_rate_s2d","off_third_down_pct_s2d_minus_opp","off_red_zone_td_pct_s2d_minus_opp","off_sack_rate_s2d_minus_opp","off_neutral_pass_rate_s2d_minus_opp","off_yds_for_3g","off_yds_for_5g","def_yds_against_3g","def_yds_against_5g","net_yds_3g","net_yds_5g","qb_ypa_3g","qb_sack_rate_3g","qb_qbr","off_epa_per_play_s2d","off_epa_per_play_w3","off_epa_per_play_w5","off_epa_per_play_exp","off_success_rate_s2d","off_success_rate_w3","off_success_rate_w5","off_success_rate_exp","def_epa_per_play_allowed_s2d","def_epa_per_play_allowed_w3","def_epa_per_play_allowed_w5","def_epa_per_play_allowed_exp","def_success_rate_allowed_s2d","def_success_rate_allowed_w3","def_success_rate_allowed_w5","def_success_rate_allowed_exp","rb_rush_share_s2d","rb_rush_share_w3","rb_rush_share_w5","rb_rush_share_exp","wr_target_share_s2d","wr_target_share_w3","wr_target_share_w5","wr_target_share_exp","te_target_share_s2d","te_target_share_w3","te_target_share_w5","te_target_share_exp","qb_aypa_s2d","qb_aypa_w3","qb_aypa_w5","qb_aypa_exp","qb_sack_rate_s2d","qb_sack_rate_w3","qb_sack_rate_w5","qb_sack_rate_exp","roof_dome","roof_outdoor","weather_temp_f","weather_wind_mph","weather_precip_pct","weather_impact_score","weather_extreme_flag"]},"decision_tree":{"params":{"depth":6,"minSamples":11},"alpha":2},"bt":{"coefficients":[0.2279779101389661,-0.14271463317589855,-0.034334865668876065,-0.003081807906313643,0.08360793835271675,-0.003212625733093723,-0.0006692322242842156,-0.00028975121246807513,-0.004883932580068087,0.0023543755693309063],"intercept":0.1070517727370263,"scaler":{"mu":[-0.835277439386374,0.14132312035659128,0.551214846653604,0,0.0033107220198919513,0,0,0,0,0],"sd":[63.75817815882899,469.7614837734501,15.557376172230466,1,0.08854238144548515,1,1,1,1,1]},"features":["diff_total_yards","diff_turnovers","diff_penalty_yards","diff_possession_seconds","diff_r_ratio","diff_elo_pre","diff_inj_out","diff_inj_skill_out","diff_inj_practice_dnp","diff_inj_out_trend"],"hyperparams":{"steps":1200,"learningRate":0.001,"l2":0.00001}},"ann":{"seeds":[1],"architecture":[92,128,64,32,1],"committee_size":1,"max_epochs":15,"dropout":0.5},"ensemble":{"weights":{"logistic":0.9,"tree":0,"bt":0,"ann":0.09999999999999998},"calibration":{"type":"platt","beta":-0.06701989517696007,"source":"platt"},"calibration_beta":-0.06701989517696007,"calibration_hash":"e7dbe39e6dca30690d69348693f4e8a25e0a8f848c4ca642492be0bc2e9d353d","oof_variance":{"ann":{"mean":0.5583935139327451,"var":0.03622357119725625}}},"pca":[{"component":1,"explained_variance":0.19154537939473884,"top_loadings":[{"feature":"off_total_yds_s2d","loading":0.2756509345731305},{"feature":"off_1st_down_s2d","loading":0.27408879395259245},{"feature":"off_pass_yds_s2d","loading":0.27140442716485497},{"feature":"def_total_yds_s2d","loading":0.26673244423878434},{"feature":"def_1st_down_s2d","loading":0.26610827872184517},{"feature":"def_pass_yds_s2d","loading":0.2659785854896683},{"feature":"off_rush_yds_s2d","loading":0.24628011493304156},{"feature":"def_rush_yds_s2d","loading":0.243784627313229},{"feature":"off_turnovers_s2d","loading":0.2147846623873008},{"feature":"def_turnovers_s2d","loading":0.19113995604710368}]},{"component":2,"explained_variance":0.16394712272360226,"top_loadings":[{"feature":"off_epa_per_play_exp",