{"season":2013,"week":14,"generated_at":"2025-11-07T00:30:56.036Z","feature_hash":"e2835c45650dd6ea204091a095b5f25db19db744","logistic":{"weights":[-0.3175507189794164,-0.6573967465141919,-0.6646002566472269,-0.564843529524376,1.6364880716564278,0.9972682644000553,0.11799040504724892,0.42077256932818136,-0.08966197602394459,-0.6433305700157563,3.3555104768639556,-2.8983419175789336,0,0,0,0,1.0315001055330744,-0.8045523675224779,-0.9578452654426094,0.7396396808777419,-3.51893083071228,-0.1167091032910282,0,0,0,0,0,0,0,0,0,0,0,0,0,0,0,0,0,0,-0.1225864077689153,-0.23334330855091515,0.07714239045306126,0.20560424073743538,-0.058447779873394855,-0.5337091153263328,0.10298647937725987,0,0,1.775412822007179,1.2567994488788647,-0.01691840509119404,-0.22116455906411803,0.6522374698193018,0.12971120628420077,-0.39037081152650327,0.3290359174161053,-1.8954742262424296,-1.045150660882948,-0.025712060282584555,0.4336252614162308,-0.6447446443491827,0.11406616109485399,0.09756802258149629,-0.18648759227967113,-0.37237912971446396,-0.10168827759538333,-0.5808518567514729,0.669035632363024,-0.4376555278882874,0.34403424012764483,-0.09871556631585744,-0.28743048461865867,0.4242285090267865,0.007899287520814627,-0.1187820060442314,-0.11340210305077056,0.3823093396482083,-0.37146719317628957,0.31196135481942394,-0.18984359512204013,0,0,0,0,-0.06551854329819058,-0.08055978414320827,-0.06551854329818968,0.06551854329819086,0,0,0],"bias":1.3092655799809148,"scaler":{"mu":[126.08376963350786,1509.3612565445026,459.2041884816754,1050.1570680628272,6.12041884816754,125.75392670157068,1487.9738219895287,437.9109947643979,1050.0628272251308,4.87434554973822,2.162303664921466,1.9371727748691099,1,0,0,0,4.942160648134925,-11.290712641253169,-0.04379299313540787,0.18141392949001647,1449.8235794071984,-0.3408415570793795,0,0,0,0,0,0,0,0,0,0,0,0,0,0,0,0,0,0,334.8769633507854,335.5164921465968,334.62739965095983,337.18726003490406,0.2495636998254781,-1.6707678883071562,7.60202001390072,0,0,0.002800695006328853,0.007647212180100231,0.005119706607840574,0.004177853138001119,0.4342270442189394,0.4362520227638923,0.43502187897738026,0.4331177391350311,0.0021805556007644406,0.006547298721092968,0.0053110844411782794,0.0033042463901146227,0.4333442805501062,0.43452661558629824,0.4338882254238516,0.43205812053441184,0.8367466149655245,0.8379445001929244,0.8367481036257882,0.8404204242729303,0.5989723830622284,0.5945192601435039,0.5969173281018231,0.5971289725007577,0.20729607007226122,0.20871295665387588,0.20729448581439477,0.20565243247554307,8.453008163941748,8.395240128726202,8.431923801883885,8.246222803180439,0,0,0,0,0.15706806282722513,0.7225130890052356,65.78534031413612,4.214659685863874,0,0,0],"sd":[78.33398290612102,942.8391013658638,332.4268611182433,649.4125709989826,4.646808490129321,80.69999495756923,944.7755789618348,297.6942938681027,673.3510214939756,4.11546966217481,1.9116186315801498,1.6895832276741662,1,1,1,1,1182.0959809425267,1195.2833657634842,6.015757015114351,5.563631837949538,3.7001247283676686,5.010379706662642,1,1,1,1,1,1,1,1,1,1,1,1,1,1,1,1,1,1,113.91368507991798,112.07836624570753,115.05697579277192,113.37974926217811,70.1760954527375,62.74694578313225,2.8262622180251813,1,1,0.0831606472956378,0.09893483502891703,0.08604034856789378,0.0818494917510306,0.036174129935397634,0.04237643321022252,0.037271285509491305,0.03315111955269373,0.07134875748408295,0.09005203481850783,0.0787995707261454,0.07029082883962637,0.03341324264755187,0.03908501833760083,0.034525653257419804,0.03234557143639006,0.08789951566122291,0.09628169163585697,0.0893170012492849,0.08638906227711532,0.08938339265976714,0.09342275759383006,0.08920990100519556,0.0908958960941911,0.059247312337245193,0.06672121489047594,0.06177507911142027,0.06447610686983223,1.5315858283492816,1.6972185367263117,1.521626252677571,1.7841323327434344,1,1,1,1,0.3638649288773631,0.44775878017225673,1.8193246443868127,1.8193246443868107,1,1,1]},"features":["off_1st_down_s2d","off_total_yds_s2d","off_rush_yds_s2d","off_pass_yds_s2d","off_turnovers_s2d","def_1st_down_s2d","def_total_yds_s2d","def_rush_yds_s2d","def_pass_yds_s2d","def_turnovers_s2d","wins_s2d","losses_s2d","home","sim_winrate_same_loc_s2d","sim_pointdiff_same_loc_s2d","sim_count_same_loc_s2d","off_total_yds_s2d_minus_opp","def_total_yds_s2d_minus_opp","off_turnovers_s2d_minus_opp","def_turnovers_s2d_minus_opp","elo_pre","elo_diff","rest_days","rest_diff","off_third_down_att_s2d","off_third_down_conv_s2d","off_third_down_pct_s2d","off_red_zone_att_s2d","off_red_zone_td_s2d","off_red_zone_td_pct_s2d","off_dropbacks_s2d","off_sacks_taken_s2d","off_sack_rate_s2d","off_pass_att_s2d","off_rush_att_s2d","off_neutral_pass_rate_s2d","off_third_down_pct_s2d_minus_opp","off_red_zone_td_pct_s2d_minus_opp","off_sack_rate_s2d_minus_opp","off_neutral_pass_rate_s2d_minus_opp","off_yds_for_3g","off_yds_for_5g","def_yds_against_3g","def_yds_against_5g","net_yds_3g","net_yds_5g","qb_ypa_3g","qb_sack_rate_3g","qb_qbr","off_epa_per_play_s2d","off_epa_per_play_w3","off_epa_per_play_w5","off_epa_per_play_exp","off_success_rate_s2d","off_success_rate_w3","off_success_rate_w5","off_success_rate_exp","def_epa_per_play_allowed_s2d","def_epa_per_play_allowed_w3","def_epa_per_play_allowed_w5","def_epa_per_play_allowed_exp","def_success_rate_allowed_s2d","def_success_rate_allowed_w3","def_success_rate_allowed_w5","def_success_rate_allowed_exp","rb_rush_share_s2d","rb_rush_share_w3","rb_rush_share_w5","rb_rush_share_exp","wr_target_share_s2d","wr_target_share_w3","wr_target_share_w5","wr_target_share_exp","te_target_share_s2d","te_target_share_w3","te_target_share_w5","te_target_share_exp","qb_aypa_s2d","qb_aypa_w3","qb_aypa_w5","qb_aypa_exp","qb_sack_rate_s2d","qb_sack_rate_w3","qb_sack_rate_w5","qb_sack_rate_exp","roof_dome","roof_outdoor","weather_temp_f","weather_wind_mph","weather_precip_pct","weather_impact_score","weather_extreme_flag"]},"decision_tree":{"params":{"depth":6,"minSamples":10},"alpha":2},"bt":{"coefficients":[0.04251423337657455,-0.10304391050181701,-0.07227635261029343,-0.003427623546556873,-0.003909790512974585,0.00009698209725451166,-0.0008354699681335338,0.003236080498501428,-0.0013893248290936604,-0.0005555389136815544],"intercept":0.15665728679863777,"scaler":{"mu":[-1.765377140167752,16.24025722156227,0.6078950117919694,0,-0.0025985145291645977,0,0,0,0,0],"sd":[58.53321366248802,553.0151664922331,16.295424187857627,1,0.10082277801123757,1,1,1,1,1]},"features":["diff_total_yards","diff_turnovers","diff_penalty_yards","diff_possession_seconds","diff_r_ratio","diff_elo_pre","diff_inj_out","diff_inj_skill_out","diff_inj_practice_dnp","diff_inj_out_trend"],"hyperparams":{"steps":1200,"learningRate":0.001,"l2":0.00001}},"ann":{"seeds":[1],"architecture":[92,128,64,32,1],"committee_size":1,"max_epochs":15,"dropout":0.5},"ensemble":{"weights":{"logistic":0.9,"tree":0,"bt":0,"ann":0.09999999999999998},"calibration":{"type":"platt","beta":0.13084639515292,"source":"platt"},"calibration_beta":0.13084639515292,"calibration_hash":"887652076046978c7bc6e241e913705ccf89dfef8ad26d462f51fd7b636dceb7","oof_variance":{"ann":{"mean":0.5134521087335381,"var":0.023721998941734962}}},"pca":[{"component":1,"explained_variance":0.20139524208850973,"top_loadings":[{"feature":"off_total_yds_s2d","loading":0.2714046676940569},{"feature":"off_1st_down_s2d","loading":0.2698531106034778},{"feature":"off_pass_yds_s2d","loading":0.2675354741974008},{"feature":"def_1st_down_s2d","loading":0.26664308178070395},{"feature":"def_total_yds_s2d","loading":0.2663399250720893},{"feature":"def_pass_yds_s2d","loading":0.2657015809902914},{"feature":"off_rush_yds_s2d","loading":0.24712212661412758},{"feature":"def_rush_yds_s2d","loading":0.24428088625198177},{"feature":"def_turnovers_s2d","loading":0.2328968684809426},{"feature":"off_turnovers_s2d","loading":0.20801810122496311}]},{"component":2,"explained_variance":0.15481318509331632,"top_loadings":[{"feature":"off_success_rate_s2d",