{
  "season": 2025,
  "week": 3,
  "generated_at": "2025-10-10T09:03:08.000Z",
  "logistic": {
    "weights": [
      0,
      0.010856552328513737,
      -0.0061880558787945185,
      0.01951010881505797,
      0,
      0,
      -0.02321062726857709,
      -0.0061880558787945185,
      -0.0318361033787742,
      0.11616725931314711,
      1.3656936609893995,
      -1.3694251990860675,
      0,
      0,
      0,
      0,
      0,
      0,
      0,
      0,
      0.2855632207517106,
      0.2855632207517106,
      0,
      0,
      0.008757250019770376,
      0.0247312190124622,
      0.2295887176551004,
      0.0247312190124622,
      0.03821496241297019,
      0.2295887176551003,
      -0.0004999654454066543,
      -0.0836749240064644,
      -0.24473405846202,
      0.006044195826354741,
      -0.01919542666020749,
      0.2318730901758436,
      -0.047587013746166605,
      -0.01807462576939707,
      -0.0005919350476696725,
      0.006188055878793151,
      0.011349092226347666,
      0.011349092226347666,
      -0.02370187481756181,
      -0.02370187481756181,
      0.2855632207517106,
      0.2855632207517106,
      0,
      0,
      0,
      0,
      0,
      0,
      0,
      0,
      0,
      0,
      0,
      0,
      0,
      0,
      0,
      0,
      0,
      0,
      0,
      0,
      0,
      0,
      0,
      0,
      0,
      0,
      0,
      0,
      0,
      0,
      0,
      0,
      0,
      0,
      0,
      0,
      0,
      0,
      0,
      0,
      0,
      0,
      0,
      0,
      0,
      0,
      0,
      0,
      0,
      0,
      0,
      0,
      0,
      0,
      0,
      0,
      0,
      0,
      0,
      0,
      0,
      0,
      0,
      0,
      0,
      0,
      0,
      0,
      0,
      0,
      0,
      0,
      0,
      0,
      0,
      0,
      0,
      0,
      0,
      0,
      0,
      0,
      0,
      0,
      0,
      0,
      0,
      0,
      0,
      0,
      0,
      0
    ],
    "bias": 0.0025116132521996017,
    "scaler": {
      "mu": [
        0,
        537.5,
        180,
        357.5,
        0,
        0,
        507.5,
        180,
        327.5,
        2.75,
        0.75,
        0.75,
        1,
        0,
        0,
        0,
        30,
        -30,
        0,
        1,
        1450,
        0,
        0,
        0,
        19.75,
        9.25,
        0.4665242165242165,
        9.25,
        6.25,
        0.673076923076923,
        52.75,
        3.25,
        0.060513078470824946,
        49.5,
        44.5,
        0.5280337941628264,
        0.05242165242165242,
        0.04731934731934731,
        -0.02320084187992405,
        0.024065540194572438,
        172.5,
        172.5,
        172.5,
        172.5,
        0,
        0,
        0,
        0,
        0,
        0,
        0,
        0,
        0,
        0,
        0,
        0,
        0,
        0,
        0,
        0,
        0,
        0,
        0,
        0,
        0,
        0,
        0,
        0,
        0,
        0,
        0,
        0,
        0,
        0,
        0,
        0,
        0,
        0,
        0,
        0,
        0,
        0,
        0,
        0,
        0,
        0,
        0,
        0,
        0,
        0,
        0,
        0,
        0,
        0,
        0,
        0,
        0,
        0,
        0,
        0,
        0,
        0,
        0,
        0,
        0,
        0,
        0,
        0,
        0,
        0,
        0,
        65,
        5,
        0,
        0,
        0,
        0,
        0,
        0,
        0,
        0,
        0,
        0,
        0,
        0,
        0,
        0,
        0,
        0,
        0,
        0,
        0,
        0,
        0,
        0,
        0,
        0,
        0
      ],
      "sd": [
        1,
        177.8166190208328,
        60,
        117.97775213996917,
        1,
        1,
        177.8166190208328,
        60,
        117.97775213996917,
        0.82915619758885,
        0.82915619758885,
        0.82915619758885,
        1,
        1,
        1,
        1,
        1,
        1,
        1,
        1,
        0.8838834764831844,
        1.7677669529663689,
        1,
        1,
        6.7592529172978875,
        3.2691742076555053,
        0.008635580949417456,
        3.2691742076555053,
        2.277608394786075,
        0.011102889792108196,
        17.75352077758099,
        1.299038105676658,
        0.006310622297607465,
        16.515144564913744,
        15.5161206491829,
        0.007024139743122829,
        0.0076307285123851,
        0.019417403324356385,
        0.007893110208108359,
        0.008192524321556566,
        172.82577932704368,
        172.82577932704368,
        172.82577932704368,
        172.82577932704368,
        21.213203435596427,
        21.213203435596427,
        1,
        1,
        1,
        1,
        1,
        1,
        1,
        1,
        1,
        1,
        1,
        1,
        1,
        1,
        1,
        1,
        1,
        1,
        1,
        1,
        1,
        1,
        1,
        1,
        1,
        1,
        1,
        1,
        1,
        1,
        1,
        1,
        1,
        1,
        1,
        1,
        1,
        1,
        1,
        1,
        1,
        1,
        1,
        1,
        1,
        1,
        1,
        1,
        1,
        1,
        1,
        1,
        1,
        1,
        1,
        1,
        1,
        1,
        1,
        1,
        1,
        1,
        1,
        1,
        1,
        1,
        1,
        1,
        1,
        1,
        1,
        1,
        1,
        1,
        1,
        1,
        1,
        1,
        1,
        1,
        1,
        1,
        1,
        1,
        1,
        1,
        1,
        1,
        1,
        1,
        1,
        1
      ]
    },