{"season":2021,"week":5,"generated_at":"2025-11-07T00:47:13.487Z","feature_hash":"9a830a4f72f8ba8386aeeeab53faf47921e1fa56","logistic":{"weights":[-0.6513221046427408,-0.6061363171763792,-0.03125006156729,-0.7406260222290688,1.5574066836672429,0.7773770906474318,0.22690568752035903,-0.08097843787326495,0.3108297673570858,-1.1470012990862704,3.199469897740963,-2.8275288372995697,0,0,0,0,0.7621316257142458,-0.6073156071312917,-0.9882899452441343,0.5656677405847463,-3.693406493294762,0.13173671145206414,0,0,0,0,0,0,0,0,0,0,0,0,0,0,0,0,0,0,-0.2797193604080351,-0.16912663054334084,0.1608372709568768,-0.13075504098304658,-0.3700814398777317,0.08943278786700366,-0.057735275405366035,0,0,2.3586832063018144,1.0372451857392024,0.004728741604480684,-0.32683068716562497,0.34439179982075513,0.13168451032982814,-0.415966154506621,-0.5314383989596081,-1.8726965955272863,-1.0168845487649663,0.20109729924449593,0.8871480840383331,-0.20979624778905837,0.7562388775992837,-0.1600826833416367,-0.1739609186570068,-0.308850381494852,0.40843771120965705,-0.5628314215041981,0.4957634415481795,0.034057067338564576,0.36596480859691055,0.005906440359746864,-0.07097384209058778,0.05449891971753729,0.3284114725422167,0.3408194058830494,-0.20214460089506572,0.019580965281973846,-0.09148330762989147,-0.5344173963796702,0.6185663951313765,0,0,0,0,0.046699579890634536,0.24735533769976442,0.04669957989063559,-0.046699579890634266,0,0,0,0.22349786197212265,-0.08801016983521134,-0.3070116774266777,-0.13629784935367778,-0.015650432050300134,0.2170251396776495,0.6943701280855402,0.39595600281210447,0,0.4233608097090381,-0.1433862160878873,0.14228363082784448,0.26061123305942846,-0.0797132504031011,-0.6635806434644227,0.2328694233853674,0.054787342756546155,-0.44595937070922476,0.3889895374455224,-0.10878493558089321,0.45197349442946455,-0.29712245135826937,0.0640811292731944,-0.46386491385132816,-0.3249833910402109,-0.00881972664968491,-0.5069949079608479,-0.09741865931566543,-0.7020598303390015,-0.23123952129437136,-0.8044995751871552,0.8256670734048955,0.1351355024727974,0.04916408752191066,-0.18687095103614731,-0.5697283380317983,-0.14862926115398223,0.010923439422738884,-0.18181511689157667,-0.2596197478262627,-0.49812354037099965],"bias":-0.1189386302048457,"scaler":{"mu":[80.546875,927.671875,274.625,653.046875,2.921875,78.578125,918.5,269.40625,649.09375,2.078125,1.265625,1.234375,1,0,0,0,-8.865790416110604,-27.959176119738252,-0.06498822621939622,0.06501753756306729,1450.078686133648,0.15737226729633136,0,0,0,0,0,0,0,0,0,0,0,0,0,0,0,0,0,0,276.6666666666667,276.6666666666667,280.6901041666667,280.6901041666667,-4.0234375,-4.0234375,5.818164888242095,0,0,0.00879689194618754,0.007749071925971205,0.00879689194618754,0.00835517753562261,0.43701351049077014,0.4369468003411978,0.43701351049077014,0.43602755887270417,0.008172183308722516,0.007346141575705364,0.008172183308722516,0.010798876971660666,0.4370471997538436,0.43679134098406946,0.4370471997538436,0.43574654037490723,0.8077114978948428,0.8040734434753329,0.8077114978948428,0.8157475027654225,0.5925439277878248,0.5917137373294465,0.5925439277878248,0.5884355944702138,0.2058982278263733,0.205012948416232,0.2058982278263733,0.21027055219734628,7.911312351107342,7.962492523580116,7.911312351107342,7.786721230800834,0,0,0,0,0.1875,0.71875,65.9375,4.0625,0,0,0,-0.46875,-1.1875,0.16406249999999997,-1.015625,-0.09531249999999997,-0.0625,0,0.09375,0,0.07084375,4.015625,4,2.08125,0.015625,4.789062499999999,1.2703125,1.921875,2.09375,0.40625,-0.078125,-0.046875,-0.015625,-0.140625,-0.625,-0.015625,-0.0018593750000000008,-0.203125,-0.009546875,0.21875,0.021765624999999993,-0.359375,-1.140625,-0.265625,-0.203125,-0.828125,-0.04254687499999999,-0.03125,0.0625,0.034359375,0.078125,-4.456249999999999],"sd":[37.976937774580705,425.1161626061568,146.65803123252405,304.9754308591667,1.9945604739829275,36.673306320597476,420.02202323211577,144.45086954026098,300.7184999479372,1.9867112231965167,0.9721462643938925,0.9477306365075469,1,1,1,1,226.4180630874152,234.3105000916661,2.2394151150162247,2.2166690114263976,1.4600544382989662,2.1098236746743813,1,1,1,1,1,1,1,1,1,1,1,1,1,1,1,1,1,1,168.97402054178494,168.97402054178494,170.89992062848503,170.89992062848503,74.51218013773344,74.51218013773344,3.6848697852384706,1,1,0.10823079130150354,0.11188223289189142,0.10823079130150354,0.11409921911412613,0.04550724067529051,0.0469525813997328,0.04550724067529051,0.04468263429116899,0.10000060203001133,0.1086511164997043,0.10000060203001133,0.10559075502274873,0.04477741393008904,0.04692016972854953,0.04477741393008904,0.04457973795050023,0.09089130083221864,0.0936609102964964,0.09089130083221864,0.09439987519195453,0.11444625740346048,0.1139135076033231,0.11444625740346048,0.12237528499569754,0.07707707535020004,0.07911780817219013,0.07707707535020004,0.07871025779870583,1.334515737839204,1.3341240938314514,1.334515737839204,1.4623676825058551,1,1,1,1,0.3903123748998999,0.4496092053105675,1.9515618744994994,1.9515618744994994,1,1,1,2.8666659096413727,11.456268753394362,6.569540679993826,5.212641447421355,1.7816275641513157,0.46351240544347894,0.1767766952966369,1.0416145820311848,1,0.6244416310480406,15.811874678841058,15.710267343364976,9.542910899589282,0.33034960174790584,43.656303658476325,17.089732660353228,14.686627301200742,12.233047900564275,1.7564056870495495,0.443871022229431,0.32738010687120256,0.2159417962669571,0.5552923638724019,2.695482331605978,0.7393448852700613,0.42250532049858186,1.993581007728304,0.05139307154407466,3.9149902218907267,0.1632136964024753,2.1749079542304774,7.572291569226254,3.2221993047257333,3.2267422014122853,6.338263483350546,0.20936906183277024,0.24803918541230538,0.42847841252506524,0.3218867894533873,0.32135880939379896,41.87391743003633]},