{"season":2008,"week":16,"generated_at":"2025-11-07T00:21:48.107Z","feature_hash":"3ca4ea280b6727c460ae18097e19ded6f70f6264","logistic":{"weights":[-0.3845419298028222,-0.41654707082275766,-0.0009529649815825564,-0.5920288607913582,1.4850045964025,0.6916427012726714,-0.26579994562071113,0.28038714398796194,-0.5718512085209655,-0.6914227747983891,2.7383807805133045,-2.642605454467706,0,0,0,0,1.0431990031609644,-1.1032260255858468,-0.5776439429759775,1.1973626774668353,-3.6138820581018702,-0.12196670084049328,0,0,0,0,0,0,0,0,0,0,0,0,0,0,0,0,0,0,-0.3604576123451053,0.2199535479378772,0.1676775059360877,0.10286641052952263,-0.6719355847807273,0.23514030403843267,-0.28974766410448377,0,0,1.3094102731733,1.1424488657191305,0.21392061303819265,-0.1309395862077837,0.0876596028160585,-0.007140893301318294,-0.40879729098257145,0.21562569606689683,-2.0260138472190325,-0.7565597765851246,-0.283102549536234,-0.12875747347805186,-0.4606678987170183,-0.05372293164025592,0.8327784688429392,-0.16744780925895586,-0.14672741112620558,0.5147949448014726,0.049056808586195835,0.0547598458026201,0.14400276571648918,-0.3325708008213731,-0.23120727160290902,0.2973966410519463,-0.22921807168079417,-0.3394116888186693,0.1571594671456525,0.29481781571716964,0.08387270030254243,0.0008105106672122148,0.0017146204694030453,-0.10758277120292614,0,0,0,0,-0.022555901806794745,-0.1336214672210845,-0.02255590180679389,0.02255590180679476,0,0,0],"bias":0.9925205533279049,"scaler":{"mu":[130.5919282511211,1577.3139013452915,531.6457399103139,1045.6681614349775,6.37219730941704,130.542600896861,1568.3677130044844,520.7443946188341,1047.6233183856502,4.968609865470852,2.327354260089686,2.282511210762332,1,0,0,0,52.91547703954697,43.199573092420685,0.03987163484181177,0.12808627522566374,1449.8778278103596,-0.2661286661756347,0,0,0,0,0,0,0,0,0,0,0,0,0,0,0,0,0,0,315.7197309417041,315.1979073243646,315.0485799701047,315.89192825112116,0.6711509715994032,-0.6940209267563514,7.684791414483923,0,0,0.008326156457917665,0.009546065006282415,0.00895533555693063,0.003555938326519054,0.4487880722797501,0.4540514104015764,0.45183882724254554,0.44452027360567575,0.005601498879441096,0.005626872121995151,0.006705074998147592,0.001434662272479678,0.4490149677999036,0.4531497239938076,0.4520371724061259,0.4442302584683082,0.8719693500388666,0.865273105770693,0.8674339241157232,0.8717942974707837,0.07623318385650224,0.02242152466367713,0.04035874439461883,0.04250000000000001,0.08071748878923767,0.03139013452914798,0.053811659192825115,0.012107623318385647,8.26282842780963,8.214943012383472,8.235860905611064,8.237594647760407,0,0,0,0,0.15246636771300448,0.8116591928251121,65.76233183856502,4.237668161434978,0,0,0],"sd":[82.80442855162799,964.8536728365211,341.85304196756744,666.5932848236291,4.948210540034947,80.87900904713224,960.9215304368519,353.7621913505142,635.3432685354376,4.143599672615374,1.9188738511331505,2.008057528835264,1,1,1,1,1011.1450841212617,1002.9157223706679,5.671719412006418,4.720155732681669,4.386590627158414,6.233346740394149,1,1,1,1,1,1,1,1,1,1,1,1,1,1,1,1,1,1,103.3677641626701,100.62963432330076,102.2417792379922,100.41985953216243,83.7576698839888,77.52065084253927,2.500454322269416,1,1,0.0867878439850033,0.10381650812250981,0.09604333443909734,0.0994477579674597,0.0372854261730187,0.04692650415747693,0.04208633009154087,0.04170294136448854,0.09308951412554721,0.10960009282806434,0.09857180451894218,0.10140507462424547,0.037451403227190726,0.04443591881124897,0.04008677333450446,0.04068835244423456,0.0785046307318153,0.0926073697514947,0.08482294749610687,0.08407218830672017,0.26537084530069016,0.1480499912037595,0.1967991771972352,0.1876717449604549,0.2724007632015687,0.17436970488989734,0.2256456614423165,0.04086011448023532,1.0301779786999379,1.2642439126206892,1.1110755327195616,1.1031936399605475,1,1,1,1,0.3594723555844146,0.39098407579797895,1.7973617779220732,1.797361777922072,1,1,1]},"features":["off_1st_down_s2d","off_total_yds_s2d","off_rush_yds_s2d","off_pass_yds_s2d","off_turnovers_s2d","def_1st_down_s2d","def_total_yds_s2d","def_rush_yds_s2d","def_pass_yds_s2d","def_turnovers_s2d","wins_s2d","losses_s2d","home","sim_winrate_same_loc_s2d","sim_pointdiff_same_loc_s2d","sim_count_same_loc_s2d","off_total_yds_s2d_minus_opp","def_total_yds_s2d_minus_opp","off_turnovers_s2d_minus_opp","def_turnovers_s2d_minus_opp","elo_pre","elo_diff","rest_days","rest_diff","off_third_down_att_s2d","off_third_down_conv_s2d","off_third_down_pct_s2d","off_red_zone_att_s2d","off_red_zone_td_s2d","off_red_zone_td_pct_s2d","off_dropbacks_s2d","off_sacks_taken_s2d","off_sack_rate_s2d","off_pass_att_s2d","off_rush_att_s2d","off_neutral_pass_rate_s2d","off_third_down_pct_s2d_minus_opp","off_red_zone_td_pct_s2d_minus_opp","off_sack_rate_s2d_minus_opp","off_neutral_pass_rate_s2d_minus_opp","off_yds_for_3g","off_yds_for_5g","def_yds_against_3g","def_yds_against_5g","net_yds_3g","net_yds_5g","qb_ypa_3g","qb_sack_rate_3g","qb_qbr","off_epa_per_play_s2d","off_epa_per_play_w3","off_epa_per_play_w5","off_epa_per_play_exp","off_success_rate_s2d","off_success_rate_w3","off_success_rate_w5","off_success_rate_exp","def_epa_per_play_allowed_s2d","def_epa_per_play_allowed_w3","def_epa_per_play_allowed_w5","def_epa_per_play_allowed_exp","def_success_rate_allowed_s2d","def_success_rate_allowed_w3","def_success_rate_allowed_w5","def_success_rate_allowed_exp","rb_rush_share_s2d","rb_rush_share_w3","rb_rush_share_w5","rb_rush_share_exp","wr_target_share_s2d","wr_target_share_w3","wr_target_share_w5","wr_target_share_exp","te_target_share_s2d","te_target_share_w3","te_target_share_w5","te_target_share_exp","qb_aypa_s2d","qb_aypa_w3","qb_aypa_w5","qb_aypa_exp","qb_sack_rate_s2d","qb_sack_rate_w3","qb_sack_rate_w5","qb_sack_rate_exp","roof_dome","roof_outdoor","weather_temp_f","weather_wind_mph","weather_precip_pct","weather_impact_score","weather_extreme_flag"]},"decision_tree":{"params":{"depth":6,"minSamples":12},"alpha":2},"bt":{"coefficients":[0.21407374918599245,-0.00421220700684218,0.07155167171941758,-0.0001334211893677206,-0.05779250288037954,0.0031437531141399215,0.004168272252783772,-0.00449526582449109,-0.002975148281430735,-0.0004041309026013691],"intercept":0.11132224897607575,"scaler":{"mu":[1.7124977701042534,-4.945662802518554,-1.063638989831738,0,0.003186746583734025,0,0,0,0,0],"sd":[56.62942525324531,473.3865375009817,14.240509709763502,1,0.10230034464196955,1,1,1,1,1]},"features":["diff_total_yards","diff_turnovers","diff_penalty_yards","diff_possession_seconds","diff_r_ratio","diff_elo_pre","diff_inj_out","diff_inj_skill_out","diff_inj_practice_dnp","diff_inj_out_trend"],"hyperparams":{"steps":1200,"learningRate":0.001,"l2":0.00001}},"ann":{"seeds":[1],"architecture":[92,128,64,32,1],"committee_size":1,"max_epochs":15,"dropout":0.5},"ensemble":{"weights":{"logistic":0.9,"tree":0,"bt":0,"ann":0.09999999999999998},"calibration":{"type":"platt","beta":-0.02296310262538451,"source":"platt"},"calibration_beta":-0.02296310262538451,"calibration_hash":"7660cf506bbcbe75274181a411d644dc85a15d6f7186138fae3782c26b727b9b","oof_variance":{"ann":{"mean":0.5524316983164403,"var":0.06266421060974606}}},"pca":[{"component":1,"explained_variance":0.19555251314189961,"top_loadings":[{"feature":"off_total_yds_s2d","loading":0.2755609526455795},{"feature":"off_1st_down_s2d","loading":0.27366779141925407},{"feature":"off_pass_yds_s2d","loading":0.2711592871106233},{"feature":"def_pass_yds_s2d","loading":0.2701400025660061},{"feature":"def_1st_down_s2d","loading":0.26739914053258723},{"feature":"def_total_yds_s2d","loading":0.2663198500314912},{"feature":"off_rush_yds_s2d","loading":0.24900476782356634},{"feature":"def_rush_yds_s2d","loading":0.23824152989262926},{"feature":"off_turnovers_s2d","loading":0.22984971479120395},{"feature":"def_turnovers_s2d","loading":0.21022104724834786}]},{"component":2,"explained_variance":0.15935483894224783,"top_loadings":[{"feature":"net_yds_5g",