{"season":2019,"week":16,"generated_at":"2025-11-07T00:43:12.218Z","feature_hash":"b8fac0de46dfff8c769a028a124a3a2cdb7cc874","logistic":{"weights":[-0.635805092802415,-0.47642040873005626,0.11770650220628344,-0.636272423374979,1.2631057766006517,0.6633281415076004,0.1390888189520647,-0.08128271566184138,0.21138661860877647,-0.9503704986253892,3.259408075135886,-2.7509995767950017,0,0,0,0,1.0282821395977981,-0.7855087353036536,-1.3011469893062872,0.7149128161706451,-3.6482543848055937,0.33336136062261623,0,0,0,0,0,0,0,0,0,0,0,0,0,0,0,0,0,0,-0.19465533250839845,-0.03202125283527595,0.12232541342336099,-0.015199073494546519,-0.2618186795115744,0.12150486994815309,-0.2251091953693529,0,0,2.0933313775553244,1.212224181356417,-0.022312902675389688,-0.1862108143409383,0.08256491594164513,-0.043576250982725676,-0.27574765835384424,-0.33081392157507095,-2.062070793911127,-1.2164159092399596,0.1345879594731628,0.7464261657355584,-0.34982841698645534,0.637433534764646,-0.15846175012382765,-0.020947185615480587,-0.4702405289934187,0.7716641676083767,-0.43191803923374117,0.387592256789667,-0.21973540018935464,-0.1413590172275568,-0.17308004863745424,-0.398520074971938,-0.2620056618027853,0.4960972188287247,-0.03346188677444332,-0.45350804898206737,-0.059303951971905564,0.0627973513330782,-0.13947182900532323,0.3997897034662005,0,0,0,0,0.11652105883454537,0.19556948217966416,0.11652105883454693,-0.11652105883454499,0,0,0,0.07389387467589788,0.1241082110505949,-0.03832750408367421,-0.12663901554931856,0.14685987898611044,0.08748417142915386,-0.0331669521858405,0.5762319534656604,0,-0.10855571712761043,0.08005587195674635,0.10770048921483914,0.45228307598698064,-0.30341318743461276,-0.7387737108083791,0.3938355295421486,0.3001178585754278,-0.4713586996777126,-0.07420424334438595,0.059163024910620865,0.1111215803743656,0.058221914149328306,0.08597941943379925,-0.32869295251268416,0.02678829118422492,-0.09354972407957728,-0.6836245256522971,-0.06580299676108758,-1.1097164929684578,0.19871640512587002,-0.553224447664429,0.3280052328465628,0.1093938027431687,0.027707606302459113,-0.12904526971335267,-0.11359299580658043,0.13774730453221048,0.2462484273501431,0.12342684383361123,0.011824204692443024,-0.09891275237374675],"bias":0.4837429573626775,"scaler":{"mu":[135.0896860986547,1610.0986547085201,482.37219730941706,1127.726457399103,5.7174887892376685,133.1255605381166,1594.3004484304934,496.4529147982063,1097.847533632287,4.0807174887892375,2.192825112107623,2.192825112107623,1,0,0,0,-46.05784953915274,-58.532682113282426,-0.1433966207569631,-0.20209364813954758,1449.9670507616095,-0.043355197657782785,0,0,0,0,0,0,0,0,0,0,0,0,0,0,0,0,0,0,338.0911808669656,340.46883408071756,341.82959641255616,342.62227204783255,-3.7384155455904318,-2.153437967115096,7.594685526485596,0,0,-0.012349073033724652,-0.01907644247434872,-0.017323354508635272,-0.0009286860142713534,0.4233616942487868,0.4223820355300549,0.42198158675109254,0.42723908544758177,-0.005256521790963634,-0.011988557451357133,-0.009899316759321503,0.00433925043549386,0.425067184053941,0.42363196006462034,0.42342929255856426,0.42850883429978415,0.8396433957742846,0.8358797398527518,0.8381758927603576,0.8439890246737553,0.5851247975836373,0.5805249425311971,0.5826543050744625,0.5816069441395878,0.20521390407625986,0.20769342839556149,0.20695729559906112,0.2098813780977332,8.18589926972224,8.178058595763256,8.190162566313639,8.13196973579126,0,0,0,0,0.09417040358744394,0.7713004484304933,65.47085201793722,4.5291479820627805,0,0,0,0.13452914798206278,-0.4798206278026906,-0.6484304932735426,0.3721973094170404,0.31031390134529135,-0.008968609865470852,0,-0.11659192825112108,0,0.07579372197309414,-0.053811659192825115,0.26905829596412556,1.2130044843049328,0.02242152466367713,5.582062780269056,-0.6394618834080718,0.6233183856502242,-0.6771300448430493,0.1031390134529148,0.04035874439461883,0.008968609865470852,-0.008968609865470852,0.04932735426008968,-0.08071748878923767,-0.08071748878923767,-0.018834080717488783,0.11210762331838565,-0.0014843049327354248,0.17937219730941703,-0.0015515695067264534,0.17488789237668162,0.8161434977578476,0.3183856502242152,-0.04035874439461883,0.452914798206278,-0.01221076233183857,-0.013452914798206279,0.06278026905829596,0.052735426008968606,-0.004484304932735426,-2.1475336322869953],"sd":[82.77491784150727,978.9444984647613,320.0304225142255,700.6206547455333,4.286385681900298,79.21680768751973,931.2545539539062,304.4616601339222,653.7929583280842,3.3593101237652006,1.8518061964323282,1.7776748558667976,1,1,1,1,1184.0742663141739,1166.9785038578786,5.8274663246597855,4.711111950502958,4.540518085330156,5.9102987709852135,1,1,1,1,1,1,1,1,1,1,1,1,1,1,1,1,1,1,108.33577509931045,106.44985105097687,109.71120017996925,106.95420937047082,88.49491712990252,82.4852837844153,2.468851394244221,1,1,0.09210496061298358,0.1036847325386805,0.09836726525608909,0.10703960538081163,0.035089234405035655,0.04189097083172985,0.03827534544872652,0.04082281627687328,0.10075392757404475,0.11383122816362858,0.10693204762968063,0.1122456929345901,0.03691075642986018,0.04584031539885325,0.04065752607540299,0.040427713785623126,0.06262045587324233,0.07111430720311553,0.0659629244513574,0.06117130304304516,0.07673331083918113,0.09240824744432591,0.08658130754150191,0.08476715336737507,0.08079820750301869,0.09029527085819875,0.08615722183687936,0.08845681172646874,1.3031363194903947,1.4396101763343563,1.3196747313639827,1.3034440522811355,1,1,1,1,0.2920656410391707,0.4199953174517702,1.4603282051958535,1.4603282051958535,1,1,1,1.9909707904970046,12.901082652247158,7.544747512371626,6.71191552167022,6.0057992444922,0.4441046960767695,0.284108234286227,1.056622527355921,1,0.5133761394809742,14.132834627888215,13.840597414178148,10.363114194880012,0.3203689883316906,44.57555123542775,13.857139898544354,12.080885607440605,8.282228357245634,3.2203304586930988,0.38256141275768923,0.3139654002549646,0.2503993472343271,0.5855410249865738,2.6266545801486942,0.889770175399505,0.26623172465952727,1.797104434127748,0.08561640634934449,4.1856176511428815,0.1880046888661377,2.5763492892225655,7.814974094964673,3.108208875911704,2.638654341191549,6.183028850332257,0.18856359437028236,0.44901307448283334,0.5148950706513844,0.37431021995523395,0.40730722252432605,42.371194216096846]},