{"season":2005,"week":18,"generated_at":"2025-11-07T00:16:11.153Z","feature_hash":"44b83448f10c661d10e539f7337742aedd33fc52","logistic":{"weights":[-0.47996271719820305,-0.3256667360703062,-0.5630127464501754,-0.1521554181339568,1.1734542256657277,0.7865873434323893,0.015501804154440177,0.30389810225501024,-0.14406855334586605,-0.6986872392181013,3.100867972089557,-2.9808920518521362,0,0,0,0,1.0089367514145535,-0.6650056671128755,-0.8250284188381731,0.8317914682738061,-3.1271947526964756,0.46797319901281065,0,0,0,0,0,0,0,0,0,0,0,0,0,0,0,0,0,0,0.17290130311597676,0.4368437708327866,0.5627115938465916,0.4519770754621071,-0.4520890891941074,0.007727426858078842,-1.4964437539329785,0,0,0.7254671158882324,0.6678024114899905,0.6417807060809946,-0.3223267742999069,-0.13156256905499186,0.12477665994263532,-0.18554897713565027,-0.4749215621566321,-1.2089072503318083,-0.12520432406031748,-0.02608048546164839,0.17811352541295702,-0.6495018206995242,-0.38574637619860713,0.47735790969530806,-0.157018423358649,-0.13218078212279205,-0.01850531663063153,0.163810006334535,0.2120602121778649,0.0037372324633994577,-0.4906683162567196,-0.2987990015111588,0.189438472210992,0.2563409776404346,0.19119700774816215,-0.26658060303803693,0.03933920260302667,0.28540837053731405,0.5235515681142422,-0.012751511989397652,0.01036303141722276,0,0,0,0,-0.02394537568685272,0.05448868062125704,-0.023945375686851584,0.023945375686852705,0,0,0],"bias":1.0555811988691224,"scaler":{"mu":[144.859375,1717.98828125,588.29296875,1129.6953125,8.55078125,144.078125,1715.50390625,585.3828125,1130.12109375,5.9921875,2.6015625,2.625,1,0,0,0,21.958193486854917,-5.5544911178861325,0.14327195352765681,-0.08943643801642538,1449.8391403656397,-0.29308330175078634,0,0,0,0,0,0,0,0,0,0,0,0,0,0,0,0,0,0,310.0032552083334,309.9345703125002,311.5175781250001,312.85618489583345,-1.5143229166666645,-2.921614583333332,6.364383506813451,0,0,0.0004437926250264278,-0.0004838309150357492,-0.00024405437922749427,-0.005498018733224327,0.4452887131172733,0.4467882169710987,0.4471481126335808,0.4454551445653168,-0.0028157462251902294,-0.0041741632713224635,-0.0013109389763834131,-0.006341533244601315,0.44542378191541326,0.4464737302330945,0.4472068711028788,0.4455977533150681,0.8610293000669698,0.8570138672628815,0.8570995082997039,0.8582790841348852,0,0,0,0,0,0,0,0,6.951644599325971,6.866366089453037,6.890585735382675,7.047583362557658,0,0,0,0,0.16796875,0.8203125,65.83984375,4.16015625,0,0,0],"sd":[91.3061243817159,1065.4965152835653,398.6253480093326,708.7050918157195,6.2784788177271444,89.65455487025952,1068.9941570454168,404.188183683776,695.8361855027761,4.591936025778642,2.0438162976632097,2.2655711200489823,1,1,1,1,996.6907543959132,998.4644525091983,6.538350966058655,5.6014692079994655,4.777630605197313,6.794193274661694,1,1,1,1,1,1,1,1,1,1,1,1,1,1,1,1,1,1,96.18154858850417,93.91380054682436,95.86121659144266,92.49239534328795,76.71456420280497,69.47432307140478,2.132936591901567,1,1,0.08205342025204476,0.10172714557449908,0.090542236208096,0.08909357461268498,0.03541596960772797,0.044494869817202895,0.040203762059183135,0.03747080917294889,0.07395891825169675,0.09435673570086106,0.08261290976815122,0.08047991716716903,0.0338020788570187,0.04608702752383864,0.04022347871666429,0.034688932663699275,0.06906808337609528,0.0939954456186292,0.09061817328552597,0.07592691473652226,1,1,1,1,1,1,1,1,1.2305714606632927,1.4511544073392468,1.3324369475373543,1.505400687541928,1,1,1,1,0.37383853335823675,0.38392694922830045,1.8691926667911838,1.8691926667911838,1,1,1]},"features":["off_1st_down_s2d","off_total_yds_s2d","off_rush_yds_s2d","off_pass_yds_s2d","off_turnovers_s2d","def_1st_down_s2d","def_total_yds_s2d","def_rush_yds_s2d","def_pass_yds_s2d","def_turnovers_s2d","wins_s2d","losses_s2d","home","sim_winrate_same_loc_s2d","sim_pointdiff_same_loc_s2d","sim_count_same_loc_s2d","off_total_yds_s2d_minus_opp","def_total_yds_s2d_minus_opp","off_turnovers_s2d_minus_opp","def_turnovers_s2d_minus_opp","elo_pre","elo_diff","rest_days","rest_diff","off_third_down_att_s2d","off_third_down_conv_s2d","off_third_down_pct_s2d","off_red_zone_att_s2d","off_red_zone_td_s2d","off_red_zone_td_pct_s2d","off_dropbacks_s2d","off_sacks_taken_s2d","off_sack_rate_s2d","off_pass_att_s2d","off_rush_att_s2d","off_neutral_pass_rate_s2d","off_third_down_pct_s2d_minus_opp","off_red_zone_td_pct_s2d_minus_opp","off_sack_rate_s2d_minus_opp","off_neutral_pass_rate_s2d_minus_opp","off_yds_for_3g","off_yds_for_5g","def_yds_against_3g","def_yds_against_5g","net_yds_3g","net_yds_5g","qb_ypa_3g","qb_sack_rate_3g","qb_qbr","off_epa_per_play_s2d","off_epa_per_play_w3","off_epa_per_play_w5","off_epa_per_play_exp","off_success_rate_s2d","off_success_rate_w3","off_success_rate_w5","off_success_rate_exp","def_epa_per_play_allowed_s2d","def_epa_per_play_allowed_w3","def_epa_per_play_allowed_w5","def_epa_per_play_allowed_exp","def_success_rate_allowed_s2d","def_success_rate_allowed_w3","def_success_rate_allowed_w5","def_success_rate_allowed_exp","rb_rush_share_s2d","rb_rush_share_w3","rb_rush_share_w5","rb_rush_share_exp","wr_target_share_s2d","wr_target_share_w3","wr_target_share_w5","wr_target_share_exp","te_target_share_s2d","te_target_share_w3","te_target_share_w5","te_target_share_exp","qb_aypa_s2d","qb_aypa_w3","qb_aypa_w5","qb_aypa_exp","qb_sack_rate_s2d","qb_sack_rate_w3","qb_sack_rate_w5","qb_sack_rate_exp","roof_dome","roof_outdoor","weather_temp_f","weather_wind_mph","weather_precip_pct","weather_impact_score","weather_extreme_flag"]},"decision_tree":{"params":{"depth":6,"minSamples":14},"alpha":2},"bt":{"coefficients":[0.202392134293861,-0.174839368158849,-0.079004726899623,0.001307556844725924,-0.10874048470194819,0.0036291812453078057,-0.0012664311592795816,-0.0035250739797492675,0.0021372673165089132,-0.0038897909261921115],"intercept":0.16293785402015912,"scaler":{"mu":[-0.8326131134933487,-1.9327299867080372,0.6624355057177836,0,0.0008147657642180496,0,0,0,0,0],"sd":[57.69641526175885,486.012777931831,15.191410875682886,1,0.11475255119083813,1,1,1,1,1]},"features":["diff_total_yards","diff_turnovers","diff_penalty_yards","diff_possession_seconds","diff_r_ratio","diff_elo_pre","diff_inj_out","diff_inj_skill_out","diff_inj_practice_dnp","diff_inj_out_trend"],"hyperparams":{"steps":1200,"learningRate":0.001,"l2":0.00001}},"ann":{"seeds":[1],"architecture":[92,128,64,32,1],"committee_size":1,"max_epochs":15,"dropout":0.5},"ensemble":{"weights":{"logistic":0.9,"tree":0,"bt":0,"ann":0.09999999999999998},"calibration":{"type":"platt","beta":-0.032953940768184684,"source":"platt"},"calibration_beta":-0.032953940768184684,"calibration_hash":"3179e287e6e7d5ca70b85296f1191c9ab1453f7bf6701fc4785728c32473d894","oof_variance":{"ann":{"mean":0.4945145832628167,"var":0.03966645455187755}}},"pca":[{"component":1,"explained_variance":0.21024728278296062,"top_loadings":[{"feature":"def_total_yds_s2d","loading":0.2911018693549543},{"feature":"def_1st_down_s2d","loading":0.28765477449041943},{"feature":"off_total_yds_s2d","loading":0.284274354213438},{"feature":"def_pass_yds_s2d","loading":0.2840505194529748},{"feature":"def_rush_yds_s2d","loading":0.2808928417066959},{"feature":"off_1st_down_s2d","loading":0.27996015073711267},{"feature":"off_pass_yds_s2d","loading":0.27639224881892743},{"feature":"off_rush_yds_s2d","loading":0.26845442784041895},{"feature":"off_turnovers_s2d","loading":0.25875379074443516},{"feature":"losses_s2d","loading":0.2403773617957091}]},{"component":2,"explained_variance":0.19284389924517292,"top_loadings":[{"feature":"off_epa_per_play_w5","loading":-0.28015100799992576},{"feature":"off_epa_per_play_s2d","loading":-0.27922690160112673},{"feature":"off_success_rate_exp","loading":-0.2682939448347666},{"feature":"off_success_rate_w5","loading":-0.26623448399415983},{"feature":"off_epa_per_play_exp","loading":-0.2661817431690592},{"feature":"off_success_rate_s2d","loading":-0.26410627943101306},{"feature":"off_epa_per_play_w3",