{"season":2016,"week":6,"generated_at":"2025-11-07T00:35:56.404Z","feature_hash":"44062dba85dd7745702d17b7dbf19a08cce54d88","logistic":{"weights":[-0.342926505067223,-0.6156627850584412,-0.2660320807442595,-0.6704961621159508,1.8752696164621943,1.1467451316341062,0.27725329690560907,0.19952418471557573,0.22559567670584893,-1.486092484960274,3.038968097768958,-2.500723961414622,0,0,0,0,0.5055025745948071,-0.9279967581220853,-1.5871749330387706,0.7735094848875935,-3.217085705093082,-0.39742405156693017,0,0,0,0,0,0,0,0,0,0,0,0,0,0,0,0,0,0,-0.4177009446490223,-0.13799199656739944,-0.047282509854426745,0.011804883209445368,-0.3297043912505938,-0.0518202904129078,0.18825907263863453,0,0,1.70144070027205,0.8263858467451826,0.28684057566900883,-0.48551881158600185,-0.16195513586315885,-0.17004805582528476,0.041448909920608276,-0.2816586706806032,-2.279429278724527,-0.8309977343506347,0.6799196510505405,0.25669450805665456,-0.4397131780180909,0.3076754379100906,0.40446317282433325,0.009585500843275222,-0.28290984978035766,0.4738128730113312,-0.32587302345496155,0.10839257280817997,-0.024324064143361416,0.8012595350594729,0.18612400292082038,-0.1868423998764248,0.33459841106560656,0.30685288103556235,0.45126494707694376,-0.17571934776007228,0.11988805817630128,-0.3998074278824715,0.00025534753465647573,-0.14760952755908058,0,0,0,0,0.1722941358499756,0.2848165974976538,0.17229413584997624,-0.17229413584997513,0,0,0],"bias":0.507998148655216,"scaler":{"mu":[90.46753246753246,1062.7922077922078,297.85714285714283,764.9350649350649,3.883116883116883,90.02597402597402,1052.4025974025974,295.5844155844156,756.8181818181819,2.688311688311688,1.4675324675324675,1.4155844155844155,1,0,0,0,1.639433894942629,-23.581698170998372,0.0261048262732773,-0.0003228495597765709,1449.999065537412,0.03094776256928337,0,0,0,0,0,0,0,0,0,0,0,0,0,0,0,0,0,0,285.1255411255411,284.61580086580085,296.5411255411255,295.34848484848476,-11.41558441558442,-10.732683982683984,6.444338219297991,0,0,-0.006546198554794294,-0.01107459720397221,-0.006546198554794294,0.0013989809885389566,0.4295815777193492,0.42812230413197216,0.4295815777193492,0.43236920357053554,-0.010221862089835157,-0.011611203596240453,-0.010221862089835157,-0.0029106939148698693,0.42823055706678886,0.42695410985325927,0.42823055706678886,0.4324577635011474,0.8460882284453886,0.8459743962441476,0.8460882284453886,0.8398716385061996,0.6033822317677068,0.6011240189431812,0.6033822317677068,0.6036245769745536,0.20369877697468008,0.2041786297473667,0.20369877697468008,0.19751729239039761,8.167843393216325,8.154340835579262,8.167843393216325,7.895586880175678,0,0,0,0,0.11688311688311688,0.7532467532467533,65.58441558441558,4.415584415584416,0,0,0],"sd":[43.899112322943985,515.7306590329435,161.30415847053877,378.4241878016091,3.0789356652087054,46.82766804124612,549.0626075469359,170.45800417022787,399.67411163794094,2.3033557690800377,1.2015619227241954,1.1771708253116528,1,1,1,1,304.9894010851021,346.77568517915313,3.606072387186654,2.7091243797208957,1.9672891156300454,2.403370258086444,1,1,1,1,1,1,1,1,1,1,1,1,1,1,1,1,1,1,154.4347397997951,154.10495029790928,158.8869886067349,158.10735110872074,55.48103704340524,52.7817396247782,3.5383659605904167,1,1,0.09045137208441092,0.09541754345669519,0.09045137208441092,0.1114287888330791,0.04128346742117169,0.04342936464939222,0.04128346742117169,0.04825129807751063,0.11937768487185296,0.12091969597686852,0.11937768487185296,0.12938404992255056,0.05110231269723755,0.05207487333706814,0.05110231269723755,0.054524297226629465,0.07474969817151961,0.0743151540860929,0.07474969817151961,0.08093464761842342,0.07481734382111516,0.08056564744888309,0.07481734382111516,0.07529183720685242,0.0812965008629313,0.08314715173973032,0.0812965008629313,0.08647985661309057,1.3776907175052266,1.4666257941922662,1.3776907175052266,1.5010758998076172,1,1,1,1,0.32128095784033733,0.4311218876025412,1.6064047892016868,1.6064047892016868,1,1,1]},"features":["off_1st_down_s2d","off_total_yds_s2d","off_rush_yds_s2d","off_pass_yds_s2d","off_turnovers_s2d","def_1st_down_s2d","def_total_yds_s2d","def_rush_yds_s2d","def_pass_yds_s2d","def_turnovers_s2d","wins_s2d","losses_s2d","home","sim_winrate_same_loc_s2d","sim_pointdiff_same_loc_s2d","sim_count_same_loc_s2d","off_total_yds_s2d_minus_opp","def_total_yds_s2d_minus_opp","off_turnovers_s2d_minus_opp","def_turnovers_s2d_minus_opp","elo_pre","elo_diff","rest_days","rest_diff","off_third_down_att_s2d","off_third_down_conv_s2d","off_third_down_pct_s2d","off_red_zone_att_s2d","off_red_zone_td_s2d","off_red_zone_td_pct_s2d","off_dropbacks_s2d","off_sacks_taken_s2d","off_sack_rate_s2d","off_pass_att_s2d","off_rush_att_s2d","off_neutral_pass_rate_s2d","off_third_down_pct_s2d_minus_opp","off_red_zone_td_pct_s2d_minus_opp","off_sack_rate_s2d_minus_opp","off_neutral_pass_rate_s2d_minus_opp","off_yds_for_3g","off_yds_for_5g","def_yds_against_3g","def_yds_against_5g","net_yds_3g","net_yds_5g","qb_ypa_3g","qb_sack_rate_3g","qb_qbr","off_epa_per_play_s2d","off_epa_per_play_w3","off_epa_per_play_w5","off_epa_per_play_exp","off_success_rate_s2d","off_success_rate_w3","off_success_rate_w5","off_success_rate_exp","def_epa_per_play_allowed_s2d","def_epa_per_play_allowed_w3","def_epa_per_play_allowed_w5","def_epa_per_play_allowed_exp","def_success_rate_allowed_s2d","def_success_rate_allowed_w3","def_success_rate_allowed_w5","def_success_rate_allowed_exp","rb_rush_share_s2d","rb_rush_share_w3","rb_rush_share_w5","rb_rush_share_exp","wr_target_share_s2d","wr_target_share_w3","wr_target_share_w5","wr_target_share_exp","te_target_share_s2d","te_target_share_w3","te_target_share_w5","te_target_share_exp","qb_aypa_s2d","qb_aypa_w3","qb_aypa_w5","qb_aypa_exp","qb_sack_rate_s2d","qb_sack_rate_w3","qb_sack_rate_w5","qb_sack_rate_exp","roof_dome","roof_outdoor","weather_temp_f","weather_wind_mph","weather_precip_pct","weather_impact_score","weather_extreme_flag"]},"decision_tree":{"params":{"depth":6,"minSamples":8},"alpha":6},"bt":{"coefficients":[-0.022665125285689414,-0.08459642633759168,0.0901412815001216,0.0016579832731685486,-0.04346643692486792,-0.003998775010904487,0.0036313495269655435,0.0001550671042841121,-0.0021833407061870548,0.002303711476039386],"intercept":0.03367614703007967,"scaler":{"mu":[-4.652834961735893,25.85021527749856,-1.1300564803273767,0,0.0038182007465926114,0,0,0,0,0],"sd":[44.70021639695774,495.80687864502056,14.278482157853938,1,0.06541305945716396,1,1,1,1,1]},"features":["diff_total_yards","diff_turnovers","diff_penalty_yards","diff_possession_seconds","diff_r_ratio","diff_elo_pre","diff_inj_out","diff_inj_skill_out","diff_inj_practice_dnp","diff_inj_out_trend"],"hyperparams":{"steps":1200,"learningRate":0.001,"l2":0.00001}},"ann":{"seeds":[1],"architecture":[92,128,64,32,1],"committee_size":1,"max_epochs":15,"dropout":0.5},"ensemble":{"weights":{"logistic":0.9,"tree":0,"bt":0,"ann":0.09999999999999998},"calibration":{"type":"platt","beta":0.02306556585875109,"source":"platt"},"calibration_beta":0.02306556585875109,"calibration_hash":"35286cf38acfee8cf0d908e1a8fc382bce38d74f07b63d24824e34f25a7fb94b","oof_variance":{"ann":{"mean":0.5506491768442805,"var":0.02126200488915843}}},"pca":[{"component":1,"explained_variance":0.20196277017818579,"top_loadings":[{"feature":"def_1st_down_s2d","loading":-0.26527389725582273},{"feature":"def_total_yds_s2d","loading":-0.26499063343711693},{"feature":"def_pass_yds_s2d","loading":-0.2620936911089732},{"feature":"off_total_yds_s2d","loading":-0.2569679477541457},{"feature":"off_pass_yds_s2d","loading":-0.25167036700254136},{"feature":"off_1st_down_s2d","loading":-0.25136234987397765},{"feature":"def_yds_against_3g","loading":-0.240747741973933},{"feature":"def_yds_against_5g","loading":-0.24003818274903269},{"feature":"def_rush_yds_s2d","loading":-0.23902887522911834},{"feature":"off_yds_for_3g","loading":-0.23651369782363046}]},{"component":2,"explained_variance":0.17196936335382368,