{"season":2013,"week":4,"generated_at":"2025-11-07T00:30:26.973Z","feature_hash":"95654d9eeac3a7e09dca279b7f146e5cf3f3b9ce","logistic":{"weights":[-0.4446188813863984,-0.7089356489921314,-0.788779156589484,-0.5768736498755686,1.3455357416226346,0.9176763115373465,0.11549133844738468,0.29824445988874293,-0.03825359535873423,-0.8739453428919416,3.1718640892355277,-2.8518238584588924,0,0,0,0,0.8410690891458847,-0.8040295329628492,-1.094606822083998,0.49103119087282654,-3.5626430884220897,0.36477958822709905,0,0,0,0,0,0,0,0,0,0,0,0,0,0,0,0,0,0,-0.014600528384666899,-0.11208584830429527,0.16240631032922415,0.2253247113664903,-0.01683330273636254,-0.3504436563589833,0.0630575894574862,0,0,1.519008323203263,1.0295578776145227,-0.2622762004462097,-0.5266026593030152,0.5636602738681293,-0.04435217312651419,-0.5482730815730461,0.16350277751089728,-1.7248397746464605,-0.7512932365154784,-0.00014807178506352422,0.5019826910918729,-0.39253930048657704,0.32506976184210434,0.18725004199062353,0.10292377209916585,-0.3166973811738576,0.092409876603228,-0.5712445353633151,0.7897833192736684,-0.33555483096841815,0.40880075949914135,0.03661556486275701,-0.13991736082796544,0.4120434531011996,0.04723341369055304,-0.19245205119766248,-0.14553799034857065,0.35070244039318016,-0.4704210095551925,0.26964696249612885,-0.24235626390268317,0,0,0,0,0.013946708225743168,-0.27358645540988746,0.01394670822574495,-0.013946708225742796,0,0,0],"bias":0.8651619297480164,"scaler":{"mu":[63.979166666666664,754.9791666666666,216.77083333333334,538.2083333333334,3.125,61.916666666666664,727.125,198,529.125,2.375,1.1666666666666667,0.8333333333333334,1,0,0,0,30.420482127069675,-27.264604951964277,-0.0005920592982580075,0.3456248954037116,1449.999625236759,-0.0007495264824228798,0,0,0,0,0,0,0,0,0,0,0,0,0,0,0,0,0,0,248.11458333333334,248.11458333333334,245.32291666666666,245.32291666666666,2.7916666666666665,2.7916666666666665,5.562284273041599,0,0,0.004080912403365976,0.004080912403365976,0.004080912403365976,0.0068244902941436885,0.4346592577733139,0.4346592577733139,0.4346592577733139,0.43285377658835306,-0.006609237879567106,-0.006609237879567106,-0.006609237879567106,0.0026709069079331707,0.4295230199682825,0.4295230199682825,0.4295230199682825,0.4317621779055015,0.8406759309353765,0.8406759309353765,0.8406759309353765,0.8419444911112208,0.6001177564272792,0.6001177564272792,0.6001177564272792,0.5993697269690218,0.21071870282665225,0.21071870282665225,0.21071870282665225,0.20767110222448285,8.450344883474918,8.450344883474918,8.450344883474918,8.27120508495958,0,0,0,0,0.125,0.7708333333333334,65.625,4.375,0,0,0],"sd":[28.841152299660674,344.305974000799,129.73887871145473,252.89168945859456,2.315032397181517,27.856651908575728,321.00886702446917,106.29616644075176,247.70577514799018,1.9216420929333675,0.9204467514322718,0.8498365855987975,1,1,1,1,177.9046558976004,194.58209571414253,2.8173345288312786,2.6649143186252644,1.2999631571918238,1.7656522218612682,1,1,1,1,1,1,1,1,1,1,1,1,1,1,1,1,1,1,183.5838035130724,183.5838035130724,185.3102547526527,185.3102547526527,76.16544720030353,76.16544720030353,4.331840226226231,1,1,0.10159155491340442,0.10159155491340442,0.10159155491340442,0.09988260060015874,0.04204380736549038,0.04204380736549038,0.04204380736549038,0.038293293593637964,0.08934791005647762,0.08934791005647762,0.08934791005647762,0.08554216282876889,0.04123002323768803,0.04123002323768803,0.04123002323768803,0.03850247350132177,0.08626531373398501,0.08626531373398501,0.08626531373398501,0.08954384677306411,0.11581686315530076,0.11581686315530076,0.11581686315530076,0.11784901855088795,0.07940334294518996,0.07940334294518996,0.07940334294518996,0.08387518371718611,2.35457768476833,2.35457768476833,2.35457768476833,2.3071415283330174,1,1,1,1,0.33071891388307384,0.42029668753816674,1.653594569415369,1.653594569415369,1,1,1]},"features":["off_1st_down_s2d","off_total_yds_s2d","off_rush_yds_s2d","off_pass_yds_s2d","off_turnovers_s2d","def_1st_down_s2d","def_total_yds_s2d","def_rush_yds_s2d","def_pass_yds_s2d","def_turnovers_s2d","wins_s2d","losses_s2d","home","sim_winrate_same_loc_s2d","sim_pointdiff_same_loc_s2d","sim_count_same_loc_s2d","off_total_yds_s2d_minus_opp","def_total_yds_s2d_minus_opp","off_turnovers_s2d_minus_opp","def_turnovers_s2d_minus_opp","elo_pre","elo_diff","rest_days","rest_diff","off_third_down_att_s2d","off_third_down_conv_s2d","off_third_down_pct_s2d","off_red_zone_att_s2d","off_red_zone_td_s2d","off_red_zone_td_pct_s2d","off_dropbacks_s2d","off_sacks_taken_s2d","off_sack_rate_s2d","off_pass_att_s2d","off_rush_att_s2d","off_neutral_pass_rate_s2d","off_third_down_pct_s2d_minus_opp","off_red_zone_td_pct_s2d_minus_opp","off_sack_rate_s2d_minus_opp","off_neutral_pass_rate_s2d_minus_opp","off_yds_for_3g","off_yds_for_5g","def_yds_against_3g","def_yds_against_5g","net_yds_3g","net_yds_5g","qb_ypa_3g","qb_sack_rate_3g","qb_qbr","off_epa_per_play_s2d","off_epa_per_play_w3","off_epa_per_play_w5","off_epa_per_play_exp","off_success_rate_s2d","off_success_rate_w3","off_success_rate_w5","off_success_rate_exp","def_epa_per_play_allowed_s2d","def_epa_per_play_allowed_w3","def_epa_per_play_allowed_w5","def_epa_per_play_allowed_exp","def_success_rate_allowed_s2d","def_success_rate_allowed_w3","def_success_rate_allowed_w5","def_success_rate_allowed_exp","rb_rush_share_s2d","rb_rush_share_w3","rb_rush_share_w5","rb_rush_share_exp","wr_target_share_s2d","wr_target_share_w3","wr_target_share_w5","wr_target_share_exp","te_target_share_s2d","te_target_share_w3","te_target_share_w5","te_target_share_exp","qb_aypa_s2d","qb_aypa_w3","qb_aypa_w5","qb_aypa_exp","qb_sack_rate_s2d","qb_sack_rate_w3","qb_sack_rate_w5","qb_sack_rate_exp","roof_dome","roof_outdoor","weather_temp_f","weather_wind_mph","weather_precip_pct","weather_impact_score","weather_extreme_flag"]},"decision_tree":{"params":{"depth":6,"minSamples":8},"alpha":6},"bt":{"coefficients":[0.05653955259810141,-0.06416878206419838,-0.06173474464098012,0.001562939334527547,0.007843297610891423,-0.0011349763645341587,0.004720898486422797,0.003333829344169304,-0.0010976644089711724,-0.0019456272645435573],"intercept":0.17287860676987932,"scaler":{"mu":[5.905095566735472,-33.17710648148149,2.0019433694530444,0,-0.0064374881042421435,0,0,0,0,0],"sd":[55.31611971551414,351.3018423075266,13.344125904943764,1,0.09287669345741295,1,1,1,1,1]},"features":["diff_total_yards","diff_turnovers","diff_penalty_yards","diff_possession_seconds","diff_r_ratio","diff_elo_pre","diff_inj_out","diff_inj_skill_out","diff_inj_practice_dnp","diff_inj_out_trend"],"hyperparams":{"steps":1200,"learningRate":0.001,"l2":0.00001}},"ann":{"seeds":[1],"architecture":[92,128,64,32,1],"committee_size":1,"max_epochs":15,"dropout":0.5},"ensemble":{"weights":{"logistic":0.9473684210526316,"tree":0,"bt":0,"ann":0.05263157894736841},"calibration":{"type":"platt","beta":0.863863693965966,"source":"platt"},"calibration_beta":0.863863693965966,"calibration_hash":"2077a9630a3e683715ae0eae442d960acb9a9d87433eae49ca26037a5106ef3c","oof_variance":{"ann":{"mean":0.5320411850721655,"var":0.008930795847774887}}},"pca":[{"component":1,"explained_variance":0.2262716833876434,"top_loadings":[{"feature":"off_total_yds_s2d","loading":-0.2433208695376671},{"feature":"off_1st_down_s2d","loading":-0.23811019956620028},{"feature":"def_total_yds_s2d","loading":-0.23778514431938508},{"feature":"def_1st_down_s2d","loading":-0.23308061339882766},{"feature":"off_pass_yds_s2d","loading":-0.23272080303391154},{"feature":"def_pass_yds_s2d","loading":-0.22967720613544496},{"feature":"qb_ypa_3g","loading":-0.22498608829518124},{"feature":"def_yds_against_3g","loading":-0.2234522790876751},{"feature":"def_yds_against_5g","loading":-0.2234522790876751},{"feature":"off_yds_for_3g","loading":-0.21416242113458955}]},{"component":2,"explained_variance":0.15945111004519125,"top_loadings":[{"feature":"def_epa_per_play_allowed_s2d","loading":0.2669074691433496},{"feature":"def_epa_per_play_allowed_w3",