{"season":2024,"week":21,"generated_at":"2025-11-07T00:51:29.427Z","feature_hash":"d01b4eb3f35a8b89f042bfa42124968f823404fc","logistic":{"weights":[-0.33504087663615933,-0.15578719669818863,0.0500619482838781,-0.22613105404006628,0.5576288017557745,0.29975692539164556,0.21892003916834593,0.37594743455816143,0.2238757606372202,-0.8574602902641189,2.4591851707695813,-2.188911802017072,0,0,0,0,0.46830661262923734,-0.5815109238684633,-0.2539862124022538,0.3135202265362975,-2.1547838033485696,0.3575201203649793,0,0,0,0,0,0,0,0,0,0,0,0,0,0,0,0,0,0,-0.31538524797172074,-0.08847174127982838,-0.1131162087683986,0.1277036200114972,-0.27027969316081635,-0.3477733410260905,-0.08310904728743905,0,0,0.48784704981566807,0.8956463779204995,0.16483667962101273,0.38547149716360646,0.026994685052953226,-0.016153316574468772,-0.2466533710057801,-0.22144126551556573,-0.633292267916304,-0.20911933881311107,-0.24705482789727995,-0.0993583945752485,0.0006030320410304945,-0.06689748078603251,-0.09247269944349974,0.17470607423352708,-0.07582097314875956,-0.0746890554327821,0.2069309534010182,0.1655165795086993,-0.020765870076257683,-0.09893746409137269,0.20821391322379826,0.3142138685153826,0.20387545759390427,0.05265826082087761,-0.048558670541537334,0.3051150742484236,-0.046240597842855106,-0.4308818135211012,-0.04883490913828426,0.1998160809733093,0,0,0,0,-0.14650849099583002,-0.22566293743788174,-0.14650849099583083,0.1465084909958302,0,0,0,0.3416930273054227,-0.24373145345080183,0.0981863075213659,0.10954149602270065,0.11263268680220062,0.006861819772675367,0.31200055247326064,0.1006164791795016,0.005705890978916856,-0.046690801856074,0.004553096746800831,-0.12365614500359777,0.2559442629457006,-0.2693695106003577,-0.058726057626834666,0.19321113963725184,-0.07033845226393817,0.06902812964954518,0.1486294871156543,-0.21885472469511763,-0.36375110685620177,0.35141946896410226,0.14199489282131744,-0.6172147234439592,-0.39354830960746184,0.03337964159753824,-0.45002326721527997,0.11789745587137028,-0.2923780253746603,-0.21834900679065639,-0.4210920333056492,0.5531363295241775,0.23509612191111598,-0.5128174859849427,-0.3370901014743519,0.26147743139646124,0.04107266474058063,-0.4975252225217972,0.3252833832230499,-0.4878130078404006,-0.15222580168383942],"bias":0.44426312609700314,"scaler":{"mu":[164.7163120567376,1976.5531914893618,692.1241134751773,1284.4290780141844,5.907801418439717,160.9468085106383,1923.6099290780141,655.7801418439716,1267.8297872340424,4.709219858156028,2.9680851063829787,2.5815602836879434,1,0,0,0,113.12382695185691,69.55246085127207,0.14272056484861248,0.2527609247602771,1450.400283252513,0.13540345754420577,0,0,0,0,0,0,0,0,0,0,0,0,0,0,0,0,0,0,332.0945626477539,332.2030141843969,332.4834515366432,331.3359338061466,-0.3888888888888908,0.8670803782505911,7.253571777703947,0,0,0.010997248465207334,0.016211100302970745,0.016545995983642835,0.009776492293692051,0.4687452248678401,0.4713730161407894,0.47117904047407744,0.4683376049437066,0.00456248498970954,0.009753418700080134,0.008727644753976008,0.0036197301067107403,0.4664520384126085,0.4688752699544011,0.46846595955224124,0.4661183119871548,0.8026137423255811,0.8057394790258883,0.8048704990113507,0.7970208439714472,0.6022046205102285,0.5986214946537052,0.5998862037794227,0.6016895858626657,0.2135845532029398,0.2210299402840749,0.2191727082902071,0.21271626738330154,7.634938868395848,7.673734825930548,7.681411196243389,7.562090098243008,0,0,0,0,0.18439716312056736,0.6560283687943262,65.92198581560284,4.078014184397163,0,0,0,-0.0070921985815602835,0.8014184397163121,0.873049645390071,-0.13120567375886524,0.008156028368794314,0.0035460992907801418,-0.02127659574468085,-0.05319148936170213,0,0.01637234042553191,-0.49645390070921985,-0.374113475177305,0.08085106382978723,-0.024822695035460994,-0.42446808510638295,0.8886524822695037,-0.8687943262411347,0.3723404255319149,-0.07801418439716312,-0.010638297872340425,0.0070921985815602835,-0.01950354609929078,-0.02127659574468085,-0.08865248226950355,0.04964539007092199,0.017680851063829786,0.12411347517730496,-0.005039007092198581,-0.20567375886524822,-0.04776241134751773,-0.014184397163120567,0.1773049645390071,-0.30851063829787234,-0.024822695035460994,-0.3475177304964539,-0.030280141843971625,0.0070921985815602835,-0.01773049645390071,-0.013241134751773053,0.014184397163120567,1.2734042553191478],"sd":[102.8220818407148,1235.469778429161,490.6919801134092,787.4272882824002,4.1443813271318115,99.68286951944148,1179.1892080027733,413.7048677739217,794.6072713664693,3.913133019675741,2.6408632574463113,2.1689492451245034,1,1,1,1,1440.0161057969433,1448.5987075897822,5.536993853776525,5.087956769568496,5.527247396518376,7.190405900709892,1,1,1,1,1,1,1,1,1,1,1,1,1,1,1,1,1,1,97.99969806840747,93.85519594107984,95.62639864903068,92.38743685217918,77.56100363924298,64.95609583523829,2.3017538445358694,1,1,0.08884393610183298,0.10836683899562223,0.09762543599566588,0.09872492072802788,0.03665505248572406,0.04490743753700763,0.04047492214757656,0.041028749347331396,0.07149409804254128,0.09094789695683546,0.07936705341664037,0.08203477480912393,0.03058306841341402,0.04039133136288932,0.03403132880167228,0.03553865531303431,0.06796645938136087,0.07347918239453721,0.06784605888476276,0.07657405493266879,0.07698120613760263,0.09926338909138888,0.09107152766583197,0.09026304204079875,0.06173732840703933,0.08044843965614598,0.07327239324226137,0.06673141321653871,1.2265914748921116,1.5110032608355775,1.3847524719716608,1.4122974613276762,1,1,1,1,0.3878077479288594,0.4750317338151025,1.9390387396443032,1.9390387396443032,1,1,1,2.054217090949163,12.00958237866807,7.178873451524013,6.235378752869854,3.2148763480267686,0.5017573864181871,0.22179426625690563,1.1942565384555721,1,0.5277978803456486,14.423249608501946,14.49361329488728,7.695106807526216,0.3613717027798959,38.178235471589794,14.601906958910483,11.512889075223796,10.38443739027201,1.7607659599606782,0.2452967887307982,0.27922013737630486,0.28955046165665305,0.5118189660331554,3.149233661112028,0.7373158251555758,0.33362720349203195,1.6933914398873269,0.09934841925025675,3.62715864902515,0.22459674723998363,2.284656858021678,6.483239370622055,2.430713328500057,2.7385002891749313,5.50948352678862,0.21698024936096325,0.29164376163052547,0.5356488327707716,0.33534031408584764,0.3147849790237176,42.52925111576486]},