{"season":2019,"week":4,"generated_at":"2025-11-07T00:42:20.089Z","feature_hash":"295bd9f3c6a44dc583a79e2be400ae4a1792fe28","logistic":{"weights":[-0.5848185515995613,-0.536591488705757,-0.23560187619696185,-0.5634894230932055,1.6991545787717315,0.48698312971583074,-0.1185229116726386,-0.1586842146300016,-0.11998865780077825,-0.7417742472667805,3.10965297161213,-2.8772339693363116,0,0,0,0,1.0562306183416255,-0.9515436049263828,-1.0948374750923642,0.24924103138417375,-3.5567972543768076,0.11277900371523474,0,0,0,0,0,0,0,0,0,0,0,0,0,0,0,0,0,0,-0.261754759490756,-0.012571179014837596,0.1999840588006344,0.2011496688838881,-0.4559103981598336,-0.14814935579715402,-0.0287074246196403,0,0,2.129599390085554,1.1594634631339094,0.049775617583919365,-0.10001993406497266,0.4273749410473274,0.12040525655297987,0.07806158396012201,-0.06405904464516722,-1.8605026781774205,-1.408610726712929,0.16732483941073897,0.9494565927558509,-0.08168843643520238,0.08552482733603631,-0.21172663650736687,0.28496490547260556,-0.5047253547322912,0.8206618972266866,-0.5695627949346567,0.3540805802243634,0.005977992794665288,0.40291469108643563,0.30258769497602434,-0.23036248195639897,-0.11303184957808243,0.3827014286973326,0.002309872015148497,-0.33831707181100423,0.23601828157964164,-0.1893317683285595,0.20023584984663487,0.26710478017246586,0,0,0,0,0.055261679802394416,0.0726382464890311,0.05526167980239597,-0.05526167980239408,0,0,0,0.06678477025237242,0.04856314483029583,0.0006576374209139302,-0.17059813810815794,0.06495248523111553,-0.03190073579884946,0.20521972604584976,0.496589082930029,0,-0.3814818348909906,0.09797634663623672,0.20760203498161955,0.6784587278744424,-0.10087419076861895,-0.5282575305018522,0.03690138827427016,-0.1913511470049299,0.2232804253615348,-0.12087551393956728,0.13663866926631082,0.025502239686804144,-0.06107374146871759,0.046189063109721214,-0.016782365732130558,0.06687683143600187,-0.10247837359324542,-0.34842527339194174,0.2549586230016813,-0.9987223259789296,0.031713472446813995,-0.6839570039776228,0.18333657551437005,0.0956930022901047,0.2500414351266906,-0.10193485596761011,-0.19019342543338305,-0.1355032268588885,0.020895366749095767,0.24114387811621021,-0.3138761250945728,-0.4243553848286545],"bias":1.1714308573196348,"scaler":{"mu":[62.680851063829785,761.2340425531914,218.89361702127658,542.3404255319149,2.404255319148936,61.361702127659576,754.063829787234,220.31914893617022,533.7446808510638,1.7659574468085106,1.0425531914893618,0.9787234042553191,1,0,0,0,9.6202747259068,-5.391313885874351,-0.0006627369952672274,-0.17572190851925168,1450.1058088733328,0.21161774666522454,0,0,0,0,0,0,0,0,0,0,0,0,0,0,0,0,0,0,262.1489361702128,262.1489361702128,256.27659574468083,256.27659574468083,5.872340425531915,5.872340425531915,5.703122041135536,0,0,-0.0002984944968563503,-0.0002984944968563503,-0.0002984944968563503,0.018872831381781186,0.42571121101772147,0.42571121101772147,0.42571121101772147,0.43119984191630406,0.01614299237400203,0.01614299237400203,0.01614299237400203,0.030848337252090376,0.43096726779466904,0.43096726779466904,0.43096726779466904,0.43761793445947755,0.8546464207972849,0.8546464207972849,0.8546464207972849,0.8587409886529084,0.5891413223423302,0.5891413223423302,0.5891413223423302,0.5805165975179869,0.19607466156250053,0.19607466156250053,0.19607466156250053,0.2059599976317709,8.285250869627701,8.285250869627701,8.285250869627701,8.179169939935102,0,0,0,0,0.0851063829787234,0.8085106382978723,65.42553191489361,4.574468085106383,0,0,0,0.3829787234042553,-2.978723404255319,-2.7531914893617015,0.19148936170212766,0.027659574468085122,-0.06382978723404255,0,-0.23404255319148937,0,0.171468085106383,0.8297872340425532,1.4893617021276595,2.759574468085106,0.0425531914893617,19.000000000000004,-3.6361702127659576,1.9361702127659575,-1.1063829787234043,-0.2978723404255319,0.02127659574468085,-0.06382978723404255,-0.010638297872340425,-0.0425531914893617,-0.2553191489361702,0,-0.009872340425531914,0.10638297872340426,-0.0005319148936170228,0.6808510638297872,0.015723404255319155,0.02127659574468085,1.1702127659574468,-0.02127659574468085,0.46808510638297873,0.46808510638297873,-0.003659574468085108,-0.10638297872340426,0.10638297872340426,0.10517021276595744,0.02127659574468085,-6.572340425531916],"sd":[28.678783308251553,355.27718952150036,139.36974152546384,255.69332333836746,1.886791427863435,26.305428233533284,301.95881107418063,111.3621858703792,218.37986308120588,1.716165517453258,1.0096860015067803,0.910678066341817,1,1,1,1,220.33984890772544,236.99793328586446,2.2284369020147716,2.3997765000319844,1.3578748855534293,2.1119333867834866,1,1,1,1,1,1,1,1,1,1,1,1,1,1,1,1,1,1,192.06905104989897,192.06905104989897,188.6250589303981,188.6250589303981,111.06349861367434,111.06349861367434,4.162720921181441,1,1,0.14077378572043722,0.14077378572043722,0.14077378572043722,0.15722871202924046,0.051621900253406704,0.051621900253406704,0.051621900253406704,0.056894504597983384,0.14880173181580814,0.14880173181580814,0.14880173181580814,0.16254034961645283,0.05660130351330948,0.05660130351330948,0.05660130351330948,0.06159152331689778,0.0629103943308359,0.0629103943308359,0.0629103943308359,0.06238467251720722,0.08130436232939248,0.08130436232939248,0.08130436232939248,0.09463869190303222,0.08302613121407793,0.08302613121407793,0.08302613121407793,0.0952727901460755,1.856146276207962,1.856146276207962,1.856146276207962,1.8420007446466353,1,1,1,1,0.2790399372043406,0.39347323423206243,1.3951996860217015,1.395199686021703,1,1,1,2.058228855308345,15.671480210475483,10.166462408306145,3.9767317805130062,3.726141243291982,0.43291467977395326,0.2917299829957891,1.0358009740117522,1,0.43502613524148376,14.61319594405726,14.759954939136561,9.71930869563521,0.2018475102235137,41.931844396211396,13.498785217715199,14.159282731141053,8.558270959181772,4.277177900463536,0.48331134857874664,0.24444947432076714,0.1627346653274293,0.6173880054700813,2.2357642808267046,0.7989354619369612,0.22432163620344445,1.7039883446958228,0.05758023119085888,4.005880693025466,0.10560780558830396,2.1187045590646134,7.680644778275441,3.938297297607921,2.3954839055383097,6.1223381148673015,0.1933452734068125,0.8808613423184873,0.5548257366129913,0.3568225209444412,0.32546933065485867,43.153238591157745]},