{"season":2003,"week":20,"generated_at":"2025-11-07T00:12:52.340Z","feature_hash":"bb4369c8a05da7c670cabec36c91b7aa287d8ded","logistic":{"weights":[-0.5738196042474691,-0.19797225464537158,-0.604149232169266,0.02194697504246495,1.0246998685754978,0.6391832790804587,0.09956443214570893,-0.04161103304531705,0.18975948876970164,-0.49096254569311093,2.6095823738201034,-2.5474541935322716,0,0,0,0,0.7684055085279742,-0.9541910244851244,-0.9573298878105363,0.5578449333004487,-2.946150750470949,0.5465929441617235,0,0,0,0,0,0,0,0,0,0,0,0,0,0,0,0,0,0,0.10098186839018874,0.29515593576922117,0.14382326965493472,0.35027326378275364,0.10614089700129063,-0.13988606548941174,-1.1253816486572832,0,0,0.7189814182128001,0.5384110317005492,0.4125610702982918,-0.1887330331268837,0.18269571950324298,0.2460881350071046,-0.2034546448080901,-0.4919674251518392,-0.7230877598151408,-0.5508192577604893,-0.4927506420716796,0.3786825196541785,0.06957702347549134,-0.37476733597910683,0.30629848948275723,0.372711421978815,-0.5087386896656478,0.3856968239280207,-0.18938544159778728,-0.03336065244927349,0.033091536816995906,-0.4335264516403984,-0.2384438078298878,0.22481598088029048,-0.11331160816589328,0.04886506077784055,-0.34766583695097214,-0.3373518177861645,0.14791611068364818,0.27565148233029824,-0.07987271231568871,0.49920540113017775,0,0,0,0,0.002369558972507034,-0.32188453571769976,0.00236955897250783,-0.002369558972507249,0,0,0],"bias":1.1017643799723553,"scaler":{"mu":[143.0340909090909,1733.3939393939395,625.9886363636364,1107.405303030303,8.503787878787879,140.7159090909091,1695.594696969697,598.935606060606,1096.659090909091,6.666666666666667,2.7803030303030303,2.409090909090909,1,0,0,0,-111.7638055868006,-109.27536773317985,-0.4268363028089075,-0.29746580651002996,1450.144754501203,-0.2538912672327223,0,0,0,0,0,0,0,0,0,0,0,0,0,0,0,0,0,0,310.74494949494965,309.8532828282828,313.43371212121184,312.1320075757577,-2.688762626262626,-2.2787247474747487,6.276892022050198,0,0,-0.011278570867496144,-0.015064306183729632,-0.014104815154805415,-0.018057638540462734,0.4413081153936085,0.44288624254588577,0.44201986149917116,0.43882542200460717,-0.015199052220377512,-0.021612134768857403,-0.019980970059059043,-0.02385711548055076,0.43988118905023643,0.4413978472881517,0.44056847741882965,0.4373297536730199,0.8442375874764894,0.8538393073348155,0.8519762679616828,0.8392766368049336,0.045454545454545456,0.011363636363636364,0.01893939393939394,0.006818181818181818,0,0,0,0,6.620154574542818,6.668999185431959,6.646994368510046,6.68481344898526,0,0,0,0,0.1893939393939394,0.7916666666666666,65.9469696969697,4.053030303030303,0,0,0],"sd":[93.10109146379172,1133.8096097561488,433.51774178991246,737.2761900579886,6.233461819730259,93.33167665971156,1125.8539513721853,429.14719831675194,712.4088387140922,5.017645630847966,2.2906740900792744,2.024301396346574,1,1,1,1,1151.3929564508662,1094.738855947634,6.847474563351958,5.598011508981069,4.764175992284904,6.485461902684927,1,1,1,1,1,1,1,1,1,1,1,1,1,1,1,1,1,1,95.20111827400106,91.40802781017427,95.47266520866101,90.97800394918201,77.95245380806085,69.13887562964588,2.089210918638117,1,1,0.06850785536868256,0.09646588021176467,0.08265104868628431,0.07433129139741591,0.028138006174439473,0.03863584175522002,0.03351760042169378,0.03135805234916644,0.06878182052040592,0.0951193999104059,0.08327275225880094,0.07637872981542232,0.02849107382574223,0.039855772901416474,0.03415099013100736,0.031765367201554866,0.07377734510502881,0.07622492440145959,0.07489363344971225,0.0798495979112629,0.20829889522526585,0.10599294378509963,0.13631101678368562,0.0312448342837898,1,1,1,1,0.9219503025971109,1.216381782356183,1.0786688387912702,0.988372703182101,1,1,1,1,0.3918212285147192,0.4061164310337076,1.9591061425736025,1.9591061425736005,1,1,1]},"features":["off_1st_down_s2d","off_total_yds_s2d","off_rush_yds_s2d","off_pass_yds_s2d","off_turnovers_s2d","def_1st_down_s2d","def_total_yds_s2d","def_rush_yds_s2d","def_pass_yds_s2d","def_turnovers_s2d","wins_s2d","losses_s2d","home","sim_winrate_same_loc_s2d","sim_pointdiff_same_loc_s2d","sim_count_same_loc_s2d","off_total_yds_s2d_minus_opp","def_total_yds_s2d_minus_opp","off_turnovers_s2d_minus_opp","def_turnovers_s2d_minus_opp","elo_pre","elo_diff","rest_days","rest_diff","off_third_down_att_s2d","off_third_down_conv_s2d","off_third_down_pct_s2d","off_red_zone_att_s2d","off_red_zone_td_s2d","off_red_zone_td_pct_s2d","off_dropbacks_s2d","off_sacks_taken_s2d","off_sack_rate_s2d","off_pass_att_s2d","off_rush_att_s2d","off_neutral_pass_rate_s2d","off_third_down_pct_s2d_minus_opp","off_red_zone_td_pct_s2d_minus_opp","off_sack_rate_s2d_minus_opp","off_neutral_pass_rate_s2d_minus_opp","off_yds_for_3g","off_yds_for_5g","def_yds_against_3g","def_yds_against_5g","net_yds_3g","net_yds_5g","qb_ypa_3g","qb_sack_rate_3g","qb_qbr","off_epa_per_play_s2d","off_epa_per_play_w3","off_epa_per_play_w5","off_epa_per_play_exp","off_success_rate_s2d","off_success_rate_w3","off_success_rate_w5","off_success_rate_exp","def_epa_per_play_allowed_s2d","def_epa_per_play_allowed_w3","def_epa_per_play_allowed_w5","def_epa_per_play_allowed_exp","def_success_rate_allowed_s2d","def_success_rate_allowed_w3","def_success_rate_allowed_w5","def_success_rate_allowed_exp","rb_rush_share_s2d","rb_rush_share_w3","rb_rush_share_w5","rb_rush_share_exp","wr_target_share_s2d","wr_target_share_w3","wr_target_share_w5","wr_target_share_exp","te_target_share_s2d","te_target_share_w3","te_target_share_w5","te_target_share_exp","qb_aypa_s2d","qb_aypa_w3","qb_aypa_w5","qb_aypa_exp","qb_sack_rate_s2d","qb_sack_rate_w3","qb_sack_rate_w5","qb_sack_rate_exp","roof_dome","roof_outdoor","weather_temp_f","weather_wind_mph","weather_precip_pct","weather_impact_score","weather_extreme_flag"]},"decision_tree":{"params":{"depth":6,"minSamples":14},"alpha":2},"bt":{"coefficients":[0.07734695129678304,-0.2600267581659663,-0.11244029684667363,-0.0003969400442754298,0.010842425335957839,0.0029998890854592143,0.0017804389056256704,0.0017225727807087744,0.0017584414122833285,-0.0043870812115566595],"intercept":0.2835716155471243,"scaler":{"mu":[-1.7977349093544923,-0.48473111030501076,0.1691756757994796,0,0.0020956206563363345,0,0,0,0,0],"sd":[46.831659364617046,500.44947011357664,18.778252916120593,1,0.10012694927014866,1,1,1,1,1]},"features":["diff_total_yards","diff_turnovers","diff_penalty_yards","diff_possession_seconds","diff_r_ratio","diff_elo_pre","diff_inj_out","diff_inj_skill_out","diff_inj_practice_dnp","diff_inj_out_trend"],"hyperparams":{"steps":1200,"learningRate":0.001,"l2":0.00001}},"ann":{"seeds":[1],"architecture":[92,128,64,32,1],"committee_size":1,"max_epochs":15,"dropout":0.5},"ensemble":{"weights":{"logistic":0.9,"tree":0,"bt":0,"ann":0.09999999999999998},"calibration":{"type":"platt","beta":0.036391630163530385,"source":"platt"},"calibration_beta":0.036391630163530385,"calibration_hash":"3e95a14a0a69d75127391860e3863f6d3da9e15729a74ba6f70be48af11071fa","oof_variance":{"ann":{"mean":0.547664378212577,"var":0.02308281871123694}}},"pca":[{"component":1,"explained_variance":0.20851864799282027,"top_loadings":[{"feature":"off_total_yds_s2d","loading":0.2736426451046834},{"feature":"off_1st_down_s2d","loading":0.2734188917970615},{"feature":"off_pass_yds_s2d","loading":0.2727334985595827},{"feature":"def_total_yds_s2d","loading":0.264550785780818},{"feature":"def_1st_down_s2d","loading":0.2635165740844284},{"feature":"def_pass_yds_s2d","loading":0.26198053726001125},{"feature":"def_rush_yds_s2d","loading":0.25913788469561333},{"feature":"off_rush_yds_s2d","loading":0.25184377803964264},{"feature":"wins_s2d","loading":0.23157402902171237},{"feature":"def_turnovers_s2d","loading":0.23009791956741787}]},{"component":2,"explained_variance":0.17032121130785055,"top_loadings":[{"feature":"off_epa_per_play_w5","loading":0.26419060698167696},{"feature":"off_epa_per_play_s2d","loading":0.2590175030489186},{"feature":"off_epa_per_play_w3",