{"season":2012,"week":14,"generated_at":"2025-11-07T00:29:03.446Z","feature_hash":"e2835c45650dd6ea204091a095b5f25db19db744","logistic":{"weights":[-0.46038473023250476,-0.7599796325915089,-0.8254416457980339,-0.6220777339029275,1.0846177370011574,0.97585989969247,0.06970403295723428,0.0291306735822312,0.02646136892358851,-0.8545189702484669,3.2496986613582415,-3.0875452039350733,0,0,0,0,0.8856535116338796,-0.5190444916740328,-0.7156640597554581,0.7608240573083085,-3.4702594288311173,0.16475811047131503,0,0,0,0,0,0,0,0,0,0,0,0,0,0,0,0,0,0,-0.1618207146387681,-0.061869896886944414,0.10033905522658342,0.16204978947709572,-0.17530515723589046,-0.19982816880237322,-0.04916466314305827,0,0,1.5216338060492685,1.316521630751585,-0.17303692567237747,-0.7630012845522033,0.39486669435448796,0.35271965670831396,-0.5538719805493725,0.05040304418440305,-1.7392133389374231,-0.8014166649819412,-0.37921503166326886,0.5267237508396585,-0.1536349363450206,0.5134702200139308,0.317412108843073,0.24357339656643354,-0.3620891601279703,0.04567762859287087,-0.375962301725966,0.7569377390750667,-0.18647831613905394,0.38477065701291985,-0.11886224812240205,-0.2614674348833081,0.11990044878533741,0.04951453763343824,-0.053295792867326136,-0.02518064588600473,0.461398058899164,-0.4742896405756502,0.10050330457592198,-0.26384589877872566,0,0,0,0,0.09055359359558582,-0.1242592662494317,0.09055359359558737,-0.09055359359558554,0,0,0],"bias":1.000716264200406,"scaler":{"mu":[127.30366492146597,1501.6806282722514,469.3089005235602,1032.371727748691,5.994764397905759,126.79581151832461,1495.2094240837696,466.20942408376965,1029,4.7486910994764395,2.162303664921466,1.9581151832460733,1,0,0,0,119.34491746919156,143.98296130966344,0.7083799931242184,0.31367073688699876,1449.8181527078436,-0.39025791712868063,0,0,0,0,0,0,0,0,0,0,0,0,0,0,0,0,0,0,331.86736474694595,332.06945898778355,333.58027923211165,334.30872600349016,-1.712914485165796,-2.239267015706808,7.762202303769827,0,0,0.019988320429393927,0.012027230301758805,0.01679675006578519,0.015214984035069417,0.4421160431734322,0.44312341506221936,0.4427587592651952,0.44191947714320445,0.021520742925996404,0.016862546921030324,0.021033691623916627,0.018859991875317773,0.44359324678713136,0.44370203741833164,0.4446401620206092,0.4433758903374813,0.8440690353699681,0.8466671684227015,0.8443236964731928,0.8378834843103783,0.6010817570627278,0.6035446730310765,0.602099221525708,0.6067145070076824,0.21998652203748398,0.21827074131420904,0.21969338963773463,0.21788283228299846,8.44589397755732,8.464646668288191,8.444576971594245,8.476214577347097,0,0,0,0,0.15706806282722513,0.7382198952879581,65.78534031413612,4.214659685863874,0,0,0],"sd":[74.14936063718572,870.1581294529225,304.2099954544447,607.1679111165914,4.265406178309122,75.27676809559075,887.0565882155022,293.95460011180876,615.8196853111745,3.6709822734827293,1.5950981626925997,1.5945997240456733,1,1,1,1,997.4810027243234,1056.373623906619,6.032189658206182,4.802292138948183,3.414592536825574,4.765905497825292,1,1,1,1,1,1,1,1,1,1,1,1,1,1,1,1,1,1,112.6147059440232,110.83017269462837,115.12375267585821,111.49747741066258,74.12714527647935,65.18701199290679,2.677067371017503,1,1,0.07242149815855478,0.08883130046603543,0.07813552703378777,0.09039541557219664,0.035352075984495586,0.039396406983802264,0.035560684970913865,0.04159945980812613,0.07761695425793848,0.08989317161882487,0.08127241318737498,0.09194462717336657,0.03125787721395496,0.03633135579430539,0.03319142131542424,0.03739704357239733,0.08153663480129235,0.0998016036518881,0.09127530739888662,0.08743396097407823,0.07871751187603054,0.08132788413920747,0.07860931731331225,0.08475363186055723,0.05851002344244943,0.06466571119189786,0.06009971967089152,0.06343313541279984,1.043301894687789,1.2396113991015714,1.1215164230930628,1.0896979106189324,1,1,1,1,0.36386492887736316,0.4396035503598605,1.8193246443868119,1.8193246443868103,1,1,1]},"features":["off_1st_down_s2d","off_total_yds_s2d","off_rush_yds_s2d","off_pass_yds_s2d","off_turnovers_s2d","def_1st_down_s2d","def_total_yds_s2d","def_rush_yds_s2d","def_pass_yds_s2d","def_turnovers_s2d","wins_s2d","losses_s2d","home","sim_winrate_same_loc_s2d","sim_pointdiff_same_loc_s2d","sim_count_same_loc_s2d","off_total_yds_s2d_minus_opp","def_total_yds_s2d_minus_opp","off_turnovers_s2d_minus_opp","def_turnovers_s2d_minus_opp","elo_pre","elo_diff","rest_days","rest_diff","off_third_down_att_s2d","off_third_down_conv_s2d","off_third_down_pct_s2d","off_red_zone_att_s2d","off_red_zone_td_s2d","off_red_zone_td_pct_s2d","off_dropbacks_s2d","off_sacks_taken_s2d","off_sack_rate_s2d","off_pass_att_s2d","off_rush_att_s2d","off_neutral_pass_rate_s2d","off_third_down_pct_s2d_minus_opp","off_red_zone_td_pct_s2d_minus_opp","off_sack_rate_s2d_minus_opp","off_neutral_pass_rate_s2d_minus_opp","off_yds_for_3g","off_yds_for_5g","def_yds_against_3g","def_yds_against_5g","net_yds_3g","net_yds_5g","qb_ypa_3g","qb_sack_rate_3g","qb_qbr","off_epa_per_play_s2d","off_epa_per_play_w3","off_epa_per_play_w5","off_epa_per_play_exp","off_success_rate_s2d","off_success_rate_w3","off_success_rate_w5","off_success_rate_exp","def_epa_per_play_allowed_s2d","def_epa_per_play_allowed_w3","def_epa_per_play_allowed_w5","def_epa_per_play_allowed_exp","def_success_rate_allowed_s2d","def_success_rate_allowed_w3","def_success_rate_allowed_w5","def_success_rate_allowed_exp","rb_rush_share_s2d","rb_rush_share_w3","rb_rush_share_w5","rb_rush_share_exp","wr_target_share_s2d","wr_target_share_w3","wr_target_share_w5","wr_target_share_exp","te_target_share_s2d","te_target_share_w3","te_target_share_w5","te_target_share_exp","qb_aypa_s2d","qb_aypa_w3","qb_aypa_w5","qb_aypa_exp","qb_sack_rate_s2d","qb_sack_rate_w3","qb_sack_rate_w5","qb_sack_rate_exp","roof_dome","roof_outdoor","weather_temp_f","weather_wind_mph","weather_precip_pct","weather_impact_score","weather_extreme_flag"]},"decision_tree":{"params":{"depth":6,"minSamples":10},"alpha":2},"bt":{"coefficients":[0.18289708549857542,-0.19023171898219685,-0.0036051117724776984,-0.0015904238307787987,0.02516072943399914,-0.002436013018627425,0.00440467697574588,-0.0033294932361717677,-0.0022716911314475704,0.0007775143795803782],"intercept":0.12152206011828857,"scaler":{"mu":[-2.0012577286816304,-3.5784491437130397,0.13836266367732666,0,-0.0026588007505188357,0,0,0,0,0],"sd":[58.74357354424911,531.6673103252463,14.772308058498949,1,0.09092450449161385,1,1,1,1,1]},"features":["diff_total_yards","diff_turnovers","diff_penalty_yards","diff_possession_seconds","diff_r_ratio","diff_elo_pre","diff_inj_out","diff_inj_skill_out","diff_inj_practice_dnp","diff_inj_out_trend"],"hyperparams":{"steps":1200,"learningRate":0.001,"l2":0.00001}},"ann":{"seeds":[1],"architecture":[92,128,64,32,1],"committee_size":1,"max_epochs":15,"dropout":0.5},"ensemble":{"weights":{"logistic":0.9,"tree":0,"bt":0,"ann":0.09999999999999998},"calibration":{"type":"platt","beta":-0.04268786933566131,"source":"platt"},"calibration_beta":-0.04268786933566131,"calibration_hash":"502beddbacf26fc70341114e968238f6d78a2454627c6a778a58179388a40ed9","oof_variance":{"ann":{"mean":0.5468707201056402,"var":0.020519233237545308}}},"pca":[{"component":1,"explained_variance":0.20111150726397883,"top_loadings":[{"feature":"def_total_yds_s2d","loading":0.27619692085247227},{"feature":"def_1st_down_s2d","loading":0.2726195502147817},{"feature":"def_pass_yds_s2d","loading":0.2714394440208582},{"feature":"off_total_yds_s2d","loading":0.2701026312801394},{"feature":"off_pass_yds_s2d","loading":0.2668227270938859},{"feature":"def_rush_yds_s2d","loading":0.2648182585319202},{"feature":"off_1st_down_s2d","loading":0.26456396993444314},{"feature":"off_rush_yds_s2d","loading":0.24005063488437187},{"feature":"off_turnovers_s2d","loading":0.2290369070955495},{"feature":"losses_s2d","loading":0.21598269347269913}]},{"component":2,"explained_variance":0.1671552998310584,"top_loadings":[{"feature":"te_target_share_exp",