{"season":2006,"week":3,"generated_at":"2025-11-07T00:17:21.336Z","feature_hash":"d3a304e85215b694a9f72007971e687fb0c67038","logistic":{"weights":[-0.5083183651992093,-0.3447081136334222,-0.4766020084835365,-0.24324223064283723,1.1455940680829961,0.7597676518616375,0.056771499285532157,0.4010089355667283,-0.15895725011447737,-0.7434550260896509,3.0866620677902556,-3.0094128028600613,0,0,0,0,0.8438984492870613,-0.7315482267210943,-0.9642625557167022,0.8024132953021242,-3.237701430448597,0.4644929318896639,0,0,0,0,0,0,0,0,0,0,0,0,0,0,0,0,0,0,0.17656502442053948,0.415720364435872,0.558676919391676,0.43916135309602594,-0.44267243184119803,-0.0036879064943237,-1.5323610899852682,0,0,0.7663672896284732,0.6247473436904813,0.6908538526380033,-0.29450826090618903,-0.0940804750345477,0.10676431872790607,-0.04685729341941944,-0.3925643123007039,-1.2341292972388258,-0.23196857626104214,0.03490691332786057,0.1359957050784033,-0.6479085411545363,-0.4194976681462215,0.5427282891723119,-0.14678516433923763,-0.09540395456507857,-0.02736284101080376,0.18556599273942084,0.19016624712580188,0.003661586614358931,-0.4886718127392218,-0.29760665943569237,0.18858451651631025,0.25520662059385824,0.19033568169060933,-0.26552329450772494,0.03911434200495381,0.260966634092167,0.5761261213830589,0.08939892921765502,-0.010213154984831654,0,0,0,0,-0.14355324474491357,0.01311346784446235,-0.14355324474491246,0.1435532447449136,0,0,0],"bias":0.8066514310425089,"scaler":{"mu":[43.1875,512.625,173.59375,339.03125,2.03125,40.375,466.09375,145.59375,320.5,1.5625,0.875,0.625,1,0,0,0,53.126873060199244,-43.23579481177605,-0.3882936870365976,0.19416076582071343,1450.234375,0.46875,0,0,0,0,0,0,0,0,0,0,0,0,0,0,0,0,0,0,166.09375,166.09375,153.25,153.25,12.84375,12.84375,4.618219259374053,0,0,-0.06459240491507968,-0.06459240491507968,-0.06459240491507968,-0.06797817276680429,0.4270783710329328,0.4270783710329328,0.4270783710329328,0.4281208009089041,-0.053106880099377606,-0.053106880099377606,-0.053106880099377606,-0.05584485547116056,0.4251066838665088,0.4251066838665088,0.4251066838665088,0.42641839452005453,0.8630053614008971,0.8630053614008971,0.8630053614008971,0.8675117698173077,0.009548611111111112,0.009548611111111112,0.009548611111111112,0.001432291666666667,0.011284722222222222,0.011284722222222222,0.011284722222222222,0.0016927083333333336,8.630595249497993,8.630595249497993,8.630595249497993,8.679532012865872,0,0,0,0,0.15625,0.78125,65.78125,4.21875,0,0,0],"sd":[19.245839647830387,228.1078075713324,110.3550688049149,168.049375998358,1.310638560969423,16.019031649884457,161.53238053386542,63.70972226385467,134.73422913276343,1.539835624344365,0.81967981553775,0.5994789404140899,1,1,1,1,129.80205119427683,147.76444209700654,2.396091975534126,1.960431024527471,0.8522431339559152,1.316585902058806,1,1,1,1,1,1,1,1,1,1,1,1,1,1,1,1,1,1,170.20949580131392,170.20949580131392,160.75680389955505,160.75680389955505,60.56716797025844,60.56716797025844,4.808511597191194,1,1,0.13291609867004264,0.13291609867004264,0.13291609867004264,0.13955890781380462,0.047830872015354714,0.047830872015354714,0.047830872015354714,0.04843202884755573,0.1304883859192419,0.1304883859192419,0.1304883859192419,0.13363447082156682,0.04859443021889228,0.04859443021889228,0.04859443021889228,0.047825220385081336,0.09220976315507885,0.09220976315507885,0.09220976315507885,0.09457970683337749,0.05316441665896722,0.05316441665896722,0.05316441665896722,0.007974662498845087,0.06283067423332489,0.06283067423332489,0.06283067423332489,0.009424601134998734,1.7823791235342858,1.7823791235342858,1.7823791235342858,1.914775391201483,1,1,1,1,0.3630921887069453,0.41339864235384227,1.8154609435347266,1.8154609435347266,1,1,1]},"features":["off_1st_down_s2d","off_total_yds_s2d","off_rush_yds_s2d","off_pass_yds_s2d","off_turnovers_s2d","def_1st_down_s2d","def_total_yds_s2d","def_rush_yds_s2d","def_pass_yds_s2d","def_turnovers_s2d","wins_s2d","losses_s2d","home","sim_winrate_same_loc_s2d","sim_pointdiff_same_loc_s2d","sim_count_same_loc_s2d","off_total_yds_s2d_minus_opp","def_total_yds_s2d_minus_opp","off_turnovers_s2d_minus_opp","def_turnovers_s2d_minus_opp","elo_pre","elo_diff","rest_days","rest_diff","off_third_down_att_s2d","off_third_down_conv_s2d","off_third_down_pct_s2d","off_red_zone_att_s2d","off_red_zone_td_s2d","off_red_zone_td_pct_s2d","off_dropbacks_s2d","off_sacks_taken_s2d","off_sack_rate_s2d","off_pass_att_s2d","off_rush_att_s2d","off_neutral_pass_rate_s2d","off_third_down_pct_s2d_minus_opp","off_red_zone_td_pct_s2d_minus_opp","off_sack_rate_s2d_minus_opp","off_neutral_pass_rate_s2d_minus_opp","off_yds_for_3g","off_yds_for_5g","def_yds_against_3g","def_yds_against_5g","net_yds_3g","net_yds_5g","qb_ypa_3g","qb_sack_rate_3g","qb_qbr","off_epa_per_play_s2d","off_epa_per_play_w3","off_epa_per_play_w5","off_epa_per_play_exp","off_success_rate_s2d","off_success_rate_w3","off_success_rate_w5","off_success_rate_exp","def_epa_per_play_allowed_s2d","def_epa_per_play_allowed_w3","def_epa_per_play_allowed_w5","def_epa_per_play_allowed_exp","def_success_rate_allowed_s2d","def_success_rate_allowed_w3","def_success_rate_allowed_w5","def_success_rate_allowed_exp","rb_rush_share_s2d","rb_rush_share_w3","rb_rush_share_w5","rb_rush_share_exp","wr_target_share_s2d","wr_target_share_w3","wr_target_share_w5","wr_target_share_exp","te_target_share_s2d","te_target_share_w3","te_target_share_w5","te_target_share_exp","qb_aypa_s2d","qb_aypa_w3","qb_aypa_w5","qb_aypa_exp","qb_sack_rate_s2d","qb_sack_rate_w3","qb_sack_rate_w5","qb_sack_rate_exp","roof_dome","roof_outdoor","weather_temp_f","weather_wind_mph","weather_precip_pct","weather_impact_score","weather_extreme_flag"]},"decision_tree":{"params":{"depth":6,"minSamples":8},"alpha":6},"bt":{"coefficients":[0.13729886392128146,-0.0670469333545987,0.006936508313023313,0.004993197434729281,-0.08842288976091837,-0.004858265951878765,0.004762474654966656,0.003056719819505351,0.002453913491912689,-0.0035787709270240146],"intercept":0.03241969810134309,"scaler":{"mu":[7.269099103457174,-5.714662855822162,-0.5272924997850013,0,0.007539479009971074,0,0,0,0,0],"sd":[49.627229925043174,451.68802579511964,13.196506006704032,1,0.1089330899319677,1,1,1,1,1]},"features":["diff_total_yards","diff_turnovers","diff_penalty_yards","diff_possession_seconds","diff_r_ratio","diff_elo_pre","diff_inj_out","diff_inj_skill_out","diff_inj_practice_dnp","diff_inj_out_trend"],"hyperparams":{"steps":1200,"learningRate":0.001,"l2":0.00001}},"ann":{"seeds":[1],"architecture":[92,128,64,32,1],"committee_size":1,"max_epochs":15,"dropout":0.5},"ensemble":{"weights":{"logistic":0.9350649350649352,"tree":0,"bt":0,"ann":0.06493506493506492},"calibration":{"type":"platt","beta":-0.20712231578772525,"source":"platt"},"calibration_beta":-0.20712231578772525,"calibration_hash":"a618277922e2ec86e63738c4c7f50332e337a92b6996085e1f074b7038efa702","oof_variance":{"ann":{"mean":0.6186925864560636,"var":0.03782447416172426}}},"pca":[{"component":1,"explained_variance":0.2788953230772289,"top_loadings":[{"feature":"off_total_yds_s2d","loading":-0.23113801797168138},{"feature":"off_1st_down_s2d","loading":-0.22709289417800754},{"feature":"off_yds_for_3g","loading":-0.21243843250297953},{"feature":"off_yds_for_5g","loading":-0.21243843250297953},{"feature":"qb_ypa_3g","loading":-0.19879152332557476},{"feature":"off_pass_yds_s2d","loading":-0.19873910730113553},{"feature":"def_yds_against_3g","loading":-0.1909620559704658},{"feature":"def_yds_against_5g","loading":-0.1909620559704658},{"feature":"wins_s2d","loading":-0.19028464969939918},{"feature":"def_pass_yds_s2d","loading":-0.18714972611541209}]},{"component":2,"explained_variance":0.1705027462101538,"top_loadings":[{"feature":"def_epa_per_play_allowed_s2d","loading":0.2539053753198928},{"feature":"def_epa_per_play_allowed_w3","loading":0.2539053753198928},{"feature":"def_epa_per_play_allowed_w5","loading":0.2539053753198928},{"feature":"def_epa_per_play_allowed_exp",