{"season":2017,"week":10,"generated_at":"2025-11-07T00:37:59.922Z","feature_hash":"1dfe1b194817c8c1abc205f317605cbf926b4f23","logistic":{"weights":[-0.2339888856714828,-0.4560660402022002,-0.1454924807197695,-0.5062512125014156,1.8501784888988182,0.7273001590088604,0.034288504633974246,-0.2440265972266625,0.11089795272703408,-1.3571770301711925,3.186793448031298,-2.5136966593604795,0,0,0,0,1.2343537099393926,-0.8590833528775139,-1.5272300365095983,0.7896841921137774,-3.339496005040601,-0.4332624309981201,0,0,0,0,0,0,0,0,0,0,0,0,0,0,0,0,0,0,-0.4501427269959123,-0.18143896628030598,-0.07708858364916822,-0.03442516598973214,-0.31041987877572097,-0.024208335271278452,0.0901001125489088,0,0,1.6942612937907608,1.109572408438704,-0.01487302950564876,-0.32756417969545076,0.011128609781171736,0.12248714399946219,0.017522448051962007,-0.0936905465666802,-2.073177917964675,-0.9930805852416982,0.3775179603082604,0.6943048463920432,-0.11341568645627126,0.21229683290880633,-0.2585339478092109,0.2978735812942422,-0.274190604112136,0.34562213531757285,-0.4951210991955097,0.4143586450400813,0.08845329732437049,0.34575994065507454,0.2627320313165429,-0.14661213403699552,0.05661668103043058,0.2670165441604608,0.09095773895933537,-0.07294126352542112,-0.10934548265554896,-0.5623510041827844,-0.05282422900089684,0.20657294482604968,0,0,0,0,-0.10764003651942432,-0.0966185742007318,-0.10764003651942321,0.10764003651942475,0,0,0],"bias":0.534445601629025,"scaler":{"mu":[116.47727272727273,1369.310606060606,417.5,951.810606060606,5.0227272727272725,116.25757575757575,1361.8560606060605,410.0151515151515,951.8409090909091,4.166666666666667,1.9772727272727273,1.9166666666666667,1,0,0,0,8.980282303543278,-35.477192836771486,-0.00980441676612971,0.22730976016587898,1450.0376118028848,0.11489051498566458,0,0,0,0,0,0,0,0,0,0,0,0,0,0,0,0,0,0,303.25252525252534,303.6845959595959,307.67045454545456,306.5068181818182,-4.417929292929293,-2.8222222222222215,7.290828456625004,0,0,-0.02392517451909931,-0.027996387250933247,-0.02347727552343934,-0.03377961514868611,0.41637465020710557,0.41450558152974243,0.4162030201679358,0.41181589084985254,-0.02580011742726393,-0.03043235561073383,-0.02773445876225125,-0.03997765121075952,0.4158084307736645,0.4121335289846955,0.4148266599424861,0.41145876203313014,0.831544117539883,0.8348227124670997,0.8340801124005833,0.8315147056718235,0.5764732733383386,0.5700267960193519,0.5733321074103409,0.5760432643090359,0.21341331501484478,0.21757504591651108,0.2150546817714887,0.2086808048229547,8.287348401392304,8.369362399923004,8.301441351458903,8.283527909469015,0,0,0,0,0.09848484848484848,0.7803030303030303,65.49242424242425,4.507575757575758,0,0,0],"sd":[70.53340772061985,831.9222458985244,277.7341081835014,581.8694940184866,4.010338739359522,73.47867359248481,861.4229782535808,285.88973252701993,604.7544935073698,3.494945845738738,1.6718068119639073,1.732233042385265,1,1,1,1,917.3673349162043,1025.6887356005534,4.555844365292168,4.285488641912555,2.6761563845207688,3.6546439802141393,1,1,1,1,1,1,1,1,1,1,1,1,1,1,1,1,1,1,124.67286399015876,123.73120281381158,124.8737265667285,122.43199880185236,65.95145551796232,58.08134250412889,3.120173419227761,1,1,0.10031377857943193,0.10935904061576117,0.10213733877424021,0.11333005620007684,0.03770918618623691,0.040607921696425325,0.037634068988475565,0.040464308628296336,0.08528458579444821,0.09871549189402128,0.08846137200060887,0.10707585940614017,0.033642058950860906,0.038298967878147364,0.03525778290254777,0.038982449935766675,0.1436263139933434,0.13592037913260213,0.13831304174773154,0.14901893147707054,0.09214237727168603,0.09986452484180137,0.09348782563574198,0.10074709546478845,0.06699935039737086,0.07388335729909644,0.06934085201804795,0.0716231560585171,1.531591300245127,1.6621632058806695,1.5661837450854408,1.7837978021676961,1,1,1,1,0.29796909756510825,0.41404131581635467,1.4898454878255432,1.4898454878255407,1,1,1]},"features":["off_1st_down_s2d","off_total_yds_s2d","off_rush_yds_s2d","off_pass_yds_s2d","off_turnovers_s2d","def_1st_down_s2d","def_total_yds_s2d","def_rush_yds_s2d","def_pass_yds_s2d","def_turnovers_s2d","wins_s2d","losses_s2d","home","sim_winrate_same_loc_s2d","sim_pointdiff_same_loc_s2d","sim_count_same_loc_s2d","off_total_yds_s2d_minus_opp","def_total_yds_s2d_minus_opp","off_turnovers_s2d_minus_opp","def_turnovers_s2d_minus_opp","elo_pre","elo_diff","rest_days","rest_diff","off_third_down_att_s2d","off_third_down_conv_s2d","off_third_down_pct_s2d","off_red_zone_att_s2d","off_red_zone_td_s2d","off_red_zone_td_pct_s2d","off_dropbacks_s2d","off_sacks_taken_s2d","off_sack_rate_s2d","off_pass_att_s2d","off_rush_att_s2d","off_neutral_pass_rate_s2d","off_third_down_pct_s2d_minus_opp","off_red_zone_td_pct_s2d_minus_opp","off_sack_rate_s2d_minus_opp","off_neutral_pass_rate_s2d_minus_opp","off_yds_for_3g","off_yds_for_5g","def_yds_against_3g","def_yds_against_5g","net_yds_3g","net_yds_5g","qb_ypa_3g","qb_sack_rate_3g","qb_qbr","off_epa_per_play_s2d","off_epa_per_play_w3","off_epa_per_play_w5","off_epa_per_play_exp","off_success_rate_s2d","off_success_rate_w3","off_success_rate_w5","off_success_rate_exp","def_epa_per_play_allowed_s2d","def_epa_per_play_allowed_w3","def_epa_per_play_allowed_w5","def_epa_per_play_allowed_exp","def_success_rate_allowed_s2d","def_success_rate_allowed_w3","def_success_rate_allowed_w5","def_success_rate_allowed_exp","rb_rush_share_s2d","rb_rush_share_w3","rb_rush_share_w5","rb_rush_share_exp","wr_target_share_s2d","wr_target_share_w3","wr_target_share_w5","wr_target_share_exp","te_target_share_s2d","te_target_share_w3","te_target_share_w5","te_target_share_exp","qb_aypa_s2d","qb_aypa_w3","qb_aypa_w5","qb_aypa_exp","qb_sack_rate_s2d","qb_sack_rate_w3","qb_sack_rate_w5","qb_sack_rate_exp","roof_dome","roof_outdoor","weather_temp_f","weather_wind_mph","weather_precip_pct","weather_impact_score","weather_extreme_flag"]},"decision_tree":{"params":{"depth":6,"minSamples":8},"alpha":2},"bt":{"coefficients":[0.21381931432304865,-0.1489355875504138,-0.08412110505684901,-0.0012071627977937056,0.09114201077132858,0.0013726002383384426,0.004809282859522529,0.00228734235134252,-0.004691584431630721,-0.004880789508569464],"intercept":-0.15951035828502658,"scaler":{"mu":[-2.798292248185824,-7.434729816966659,0.8691283830118969,0,-0.0010946727041587399,0,0,0,0,0],"sd":[50.639287648766086,575.0596433853226,13.508923359418297,1,0.08056428014128866,1,1,1,1,1]},"features":["diff_total_yards","diff_turnovers","diff_penalty_yards","diff_possession_seconds","diff_r_ratio","diff_elo_pre","diff_inj_out","diff_inj_skill_out","diff_inj_practice_dnp","diff_inj_out_trend"],"hyperparams":{"steps":1200,"learningRate":0.001,"l2":0.00001}},"ann":{"seeds":[1],"architecture":[92,128,64,32,1],"committee_size":1,"max_epochs":15,"dropout":0.5},"ensemble":{"weights":{"logistic":0.9,"tree":0,"bt":0,"ann":0.09999999999999998},"calibration":{"type":"platt","beta":-0.09570794007910244,"source":"platt"},"calibration_beta":-0.09570794007910244,"calibration_hash":"32d9c01e7dd390bec031869cba98363e910bab70e7f67c7c6784ebd003f61c41","oof_variance":{"ann":{"mean":0.5367081648644468,"var":0.024603294503107085}}},"pca":[{"component":1,"explained_variance":0.2118085038091059,"top_loadings":[{"feature":"def_total_yds_s2d","loading":0.25769926370905927},{"feature":"off_total_yds_s2d","loading":0.2567445164328892},{"feature":"def_1st_down_s2d","loading":0.25620728719863856},{"feature":"def_pass_yds_s2d","loading":0.25592827619226705},{"feature":"off_1st_down_s2d","loading":0.2545710882988206},{"feature":"off_pass_yds_s2d","loading":0.253789914052322},{"feature":"off_rush_yds_s2d","loading":0.23734523025456605},{"feature":"def_rush_yds_s2d","loading":0.2351056528019637},{"feature":"def_yds_against_3g","loading":0.18227118417340016},{"feature":"def_yds_against_5g","loading":0.18214322766913907}]},{"component":2,"explained_variance":0.14731907384536871,"top_loadings":[{"feature":"off_epa_per_play_s2d",