{"season":2010,"week":11,"generated_at":"2025-11-07T00:25:11.453Z","feature_hash":"b5e16648ddcee3125bfde0c479f21fffc83add53","logistic":{"weights":[-0.23259248503820204,-0.4199846393433804,-0.14007467902433393,-0.4788603468368124,1.1582104741907078,1.0545391931594368,0.0584534084058838,0.3152198214340885,-0.11092911586171796,-0.8290223590975597,3.288749758690416,-2.780965457874794,0,0,0,0,0.5285710519676232,-0.858632696641261,-1.058105801934848,0.8520944800199948,-3.7356035136037145,0.14143104511061633,0,0,0,0,0,0,0,0,0,0,0,0,0,0,0,0,0,0,-0.578614039732983,0.13076125068843558,0.009803712359357238,0.1370899288511747,-0.6843375300357879,0.13169529404091052,-0.06298736822208231,0,0,2.095483901526013,1.3128081776227605,0.09807309143097057,-0.33401982911655637,0.5680286061669899,0.029024505723319837,-0.6542055210129785,0.4063642074486536,-1.6623384612412833,-0.10261923960512066,-0.1309598425308147,0.388544733326821,-0.4549629320067724,0.006989207753125816,0.02008336457206465,-0.20608567780684148,-0.1571507997039828,0.20378827980690062,-0.07706356003966737,0.03131375282776599,0.06128286645612027,0.2507588181511074,-0.12848874888040804,-0.15100916334730471,-0.08854413677418696,-0.1615864843470461,0.01852395477829339,0.31540354745270993,0.690533639325867,-0.2094029452189009,-0.15887840589424368,0.1682994573532731,0,0,0,0,0.03301981369959449,0.018255614604859582,0.03301981369959568,-0.03301981369959436,0,0,0],"bias":0.8815296607487545,"scaler":{"mu":[102.38194444444444,1212.4652777777778,382.96527777777777,829.5,5.548611111111111,98.61111111111111,1188.0416666666667,386.4375,801.6041666666666,3.9930555555555554,1.7013888888888888,1.7361111111111112,1,0,0,0,-34.973014493918356,-48.760818427976425,-0.14554129416060405,-0.22877022541860578,1449.697843909321,-0.5354200765437772,0,0,0,0,0,0,0,0,0,0,0,0,0,0,0,0,0,0,306.2025462962962,304.37870370370365,308.3055555555556,307.93981481481484,-2.10300925925926,-3.561111111111111,7.531223589332208,0,0,-0.015424599874187832,-0.005537337582819754,-0.010643121258742734,-0.027557039011043664,0.436787575755931,0.440317822863577,0.43899582904370105,0.43127014700313476,-0.01468135012221913,-0.009918382103887962,-0.0113805403173074,-0.027092912854926692,0.43661736996304007,0.4401135958695857,0.4386649971092731,0.4306359152540917,0.8346265523461407,0.835596619484154,0.8348508462016772,0.8432336674740631,0.5863467672150982,0.5900993036137799,0.5880443408371573,0.586850774799162,0.21292195343053708,0.2109091227212666,0.21307096882003898,0.21269446816225104,8.396029210309568,8.446029662821228,8.401108220578623,8.359330297991939,0,0,0,0,0.16666666666666666,0.7430555555555556,65.83333333333333,4.166666666666667,0,0,0],"sd":[66.34066087331378,776.5347161982097,258.09484726211826,555.0849784792715,4.333060666279011,60.59532333337734,727.5825065375365,257.6774393702652,498.51368278822935,3.0765613194716495,1.3697113499196703,1.4092261031773938,1,1,1,1,955.2545443145605,891.4860574859533,5.402059184517288,3.939711592911261,2.7322216532800025,3.9519552807093987,1,1,1,1,1,1,1,1,1,1,1,1,1,1,1,1,1,1,120.90958029110308,118.73492083345066,119.6304269122612,117.72607324712705,78.00790112257408,72.08205626678628,2.9708694144291137,1,1,0.08859032854832677,0.10151267833729556,0.09172176413414639,0.09627744795556002,0.03989902400636408,0.04455796701783135,0.041650076385571326,0.04372947966130423,0.08505818512378638,0.1009856346164214,0.0873600537080832,0.09291163630900336,0.03743423933736705,0.046103365423456506,0.03960218305975302,0.041253642708177614,0.11673573495237784,0.1182963134288276,0.11655323438700366,0.10134883319131292,0.09624970011965732,0.10174036140895522,0.09860327814126639,0.10071299289483578,0.07274249038545529,0.07898498161156532,0.07459782529671335,0.07948207000224737,1.135950905064338,1.3877219681126327,1.1797143886146397,1.2025952832764426,1,1,1,1,0.37267799624996545,0.4369485060205378,1.863389981249826,1.8633899812498262,1,1,1]},"features":["off_1st_down_s2d","off_total_yds_s2d","off_rush_yds_s2d","off_pass_yds_s2d","off_turnovers_s2d","def_1st_down_s2d","def_total_yds_s2d","def_rush_yds_s2d","def_pass_yds_s2d","def_turnovers_s2d","wins_s2d","losses_s2d","home","sim_winrate_same_loc_s2d","sim_pointdiff_same_loc_s2d","sim_count_same_loc_s2d","off_total_yds_s2d_minus_opp","def_total_yds_s2d_minus_opp","off_turnovers_s2d_minus_opp","def_turnovers_s2d_minus_opp","elo_pre","elo_diff","rest_days","rest_diff","off_third_down_att_s2d","off_third_down_conv_s2d","off_third_down_pct_s2d","off_red_zone_att_s2d","off_red_zone_td_s2d","off_red_zone_td_pct_s2d","off_dropbacks_s2d","off_sacks_taken_s2d","off_sack_rate_s2d","off_pass_att_s2d","off_rush_att_s2d","off_neutral_pass_rate_s2d","off_third_down_pct_s2d_minus_opp","off_red_zone_td_pct_s2d_minus_opp","off_sack_rate_s2d_minus_opp","off_neutral_pass_rate_s2d_minus_opp","off_yds_for_3g","off_yds_for_5g","def_yds_against_3g","def_yds_against_5g","net_yds_3g","net_yds_5g","qb_ypa_3g","qb_sack_rate_3g","qb_qbr","off_epa_per_play_s2d","off_epa_per_play_w3","off_epa_per_play_w5","off_epa_per_play_exp","off_success_rate_s2d","off_success_rate_w3","off_success_rate_w5","off_success_rate_exp","def_epa_per_play_allowed_s2d","def_epa_per_play_allowed_w3","def_epa_per_play_allowed_w5","def_epa_per_play_allowed_exp","def_success_rate_allowed_s2d","def_success_rate_allowed_w3","def_success_rate_allowed_w5","def_success_rate_allowed_exp","rb_rush_share_s2d","rb_rush_share_w3","rb_rush_share_w5","rb_rush_share_exp","wr_target_share_s2d","wr_target_share_w3","wr_target_share_w5","wr_target_share_exp","te_target_share_s2d","te_target_share_w3","te_target_share_w5","te_target_share_exp","qb_aypa_s2d","qb_aypa_w3","qb_aypa_w5","qb_aypa_exp","qb_sack_rate_s2d","qb_sack_rate_w3","qb_sack_rate_w5","qb_sack_rate_exp","roof_dome","roof_outdoor","weather_temp_f","weather_wind_mph","weather_precip_pct","weather_impact_score","weather_extreme_flag"]},"decision_tree":{"params":{"depth":6,"minSamples":8},"alpha":2},"bt":{"coefficients":[0.07978914346930051,-0.17972479184002735,0.028640707271951532,0.0007642914642282063,0.07206285152314292,-0.002626527998500875,-0.0029653825741436813,-0.002374087460179224,0.0020007890275355765,-0.00009058788151948995],"intercept":0.1845112574654022,"scaler":{"mu":[-0.4713781876054475,34.832255368643565,-0.45536118260657105,0,0.00046495041773972,0,0,0,0,0],"sd":[52.82535757280295,510.75467226599534,15.437810925281068,1,0.10351212038526528,1,1,1,1,1]},"features":["diff_total_yards","diff_turnovers","diff_penalty_yards","diff_possession_seconds","diff_r_ratio","diff_elo_pre","diff_inj_out","diff_inj_skill_out","diff_inj_practice_dnp","diff_inj_out_trend"],"hyperparams":{"steps":1200,"learningRate":0.001,"l2":0.00001}},"ann":{"seeds":[1],"architecture":[92,128,64,32,1],"committee_size":1,"max_epochs":15,"dropout":0.5},"ensemble":{"weights":{"logistic":0.9,"tree":0,"bt":0,"ann":0.09999999999999998},"calibration":{"type":"platt","beta":0.07464679251839373,"source":"platt"},"calibration_beta":0.07464679251839373,"calibration_hash":"92ddf2f62fd5147a52e61463075cf69e9adf39a04081d6efa0f5d23bbe4afaad","oof_variance":{"ann":{"mean":0.48727701486810016,"var":0.024800775374522008}}},"pca":[{"component":1,"explained_variance":0.2165546045026409,"top_loadings":[{"feature":"off_1st_down_s2d","loading":0.23595268020000057},{"feature":"off_total_yds_s2d","loading":0.2334262863068182},{"feature":"def_total_yds_s2d","loading":0.23141404226446669},{"feature":"def_1st_down_s2d","loading":0.23005666678134837},{"feature":"off_pass_yds_s2d","loading":0.22801976118910963},{"feature":"def_pass_yds_s2d","loading":0.2255762627461509},{"feature":"def_rush_yds_s2d","loading":0.21701533345036805},{"feature":"off_rush_yds_s2d","loading":0.21191151756088938},{"feature":"wins_s2d","loading":0.18065573879761596},{"feature":"def_turnovers_s2d","loading":0.17453826648431597}]},{"component":2,"explained_variance":0.15651180925700217,"top_loadings":[{"feature":"off_epa_per_play_exp",