{"season":2005,"week":7,"generated_at":"2025-11-07T00:15:24.412Z","feature_hash":"ac478bdf56d00a55cea6db228a793b21993de0f6","logistic":{"weights":[-0.4329427669599653,-0.2772771645789742,-0.568323111692287,-0.07697647288467904,1.2186962450311318,0.8739281939627971,0.021060547324338368,0.05329285048047768,0.0018793378921732194,-0.4370179622643577,2.9831381493785045,-2.7191936206661906,0,0,0,0,0.8978577752539847,-0.8431935901329625,-0.7432214745989106,0.37704234020217586,-3.157737376563295,-0.09538035158522497,0,0,0,0,0,0,0,0,0,0,0,0,0,0,0,0,0,0,0.18946441155983176,0.5064373666431151,0.47084872212630086,0.36641190858524303,-0.30307809628654747,0.22705780350093935,-1.1874185633503715,0,0,0.8225610365206353,0.7837113777808944,0.4851328323075996,-0.08552716550360558,-0.06273342737940596,0.21823217094849462,-0.5831151596966223,-0.38185837690379154,-1.1634891382095645,-0.22293054996896447,-0.6492786020835382,0.36196065422487933,-0.4272882512514104,-0.5426995000160376,0.08790836735553666,0.08321846011460327,-0.32566085176928333,0.3244466443174616,0.06250892471460695,0.29307561905893714,0.0037719245323003503,-0.4952231035764176,-0.3015726998693605,0.1911969960905714,0.2587205456618303,0.19297185580254805,-0.2690552236935094,0.03970438147283935,0.28196605336542085,0.18320368957819508,-0.2873221455940879,0.3022816773208639,0,0,0,0,-0.022160171607455675,0.09271671204219983,-0.022160171607454964,0.02216017160745556,0,0,0],"bias":1.27192756211904,"scaler":{"mu":[84.9659090909091,996.3295454545455,339.8181818181818,656.5113636363636,4.931818181818182,81.7840909090909,972.9659090909091,309.59090909090907,663.375,3.852272727272727,1.5795454545454546,1.375,1,0,0,0,20.995123353120405,5.597452676591295,0.11602014682071203,0.1656471080730169,1449.8148849177003,-0.5395645238937216,0,0,0,0,0,0,0,0,0,0,0,0,0,0,0,0,0,0,267.77840909090907,268.1982954545455,276.0208333333333,275.03390151515157,-8.242424242424237,-6.835606060606057,5.645239921760178,0,0,-0.0008022507036389591,0.005136099062216659,-0.0003122798141797948,-0.00832539179415763,0.43920727838269363,0.44154557933169586,0.4396457742704371,0.43996426465299465,-0.014829806146149045,-0.010834319196345733,-0.014993574116951536,-0.013112225734959432,0.43840431096608284,0.4404704582653684,0.43838453917729825,0.4407238004655189,0.8635900842739257,0.8642110329904,0.8636223687119233,0.8619692533984282,0,0,0,0,0,0,0,0,7.105480415295539,7.098450620095661,7.104972143417217,7.233694749179028,0,0,0,0,0.17045454545454544,0.8181818181818182,65.85227272727273,4.1477272727272725,0,0,0],"sd":[51.00388774478515,583.2791847039325,227.56874812672973,402.5987454909265,3.437082055734375,47.379859756411165,559.4896913678577,198.02907479158185,392.3656780148984,2.925358457939474,1.2314218584175083,1.131295516412288,1,1,1,1,593.9390510914969,508.36433642811045,4.410363543864867,3.8180430596316484,1.8813800505941374,2.632697235412502,1,1,1,1,1,1,1,1,1,1,1,1,1,1,1,1,1,1,136.84703249992185,136.13666473010474,140.468583182955,138.87619016957356,78.70076988175931,75.11602911117356,3.066572035275553,1,1,0.0946033747235239,0.1060131697592841,0.09605740066078383,0.10770698338178278,0.04006736973866488,0.0461074824260724,0.04065940015764009,0.04265156154895362,0.09508316919925862,0.09976015224276177,0.0944974318399414,0.1102559518754641,0.04101208371110998,0.043973530501259926,0.04103901405789918,0.043567772234264134,0.0674882617533734,0.06704489512666702,0.06759168153629756,0.0737874631584484,1,1,1,1,1,1,1,1,1.778311792166505,1.7874118865447777,1.7821473728863426,2.1624413265459617,1,1,1,1,0.37603163881305235,0.38569460791993515,1.8801581940652616,1.88015819406526,1,1,1]},"features":["off_1st_down_s2d","off_total_yds_s2d","off_rush_yds_s2d","off_pass_yds_s2d","off_turnovers_s2d","def_1st_down_s2d","def_total_yds_s2d","def_rush_yds_s2d","def_pass_yds_s2d","def_turnovers_s2d","wins_s2d","losses_s2d","home","sim_winrate_same_loc_s2d","sim_pointdiff_same_loc_s2d","sim_count_same_loc_s2d","off_total_yds_s2d_minus_opp","def_total_yds_s2d_minus_opp","off_turnovers_s2d_minus_opp","def_turnovers_s2d_minus_opp","elo_pre","elo_diff","rest_days","rest_diff","off_third_down_att_s2d","off_third_down_conv_s2d","off_third_down_pct_s2d","off_red_zone_att_s2d","off_red_zone_td_s2d","off_red_zone_td_pct_s2d","off_dropbacks_s2d","off_sacks_taken_s2d","off_sack_rate_s2d","off_pass_att_s2d","off_rush_att_s2d","off_neutral_pass_rate_s2d","off_third_down_pct_s2d_minus_opp","off_red_zone_td_pct_s2d_minus_opp","off_sack_rate_s2d_minus_opp","off_neutral_pass_rate_s2d_minus_opp","off_yds_for_3g","off_yds_for_5g","def_yds_against_3g","def_yds_against_5g","net_yds_3g","net_yds_5g","qb_ypa_3g","qb_sack_rate_3g","qb_qbr","off_epa_per_play_s2d","off_epa_per_play_w3","off_epa_per_play_w5","off_epa_per_play_exp","off_success_rate_s2d","off_success_rate_w3","off_success_rate_w5","off_success_rate_exp","def_epa_per_play_allowed_s2d","def_epa_per_play_allowed_w3","def_epa_per_play_allowed_w5","def_epa_per_play_allowed_exp","def_success_rate_allowed_s2d","def_success_rate_allowed_w3","def_success_rate_allowed_w5","def_success_rate_allowed_exp","rb_rush_share_s2d","rb_rush_share_w3","rb_rush_share_w5","rb_rush_share_exp","wr_target_share_s2d","wr_target_share_w3","wr_target_share_w5","wr_target_share_exp","te_target_share_s2d","te_target_share_w3","te_target_share_w5","te_target_share_exp","qb_aypa_s2d","qb_aypa_w3","qb_aypa_w5","qb_aypa_exp","qb_sack_rate_s2d","qb_sack_rate_w3","qb_sack_rate_w5","qb_sack_rate_exp","roof_dome","roof_outdoor","weather_temp_f","weather_wind_mph","weather_precip_pct","weather_impact_score","weather_extreme_flag"]},"decision_tree":{"params":{"depth":6,"minSamples":8},"alpha":4},"bt":{"coefficients":[0.08023431677867682,-0.07719150127385759,-0.05922430232149506,0.003431975957389295,-0.053538402169890295,0.003291238368565645,-0.0026062318029094426,0.0022193968038315107,-0.0003812267906528649,0.004706694881621985],"intercept":0.14146535158623783,"scaler":{"mu":[-8.296552600306471,-20.31860052733216,0.22540370813397062,0,-0.00731343220894557,0,0,0,0,0],"sd":[53.90293181575015,499.9415249118358,15.5620149005084,1,0.10967833416144632,1,1,1,1,1]},"features":["diff_total_yards","diff_turnovers","diff_penalty_yards","diff_possession_seconds","diff_r_ratio","diff_elo_pre","diff_inj_out","diff_inj_skill_out","diff_inj_practice_dnp","diff_inj_out_trend"],"hyperparams":{"steps":1200,"learningRate":0.001,"l2":0.00001}},"ann":{"seeds":[1],"architecture":[92,128,64,32,1],"committee_size":1,"max_epochs":15,"dropout":0.5},"ensemble":{"weights":{"logistic":0.9,"tree":0,"bt":0,"ann":0.09999999999999998},"calibration":{"type":"platt","beta":0.38170285321026093,"source":"platt"},"calibration_beta":0.38170285321026093,"calibration_hash":"c4be31e018baac2c8ed4264e073b77dd2cd543f2af42cb9ecb023fcc9ed8bde2","oof_variance":{"ann":{"mean":0.5180589357673704,"var":0.030515215835373245}}},"pca":[{"component":1,"explained_variance":0.23313113146865722,"top_loadings":[{"feature":"off_total_yds_s2d","loading":-0.25379426385154974},{"feature":"off_1st_down_s2d","loading":-0.25346577599645964},{"feature":"def_total_yds_s2d","loading":-0.25322015130856834},{"feature":"def_1st_down_s2d","loading":-0.2516363511273047},{"feature":"def_pass_yds_s2d","loading":-0.24774327195192},{"feature":"off_pass_yds_s2d","loading":-0.2472269175856198},{"feature":"def_rush_yds_s2d","loading":-0.2245534272051197},{"feature":"off_rush_yds_s2d","loading":-0.21312093523183923},{"feature":"off_yds_for_3g","loading":-0.18747193020326516},{"feature":"off_yds_for_5g","loading":-0.18550280401689526}]},{"component":2,"explained_variance":0.16896788425067535,"top_loadings":[{"feature":"off_epa_per_play_s2d","loading":-0.2648111788931337},{"feature":"off_epa_per_play_w5","loading":-0.264066033865919},{"feature":"qb_aypa_w5","loading":-0.2551467311749367},{"feature":"qb_aypa_s2d","loading":-0.2539576165396227},{"feature":"qb_aypa_w3","loading":-0.25114756373080593},{"feature":"off_epa_per_play_exp",