{"season":2003,"week":14,"generated_at":"2025-11-07T00:12:17.645Z","feature_hash":"1c5b88619eb8e019f7ee797f8dc3016e167689b4","logistic":{"weights":[-0.6325828603418743,-0.21640657581971037,-0.5353477109209683,-0.04645715361721527,1.09812842744172,0.6402673538954509,0.13916573058864926,0.12484138963154776,0.15253845228804058,-0.5332913805391026,2.789458724172968,-2.6483662022672267,0,0,0,0,0.9142856505014441,-0.8206821239810245,-0.7998577724617703,0.49181513801455784,-2.9427444858766236,0.7339462072588783,0,0,0,0,0,0,0,0,0,0,0,0,0,0,0,0,0,0,0.0948168035256227,0.2741541625712504,0.21800017086342663,0.301651090555476,-0.0010257932404844291,-0.10355277981711955,-0.9843968380475001,0,0,0.7937982427522015,0.4339027744488489,0.3972403879198067,-0.11066923058388564,0.22014233568207942,0.019817620142601387,-0.3055310988473614,-0.42787277122508316,-0.6503043890439915,-0.534155445543092,-0.4438253580267826,0.2627444994351742,-0.056497092719414985,-0.10883176962346838,0.4167596037023195,0.2824210862575049,-0.42384061732915934,0.2554957368982102,-0.15845491072210935,-0.0505657199206996,-0.11673943877155818,-0.3836472202005866,-0.012948964633636276,0.07595373593103703,-0.11388414041213309,0.04911196242774749,-0.34942249635941813,-0.3390563633056975,0.111276515762258,0.4921409146514586,-0.048706794267795235,0.40872947885427724,0,0,0,0,0.040934699388599054,-0.08535933219618656,0.04093469938859976,-0.04093469938859924,0,0,0],"bias":1.1275914474339217,"scaler":{"mu":[108.9375,1316.234375,467.3489583333333,848.8854166666666,6.494791666666667,107.19270833333333,1285.7604166666667,443.3645833333333,842.3958333333334,5.104166666666667,2.1145833333333335,1.84375,1,0,0,0,-1.9236733703821212,-16.501479348443855,0.10203020573732156,-0.07323520166846496,1449.8562275317233,-0.3393023572519051,0,0,0,0,0,0,0,0,0,0,0,0,0,0,0,0,0,0,300.9652777777779,300.4315972222223,306.2508680555554,303.3804687500002,-5.285590277777781,-2.948871527777778,6.126316938671667,0,0,-0.012370562211866309,-0.015234677298115168,-0.013354006946789232,-0.019394059375854405,0.4395873885646548,0.4414110794268833,0.4407716751547061,0.4365567342474377,-0.013770845861712568,-0.015049925135350967,-0.013868576130704772,-0.021851405175012856,0.43848223646308576,0.4413065123215907,0.4402173874262461,0.43606339371709923,0.839362861411408,0.8493395998855132,0.8472338121484347,0.8316588320928414,0.041666666666666664,0.015625,0.026041666666666668,0.006250000000000001,0,0,0,0,6.59677725881335,6.682504722011079,6.655863173753193,6.6694913115163805,0,0,0,0,0.18229166666666666,0.796875,65.91145833333333,4.088541666666667,0,0,0],"sd":[68.89474346481981,827.8311725688353,313.8552746671863,548.6046384881008,4.598456937560384,68.99259734564474,822.016838138465,306.8110887212626,531.9767378053033,3.8688907935249643,1.7372739161462776,1.539941320581188,1,1,1,1,932.3713234569097,949.1566909084771,5.618057277609725,4.705980984330732,3.6238548640824386,5.20879627207289,1,1,1,1,1,1,1,1,1,1,1,1,1,1,1,1,1,1,104.24804992143899,101.3926167354773,106.00571863586292,101.83633235241206,75.7439121407634,69.87742726395835,2.323731729644909,1,1,0.07070991116463203,0.09278767838907845,0.08101342712985347,0.07708566631959451,0.028821057919525106,0.03743651877348702,0.032123270913120665,0.032159700248502676,0.07385664975754863,0.09107044786591786,0.08094467378565723,0.08101496893841771,0.030333429778075273,0.038258888125878236,0.03324584372513369,0.03293800389971194,0.07993950347132295,0.0834916701967942,0.08138235136412837,0.08714988697102889,0.19982631347136307,0.12401959270615269,0.15925921720229833,0.02997394702070449,1,1,1,1,0.9880037512313448,1.26137788682952,1.140762837956731,1.0798398796593605,1,1,1,1,0.3860847250676403,0.40232478717449166,1.9304236253381981,1.9304236253382059,1,1,1]},"features":["off_1st_down_s2d","off_total_yds_s2d","off_rush_yds_s2d","off_pass_yds_s2d","off_turnovers_s2d","def_1st_down_s2d","def_total_yds_s2d","def_rush_yds_s2d","def_pass_yds_s2d","def_turnovers_s2d","wins_s2d","losses_s2d","home","sim_winrate_same_loc_s2d","sim_pointdiff_same_loc_s2d","sim_count_same_loc_s2d","off_total_yds_s2d_minus_opp","def_total_yds_s2d_minus_opp","off_turnovers_s2d_minus_opp","def_turnovers_s2d_minus_opp","elo_pre","elo_diff","rest_days","rest_diff","off_third_down_att_s2d","off_third_down_conv_s2d","off_third_down_pct_s2d","off_red_zone_att_s2d","off_red_zone_td_s2d","off_red_zone_td_pct_s2d","off_dropbacks_s2d","off_sacks_taken_s2d","off_sack_rate_s2d","off_pass_att_s2d","off_rush_att_s2d","off_neutral_pass_rate_s2d","off_third_down_pct_s2d_minus_opp","off_red_zone_td_pct_s2d_minus_opp","off_sack_rate_s2d_minus_opp","off_neutral_pass_rate_s2d_minus_opp","off_yds_for_3g","off_yds_for_5g","def_yds_against_3g","def_yds_against_5g","net_yds_3g","net_yds_5g","qb_ypa_3g","qb_sack_rate_3g","qb_qbr","off_epa_per_play_s2d","off_epa_per_play_w3","off_epa_per_play_w5","off_epa_per_play_exp","off_success_rate_s2d","off_success_rate_w3","off_success_rate_w5","off_success_rate_exp","def_epa_per_play_allowed_s2d","def_epa_per_play_allowed_w3","def_epa_per_play_allowed_w5","def_epa_per_play_allowed_exp","def_success_rate_allowed_s2d","def_success_rate_allowed_w3","def_success_rate_allowed_w5","def_success_rate_allowed_exp","rb_rush_share_s2d","rb_rush_share_w3","rb_rush_share_w5","rb_rush_share_exp","wr_target_share_s2d","wr_target_share_w3","wr_target_share_w5","wr_target_share_exp","te_target_share_s2d","te_target_share_w3","te_target_share_w5","te_target_share_exp","qb_aypa_s2d","qb_aypa_w3","qb_aypa_w5","qb_aypa_exp","qb_sack_rate_s2d","qb_sack_rate_w3","qb_sack_rate_w5","qb_sack_rate_exp","roof_dome","roof_outdoor","weather_temp_f","weather_wind_mph","weather_precip_pct","weather_impact_score","weather_extreme_flag"]},"decision_tree":{"params":{"depth":6,"minSamples":10},"alpha":2},"bt":{"coefficients":[0.10066649555276715,-0.07031243580930711,-0.17254146962863476,0.00452074720685803,-0.04880877036749134,0.0018686348134046432,0.004006265850454948,-0.00340940830246634,-0.0041508299993372475,-0.0030048161140306343],"intercept":0.19832090749304032,"scaler":{"mu":[-1.3267953028250778,8.83726093133625,0.1280147235080236,0,0.0007829749833083913,0,0,0,0,0],"sd":[47.34530440898634,523.941183888604,20.27095785374503,1,0.10477101759815258,1,1,1,1,1]},"features":["diff_total_yards","diff_turnovers","diff_penalty_yards","diff_possession_seconds","diff_r_ratio","diff_elo_pre","diff_inj_out","diff_inj_skill_out","diff_inj_practice_dnp","diff_inj_out_trend"],"hyperparams":{"steps":1200,"learningRate":0.001,"l2":0.00001}},"ann":{"seeds":[1],"architecture":[92,128,64,32,1],"committee_size":1,"max_epochs":15,"dropout":0.5},"ensemble":{"weights":{"logistic":0.9,"tree":0,"bt":0,"ann":0.09999999999999998},"calibration":{"type":"platt","beta":0.0854819892991645,"source":"platt"},"calibration_beta":0.0854819892991645,"calibration_hash":"31522cbd05ce0a1b111e00a06734eb1452a5aae281e3754d93ddaecf54423c0a","oof_variance":{"ann":{"mean":0.5176587034834892,"var":0.014539004836538626}}},"pca":[{"component":1,"explained_variance":0.21620450439293543,"top_loadings":[{"feature":"off_total_yds_s2d","loading":0.2682745098891072},{"feature":"off_1st_down_s2d","loading":0.2681835179956218},{"feature":"off_pass_yds_s2d","loading":0.26652367268767174},{"feature":"def_total_yds_s2d","loading":0.2638768513136747},{"feature":"def_1st_down_s2d","loading":0.2629832960256176},{"feature":"def_pass_yds_s2d","loading":0.2594827006369025},{"feature":"def_rush_yds_s2d","loading":0.25707172026212805},{"feature":"off_rush_yds_s2d","loading":0.24173523630896748},{"feature":"def_turnovers_s2d","loading":0.21809798917874465},{"feature":"off_turnovers_s2d","loading":0.21513902624928308}]},{"component":2,"explained_variance":0.15553347909216975,"top_loadings":[{"feature":"off_epa_per_play_s2d","loading":0.27483979283851306},{"feature":"off_epa_per_play_w5","loading":0.27142997280143544},{"feature":"off_epa_per_play_w3","loading":0.2585573969434594},{"feature":"off_epa_per_play_exp",