{"season":2020,"week":10,"generated_at":"2025-11-07T00:45:00.764Z","feature_hash":"84ae161011d64b4cab9bc050b9d5ac680571b723","logistic":{"weights":[-0.6283889574576914,-0.4796408358318388,0.13173875190804607,-0.6442691181154048,1.2132148049505103,0.8972408030654904,0.34048278819448763,-0.06987786331562486,0.4858327118565681,-1.018437018623027,3.395924566197136,-2.790130651999572,0,0,0,0,0.628474468743119,-0.8524449023197851,-1.3485367918215552,0.5905916589735448,-3.555270840103511,0.2736528978259077,0,0,0,0,0,0,0,0,0,0,0,0,0,0,0,0,0,0,-0.20670209526443004,-0.005509308049794023,0.29999429917249204,0.07727694233998446,-0.45245960618332726,0.03901820808812858,-0.19799082253530975,0,0,2.2074425193993688,1.1519600816226128,-0.06025938151085945,-0.12584335984260636,0.2802465718394445,0.09829069918642999,-0.219745938703222,-0.19475559418943778,-1.9449157412524927,-1.034966574928059,0.2315379465794726,0.7362799119258111,-0.45328177053809293,0.8027316273603439,-0.17719714062942146,-0.2009301743627365,-0.3153498137566905,0.5265808733741187,-0.48130250860409485,0.4706830341477921,0.0598093654425755,0.0931330879733693,0.028847420862521168,-0.04286801177401075,-0.26202896345730786,0.5432958746720672,0.12400025023717959,-0.38592582766370365,-0.20176434246252808,0.09975517221761304,-0.3744870618109765,0.45011138717406235,0,0,0,0,-0.07634747582047723,0.23745435004305224,-0.07634747582047584,0.07634747582047752,0,0,0,0.16669581380879103,0.028049512749927306,-0.20991517064898235,-0.23382288147789562,-0.33063519470396263,-0.06260775422682739,0.5172170849916256,0.3694240300286307,0,0.2072132707228447,-0.010749098199319112,-0.037955853156046694,0.2604878278526664,-0.3353007434321333,-0.7754627940872973,0.22978494125014007,0.1328398921401229,-0.3834242727984801,0.045441387244766054,0.1478832975507116,0.36377836906942285,-0.17775520237002948,0.17068704573701832,-0.2741219742542013,-0.1420254398231796,-0.30867579785275756,-0.3804484304639342,-0.1659649410276671,-1.0005152914711566,-0.013629973604497855,-0.4672965715793741,0.7565444506604267,0.10516531091628885,0.456615775598952,0.1057348841693895,-0.1299434980894545,-0.012903077576586349,0.04161557888301467,-0.09086605836587938,-0.3687785455604558,-0.0868930291058396],"bias":0.3861557515092479,"scaler":{"mu":[130.5151515151515,1460.6363636363637,448.1666666666667,1012.469696969697,4.8106060606060606,129.62878787878788,1456.6515151515152,460.7878787878788,995.8636363636364,3.515151515151515,1.8257575757575757,2.015151515151515,1,0,0,0,40.62051855431435,38.33066716026878,0.10696287936237332,0.07895788172546704,1449.9151156945907,-0.18816677769095666,0,0,0,0,0,0,0,0,0,0,0,0,0,0,0,0,0,0,336.61489898989885,335.9267676767676,331.50378787878793,333.64785353535365,5.1111111111111125,2.278914141414141,7.026591536497176,0,0,0.03482208122494793,0.03501281393113117,0.035509209588267365,0.025964575113162972,0.44713489573994225,0.4464146520979205,0.44651190444753425,0.44584842991571716,0.036091310869333044,0.03411852051950386,0.03733247888223823,0.0283811059196418,0.44601148292952064,0.44402487531951024,0.4462523845743903,0.4460662795902255,0.8129077026810395,0.8123126160831453,0.8128584560504067,0.815890085594408,0.5803991486909653,0.5834349002778435,0.5814905860463923,0.5873976524748747,0.21461887800943083,0.21345924224011015,0.2139307432589552,0.21100861169547497,7.830501850299118,7.929671739247558,7.848922026314984,7.73716111778314,0,0,0,0,0.1590909090909091,0.6742424242424242,65.79545454545455,4.204545454545454,0,0,0,0.5303030303030303,1.1666666666666667,-0.2499999999999999,0.7803030303030303,-0.2113636363636363,0.11363636363636363,0,-0.08333333333333333,0,0.06387121212121213,0.14393939393939395,-0.07575757575757576,0.39999999999999997,-0.045454545454545456,4.603787878787878,0.5848484848484852,0.6590909090909091,-0.5151515151515151,-0.12878787878787878,-0.06818181818181818,0.045454545454545456,-0.015151515151515152,-0.03787878787878788,-0.08333333333333333,-0.045454545454545456,0.005863636363636363,0.19696969696969696,0.0023863636363636366,-0.13636363636363635,-0.035969696969696964,-0.09848484848484848,-0.45454545454545453,0.2878787878787879,-0.3560606060606061,-0.16666666666666666,-0.0036666666666666666,-0.022727272727272728,0.015151515151515152,0.05228030303030303,0,-3.53939393939394],"sd":[84.98997132001543,932.4730175048795,277.0019737011696,680.0398990009642,3.873242662627741,83.21525622280888,939.5574714697732,323.0330227584638,642.5515280920617,2.8669613532947356,1.671944123872475,1.9068649841958536,1,1,1,1,1003.7035602559441,997.8087608143156,4.334610395325994,3.65479886900754,3.171369059952032,4.001093852488393,1,1,1,1,1,1,1,1,1,1,1,1,1,1,1,1,1,1,135.81550997364246,133.01365057978893,132.11159874397475,131.84360790781724,64.95716234963065,58.57994278231956,2.960877098606933,1,1,0.08848623016565577,0.09675570615317075,0.08994880223238508,0.09793658175570953,0.04124190726659285,0.044389335243943916,0.04189727478154823,0.04597234094509324,0.0844756389406368,0.09500784491285276,0.08686675518257822,0.09357669612849144,0.03769702114311906,0.041240346659675506,0.038880612607383146,0.04316502723862387,0.07845335661016306,0.0867053771449684,0.08096865097190444,0.08182031780097332,0.09119589552819451,0.09854891805419373,0.09420025538318684,0.09712976637013584,0.07290025811230347,0.08083855154492546,0.07590071942101662,0.07753782557781806,1.303078221357338,1.3714172928484676,1.322298306565293,1.5078642878561337,1,1,1,1,0.3657608395325248,0.46865720691580387,1.8288041976626208,1.828804197662621,1,1,1,2.472391168482612,11.779004605438839,6.950174403741552,8.90379081162982,3.1526479425376346,0.48691557467337643,0.27524094128159016,1.1081083161875647,1,0.5673885206925516,10.50911046011952,10.174702148958385,8.172524182598146,0.366466261286298,42.91120925342661,11.902638393844404,10.2645532644635,8.10581987747902,2.365808539572401,0.4637329073576633,0.3451753257543797,0.2748235931396521,0.6204263322848815,2.1603930151243285,0.8864607561400036,0.25887333900458537,1.7771248226968646,0.13042771408687798,4.439445650748572,0.18458577456736863,1.980434022237827,8.780456635778256,3.2880184302142896,3.2289706018856927,6.602532418961252,0.21633271466503495,0.3129989130320235,0.5638725474523757,0.38829889913129373,0.3892494720807615,41.92946233561671]},