{"season":2020,"week":14,"generated_at":"2025-11-07T00:45:22.415Z","feature_hash":"24d87ea8720cadeb5742c5df41b970d686fc9c5d","logistic":{"weights":[-0.6298242460543694,-0.4733546317563105,0.25734378955580056,-0.6872446381803853,1.3899461379627496,0.9268794221849022,0.37076509825223625,0.03764358107927198,0.4780785923589481,-1.1023597883082266,3.296556409381638,-2.704461835980519,0,0,0,0,0.6002600291260973,-0.8242351698338908,-1.3068679159915149,0.6141631960091103,-3.520906121237667,0.2488523290941018,0,0,0,0,0,0,0,0,0,0,0,0,0,0,0,0,0,0,-0.2237238627024979,-0.06963663255339776,0.26954973444514857,0.03213368884464665,-0.4294805861774866,-0.0035578984195234384,-0.23180366982143394,0,0,2.303746610695791,1.1771999614426947,0.03719528312401392,-0.1393970158422803,0.3696726061605419,0.19411936066209792,-0.19726577251625857,-0.23706656916244692,-1.913974721689619,-0.9467901259646432,0.21687239525804736,0.8236619239381248,-0.36894706014407513,0.8498334839698094,-0.18327969520811097,-0.17143813061415664,-0.40757391459061465,0.2340801484777973,-0.7296418687055813,0.3516600451077513,0.0508965035100372,0.1947777336408414,0.021567780740847076,-0.09807444554225628,-0.10603620539423673,0.5990348115652299,0.29290360619340866,-0.24220246122274683,-0.2655538023934853,-0.032008850573277306,-0.4835217974868891,0.3592499179603003,0,0,0,0,-0.08154542416858905,0.24660441781917997,-0.08154542416858755,0.08154542416858927,0,0,0,0.13330894140424,-0.09447914273593497,-0.3982370080244473,-0.14236106199564927,-0.24300429982699154,0.08900703311624354,0.7512162248655213,0.29847691568953816,0,0.39098150221884337,-0.15300101662800403,-0.03535088742285856,0.24405796236499339,-0.2348003058872198,-0.6548498975285199,0.33743250839987315,0.0018519170190529246,-0.39469598239140036,0.07090608389937522,0.11842761720571031,0.5291770230699184,-0.21260885792349263,0.2565326109857353,-0.40926375147959726,-0.23942840385918837,-0.29131049906882006,-0.355707146504533,-0.17427889013782774,-1.0246993634002404,-0.2229840956880875,-0.541321234595023,0.8695184569478622,-0.016694048450283182,0.3593257220432342,-0.024043880756301147,-0.1685599757908496,-0.04090192662164389,-0.022310717081737666,-0.1584992300235867,-0.4969089588355775,-0.049807600221589615],"bias":0.28528910255495193,"scaler":{"mu":[140.64397905759162,1584.6492146596859,492.62303664921467,1092.0261780104713,5.298429319371728,140.0523560209424,1575.2722513089004,492.35602094240835,1082.916230366492,3.9162303664921465,2.115183246073298,2.1204188481675392,1,0,0,0,102.9833161011252,110.58366514066107,0.33349797103177903,0.31621403411894755,1450.037957625477,-0.027392179418430807,0,0,0,0,0,0,0,0,0,0,0,0,0,0,0,0,0,0,344.82460732984293,345.48446771378696,340.4406631762653,344.09485165794075,4.383944153577662,1.3896160558464232,7.268995959435618,0,0,0.03278690954888752,0.024172595309092687,0.027458376845011883,0.02388722316983495,0.4458142031829001,0.4425352705937987,0.4438774768543485,0.4443714937235961,0.031860943363212754,0.022731015302093,0.02808639194091192,0.024676320876143173,0.4449238608522342,0.44142013133600994,0.4436872743107061,0.44482986148310116,0.8156272740500031,0.8162873047399706,0.8158737345587108,0.8181455580008024,0.5839300270212691,0.5914905855758795,0.5891638369843615,0.5910928851547597,0.21283134804600526,0.21007481309988957,0.21086477876311396,0.20942852784813246,7.853331491336362,7.895886237815544,7.834703900097474,7.767841023231546,0,0,0,0,0.17801047120418848,0.6544502617801047,65.89005235602095,4.109947643979058,0,0,0,0.3612565445026178,0.29842931937172773,-0.5282722513089004,0.8010471204188482,-0.2219895287958114,0.09947643979057591,-0.005235602094240838,-0.07853403141361257,0,0.06159685863874346,0.5392670157068062,0.4214659685863874,0.4272251308900523,-0.05759162303664921,2.6465968586387416,0.8225130890052357,0.8900523560209425,-0.3507853403141361,0.020942408376963352,-0.03664921465968586,0.015706806282722512,-0.01832460732984293,-0.03664921465968586,-0.07329842931937172,-0.04712041884816754,0.010518324607329845,0.225130890052356,0.004115183246073298,-0.16230366492146597,-0.016900523560209425,-0.15706806282722513,-0.46596858638743455,0.17277486910994763,-0.2094240837696335,-0.193717277486911,-0.0020052356020942397,-0.010471204188481676,-0.005235602094240838,0.013005235602094241,0,-0.40785340314136187],"sd":[88.10690170849115,969.9825698692573,293.09334912579226,706.5393904868121,3.939323518609674,86.51996339070993,966.7150720823932,322.2068194586096,674.1443467926521,3.1793341904517134,1.8240194505403917,1.8871713041937919,1,1,1,1,1195.1137973878072,1189.9020034033667,5.096406131134564,4.167448770562031,4.138858189894721,5.622535302683048,1,1,1,1,1,1,1,1,1,1,1,1,1,1,1,1,1,1,116.24552852618771,113.48452121899622,113.5934327951956,112.57265981918111,67.44569960282759,58.64986478099277,2.6035808803044844,1,1,0.08175981114323877,0.09514773178535704,0.08558531196977542,0.09049022804950525,0.03779816212460817,0.04298006683119747,0.03878838023680148,0.04199297051321448,0.0781042474559837,0.09660897350273176,0.08652558522521281,0.0856092355715014,0.03511976717618469,0.04202247756351404,0.03757378856145101,0.0397227223571303,0.0777517466262493,0.09158369236803257,0.0851375005090787,0.08140942743897413,0.08643357283550744,0.09498032034674321,0.09009425074631096,0.09112847322704141,0.06878679126911642,0.07782284539305004,0.07317666356208453,0.07236177598706829,1.2011434897272695,1.3911734301580303,1.252015882232057,1.3757865376786163,1,1,1,1,0.3825215593216297,0.4755471760362556,1.91260779660815,1.9126077966081514,1,1,1,2.2996395101392064,11.965480351663752,7.79773336976739,8.33915880554909,3.101753974313215,0.4750858155822272,0.2608359938655745,1.0380761240958094,1,0.5756584754947854,10.800779373028053,10.410758126185188,7.939917848533619,0.3715433507687997,43.70415505471877,12.39519269964558,11.213466824187522,7.53195544240551,2.3288720843285637,0.42650077182023655,0.33121132259549163,0.25258728079746473,0.5639402120912458,2.3590904960453654,0.857904167967223,0.27590503797202554,1.8036022299304795,0.11202462018963202,4.539511578766622,0.20562395288420532,1.9459825148872818,8.86121284993133,3.359208979843097,3.3454063501132545,6.8697045139183155,0.21385551949543358,0.3068080696122217,0.5267442448337472,0.3796478596736548,0.3689521031926255,40.9868934624992]},