{"season":2010,"week":4,"generated_at":"2025-11-07T00:24:56.593Z","feature_hash":"d7aff85ceb8d3557c757fe33950801108f9078d3","logistic":{"weights":[-0.316640729337671,-0.46902235144253596,-0.5225390599479307,-0.3718369236911408,1.2296232994351224,1.1195622729411132,0.05016705691456967,0.13978321274959474,-0.028035708445990473,-1.1485043872325134,2.966762802480573,-2.435879201236955,0,0,0,0,0.7484650610426756,-0.706160187311002,-0.8803194330444213,0.926120628536093,-3.575762301957808,0.05844026515908493,0,0,0,0,0,0,0,0,0,0,0,0,0,0,0,0,0,0,-0.6333706492623401,0.1273097696285088,0.06049449337539891,0.21000397894918055,-0.8703441732888636,-0.006337294360888282,-0.009242061630766456,0,0,2.0210483423844394,0.9648401241477391,-0.09214574243201207,-0.2886395648947609,0.4913481251044727,-0.18899940603980345,-0.7626462548182842,0.29438151108392174,-1.8986062252963882,-0.6030464914432608,-0.4184654520061212,0.19173458773968707,-0.15888633550160672,-0.18088031987968856,0.2946227282337519,0.14819522256095388,-0.10022591593202403,0.16808965847263113,-0.1233488964797603,0.1518841364757632,0.3749326808596035,0.6144660768444071,0.22972172647249925,0.23572042203991012,-0.009665209723388014,-0.32244312598968955,0.12671972668075474,0.5157008911669071,0.5646483178727439,-0.06956072190989851,-0.24727738581726577,0.04729875942699935,0,0,0,0,0.07445191572267931,0.05183667865288045,0.0744519157226807,-0.07445191572267922,0,0,0],"bias":0.8700899653217692,"scaler":{"mu":[56.916666666666664,678.5416666666666,215.9375,462.6041666666667,3.5,56.395833333333336,677.3333333333334,210.35416666666666,466.9791666666667,2.5,1.0416666666666667,0.9583333333333334,1,0,0,0,3.0668268212927905,0.5532858056523035,0.3233864268213953,-0.10809182871023998,1449.8943342803686,-0.21133143926302486,0,0,0,0,0,0,0,0,0,0,0,0,0,0,0,0,0,0,215.86458333333334,215.86458333333334,225.5,225.5,-9.635416666666666,-9.635416666666666,5.70163119529461,0,0,-0.026274064941188027,-0.026274064941188027,-0.026274064941188027,-0.03813280506204596,0.4270921659294898,0.4270921659294898,0.4270921659294898,0.42329213668190796,-0.037333441133002014,-0.037333441133002014,-0.037333441133002014,-0.04846788961619496,0.42281938143340625,0.42281938143340625,0.42281938143340625,0.4190276139324669,0.8476847621003856,0.8476847621003856,0.8476847621003856,0.8580843020961876,0.5795213060411728,0.5795213060411728,0.5795213060411728,0.5799257919008806,0.21048630694899548,0.21048630694899548,0.21048630694899548,0.21284801261431463,8.302486311106838,8.302486311106838,8.302486311106838,8.249904558994928,0,0,0,0,0.16666666666666666,0.75,65.83333333333333,4.166666666666667,0,0,0],"sd":[27.916417909339458,306.012796459923,102.24936964964625,239.55642511936978,2.7233557730613653,27.064536746553703,317.6052537698679,119.21260587415057,243.55008807082285,1.7440374613713625,0.7626252174051302,0.7894706383956839,1,1,1,1,168.6822381273661,168.62004824528756,2.8096080376225836,2.135235108631656,1.2942211277384936,1.8241955863060826,1,1,1,1,1,1,1,1,1,1,1,1,1,1,1,1,1,1,161.942593338894,161.942593338894,167.28057767316164,167.28057767316164,75.00914802426695,75.00914802426695,4.23057740876313,1,1,0.11425905382363671,0.11425905382363671,0.11425905382363671,0.12205699864630543,0.049286244800848644,0.049286244800848644,0.049286244800848644,0.052950476837377074,0.10335081844507606,0.10335081844507606,0.10335081844507606,0.11050959023040685,0.04583745117174432,0.04583745117174432,0.04583745117174432,0.04895458111798346,0.12370495012499724,0.12370495012499724,0.12370495012499724,0.10419418558629613,0.10530981687541273,0.10530981687541273,0.10530981687541273,0.11319208598220712,0.08099166519127798,0.08099166519127798,0.08099166519127798,0.08863861055898126,1.3461444945479593,1.3461444945479593,1.3461444945479593,1.4522584648672037,1,1,1,1,0.3726779962499649,0.4330127018922193,1.863389981249825,1.8633899812498251,1,1,1]},"features":["off_1st_down_s2d","off_total_yds_s2d","off_rush_yds_s2d","off_pass_yds_s2d","off_turnovers_s2d","def_1st_down_s2d","def_total_yds_s2d","def_rush_yds_s2d","def_pass_yds_s2d","def_turnovers_s2d","wins_s2d","losses_s2d","home","sim_winrate_same_loc_s2d","sim_pointdiff_same_loc_s2d","sim_count_same_loc_s2d","off_total_yds_s2d_minus_opp","def_total_yds_s2d_minus_opp","off_turnovers_s2d_minus_opp","def_turnovers_s2d_minus_opp","elo_pre","elo_diff","rest_days","rest_diff","off_third_down_att_s2d","off_third_down_conv_s2d","off_third_down_pct_s2d","off_red_zone_att_s2d","off_red_zone_td_s2d","off_red_zone_td_pct_s2d","off_dropbacks_s2d","off_sacks_taken_s2d","off_sack_rate_s2d","off_pass_att_s2d","off_rush_att_s2d","off_neutral_pass_rate_s2d","off_third_down_pct_s2d_minus_opp","off_red_zone_td_pct_s2d_minus_opp","off_sack_rate_s2d_minus_opp","off_neutral_pass_rate_s2d_minus_opp","off_yds_for_3g","off_yds_for_5g","def_yds_against_3g","def_yds_against_5g","net_yds_3g","net_yds_5g","qb_ypa_3g","qb_sack_rate_3g","qb_qbr","off_epa_per_play_s2d","off_epa_per_play_w3","off_epa_per_play_w5","off_epa_per_play_exp","off_success_rate_s2d","off_success_rate_w3","off_success_rate_w5","off_success_rate_exp","def_epa_per_play_allowed_s2d","def_epa_per_play_allowed_w3","def_epa_per_play_allowed_w5","def_epa_per_play_allowed_exp","def_success_rate_allowed_s2d","def_success_rate_allowed_w3","def_success_rate_allowed_w5","def_success_rate_allowed_exp","rb_rush_share_s2d","rb_rush_share_w3","rb_rush_share_w5","rb_rush_share_exp","wr_target_share_s2d","wr_target_share_w3","wr_target_share_w5","wr_target_share_exp","te_target_share_s2d","te_target_share_w3","te_target_share_w5","te_target_share_exp","qb_aypa_s2d","qb_aypa_w3","qb_aypa_w5","qb_aypa_exp","qb_sack_rate_s2d","qb_sack_rate_w3","qb_sack_rate_w5","qb_sack_rate_exp","roof_dome","roof_outdoor","weather_temp_f","weather_wind_mph","weather_precip_pct","weather_impact_score","weather_extreme_flag"]},"decision_tree":{"params":{"depth":6,"minSamples":8},"alpha":6},"bt":{"coefficients":[0.15436608992674208,-0.062303980631941716,0.09292633360412894,0.000704130319080362,0.06685705063876306,-0.0041072938226913965,0.00009652476015169464,-0.00011673320808056777,0.0004140022909504647,0.004325160455016264],"intercept":0.08651722185495414,"scaler":{"mu":[-2.5482773262813843,96.29921883958262,-1.0788980979818834,0,-0.000613366589889758,0,0,0,0,0],"sd":[49.04643072784799,449.7789233126486,12.107399863225623,1,0.08419740614157452,1,1,1,1,1]},"features":["diff_total_yards","diff_turnovers","diff_penalty_yards","diff_possession_seconds","diff_r_ratio","diff_elo_pre","diff_inj_out","diff_inj_skill_out","diff_inj_practice_dnp","diff_inj_out_trend"],"hyperparams":{"steps":1200,"learningRate":0.001,"l2":0.00001}},"ann":{"seeds":[1],"architecture":[92,128,64,32,1],"committee_size":1,"max_epochs":15,"dropout":0.5},"ensemble":{"weights":{"logistic":0.9473684210526316,"tree":0,"bt":0,"ann":0.05263157894736841},"calibration":{"type":"platt","beta":0.48676288577812155,"source":"platt"},"calibration_beta":0.48676288577812155,"calibration_hash":"eea6f281f9f26f98873606cb91392e6411ecc4229f65f488a2e0a671b0af047f","oof_variance":{"ann":{"mean":0.48803709486965113,"var":0.0041262612321334565}}},"pca":[{"component":1,"explained_variance":0.23898114409744595,"top_loadings":[{"feature":"off_1st_down_s2d","loading":-0.21012149050936813},{"feature":"off_total_yds_s2d","loading":-0.20464380384376604},{"feature":"def_1st_down_s2d","loading":-0.1992629252380843},{"feature":"def_total_yds_s2d","loading":-0.19745670846893124},{"feature":"off_pass_yds_s2d","loading":-0.1923774564559818},{"feature":"def_epa_per_play_allowed_s2d","loading":-0.1863991365371117},{"feature":"def_epa_per_play_allowed_w3","loading":-0.1863991365371117},{"feature":"def_epa_per_play_allowed_w5","loading":-0.1863991365371117},{"feature":"def_pass_yds_s2d","loading":-0.18310505406689467},{"feature":"off_yds_for_3g","loading":-0.17925855955184564}]},{"component":2,"explained_variance":0.17971422821771715,"top_loadings":[{"feature":"off_turnovers_s2d",