{"season":2020,"week":5,"generated_at":"2025-11-07T00:44:42.733Z","feature_hash":"659e9257e07803397c455852b28575f53779ae8a","logistic":{"weights":[-0.6844970770005273,-0.5465036737493737,-0.032344588361137586,-0.6682499857626396,1.0900385061447835,0.787790597385327,0.26140894758269395,-0.13495543590838466,0.4030702786989683,-1.1071740034315667,3.3162967867275777,-2.8066547642754758,0,0,0,0,0.8145898203629478,-0.684184265411487,-1.154802113945139,0.6393931294026973,-3.4087651925652978,0.37255550770918655,0,0,0,0,0,0,0,0,0,0,0,0,0,0,0,0,0,0,-0.2381354699425191,-0.015245662739777661,0.27949549487446623,0.043618558682041314,-0.4689154421336309,0.0971930172519336,-0.2599605846532269,0,0,2.171145435543485,1.1085824618950313,-0.12537495819179162,-0.06156046715540987,0.20724608329061273,0.03567425461091544,-0.2811308344780201,-0.11590754736143377,-1.9812400870749896,-1.1307220576512795,0.21830019588153435,0.7835161356865287,-0.3949433419343374,0.7479617154301833,-0.13120957876452455,0.0032702941717791994,-0.366794606260978,0.565123181518812,-0.44364545299609615,0.3856276481716336,0.04739389009290589,-0.010764239903306824,-0.0225123727475926,-0.049231788222924976,-0.4241346801277367,0.4906377372850206,-0.021596877236625046,-0.5712826300439504,-0.1598167503549,0.05856806508788861,-0.3485549212913396,0.4645861698905425,0,0,0,0,-0.05562301715299703,0.23225037991230477,-0.05562301715299583,0.05562301715299738,0,0,0,0.22223720857694632,-0.008452899131544902,-0.15178009397585368,-0.24147552131889113,-0.2814367034096762,-0.02883979240069821,0.1379892777752001,0.44073295331663,0,0.03852167148828349,0.036289858046851566,-0.01475577241044911,0.1951476832994407,-0.4073177537384467,-0.8856331791523349,0.3767719771645048,0.2262062649551262,-0.440861957972107,-0.006758660166634869,0.10042249861535582,0.0933017242246319,-0.04229652628948732,0.04265597187478444,-0.1579820067144943,-0.11947164246993797,-0.41968780281210427,-0.45644383128659627,-0.06948442821492778,-0.9686763523694564,0.1824186273270931,-0.4047146315240414,0.6643365672426057,0.15994089012493878,0.5085160626523391,0.17729339959754487,-0.14243453459360825,-0.018004558778508543,0.2123995565194155,-0.0005372158431025113,-0.14206528192292972,-0.1292354594734764],"bias":0.32721621578560967,"scaler":{"mu":[85.62903225806451,951.0322580645161,296.7903225806452,654.241935483871,2.8548387096774195,84.33870967741936,940.2903225806451,296.69354838709677,643.5967741935484,2.193548387096774,1.2580645161290323,1.2096774193548387,1,0,0,0,9.112043938552167,-12.991604586394228,-0.05149073885029863,0.10114528206928654,1450.0606289257498,0.16100122726478247,0,0,0,0,0,0,0,0,0,0,0,0,0,0,0,0,0,0,284.28225806451616,284.28225806451616,279.02419354838713,279.02419354838713,5.258064516129031,5.258064516129031,5.822285781522054,0,0,0.03733769167012749,0.039730798770568856,0.03733769167012749,0.029166279744620733,0.45130254334417796,0.4514654128088405,0.45130254334417796,0.4484140748890468,0.03268741903898113,0.033298634081818476,0.03268741903898113,0.02728120595153298,0.4468610761613798,0.4458127434878093,0.4468610761613798,0.4479832371845111,0.814174412947146,0.8120577395788421,0.814174412947146,0.8153552276121827,0.5788660332290952,0.5757148996276032,0.5788660332290952,0.5862969290387485,0.21280356550261456,0.21470421797350733,0.21280356550261456,0.2083699317395078,7.644324593306217,7.653353289573542,7.644324593306217,7.567737458556383,0,0,0,0,0.1935483870967742,0.6451612903225806,65.96774193548387,4.032258064516129,0,0,0,0.1774193548387097,0.016129032258064516,-0.5548387096774192,-0.43548387096774194,-0.24032258064516127,0.06451612903225806,0.03225806451612903,0.03225806451612903,0,0.03385483870967742,-1.1129032258064515,-0.6854838709677419,0.22258064516129028,0,2.619354838709677,2.9387096774193555,1.2096774193548387,-2.3225806451612905,0.08064516129032258,-0.12903225806451613,-0.016129032258064516,0.03225806451612903,-0.11290322580645161,-0.04838709677419355,-0.11290322580645161,-0.011500000000000002,0.3870967741935484,-0.0043387096774193555,-0.1935483870967742,-0.018758064516129033,-0.27419354838709675,-0.46774193548387094,-0.24193548387096775,-0.532258064516129,-1.0483870967741935,-0.03816129032258066,0,0.016129032258064516,0.06183870967741935,-0.03225806451612903,-2.8225806451612914],"sd":[42.0764411406606,461.20536212862004,146.97093602267017,338.2811240471103,2.1010502304227816,39.80433739876124,447.14645024965097,170.45551767767384,306.5415016725446,1.8737465459945297,1.0766657592437832,1.123604464531857,1,1,1,1,179.29989912612433,170.77169606115203,2.5304259288659052,2.565664313759514,1.635715570991631,2.4054468439244356,1,1,1,1,1,1,1,1,1,1,1,1,1,1,1,1,1,1,174.84282134609685,174.84282134609685,171.82332304721507,171.82332304721507,67.52413399313403,67.52413399313403,3.7342934455808043,1,1,0.10176217939243475,0.10353596976788063,0.10176217939243475,0.11429221715906213,0.04875258607067097,0.04934721231888385,0.04875258607067097,0.05431256747161491,0.10396922379459178,0.10627750025012826,0.10396922379459178,0.11379163196745805,0.04473827608954316,0.04468175306790376,0.04473827608954316,0.051734412546437174,0.08655407346522048,0.0882777675627401,0.08655407346522048,0.08933311260576245,0.10074204678005906,0.10123727720942996,0.10074204678005906,0.10552205613889078,0.07935637817012177,0.08015463337305172,0.07935637817012177,0.08470545941020667,1.5416655733993152,1.54397620877388,1.5416655733993152,1.7698872272783317,1,1,1,1,0.39507899077148045,0.4784644185223008,1.9753949538574014,1.9753949538574003,1,1,1,1.871037262334651,10.603547695242673,7.784987153103428,7.811531937941609,4.003807046260304,0.35336939193881683,0.309408485375014,0.9152426425232969,1,0.5550443994671171,10.115629616540032,10.341052650826182,8.848827503063907,0.3592106040535498,40.17303637014097,12.42741966883674,10.283304817054576,9.624857256668191,3.0336733142042993,0.6086439440036512,0.2835225134072086,0.2519435379324729,0.6745330214944034,2.0823948632008107,0.9689508577984246,0.22424710952213472,1.9703842650419943,0.1447650982207079,3.8430444487093127,0.1091569874943173,1.7975732282513888,7.568435603332422,3.109223966403357,2.798143058988229,5.504916920514695,0.13985490102341983,0.4016096644512494,0.5533457031744662,0.37534260450903434,0.4387571131850145,40.32737971441479]},