{
  "season": 2001,
  "week": 21,
  "generated_at": "2025-11-07T00:09:13.380Z",
  "feature_hash": "a7a84ed637a9c6fea041a55276671909711af7b5",
  "logistic": {
    "weights": [
      -0.7874827054416451,
      -0.3510161267861232,
      -0.2245624647191825,
      -0.4184954471881093,
      0.9591904247421895,
      0.6149323866042354,
      0.1272664991174534,
      0.5394918507428309,
      -0.08072109664778282,
      0.08256703018950834,
      2.504780882124868,
      -2.4288685974158333,
      0,
      0,
      0,
      0,
      0.8390532634251493,
      -0.7890858690936942,
      -0.5925585337103162,
      0.11650988775081657,
      -3.2889500357376713,
      0.5914458163196334,
      0,
      0,
      0,
      0,
      0,
      0,
      0,
      0,
      0,
      0,
      0,
      0,
      0,
      0,
      0,
      0,
      0,
      0,
      -0.13808597145281393,
      -0.039888079216027744,
      -0.1345303502206544,
      -0.020912575595003396,
      -0.04110836857938069,
      -0.2342086582863881,
      -0.4206390774995464,
      0,
      0,
      0.23622623437527013,
      0.7282349275424046,
      0.22298793116605964,
      0.2450728859260204,
      0.23702291982559998,
      0.30145812642481973,
      -0.13392086432825354,
      0.21611938530567218,
      -0.19358171616123282,
      -0.42856336130922545,
      -0.43578689753558325,
      -0.13118059526775852,
      -0.04999840518181903,
      0.14074816324419007,
      0.08594552484949387,
      -0.3614029962659545,
      -0.21909491083646568,
      0.2565364130871049,
      -0.010100175836394915,
      0.028124609544257252,
      -0.05800547636091236,
      -0.011026157862827624,
      0.00472137930291386,
      -0.02182290441978258,
      -0.17764489203937064,
      -0.2500300936122943,
      0.006093578766222092,
      -0.1527334961406104,
      -0.12760769848061934,
      0.4745725449900201,
      -0.4727110886541258,
      0.39650667113513854,
      0,
      0,
      0,
      0,
      0.08927046880140217,
      -0.08927046880140223,
      0.08927046880140303,
      -0.08927046880140233,
      0,
      0,
      0
    ],
    "bias": 0.49645293529151086,
    "scaler": {
      "mu": [
        161.20542635658916,
        1919.5968992248063,
        638.7984496124031,
        1280.7984496124031,
        9.383720930232558,
        160.34883720930233,
        1906.7790697674418,
        626.1899224806201,
        1280.5891472868218,
        7.686046511627907,
        2.9767441860465116,
        2.7751937984496124,
        1,
        0,
        0,
        0,
        -84.202559247219,
        -113.25264555534501,
        -0.6245046174143327,
        -0.2869815554151223,
        1450.4091461878406,
        0.11491188701979332,
        0,
        0,
        0,
        0,
        0,
        0,
        0,
        0,
        0,
        0,
        0,
        0,
        0,
        0,
        0,
        0,
        0,
        0,
        311.54457364341107,
        310.626162790698,
        312.0994832041346,
        311.02939276485813,
        -0.5549095607235132,
        -0.40322997416020395,
        2.9875376141809102,
        0,
        0,
        -0.00731545432861923,
        -0.00713983881289606,
        -0.003551396617858511,
        -0.013760476044968377,
        0.44988946353920173,
        0.4507646802804464,
        0.4509290192757787,
        0.44635655195008506,
        -0.008051107369623547,
        -0.007056359680613692,
        -0.007562018275146841,
        -0.012675856716100586,
        0.44798490803435137,
        0.44817329626723135,
        0.44748665465210036,
        0.44445156149968273,
        0.789872320148376,
        0.7944994532204326,
        0.7930732604772021,
        0.7767693130468062,
        0.603336816950088,
        0.6065295676288898,
        0.606462292440974,
        0.5915654906678309,
        0.15402534449962407,
        0.15352361319312927,
        0.15232448147255825,
        0.1523900192275972,
        3.117422481491929,
        3.1089887515113537,
        3.109283082257141,
        3.275932765827785,
        0,
        0,
        0,
        0,
        0.1937984496124031,
        0.8062015503875969,
        65.96899224806202,
        4.0310077519379846,
        0,
        0,
        0
      ],
      "sd": [
        115.14847362560472,
        1353.8550671826438,
        465.36792778902435,
        923.8282197099633,
        7.1052474406904285,
        112.18576449114155,
        1325.6389514058515,
        439.90045426878737,
        910.3094806602276,
        6.22870628978027,
        2.6132195719951374,
        2.4216091455713973,
        1,
        1,
        1,
        1,
        1543.169822124906,
        1607.9203972090604,
        8.899207333062893,
        7.781065115950025,
        5.111813950707035,
        6.785133845367155,
        1,
        1,
        1,
        1,
        1,
        1,
        1,
        1,
        1,
        1,
        1,
        1,
        1,
        1,
        1,
        1,
        1,
        1,
        105.07826773395612,
        101.01405715513873,
        101.56412208803081,
        97.71958549159606,
        112.31588484442194,
        103.83623730551439,
        2.2353915388328294,
        1,
        1,
        0.0817333716855622,
        0.10010280026907085,
        0.0897833499217768,
        0.09341033666764566,
        0.033603522186615165,
        0.04320887752820226,
        0.03802023580417515,
        0.0361071457470168,
        0.07807147074870416,
        0.10027051816083542,
        0.08884127253496922,
        0.08979477071068322,
        0.028400824778833822,
        0.03855691261089902,
        0.0323138816469148,
        0.030789142584413835,
        0.13033573140737106,
        0.1399329187374614,
        0.13485754400301314,
        0.1446305046321726,
        0.10556326722768224,
        0.11210491569620343,
        0.10881041359658201,
        0.11805547784134245,
        0.07061271382343835,
        0.07235965955552712,
        0.07011878124300214,
        0.07427840565419276,
        1.5929749373154523,
        2.1849001665203716,
        1.8943187278654126,
        1.8465382309172635,
        1,
        1,
        1,
        1,
        0.3952728305110689,
        0.3952728305110689,
        1.9763641525553475,
        1.9763641525553397,
        1,
        1,
        1
      ]
    },