{"season":2017,"week":20,"generated_at":"2025-11-07T00:38:45.682Z","feature_hash":"bb4369c8a05da7c670cabec36c91b7aa287d8ded","logistic":{"weights":[-0.16975181687869273,-0.3649569962293168,-0.30803483815286375,-0.30557380521605104,2.0417031652515143,0.6833748583140823,0.017738087252852773,-0.43850331851479457,0.18031364543512704,-1.0217331717965947,2.9173862063066243,-2.308809806162213,0,0,0,0,1.2768073389310046,-1.1276101083117613,-1.449442206676815,0.6222398851396188,-3.208335871107958,0.16172051935007273,0,0,0,0,0,0,0,0,0,0,0,0,0,0,0,0,0,0,-0.41123064673874665,-0.21098088834459594,-0.07149703670978988,0.09231350660696773,-0.25765824378530955,-0.30924972175235577,0.1348230191000559,0,0,1.9237458880242144,1.127461140798852,0.01391567161668105,-0.11331143580139055,0.14839837494740132,-0.07378776572211823,-0.18846186229575762,-0.2719132632106386,-2.045099564759484,-1.620581815781801,0.19179359820399544,1.0736554051432148,-0.08742158072083728,-0.008089974917211754,-0.18959052094545573,0.5053096271006712,-0.27559412453396415,0.2669287598475721,-0.5590655275508452,0.49221310240130545,-0.05935972999864558,0.40727446429012104,0.29369877459844673,-0.25460052054044224,-0.06029597332768013,0.09245828169231465,0.053542811971021884,-0.09945277967053506,-0.07259375373178224,-0.3573027581255619,0.023157656864969907,0.1073248437788349,0,0,0,0,-0.08712542220681394,-0.056100008997188075,-0.08712542220681235,0.08712542220681424,0,0,0],"bias":0.8496445862926875,"scaler":{"mu":[151.625,1791.969696969697,546.6477272727273,1245.3219696969697,6.571969696969697,149.4280303030303,1777.8484848484848,548.7992424242424,1229.0492424242425,5.386363636363637,2.590909090909091,2.465909090909091,1,0,0,0,-20.142349952891063,-57.4638765682776,-0.3108929356728275,0.14713687081594734,1450.2880039813083,0.15260074749238756,0,0,0,0,0,0,0,0,0,0,0,0,0,0,0,0,0,0,326.9368686868689,328.056691919192,331.15719696969705,331.1329545454544,-4.220328282828286,-3.076262626262623,7.841654036270289,0,0,-0.022059637447886388,-0.027092517219356738,-0.024471830804237288,-0.029653549914149643,0.4172214264046423,0.41639996400502666,0.41706059269339374,0.414041651809759,-0.026266601047602034,-0.03107344074342529,-0.028842799688475883,-0.03770240660609076,0.4154360174061242,0.41364080537985215,0.41437162970518665,0.4119008651885926,0.8382680038777451,0.8378390013004948,0.8388692354354382,0.8370091529721256,0.5740254810568509,0.5719084317972152,0.5726773358646173,0.5734831069013318,0.21294869775420253,0.21412427907452858,0.21289135628782993,0.21044412147313152,8.298623750006053,8.315360186961778,8.298362386434027,8.276984025173812,0,0,0,0,0.09848484848484848,0.7689393939393939,65.49242424242425,4.507575757575758,0,0,0],"sd":[95.72007553198276,1117.4422833674605,352.12756081531563,798.3842623864923,5.318148094082833,96.44119405768373,1143.0833467640139,381.82156291717865,781.9331046521443,4.040791490261357,2.0429277322040207,2.211962297114657,1,1,1,1,1211.6357878645554,1288.2892911262766,6.645120000368512,4.878482587054863,4.802175371479581,6.455104074659636,1,1,1,1,1,1,1,1,1,1,1,1,1,1,1,1,1,1,97.34246106688754,95.22585821868033,96.99823846185019,93.60665629403775,68.20605110595383,59.203746370177974,2.4724952733869605,1,1,0.08457677728042953,0.10674423838042252,0.09189666893259431,0.09530820224290346,0.03339073433009671,0.042293784274482195,0.036786711993453645,0.036270431717642736,0.06934520534681086,0.09977090937646062,0.08214997855395369,0.08771932782495133,0.027029494912717802,0.03899420388748186,0.032015399677204064,0.03142572157016115,0.11627021291477219,0.11101030373548079,0.10941801611855172,0.1195392128445907,0.08196743659610824,0.0928635508343966,0.08602897984561557,0.08942173330313423,0.062176838815485615,0.07090745753654518,0.066422133733848,0.06576312630508804,1.2749512801920133,1.4560072900687022,1.3453136640746504,1.437764766753884,1,1,1,1,0.29796909756510837,0.4215110940266126,1.4898454878255425,1.4898454878255425,1,1,1]},"features":["off_1st_down_s2d","off_total_yds_s2d","off_rush_yds_s2d","off_pass_yds_s2d","off_turnovers_s2d","def_1st_down_s2d","def_total_yds_s2d","def_rush_yds_s2d","def_pass_yds_s2d","def_turnovers_s2d","wins_s2d","losses_s2d","home","sim_winrate_same_loc_s2d","sim_pointdiff_same_loc_s2d","sim_count_same_loc_s2d","off_total_yds_s2d_minus_opp","def_total_yds_s2d_minus_opp","off_turnovers_s2d_minus_opp","def_turnovers_s2d_minus_opp","elo_pre","elo_diff","rest_days","rest_diff","off_third_down_att_s2d","off_third_down_conv_s2d","off_third_down_pct_s2d","off_red_zone_att_s2d","off_red_zone_td_s2d","off_red_zone_td_pct_s2d","off_dropbacks_s2d","off_sacks_taken_s2d","off_sack_rate_s2d","off_pass_att_s2d","off_rush_att_s2d","off_neutral_pass_rate_s2d","off_third_down_pct_s2d_minus_opp","off_red_zone_td_pct_s2d_minus_opp","off_sack_rate_s2d_minus_opp","off_neutral_pass_rate_s2d_minus_opp","off_yds_for_3g","off_yds_for_5g","def_yds_against_3g","def_yds_against_5g","net_yds_3g","net_yds_5g","qb_ypa_3g","qb_sack_rate_3g","qb_qbr","off_epa_per_play_s2d","off_epa_per_play_w3","off_epa_per_play_w5","off_epa_per_play_exp","off_success_rate_s2d","off_success_rate_w3","off_success_rate_w5","off_success_rate_exp","def_epa_per_play_allowed_s2d","def_epa_per_play_allowed_w3","def_epa_per_play_allowed_w5","def_epa_per_play_allowed_exp","def_success_rate_allowed_s2d","def_success_rate_allowed_w3","def_success_rate_allowed_w5","def_success_rate_allowed_exp","rb_rush_share_s2d","rb_rush_share_w3","rb_rush_share_w5","rb_rush_share_exp","wr_target_share_s2d","wr_target_share_w3","wr_target_share_w5","wr_target_share_exp","te_target_share_s2d","te_target_share_w3","te_target_share_w5","te_target_share_exp","qb_aypa_s2d","qb_aypa_w3","qb_aypa_w5","qb_aypa_exp","qb_sack_rate_s2d","qb_sack_rate_w3","qb_sack_rate_w5","qb_sack_rate_exp","roof_dome","roof_outdoor","weather_temp_f","weather_wind_mph","weather_precip_pct","weather_impact_score","weather_extreme_flag"]},"decision_tree":{"params":{"depth":6,"minSamples":14},"alpha":2},"bt":{"coefficients":[0.2355740343198427,-0.20881783513258279,-0.00349934532364952,0.004574656118451394,-0.07516547525858798,-0.0033873764464044144,-0.001691978147885271,-0.003581889246052128,0.0019548174462138117,0.0005849438090651562],"intercept":0.17808684488536916,"scaler":{"mu":[-1.3165973538519644,-10.058129995112395,0.3878203311006576,0,0.002128744458065987,0,0,0,0,0],"sd":[48.07855139544557,520.7746791526753,12.267484359339614,1,0.07985539595042832,1,1,1,1,1]},"features":["diff_total_yards","diff_turnovers","diff_penalty_yards","diff_possession_seconds","diff_r_ratio","diff_elo_pre","diff_inj_out","diff_inj_skill_out","diff_inj_practice_dnp","diff_inj_out_trend"],"hyperparams":{"steps":1200,"learningRate":0.001,"l2":0.00001}},"ann":{"seeds":[1],"architecture":[92,128,64,32,1],"committee_size":1,"max_epochs":15,"dropout":0.5},"ensemble":{"weights":{"logistic":0.9,"tree":0,"bt":0,"ann":0.09999999999999998},"calibration":{"type":"platt","beta":0.07919455530350943,"source":"platt"},"calibration_beta":0.07919455530350943,"calibration_hash":"8560f6c997af2c96c3b009ff600bf007e682064f08c2d2dc13b5924961b187f1","oof_variance":{"ann":{"mean":0.5309025185979772,"var":0.025672476796349687}}},"pca":[{"component":1,"explained_variance":0.1993974807984379,"top_loadings":[{"feature":"def_total_yds_s2d","loading":0.2741553045885273},{"feature":"def_pass_yds_s2d","loading":0.27214521715941686},{"feature":"def_1st_down_s2d","loading":0.271737907608737},{"feature":"off_total_yds_s2d","loading":0.2685524430336854},{"feature":"off_1st_down_s2d","loading":0.2676726776670148},{"feature":"off_pass_yds_s2d","loading":0.26761559892237846},{"feature":"def_rush_yds_s2d","loading":0.2634293562783505},{"feature":"off_rush_yds_s2d","loading":0.2454558580946769},{"feature":"off_turnovers_s2d","loading":0.23118886140575548},{"feature":"losses_s2d","loading":0.2179045406284323}]},{"component":2,"explained_variance":0.14592501445866626,"top_loadings":[{"feature":"off_epa_per_play_s2d",