{"season":2025,"week":10,"generated_at":"2025-11-14T01:11:53.914Z","feature_hash":"7bfcacda2835c88f763788fe5910b76bb36f2ab9","logistic":{"weights":[-0.26698573602443154,-0.1670345200185932,-0.09824395434589445,-0.17760890863017234,0.6273874314271088,0.055735749335261715,0.09585418911877007,0.2942105736648251,0.06662136324811199,-0.6235795992999958,2.7122451188235415,-2.5132723864580795,0,0,0,0,0.2928079037350996,-0.7778380760110338,-0.3172842839428978,0.6446564352867826,-2.891272415176982,-0.19168860046700226,0,0,0,0,0,0,0,0,0,0,0,0,0,0,0,0,0,0,-0.1829441256346446,0.033943552320684967,-0.09996298697822122,0.11277055282780071,-0.02952626513572653,-0.07120173411356116,-0.01111731354117848,0,0,0.598139131459711,1.0059037035395013,0.2853517502544435,0.3858517247195454,0.11536268564999626,-0.02060310209418252,-0.17814872462706183,-0.29438244631102073,-0.6204557808927865,-0.24282679884146857,-0.23676971389270757,-0.13672447592340836,-0.006314437481375957,-0.1256335042932707,-0.10579653031569747,0.20113796049530452,-0.06338193996087912,-0.10628581972869347,0.24441063463846843,0.1260049737018696,-0.13767817103419763,-0.1540716968369125,0.15273681067984252,0.12546111209357352,0.07142822124105842,-0.08948642799534375,-0.25808037610750917,0.22562344631070863,0.047640053111601,-0.2936061258445982,0.08133926561334681,0.17654742644891067,0,0,0,0,-0.12991179368922,-0.02235691782051984,-0.10310534903803181,0.08887545256907227,0.03381771390865902,0.04768336592592907,0.0012817982885197333,0.35816322859416966,-0.271891567971227,-0.046234281980424834,-0.04588446475839163,0.10215224291020832,-0.22167005700717976,0.24622893327630593,0.10613361554914365,0.005658162221800084,0.03824307061516642,0.13465762029967135,-0.002941956679974224,0.11946914474444144,-0.5283530884941016,-0.0009637866863538388,0.24905165325155534,0.16499344096171878,-0.1038305486165658,0.18940549969959475,0.03154635387123238,-0.2153070574658029,0.025149943806167935,0.06236969615292046,-0.5414632492396414,-0.34707393377858464,0.1874725494055289,-0.24686412599435292,0.25440185753151784,-0.13615013631251413,-0.17500292459682731,-0.5889068003791484,0.5292686544690811,0.21260932349658987,-0.1609477571823643,-0.2200380743040598,0.5226834036607378,-0.10346584451440567,-0.2046623642740561,0.4903028339036709,-0.8609867897121672,0.0797026397102804],"bias":0.6408291355206818,"scaler":{"mu":[120.36567164179104,1422.097014925373,474.089552238806,948.0074626865671,4.343283582089552,119.79850746268657,1418.7462686567164,470.0970149253731,948.6492537313433,3.037313432835821,2.037313432835821,2.1044776119402986,1,0,0,0,15.680571449381056,-6.949990741868525,-0.14874564613469213,0.23276628352290601,1449.8977892732398,-0.1677366242424677,0,0,0,0,0,0,0,0,0,0,0,0,0,0,0,0,0,0,299.5435323383084,296.5468905472636,301.88308457711435,301.8292288557213,-2.339552238805969,-5.282338308457713,6.613465273083171,0,0,0.029774197772497343,0.03306643676179631,0.03106546236447012,0.03536019617132481,0.46802080547501196,0.47207266255997443,0.47003790790544386,0.4668282407247209,0.022519701216111104,0.028617654986992626,0.023370110849009817,0.03016089028088377,0.46391135627725466,0.4683655060325282,0.46530679659063917,0.46341772494980243,0.7905698473700934,0.7956227235639548,0.7926970144179002,0.7821418780691857,0.5943424453104993,0.5881216964248088,0.5924620970846712,0.5981452182457433,0.22474580924901125,0.23016435852003794,0.2259160909043657,0.22418312602295606,7.609866243293143,7.5912372089486455,7.635118510917152,7.57559785588855,0,0,0,0,0.1865671641791045,0.664179104477612,65.83582089552239,4.32089552238806,1.6492537313432836,0.017537313432835825,0.022388059701492536,0.1417910447761194,-0.2537313432835821,-0.6940298507462687,0.23880597014925373,-0.050746268656716435,-0.05223880597014925,0.022388059701492536,0.11194029850746269,0,-0.11729104477611939,-1.3955223880597014,-1.7835820895522387,-1.461194029850746,0.022388059701492536,-7.263432835820895,1.1873134328358206,-1.4850746268656716,0.08955223880597014,0.05970149253731343,0.014925373134328358,-0.022388059701492536,-0.0037313432835820895,0,-0.14925373134328357,0.022388059701492536,-0.019544776119402984,0.13432835820895522,0.0031567164179104475,-0.20149253731343283,-0.006783582089552237,0.05970149253731343,-0.029850746268656716,-0.1791044776119403,0.022388059701492536,-0.09701492537313433,0.006343283582089547,-0.022388059701492536,0.03731343283582089,0.031223880597014926,-0.022388059701492536,7.264179104477613],"sd":[74.0798823623361,856.9648616893192,294.23035098895406,580.0836596415332,3.671399094029536,76.3253816129952,904.6848522491478,321.6325860960772,604.2503713738313,2.6637609939901035,1.6363716525722225,1.8619066488150695,1,1,1,1,913.6006562546258,973.6015645840267,4.986034438091646,3.190790242260814,2.8181322870300844,4.0389856390368655,1,1,1,1,1,1,1,1,1,1,1,1,1,1,1,1,1,1,121.50315620982353,119.19410530517908,122.52782543464333,121.02091064941476,77.86259106504033,72.18657417794003,2.76874339156483,1,1,0.09021400752800787,0.10561888581603819,0.0943256373073785,0.10310976726544696,0.03648209712877568,0.04264477507891067,0.038071649547779626,0.043699574632992275,0.08488546069635625,0.1013391361290843,0.09147493326628843,0.09897693093384421,0.03588056924777121,0.0428219665934902,0.039067958497182156,0.04238584879608143,0.08081786143474315,0.08419821319537467,0.08132795601214282,0.0895045765262989,0.08575528707677546,0.09172153955894942,0.08744441330810722,0.09410574166920124,0.06382493941830907,0.0721685826840232,0.06544473178320523,0.07211170339594894,1.1111798335676055,1.386887120260327,1.2012688919629728,1.2243922327679366,1,1,1,1,0.389563675705618,0.47227663678497706,2.9528484347100075,3.3426255349195753,12.240291591667788,0.08381248230303927,0.14794199702685834,2.168819009653923,11.923065922926474,6.860788010025665,8.908472492879032,3.6447006360831837,0.8040676827818032,0.191865076599738,0.9032317413185179,1,0.49705712793125356,15.13965764746134,14.122260368471585,9.225507391682813,0.37588538087949325,40.87211497152415,12.949963531567334,12.736558659503281,8.942154642492838,1.4076613082181701,0.3228851888475216,0.39524067692135373,0.25550848232492535,0.5325242619376499,2.691910109958729,0.8054517404078817,0.37797539238531164,1.524873592882518,0.0737367093491159,3.668705596992896,0.20764027310238814,2.3744950571784598,6.1242609039388896,2.7693707089179633,3.0185160382695138,6.107090817525851,0.1615564272051955,0.2581916998806896,0.4303194998011495,0.3507855500391715,0.37588538087949325,40.098050354556875]},