{"season":2005,"week":9,"generated_at":"2025-11-07T00:15:29.271Z","feature_hash":"c27ff616793b8b3c91f335f989e93ea8dd2fa9c8","logistic":{"weights":[-0.4116046366960073,-0.2825291327467639,-0.599106183534402,-0.06737809477992406,1.167146324572566,0.8429202798895288,-0.004584812809903861,0.09587821541272967,-0.05782120134231379,-0.5107947017262624,3.060991686688177,-2.8376052160869545,0,0,0,0,0.9208334271310789,-0.8047160200316094,-0.6857289674278352,0.4276813996286473,-3.174967997430031,-0.17746214971071764,0,0,0,0,0,0,0,0,0,0,0,0,0,0,0,0,0,0,0.23762190052559395,0.546554267032668,0.5030389879666334,0.3893717744013996,-0.27683162462914457,0.2567055643762543,-1.2341232045396444,0,0,0.8365446993155197,0.7335329178650664,0.5210031786954303,-0.10960044567718645,-0.01886527732210491,0.2530938366533702,-0.4897260983321963,-0.37264720679952573,-1.1384923349190623,-0.17094606983243774,-0.5739855544180691,0.3130312139009398,-0.47460366204451576,-0.48872616656563933,0.11749210899251943,-0.007946437801923525,-0.34469840658505224,0.2794681045626051,0.059152164042630864,0.25483370515222437,0.00376559301714854,-0.4943918269808809,-0.301066482923013,0.19087605470710375,0.25828625991700077,0.1926479351571518,-0.2686035902605239,0.03963773409144651,0.2959077125351268,0.185605309337902,-0.26544278606076266,0.26111721674081,0,0,0,0,-0.01323294752365268,0.11931369589188535,-0.01323294752365139,0.013232947523652566,0,0,0],"bias":1.4747636425650443,"scaler":{"mu":[97.48275862068965,1141.853448275862,395.6810344827586,746.1724137931035,5.543103448275862,94.32758620689656,1117.8706896551723,364.08620689655174,753.7844827586207,4.198275862068965,1.7844827586206897,1.5775862068965518,1,0,0,0,75.70663796710433,58.459953113043554,0.27522579331843056,0.29603580919546385,1449.7202506129745,-0.49576822768408185,0,0,0,0,0,0,0,0,0,0,0,0,0,0,0,0,0,0,285.808908045977,286.17629310344824,295.3750000000001,294.08089080459774,-9.566091954022983,-7.904597701149422,5.945477344086663,0,0,0.000891825468362484,0.002382744042463066,0.0032563436361527655,-0.00746596564561571,0.44223081090966554,0.4453133900659795,0.443871456567654,0.44259477887851467,-0.008131774004469013,-0.006714322425941292,-0.004969805364732926,-0.009085891428464892,0.4421559893627315,0.4449092086619727,0.4434048380674888,0.44315400566243496,0.8641794324632163,0.8653706410312402,0.8654757987324584,0.8620792998620188,0,0,0,0,0,0,0,0,7.073848266258912,7.035143152154242,7.0723615562601845,7.1966312255721,0,0,0,0,0.1724137931034483,0.8103448275862069,65.86206896551724,4.137931034482759,0,0,0],"sd":[67.12025784425792,764.7920074958214,289.507923753688,519.1351441192273,4.094555344852122,61.00491442358374,709.7606266002209,251.55905486706772,487.79249061168036,3.613241518183874,1.4372269424782897,1.3271103043114951,1,1,1,1,897.388818295044,794.1531538261833,5.183207830765335,4.8638625317759985,2.264829165634559,3.1974626838641846,1,1,1,1,1,1,1,1,1,1,1,1,1,1,1,1,1,1,126.4428078093031,125.21713780605027,129.90746204480857,127.67934650227738,78.7479820312826,75.5609656097664,2.776930311063514,1,1,0.09097134394372344,0.10559949760339443,0.09337655302568103,0.10220211237220256,0.03862861432810216,0.04705977227143207,0.040439633677907094,0.041522481748716,0.09068209703350658,0.10114850664740561,0.09349088122592104,0.10214174642290993,0.040024252249496295,0.04953304003449063,0.04265578283012476,0.04144709242075886,0.06426773527124777,0.06567764449242616,0.06409537347617135,0.071265582918832,1,1,1,1,1,1,1,1,1.6189045318269564,1.6883612158864587,1.6294338297270157,1.9987801290439655,1,1,1,1,0.37773969483114916,0.39202817244489924,1.8886984741557467,1.8886984741557455,1,1,1]},"features":["off_1st_down_s2d","off_total_yds_s2d","off_rush_yds_s2d","off_pass_yds_s2d","off_turnovers_s2d","def_1st_down_s2d","def_total_yds_s2d","def_rush_yds_s2d","def_pass_yds_s2d","def_turnovers_s2d","wins_s2d","losses_s2d","home","sim_winrate_same_loc_s2d","sim_pointdiff_same_loc_s2d","sim_count_same_loc_s2d","off_total_yds_s2d_minus_opp","def_total_yds_s2d_minus_opp","off_turnovers_s2d_minus_opp","def_turnovers_s2d_minus_opp","elo_pre","elo_diff","rest_days","rest_diff","off_third_down_att_s2d","off_third_down_conv_s2d","off_third_down_pct_s2d","off_red_zone_att_s2d","off_red_zone_td_s2d","off_red_zone_td_pct_s2d","off_dropbacks_s2d","off_sacks_taken_s2d","off_sack_rate_s2d","off_pass_att_s2d","off_rush_att_s2d","off_neutral_pass_rate_s2d","off_third_down_pct_s2d_minus_opp","off_red_zone_td_pct_s2d_minus_opp","off_sack_rate_s2d_minus_opp","off_neutral_pass_rate_s2d_minus_opp","off_yds_for_3g","off_yds_for_5g","def_yds_against_3g","def_yds_against_5g","net_yds_3g","net_yds_5g","qb_ypa_3g","qb_sack_rate_3g","qb_qbr","off_epa_per_play_s2d","off_epa_per_play_w3","off_epa_per_play_w5","off_epa_per_play_exp","off_success_rate_s2d","off_success_rate_w3","off_success_rate_w5","off_success_rate_exp","def_epa_per_play_allowed_s2d","def_epa_per_play_allowed_w3","def_epa_per_play_allowed_w5","def_epa_per_play_allowed_exp","def_success_rate_allowed_s2d","def_success_rate_allowed_w3","def_success_rate_allowed_w5","def_success_rate_allowed_exp","rb_rush_share_s2d","rb_rush_share_w3","rb_rush_share_w5","rb_rush_share_exp","wr_target_share_s2d","wr_target_share_w3","wr_target_share_w5","wr_target_share_exp","te_target_share_s2d","te_target_share_w3","te_target_share_w5","te_target_share_exp","qb_aypa_s2d","qb_aypa_w3","qb_aypa_w5","qb_aypa_exp","qb_sack_rate_s2d","qb_sack_rate_w3","qb_sack_rate_w5","qb_sack_rate_exp","roof_dome","roof_outdoor","weather_temp_f","weather_wind_mph","weather_precip_pct","weather_impact_score","weather_extreme_flag"]},"decision_tree":{"params":{"depth":6,"minSamples":8},"alpha":2},"bt":{"coefficients":[0.08567216671972411,-0.08360099704472126,-0.06747482002757173,0.0017740642451866116,-0.04773372891190703,0.00033519705733459483,0.004123483659485785,0.0009767331325693201,0.0009503177920825602,-0.0024031407196539916],"intercept":0.16993753585077812,"scaler":{"mu":[-2.3667197066364354,-26.734718298238846,0.6147972301443257,0,-0.003914812133767639,0,0,0,0,0],"sd":[56.44864204542592,508.4597882200937,16.077889592029884,1,0.11922607288342131,1,1,1,1,1]},"features":["diff_total_yards","diff_turnovers","diff_penalty_yards","diff_possession_seconds","diff_r_ratio","diff_elo_pre","diff_inj_out","diff_inj_skill_out","diff_inj_practice_dnp","diff_inj_out_trend"],"hyperparams":{"steps":1200,"learningRate":0.001,"l2":0.00001}},"ann":{"seeds":[1],"architecture":[92,128,64,32,1],"committee_size":1,"max_epochs":15,"dropout":0.5},"ensemble":{"weights":{"logistic":0.9,"tree":0,"bt":0,"ann":0.09999999999999998},"calibration":{"type":"platt","beta":0.3090820418732812,"source":"platt"},"calibration_beta":0.3090820418732812,"calibration_hash":"7394f618ffed6b5c910448d45b00c3b623b1c9f86698f7c591965e1cc2b5895a","oof_variance":{"ann":{"mean":0.5132379929305951,"var":0.01801617122050559}}},"pca":[{"component":1,"explained_variance":0.25295674679709806,"top_loadings":[{"feature":"off_total_yds_s2d","loading":0.25328345367537025},{"feature":"off_1st_down_s2d","loading":0.25244906349644974},{"feature":"def_total_yds_s2d","loading":0.2484350893302324},{"feature":"off_pass_yds_s2d","loading":0.24789823545080758},{"feature":"def_1st_down_s2d","loading":0.24730597816284272},{"feature":"def_pass_yds_s2d","loading":0.24409966419151716},{"feature":"def_rush_yds_s2d","loading":0.22761836797848747},{"feature":"off_rush_yds_s2d","loading":0.2245758042516309},{"feature":"wins_s2d","loading":0.19466906772710582},{"feature":"off_turnovers_s2d","loading":0.17296142156687372}]},{"component":2,"explained_variance":0.16102678301369996,"top_loadings":[{"feature":"off_epa_per_play_s2d","loading":0.27592688840755186},{"feature":"off_epa_per_play_w5","loading":0.27024094449840647},{"feature":"qb_aypa_w5","loading":0.2648019413856699},{"feature":"qb_aypa_s2d","loading":0.26357252359550715},{"feature":"qb_aypa_w3","loading":0.25579495100908983},{"feature":"off_epa_per_play_w3",