{"season":2016,"week":1,"generated_at":"2025-11-07T00:35:49.607Z","feature_hash":"e72f81bd368ed620ef105219c3c0b9239a232868","logistic":{"weights":[-0.31223779696378384,-0.5977965115014365,-0.35402637940668674,-0.6216844946767255,2.047674396207343,1.1367326668182385,0.24011753057948984,0.13852844476547158,0.20184457398636238,-1.5427424415418918,2.8931181866698714,-2.3741087779994143,0,0,0,0,0.5350829915016766,-1.2258375482846724,-1.282870135279244,0.8500205904502756,-2.901206942338498,-0.06308524951214886,0,0,0,0,0,0,0,0,0,0,0,0,0,0,0,0,0,0,-0.5191892275846042,-0.2498628014259918,-0.16676225660043364,-0.11695301783781879,-0.25491472531467,0.01793856404274737,0.06033614780403117,0,0,1.7791900469359676,0.9127812723631348,0.3586361057607454,-0.44351965617687744,-0.2541412261778741,-0.26729826180652644,-0.04988108660649124,-0.40484484410302257,-2.177268750711504,-0.7164970997688583,0.7945355863511052,0.3217918185903158,-0.5322534036131217,0.21730281869538776,0.31547594504124427,-0.116835479487836,-0.30620149528769774,0.5020081605664422,-0.349345493812357,0.07939415015099888,0.09735403317050324,0.9325908704336473,0.3086878411359291,-0.10012483804034918,0.2595374180951541,0.23806593125320213,0.3766949841463189,-0.24606482133134677,0.13283903543642503,-0.3472351312079812,0.0127028106194285,-0.14083675951374924,0,0,0,0,0.15029895278301778,0.4332965740810184,0.1502989527830185,-0.1502989527830173,0,0,0],"bias":0.5690748442682655,"scaler":{"mu":[0,0,0,0,0,0,0,0,0,0,0,0,0,0,0,0,0,0,0,0,0,0,0,0,0,0,0,0,0,0,0,0,0,0,0,0,0,0,0,0,0,0,0,0,0,0,0,0,0,0,0,0,0,0,0,0,0,0,0,0,0,0,0,0,0,0,0,0,0,0,0,0,0,0,0,0,0,0,0,0,0,0,0,0,0,0,0,0,0,0,0,0],"sd":[1,1,1,1,1,1,1,1,1,1,1,1,1,1,1,1,1,1,1,1,1,1,1,1,1,1,1,1,1,1,1,1,1,1,1,1,1,1,1,1,1,1,1,1,1,1,1,1,1,1,1,1,1,1,1,1,1,1,1,1,1,1,1,1,1,1,1,1,1,1,1,1,1,1,1,1,1,1,1,1,1,1,1,1,1,1,1,1,1,1,1,1]},"features":["off_1st_down_s2d","off_total_yds_s2d","off_rush_yds_s2d","off_pass_yds_s2d","off_turnovers_s2d","def_1st_down_s2d","def_total_yds_s2d","def_rush_yds_s2d","def_pass_yds_s2d","def_turnovers_s2d","wins_s2d","losses_s2d","home","sim_winrate_same_loc_s2d","sim_pointdiff_same_loc_s2d","sim_count_same_loc_s2d","off_total_yds_s2d_minus_opp","def_total_yds_s2d_minus_opp","off_turnovers_s2d_minus_opp","def_turnovers_s2d_minus_opp","elo_pre","elo_diff","rest_days","rest_diff","off_third_down_att_s2d","off_third_down_conv_s2d","off_third_down_pct_s2d","off_red_zone_att_s2d","off_red_zone_td_s2d","off_red_zone_td_pct_s2d","off_dropbacks_s2d","off_sacks_taken_s2d","off_sack_rate_s2d","off_pass_att_s2d","off_rush_att_s2d","off_neutral_pass_rate_s2d","off_third_down_pct_s2d_minus_opp","off_red_zone_td_pct_s2d_minus_opp","off_sack_rate_s2d_minus_opp","off_neutral_pass_rate_s2d_minus_opp","off_yds_for_3g","off_yds_for_5g","def_yds_against_3g","def_yds_against_5g","net_yds_3g","net_yds_5g","qb_ypa_3g","qb_sack_rate_3g","qb_qbr","off_epa_per_play_s2d","off_epa_per_play_w3","off_epa_per_play_w5","off_epa_per_play_exp","off_success_rate_s2d","off_success_rate_w3","off_success_rate_w5","off_success_rate_exp","def_epa_per_play_allowed_s2d","def_epa_per_play_allowed_w3","def_epa_per_play_allowed_w5","def_epa_per_play_allowed_exp","def_success_rate_allowed_s2d","def_success_rate_allowed_w3","def_success_rate_allowed_w5","def_success_rate_allowed_exp","rb_rush_share_s2d","rb_rush_share_w3","rb_rush_share_w5","rb_rush_share_exp","wr_target_share_s2d","wr_target_share_w3","wr_target_share_w5","wr_target_share_exp","te_target_share_s2d","te_target_share_w3","te_target_share_w5","te_target_share_exp","qb_aypa_s2d","qb_aypa_w3","qb_aypa_w5","qb_aypa_exp","qb_sack_rate_s2d","qb_sack_rate_w3","qb_sack_rate_w5","qb_sack_rate_exp","roof_dome","roof_outdoor","weather_temp_f","weather_wind_mph","weather_precip_pct","weather_impact_score","weather_extreme_flag"]},"decision_tree":{"params":{"depth":6,"minSamples":8},"alpha":6},"bt":{"coefficients":[0.004200371232222831,-0.0020272880197499976,0.001204076080123373,-0.0042687335589474415,0.0009138132401841359,0.00487929400617045,-0.0006799435377629104,-0.000828641686998981,-0.0035745953017056187,-0.003721086466507997],"intercept":0,"scaler":{"mu":[],"sd":[]},"features":["diff_total_yards","diff_turnovers","diff_penalty_yards","diff_possession_seconds","diff_r_ratio","diff_elo_pre","diff_inj_out","diff_inj_skill_out","diff_inj_practice_dnp","diff_inj_out_trend"],"hyperparams":{"steps":1200,"learningRate":0.001,"l2":0.00001}},"ann":{"seeds":[],"architecture":[0,1],"committee_size":0,"max_epochs":15,"dropout":0.5},"ensemble":{"weights":{"logistic":0,"tree":0,"bt":0,"ann":1},"calibration":{"type":"league_prior","lambda":0.85,"mean":0.56,"source":"league_prior"},"calibration_beta":0,"calibration_hash":"729bd80641a1693082e28166f0bc44dbe300221d0d4bf4256b7f485c2cf5cc29","oof_variance":{"ann":null}},"pca":[],"feature_enrichment":{"appended_features":["off_epa_per_play_s2d","off_epa_per_play_w3","off_epa_per_play_w5","off_epa_per_play_exp","off_success_rate_s2d","off_success_rate_w3","off_success_rate_w5","off_success_rate_exp","def_epa_per_play_allowed_s2d","def_epa_per_play_allowed_w3","def_epa_per_play_allowed_w5","def_epa_per_play_allowed_exp","def_success_rate_allowed_s2d","def_success_rate_allowed_w3","def_success_rate_allowed_w5","def_success_rate_allowed_exp","rb_rush_share_s2d","rb_rush_share_w3","rb_rush_share_w5","rb_rush_share_exp","wr_target_share_s2d","wr_target_share_w3","wr_target_share_w5","wr_target_share_exp","te_target_share_s2d","te_target_share_w3","te_target_share_w5","te_target_share_exp","qb_aypa_s2d","qb_aypa_w3","qb_aypa_w5","qb_aypa_exp","qb_sack_rate_s2d","qb_sack_rate_w3","qb_sack_rate_w5","qb_sack_rate_exp","roof_dome","roof_outdoor","weather_temp_f","weather_wind_mph","weather_precip_pct","weather_impact_score","weather_extreme_flag"],"pbp_rows":47651,"player_weekly_rows":17552}}