{"season":2013,"week":19,"generated_at":"2025-11-07T00:31:27.255Z","feature_hash":"d3f3a49a52f315d159fe574d4ff1f27e293c7d2c","logistic":{"weights":[-0.27713021934919124,-0.744947923572431,-0.7276592209711937,-0.6601287867878114,1.7348657722086984,0.8928419578380716,-0.04031945978029217,0.4642504536608337,-0.33596209173385866,-0.6092689712473366,3.0994773974281604,-2.7816300363757334,0,0,0,0,1.1346888991032547,-0.8123442913943121,-0.8911937294249096,0.9589335858065988,-3.421254249619266,-0.13199307449149855,0,0,0,0,0,0,0,0,0,0,0,0,0,0,0,0,0,0,-0.16048918480045804,-0.25465462954151874,0.02531152530577791,0.23467430691790678,-0.03890835639053518,-0.619887462008627,0.3177181292013299,0,0,1.892645417095024,1.1934965842136505,-0.04931294163522684,-0.02723396251113131,0.6364144020845589,0.061735506383349445,-0.3409114379916771,0.4335275592823592,-2.0120064631583854,-1.1179124568184453,0.22919878281491363,0.4706146523481702,-0.7905625615489629,0.1213653869209685,0.24093427917702542,-0.35848979883658216,-0.4392273136222403,-0.2057792830258891,-0.5551879149797526,0.613176049762756,-0.5275505529482811,0.22430282235563387,-0.20399206792284436,-0.33703772711558255,0.4079038094361785,0.02256938655272634,-0.10152116802404927,-0.2035948667369693,0.3840182963386017,-0.3259329744687401,0.32167876277755647,-0.18698940675484013,0,0,0,0,-0.03616003317099536,-0.06404030516323185,-0.03616003317099439,0.03616003317099562,0,0,0],"bias":1.3041101505755497,"scaler":{"mu":[152.71042471042472,1822.7027027027027,565.2084942084942,1257.4942084942086,7.223938223938224,151.6949806949807,1798.023166023166,544.8223938223938,1253.2007722007722,5.725868725868726,2.5984555984555984,2.362934362934363,1,0,0,0,15.920923537240927,6.189402202938832,-0.023910778733439175,0.19727787404127622,1449.9560486368296,-0.25782712758143456,0,0,0,0,0,0,0,0,0,0,0,0,0,0,0,0,0,0,342.88223938223933,343.34768339768317,343.05212355212365,344.96203346203345,-0.16988416988417163,-1.6143500643500663,7.851362413936181,0,0,0.006817884373229386,0.010779501337540924,0.010634294741535868,0.0078124485756236525,0.4358403388431448,0.43738083189306715,0.4367962200275245,0.4348732840481372,0.005308104120967353,0.005134751229552625,0.006233026383700859,0.0052234814676247856,0.43522191751147526,0.43571842511843883,0.4358660349429618,0.4340218466225704,0.8378041428657029,0.8402287512339558,0.8392719615738041,0.8411816115192277,0.5985911517536567,0.5954930905362178,0.5948588230401967,0.5966670197144994,0.20784836684437732,0.20714645254475786,0.20856059360504148,0.2063980863152053,8.458955826839489,8.416432112988025,8.439276275730117,8.28398833620609,0,0,0,0,0.15444015444015444,0.7258687258687259,65.77220077220078,4.227799227799228,0,0,0],"sd":[91.44087445267046,1091.447468138976,376.5841122455938,753.027959048876,5.128846266663853,92.60071014418908,1099.4390599608428,369.64458475026544,758.4204668112327,4.23969870329676,2.038471096236262,1.9371237782783277,1,1,1,1,1229.50301510087,1252.7954821077112,6.252423263812287,5.525486101524104,4.3797757182800705,6.214345969235031,1,1,1,1,1,1,1,1,1,1,1,1,1,1,1,1,1,1,102.14707880172828,99.68850476670491,103.11890696374269,100.84509582831382,69.82651550550085,60.88207258393163,2.5591811756614495,1,1,0.07870968602147142,0.09864229500806475,0.0836681191800487,0.07815515344456549,0.03412982332772073,0.04242382198480867,0.03638612684171306,0.03188321424369942,0.06702140575536235,0.09139025227758847,0.07793948895190492,0.06720897218028557,0.0321847559985792,0.03959562538824875,0.03586326413680327,0.03189018183059232,0.08602650888607308,0.09561894733743223,0.08974069636552465,0.08499528510096892,0.08331752525063962,0.08958373559281269,0.08332179838735128,0.08405383672537929,0.05490158915335287,0.06440739345990001,0.0575871975496929,0.059396725915286656,1.3858120312300044,1.605049348807522,1.435789556178213,1.6111822302575984,1,1,1,1,0.3613701608277239,0.44607546298181194,1.8068508041386244,1.806850804138625,1,1,1]},"features":["off_1st_down_s2d","off_total_yds_s2d","off_rush_yds_s2d","off_pass_yds_s2d","off_turnovers_s2d","def_1st_down_s2d","def_total_yds_s2d","def_rush_yds_s2d","def_pass_yds_s2d","def_turnovers_s2d","wins_s2d","losses_s2d","home","sim_winrate_same_loc_s2d","sim_pointdiff_same_loc_s2d","sim_count_same_loc_s2d","off_total_yds_s2d_minus_opp","def_total_yds_s2d_minus_opp","off_turnovers_s2d_minus_opp","def_turnovers_s2d_minus_opp","elo_pre","elo_diff","rest_days","rest_diff","off_third_down_att_s2d","off_third_down_conv_s2d","off_third_down_pct_s2d","off_red_zone_att_s2d","off_red_zone_td_s2d","off_red_zone_td_pct_s2d","off_dropbacks_s2d","off_sacks_taken_s2d","off_sack_rate_s2d","off_pass_att_s2d","off_rush_att_s2d","off_neutral_pass_rate_s2d","off_third_down_pct_s2d_minus_opp","off_red_zone_td_pct_s2d_minus_opp","off_sack_rate_s2d_minus_opp","off_neutral_pass_rate_s2d_minus_opp","off_yds_for_3g","off_yds_for_5g","def_yds_against_3g","def_yds_against_5g","net_yds_3g","net_yds_5g","qb_ypa_3g","qb_sack_rate_3g","qb_qbr","off_epa_per_play_s2d","off_epa_per_play_w3","off_epa_per_play_w5","off_epa_per_play_exp","off_success_rate_s2d","off_success_rate_w3","off_success_rate_w5","off_success_rate_exp","def_epa_per_play_allowed_s2d","def_epa_per_play_allowed_w3","def_epa_per_play_allowed_w5","def_epa_per_play_allowed_exp","def_success_rate_allowed_s2d","def_success_rate_allowed_w3","def_success_rate_allowed_w5","def_success_rate_allowed_exp","rb_rush_share_s2d","rb_rush_share_w3","rb_rush_share_w5","rb_rush_share_exp","wr_target_share_s2d","wr_target_share_w3","wr_target_share_w5","wr_target_share_exp","te_target_share_s2d","te_target_share_w3","te_target_share_w5","te_target_share_exp","qb_aypa_s2d","qb_aypa_w3","qb_aypa_w5","qb_aypa_exp","qb_sack_rate_s2d","qb_sack_rate_w3","qb_sack_rate_w5","qb_sack_rate_exp","roof_dome","roof_outdoor","weather_temp_f","weather_wind_mph","weather_precip_pct","weather_impact_score","weather_extreme_flag"]},"decision_tree":{"params":{"depth":6,"minSamples":14},"alpha":2},"bt":{"coefficients":[-0.11449576637115724,-0.34837804395067506,-0.19130786815164832,0.0027431178679352755,0.05551566301298304,0.0017439474681372126,0.0033609441197228122,-0.00285706689267329,0.00003468791035000757,0.00297763532806371],"intercept":-0.2008788988458459,"scaler":{"mu":[-1.2307891753258806,18.070590709603326,0.35272101206201206,0,0.000030163741825755303,0,0,0,0,0],"sd":[56.56049547330151,525.5577282407668,15.501235340294258,1,0.09704710753369178,1,1,1,1,1]},"features":["diff_total_yards","diff_turnovers","diff_penalty_yards","diff_possession_seconds","diff_r_ratio","diff_elo_pre","diff_inj_out","diff_inj_skill_out","diff_inj_practice_dnp","diff_inj_out_trend"],"hyperparams":{"steps":1200,"learningRate":0.001,"l2":0.00001}},"ann":{"seeds":[1],"architecture":[92,128,64,32,1],"committee_size":1,"max_epochs":15,"dropout":0.5},"ensemble":{"weights":{"logistic":0.9,"tree":0,"bt":0,"ann":0.09999999999999998},"calibration":{"type":"platt","beta":0.013545744606618995,"source":"platt"},"calibration_beta":0.013545744606618995,"calibration_hash":"f31f2336f8ec37ad0bf815c7e64ec9ce1a3cf10cef7e8c35e234d5c0fb9e970e","oof_variance":{"ann":{"mean":0.5333774349137328,"var":0.029807718857397938}}},"pca":[{"component":1,"explained_variance":0.20018534656576223,"top_loadings":[{"feature":"def_1st_down_s2d","loading":0.26779327493426247},{"feature":"off_total_yds_s2d","loading":0.2673143394981788},{"feature":"def_total_yds_s2d","loading":0.2666315310739873},{"feature":"off_1st_down_s2d","loading":0.2665639811944156},{"feature":"def_pass_yds_s2d","loading":0.26456210374316597},{"feature":"off_pass_yds_s2d","loading":0.26428676813870533},{"feature":"def_rush_yds_s2d","loading":0.2502290293822156},{"feature":"off_rush_yds_s2d","loading":0.2462776054846764},{"feature":"off_turnovers_s2d","loading":0.2067032068916183},{"feature":"def_turnovers_s2d","loading":0.20546195569897316}]},{"component":2,"explained_variance":0.15074875667604426,"top_loadings":[{"feature":"off_success_rate_s2d",