{"season":2016,"week":15,"generated_at":"2025-11-07T00:36:27.143Z","feature_hash":"42321f60529011e1bf0bdfab67f9a3a07cd10063","logistic":{"weights":[-0.34192502348491105,-0.6131527455872521,-0.282003543511524,-0.6615268890536499,1.623270022698199,0.9363587766221926,0.17401027550208045,0.1458896212130281,0.10518080159011,-1.5802594378820478,3.0207492585702553,-2.466177475089508,0,0,0,0,1.042645661098563,-0.4343682210199428,-1.8442141331125712,0.950753569661888,-3.2164248663811263,0.11488465630408562,0,0,0,0,0,0,0,0,0,0,0,0,0,0,0,0,0,0,-0.3287119598444076,-0.0212237592358688,0.051521663919283,0.07673494381305888,-0.33700494887078547,0.08767590500000946,0.3347907255904628,0,0,1.7480746146006667,0.8732986088968249,0.07956699635740094,-0.37229166721014384,0.10855221555821432,-0.019373828062256473,0.08273877144418029,0.024980413733027857,-2.3986598917135766,-0.9491812093363339,0.46058648701612886,0.15126834466342248,-0.41182806010913364,0.34175365410982156,0.10597525122904822,-0.04315597577167905,-0.12037164037009018,0.5599446979356809,-0.19940818364410615,0.4346101954471509,-0.060280282229321955,0.578853488539443,0.2059139885047007,-0.09066949722058168,0.23734237100428585,0.32302634285352544,0.2783847955353173,-0.24678352388187658,-0.09151663705399124,-0.557644768926875,-0.22301603985115243,0.03616033573875397,0,0,0,0,-0.03943394945338445,0.15139377895247502,-0.03943394945338349,0.039433949453384715,0,0,0],"bias":0.828391439574333,"scaler":{"mu":[128.95145631067962,1510.2184466019417,439.49514563106794,1070.7233009708739,5.271844660194175,129.93203883495147,1517.0291262135922,441.86407766990294,1075.1650485436894,4.029126213592233,2.0436893203883497,2.0728155339805827,1,0,0,0,-83.80231025425633,-88.5557694606369,-0.0490089372846292,-0.12084449975193068,1449.7839917819058,-0.44879718478809044,0,0,0,0,0,0,0,0,0,0,0,0,0,0,0,0,0,0,334.39320388349506,336.29935275080913,340.96440129449854,342.7033171521035,-6.571197411003235,-6.403964401294496,7.633586413504108,0,0,-0.00321020393092965,-0.0032719762918507226,-0.0019464908600035026,-0.00009826375933393554,0.4281296032175974,0.42609511485699275,0.42701149391170606,0.4292299187840114,-0.002191385729610928,-0.003015111196684597,-0.0015217627584629121,0.00000889472840497437,0.4282477815527051,0.42629739191005916,0.42700063679818157,0.42933097423593447,0.8441294121742385,0.8422440569870547,0.8431289150289998,0.8392543458441868,0.6019248639091318,0.5978557162049337,0.6008173978741311,0.6018347034545662,0.20631147657476173,0.20967952301254394,0.20932185555488078,0.20167587665756626,8.222737279332915,8.23019968615223,8.296515879231505,8.068509025271796,0,0,0,0,0.1262135922330097,0.7621359223300971,65.63106796116504,4.368932038834951,0,0,0],"sd":[82.52923914233754,959.531507777105,303.6949278465745,678.8346997990302,4.35933141475118,84.33022954012253,991.9187002418731,316.5732955067953,698.5543337672437,3.2214581233318595,1.6319129226074909,2.0807809481831083,1,1,1,1,1170.1463803966387,1218.3407559568748,5.709291139345683,3.985835356296583,3.8974139226085476,4.958706316770341,1,1,1,1,1,1,1,1,1,1,1,1,1,1,1,1,1,1,108.90534535656381,106.83719075583839,109.41506892921076,107.68932201775993,63.96715969875034,53.2584773443703,2.561064110910835,1,1,0.07368716106308248,0.08812473636048794,0.07865989779330115,0.08825474453776419,0.032568458755686494,0.0391591541244638,0.0349419634520257,0.038715113343286325,0.08631527357884984,0.09662252297194224,0.08949435687146473,0.09441484263478779,0.037066389796475724,0.042150637696202975,0.038480129722767514,0.04031235030083353,0.07502795653630695,0.09268715595842386,0.0829912864433825,0.08046205648746266,0.07576110797760786,0.08900999459358783,0.08050837154558854,0.07499746092817311,0.075278265425801,0.08479704302054153,0.07927453087839278,0.07952135754720639,1.064355514052462,1.3499710585173568,1.1894554558009234,1.195612394290794,1,1,1,1,0.3320899296405258,0.42577547865529913,1.66044964820263,1.660449648202631,1,1,1]},"features":["off_1st_down_s2d","off_total_yds_s2d","off_rush_yds_s2d","off_pass_yds_s2d","off_turnovers_s2d","def_1st_down_s2d","def_total_yds_s2d","def_rush_yds_s2d","def_pass_yds_s2d","def_turnovers_s2d","wins_s2d","losses_s2d","home","sim_winrate_same_loc_s2d","sim_pointdiff_same_loc_s2d","sim_count_same_loc_s2d","off_total_yds_s2d_minus_opp","def_total_yds_s2d_minus_opp","off_turnovers_s2d_minus_opp","def_turnovers_s2d_minus_opp","elo_pre","elo_diff","rest_days","rest_diff","off_third_down_att_s2d","off_third_down_conv_s2d","off_third_down_pct_s2d","off_red_zone_att_s2d","off_red_zone_td_s2d","off_red_zone_td_pct_s2d","off_dropbacks_s2d","off_sacks_taken_s2d","off_sack_rate_s2d","off_pass_att_s2d","off_rush_att_s2d","off_neutral_pass_rate_s2d","off_third_down_pct_s2d_minus_opp","off_red_zone_td_pct_s2d_minus_opp","off_sack_rate_s2d_minus_opp","off_neutral_pass_rate_s2d_minus_opp","off_yds_for_3g","off_yds_for_5g","def_yds_against_3g","def_yds_against_5g","net_yds_3g","net_yds_5g","qb_ypa_3g","qb_sack_rate_3g","qb_qbr","off_epa_per_play_s2d","off_epa_per_play_w3","off_epa_per_play_w5","off_epa_per_play_exp","off_success_rate_s2d","off_success_rate_w3","off_success_rate_w5","off_success_rate_exp","def_epa_per_play_allowed_s2d","def_epa_per_play_allowed_w3","def_epa_per_play_allowed_w5","def_epa_per_play_allowed_exp","def_success_rate_allowed_s2d","def_success_rate_allowed_w3","def_success_rate_allowed_w5","def_success_rate_allowed_exp","rb_rush_share_s2d","rb_rush_share_w3","rb_rush_share_w5","rb_rush_share_exp","wr_target_share_s2d","wr_target_share_w3","wr_target_share_w5","wr_target_share_exp","te_target_share_s2d","te_target_share_w3","te_target_share_w5","te_target_share_exp","qb_aypa_s2d","qb_aypa_w3","qb_aypa_w5","qb_aypa_exp","qb_sack_rate_s2d","qb_sack_rate_w3","qb_sack_rate_w5","qb_sack_rate_exp","roof_dome","roof_outdoor","weather_temp_f","weather_wind_mph","weather_precip_pct","weather_impact_score","weather_extreme_flag"]},"decision_tree":{"params":{"depth":6,"minSamples":11},"alpha":2},"bt":{"coefficients":[0.10068890314591553,-0.19175808020413035,0.08923257586479198,-0.0002885854195032666,0.06992432854893768,0.004905721649950233,0.0016962103682831014,-0.004906306137171864,-0.004223549649546521,-0.0032872552751888715],"intercept":0.1432242440479979,"scaler":{"mu":[-2.6864135557600193,38.907841153718884,-0.04508429542827099,0,0.0022764169327812497,0,0,0,0,0],"sd":[48.71018334966545,521.3481333559123,15.564330950777261,1,0.07598633529417471,1,1,1,1,1]},"features":["diff_total_yards","diff_turnovers","diff_penalty_yards","diff_possession_seconds","diff_r_ratio","diff_elo_pre","diff_inj_out","diff_inj_skill_out","diff_inj_practice_dnp","diff_inj_out_trend"],"hyperparams":{"steps":1200,"learningRate":0.001,"l2":0.00001}},"ann":{"seeds":[1],"architecture":[92,128,64,32,1],"committee_size":1,"max_epochs":15,"dropout":0.5},"ensemble":{"weights":{"logistic":0.75,"tree":0.15,"bt":0,"ann":0.1},"calibration":{"type":"platt","beta":0.16540226904893593,"source":"platt"},"calibration_beta":0.16540226904893593,"calibration_hash":"b13df93e4f26b35ab90d223d80c66e89605cae6fddefe336fd575917fbc0b245","oof_variance":{"ann":{"mean":0.5333737105996704,"var":0.03384921741125777}}},"pca":[{"component":1,"explained_variance":0.20144613956211743,"top_loadings":[{"feature":"def_total_yds_s2d","loading":0.2742813716130795},{"feature":"def_1st_down_s2d","loading":0.27215182497612656},{"feature":"def_pass_yds_s2d","loading":0.26987231352372265},{"feature":"off_total_yds_s2d","loading":0.2660884724304215},{"feature":"def_rush_yds_s2d","loading":0.2639020683076597},{"feature":"off_1st_down_s2d","loading":0.2636002973215488},{"feature":"off_pass_yds_s2d","loading":0.2619044254686056},{"feature":"off_rush_yds_s2d","loading":0.2552906025266862},{"feature":"losses_s2d","loading":0.23911249876160084},{"feature":"off_turnovers_s2d","loading":0.23508629936241626}]},{"component":2,"explained_variance":0.15621885117908793,"top_loadings":[{"feature":"off_epa_per_play_s2d",