{"season":2001,"week":20,"generated_at":"2025-11-07T00:09:07.782Z","feature_hash":"1118aec35416218aa23e088b98b651e6d3299031","logistic":{"weights":[-0.7788787237159283,-0.34310206235655255,-0.22922223077868567,-0.4045646725665109,0.9374887709002889,0.5925250919440418,0.12544881381971704,0.5292994643019764,-0.07844719938090058,0.07181455549378928,2.5667258742039527,-2.4840766226212447,0,0,0,0,0.878902551495452,-0.7769742485155131,-0.5703618588854332,0.13069932297205653,-3.3170076873455594,0.5839403974286673,0,0,0,0,0,0,0,0,0,0,0,0,0,0,0,0,0,0,-0.13583466220429702,-0.050235648367172425,-0.14750050526411265,-0.0024420033539599775,-0.02730179677535807,-0.26183826851296044,-0.39897548955699763,0,0,0.24201915497929669,0.7215681361776027,0.20817218917613142,0.2532089077764309,0.22111409359391035,0.26065217223215686,-0.16006873021637694,0.20365852476792493,-0.19313563996758462,-0.3838959642192315,-0.4133014771232067,-0.12858534402041977,-0.06697280743666181,0.15067641535392554,0.06393495159344163,-0.3527437833311848,-0.23699051380324068,0.2746058919920442,-0.016018330930207925,0.03179091002343328,-0.05502624541742208,-0.012004989873127342,0.012803630960897145,-0.01850797567029998,-0.16632142982746748,-0.2675862256103688,0.001585538092465423,-0.13203333644834228,-0.13875992814044916,0.4725359191827566,-0.454355293150549,0.40397171242301366,0,0,0,0,0.07544173885709406,-0.0754417388570941,0.07544173885709499,-0.07544173885709414,0,0,0],"bias":0.47838987308215486,"scaler":{"mu":[162.0078125,1929.51171875,641.9765625,1287.53515625,9.43359375,161.2265625,1917.2265625,629.84375,1287.3828125,7.70703125,2.98828125,2.79296875,1,0,0,0,-68.66905412431224,-97.83757421589554,-0.5732048019049532,-0.23703930458842512,1450.2984640778616,0.0743344844837015,0,0,0,0,0,0,0,0,0,0,0,0,0,0,0,0,0,0,311.00455729166686,309.8951171875003,312.07161458333354,311.0772786458336,-1.0670572916666659,-1.1821614583333306,3.0048757676647146,0,0,-0.007966335581404152,-0.007694268688094604,-0.004599942676350836,-0.014516352679763898,0.4496015668595991,0.4499604390817971,0.45022217999479686,0.4459659465480913,-0.007482484115594141,-0.0056749097927159585,-0.0070616102248267166,-0.012101097942330732,0.4481318472834161,0.4483988205817248,0.44756217346576327,0.4445599739876765,0.7898022911464988,0.7945702254094452,0.7926350806864882,0.7764793025014092,0.602621998188676,0.6058318819593239,0.6056305672174219,0.5907679937256515,0.15439361621387568,0.15377900600453392,0.1527200439510735,0.15273716720555175,3.1067693057843737,3.121949601132536,3.1150596726023356,3.2687058976281866,0,0,0,0,0.19140625,0.80859375,65.95703125,4.04296875,0,0,0],"sd":[115.23739058554234,1354.4575626150754,465.7823134396406,924.2678641506142,7.108223421499984,112.17757371432845,1325.4704543036535,439.61833477851843,910.5878863498514,6.245944729304242,2.619760279280995,2.422249844983675,1,1,1,1,1528.6305665386774,1594.9593675068434,8.858713697864534,7.780055321585841,4.974186365343452,6.795731671223135,1,1,1,1,1,1,1,1,1,1,1,1,1,1,1,1,1,1,105.25010660407243,101.06044358943424,101.95957673518525,98.05273892499478,112.5499385489932,103.84884195610096,2.23527881953229,1,1,0.08167927473903905,0.10029255028299508,0.08905777177258485,0.09329528611055227,0.03349192228905473,0.04225038270379935,0.03701591910670827,0.035847866501970554,0.07810922982668567,0.0994143515087517,0.08875110059627139,0.08988659688367628,0.02845947910382555,0.03857398035758712,0.03235890564352454,0.030884123674450398,0.1308284363531477,0.1404745356856316,0.13528140880884856,0.14513590347190966,0.10551353575781428,0.11194263205695194,0.10870390210280195,0.11803145497378123,0.07075936933335022,0.07224574805433177,0.07023188052238079,0.07446364985381901,1.5921132145212173,2.188468538400598,1.8963636474237977,1.8503962622890378,1,1,1,1,0.39340805464674655,0.39340805464674655,1.9670402732337327,1.9670402732337327,1,1,1]},"features":["off_1st_down_s2d","off_total_yds_s2d","off_rush_yds_s2d","off_pass_yds_s2d","off_turnovers_s2d","def_1st_down_s2d","def_total_yds_s2d","def_rush_yds_s2d","def_pass_yds_s2d","def_turnovers_s2d","wins_s2d","losses_s2d","home","sim_winrate_same_loc_s2d","sim_pointdiff_same_loc_s2d","sim_count_same_loc_s2d","off_total_yds_s2d_minus_opp","def_total_yds_s2d_minus_opp","off_turnovers_s2d_minus_opp","def_turnovers_s2d_minus_opp","elo_pre","elo_diff","rest_days","rest_diff","off_third_down_att_s2d","off_third_down_conv_s2d","off_third_down_pct_s2d","off_red_zone_att_s2d","off_red_zone_td_s2d","off_red_zone_td_pct_s2d","off_dropbacks_s2d","off_sacks_taken_s2d","off_sack_rate_s2d","off_pass_att_s2d","off_rush_att_s2d","off_neutral_pass_rate_s2d","off_third_down_pct_s2d_minus_opp","off_red_zone_td_pct_s2d_minus_opp","off_sack_rate_s2d_minus_opp","off_neutral_pass_rate_s2d_minus_opp","off_yds_for_3g","off_yds_for_5g","def_yds_against_3g","def_yds_against_5g","net_yds_3g","net_yds_5g","qb_ypa_3g","qb_sack_rate_3g","qb_qbr","off_epa_per_play_s2d","off_epa_per_play_w3","off_epa_per_play_w5","off_epa_per_play_exp","off_success_rate_s2d","off_success_rate_w3","off_success_rate_w5","off_success_rate_exp","def_epa_per_play_allowed_s2d","def_epa_per_play_allowed_w3","def_epa_per_play_allowed_w5","def_epa_per_play_allowed_exp","def_success_rate_allowed_s2d","def_success_rate_allowed_w3","def_success_rate_allowed_w5","def_success_rate_allowed_exp","rb_rush_share_s2d","rb_rush_share_w3","rb_rush_share_w5","rb_rush_share_exp","wr_target_share_s2d","wr_target_share_w3","wr_target_share_w5","wr_target_share_exp","te_target_share_s2d","te_target_share_w3","te_target_share_w5","te_target_share_exp","qb_aypa_s2d","qb_aypa_w3","qb_aypa_w5","qb_aypa_exp","qb_sack_rate_s2d","qb_sack_rate_w3","qb_sack_rate_w5","qb_sack_rate_exp","roof_dome","roof_outdoor","weather_temp_f","weather_wind_mph","weather_precip_pct","weather_impact_score","weather_extreme_flag"]},"decision_tree":{"params":{"depth":6,"minSamples":14},"alpha":2},"bt":{"coefficients":[0.1535651512563821,-0.1341008897211507,-0.03685225917647989,0.004115871004622647,-0.10208090210369293,0.0008504174721068721,-0.002102503812589525,0.000015398339315951622,-0.003680744142312555,-0.00189149378333847],"intercept":0.09890776539944672,"scaler":{"mu":[1.4136462244372994,13.663946457634987,1.278795624122395,0,0.0032025554699188115,0,0,0,0,0],"sd":[74.94253758484281,667.7902528786682,17.514702266703452,1,0.08831216398314966,1,1,1,1,1]},"features":["diff_total_yards","diff_turnovers","diff_penalty_yards","diff_possession_seconds","diff_r_ratio","diff_elo_pre","diff_inj_out","diff_inj_skill_out","diff_inj_practice_dnp","diff_inj_out_trend"],"hyperparams":{"steps":1200,"learningRate":0.001,"l2":0.00001}},"ann":{"seeds":[1],"architecture":[92,128,64,32,1],"committee_size":1,"max_epochs":15,"dropout":0.5},"ensemble":{"weights":{"logistic":0.9,"tree":0,"bt":0,"ann":0.09999999999999998},"calibration":{"type":"platt","beta":0.019633705345064784,"source":"platt"},"calibration_beta":0.019633705345064784,"calibration_hash":"b74524b20c8f1ba4fedb80d4e803905e9160eee4086f436ade19469b840677ca","oof_variance":{"ann":{"mean":0.5472240877231646,"var":0.0275337659473857}}},"pca":[{"component":1,"explained_variance":0.21268079525871497,"top_loadings":[{"feature":"off_total_yds_s2d","loading":0.24469394247591897},{"feature":"off_1st_down_s2d","loading":0.24281198247993843},{"feature":"off_pass_yds_s2d","loading":0.24046987360975433},{"feature":"off_rush_yds_s2d","loading":0.23437769380416282},{"feature":"def_pass_yds_s2d","loading":0.22219241368127593},{"feature":"def_total_yds_s2d","loading":0.22082662703818098},{"feature":"def_1st_down_s2d","loading":0.2200345894585529},{"feature":"off_turnovers_s2d","loading":0.21104191776163195},{"feature":"def_rush_yds_s2d","loading":0.20557252092583184},{"feature":"def_turnovers_s2d","loading":0.2032920949527683}]},{"component":2,"explained_variance":0.1600733331220696,"top_loadings":[{"feature":"off_epa_per_play_w5","loading":0.22605550068973662},{"feature":"off_epa_per_play_s2d",