{"season":2004,"week":13,"generated_at":"2025-11-07T00:13:58.309Z","feature_hash":"42dfc7bebaf7feb7fb84cd1a61b6b1353bc6ef6b","logistic":{"weights":[-0.4713155508307851,-0.2338603828188851,-0.8225287332439424,0.08322356646616877,1.0464553841978965,0.6929065864011529,0.009494582868284336,-0.15738032738045768,0.11498525696896968,-0.3406483121827608,2.707711599332743,-2.6867510922978184,0,0,0,0,1.0135445189080157,-0.8481160173759166,-0.9459927119922856,0.7420313402727786,-3.2167290418461723,0.35675150066012284,0,0,0,0,0,0,0,0,0,0,0,0,0,0,0,0,0,0,0.13950398254618904,0.3386281289302132,0.35637533884127726,0.39200788686882243,-0.21409012982917874,-0.11283252259042854,-1.1559577499652212,0,0,0.8911199082539686,0.9666676764529807,0.731789501476515,0.004007766662128748,0.0915883701265185,0.4577955093890452,-0.20857511004128773,-0.41913922818236915,-1.0149873788017112,-0.314037049536836,-0.6077526821567855,0.40162072765440204,-0.15092668370381573,-0.4308193178254462,0.1727466839854875,0.1989156682321462,-0.5377948256683912,0.12352761307604973,-0.259776743473972,0.05140001073755774,0.04464235961601855,-0.4374701831866301,-0.26223540561837316,0.23428456185743363,-0.003511399683663145,0.15690393390057855,-0.2353204017570738,-0.22511839899247532,0.16127027028402507,0.4694070268490041,-0.0603823616136553,0.4308796077962731,0,0,0,0,-0.08231628379060722,-0.1336547882325511,-0.08231628379060645,0.08231628379060701,0,0,0],"bias":0.9357125448729203,"scaler":{"mu":[102.74431818181819,1250.2272727272727,430.89772727272725,819.3295454545455,5.801136363636363,102.93181818181819,1257.465909090909,426.3863636363636,831.0795454545455,4.113636363636363,1.7727272727272727,1.9261363636363635,1,0,0,0,-9.038479653606657,-17.867494354557497,-0.12609033289718127,0.10778291130078096,1449.9144331486323,-0.14231363339587363,0,0,0,0,0,0,0,0,0,0,0,0,0,0,0,0,0,0,308.92329545454544,307.556818181818,313.23674242424255,312.1565340909091,-4.313446969696969,-4.599715909090907,6.4681027770321755,0,0,0.007920172510532267,0.006478636762658211,0.01071571036873299,0.009577014404605049,0.45307160017951015,0.45261260926123525,0.45448471420655295,0.44994234364054503,0.00853646075446257,0.00871588367918468,0.01016452631164969,0.0102648158419707,0.4518865550939229,0.452478886319101,0.4530428975351757,0.4496838320096734,0.8454206053744323,0.8458730697513602,0.8434507970843764,0.8494480403845602,0,0,0,0,0.005681818181818182,0.005681818181818182,0.005681818181818182,0.0008522727272727274,7.100699320873846,7.098849301224242,7.116802026120823,7.149645071240698,0,0,0,0,0.1875,0.8011363636363636,65.9375,4.0625,0,0,0],"sd":[67.676095816689,804.3224524020305,284.8468104953612,542.5819318438735,4.314378558383736,64.65762899769295,786.0854170691116,280.42222353161185,530.779191840357,3.0411265039822237,1.505499560152654,1.6720288654384834,1,1,1,1,991.5881627428622,949.861437385864,5.9013901043941495,3.7810524016038554,3.3738872446473627,4.701944193608445,1,1,1,1,1,1,1,1,1,1,1,1,1,1,1,1,1,1,112.86142261036291,110.40344333730998,112.84758235974179,109.07262587178211,63.01977865924171,55.325527541178474,2.3929089664762953,1,1,0.09668304249830041,0.11118257092961323,0.1020674074743997,0.1046861739791364,0.04373417139568572,0.04765007286464615,0.04554161170998318,0.04654604850197231,0.07859310483230036,0.09794904489916413,0.08594934066548293,0.08733789252059806,0.0350670487141694,0.04205081218506166,0.03813202343204689,0.040106826290412165,0.07812614850492408,0.08972411415097663,0.0850662966606458,0.07753594382582865,1,1,1,1,0.0751633895188804,0.0751633895188804,0.0751633895188804,0.011274508427832062,1.039734023910734,1.292084211640327,1.137922422363403,1.1488941810646258,1,1,1,1,0.3903123748998999,0.3991451997655333,1.9515618744994994,1.9515618744994994,1,1,1]},"features":["off_1st_down_s2d","off_total_yds_s2d","off_rush_yds_s2d","off_pass_yds_s2d","off_turnovers_s2d","def_1st_down_s2d","def_total_yds_s2d","def_rush_yds_s2d","def_pass_yds_s2d","def_turnovers_s2d","wins_s2d","losses_s2d","home","sim_winrate_same_loc_s2d","sim_pointdiff_same_loc_s2d","sim_count_same_loc_s2d","off_total_yds_s2d_minus_opp","def_total_yds_s2d_minus_opp","off_turnovers_s2d_minus_opp","def_turnovers_s2d_minus_opp","elo_pre","elo_diff","rest_days","rest_diff","off_third_down_att_s2d","off_third_down_conv_s2d","off_third_down_pct_s2d","off_red_zone_att_s2d","off_red_zone_td_s2d","off_red_zone_td_pct_s2d","off_dropbacks_s2d","off_sacks_taken_s2d","off_sack_rate_s2d","off_pass_att_s2d","off_rush_att_s2d","off_neutral_pass_rate_s2d","off_third_down_pct_s2d_minus_opp","off_red_zone_td_pct_s2d_minus_opp","off_sack_rate_s2d_minus_opp","off_neutral_pass_rate_s2d_minus_opp","off_yds_for_3g","off_yds_for_5g","def_yds_against_3g","def_yds_against_5g","net_yds_3g","net_yds_5g","qb_ypa_3g","qb_sack_rate_3g","qb_qbr","off_epa_per_play_s2d","off_epa_per_play_w3","off_epa_per_play_w5","off_epa_per_play_exp","off_success_rate_s2d","off_success_rate_w3","off_success_rate_w5","off_success_rate_exp","def_epa_per_play_allowed_s2d","def_epa_per_play_allowed_w3","def_epa_per_play_allowed_w5","def_epa_per_play_allowed_exp","def_success_rate_allowed_s2d","def_success_rate_allowed_w3","def_success_rate_allowed_w5","def_success_rate_allowed_exp","rb_rush_share_s2d","rb_rush_share_w3","rb_rush_share_w5","rb_rush_share_exp","wr_target_share_s2d","wr_target_share_w3","wr_target_share_w5","wr_target_share_exp","te_target_share_s2d","te_target_share_w3","te_target_share_w5","te_target_share_exp","qb_aypa_s2d","qb_aypa_w3","qb_aypa_w5","qb_aypa_exp","qb_sack_rate_s2d","qb_sack_rate_w3","qb_sack_rate_w5","qb_sack_rate_exp","roof_dome","roof_outdoor","weather_temp_f","weather_wind_mph","weather_precip_pct","weather_impact_score","weather_extreme_flag"]},"decision_tree":{"params":{"depth":6,"minSamples":9},"alpha":2},"bt":{"coefficients":[0.12776383683219214,-0.13376837358036728,-0.13307307006863495,-0.00211578406588334,-0.06738403887725644,-0.003762108164400165,0.00022843526763855287,0.001501811741558411,0.003174240639438047,0.0028171253560898284],"intercept":0.09318367012492762,"scaler":{"mu":[-0.13966964676619978,13.121633975061325,1.251517234485501,0,-0.0009610668974939494,0,0,0,0,0],"sd":[61.80458128760029,501.9558212658808,15.103396831082538,1,0.08658746117817197,1,1,1,1,1]},"features":["diff_total_yards","diff_turnovers","diff_penalty_yards","diff_possession_seconds","diff_r_ratio","diff_elo_pre","diff_inj_out","diff_inj_skill_out","diff_inj_practice_dnp","diff_inj_out_trend"],"hyperparams":{"steps":1200,"learningRate":0.001,"l2":0.00001}},"ann":{"seeds":[1],"architecture":[92,128,64,32,1],"committee_size":1,"max_epochs":15,"dropout":0.5},"ensemble":{"weights":{"logistic":0.9,"tree":0,"bt":0,"ann":0.09999999999999998},"calibration":{"type":"platt","beta":-0.009264410227412147,"source":"platt"},"calibration_beta":-0.009264410227412147,"calibration_hash":"723de8d1ef7b6d5799ee53685287fb9f0fb5572af1f2b91978344069af191ba4","oof_variance":{"ann":{"mean":0.5775577422298341,"var":0.03711491166496314}}},"pca":[{"component":1,"explained_variance":0.2674742277481621,"top_loadings":[{"feature":"off_epa_per_play_s2d","loading":0.20851197667175522},{"feature":"off_epa_per_play_w5","loading":0.20626112195353732},{"feature":"off_epa_per_play_exp","loading":0.20103799328461835},{"feature":"off_epa_per_play_w3","loading":0.19573749250332373},{"feature":"off_success_rate_w5","loading":0.19405445847628017},{"feature":"off_success_rate_s2d","loading":0.19051343561659728},{"feature":"off_success_rate_w3","loading":0.18755177837275955},{"feature":"def_success_rate_allowed_w5","loading":0.18613047177371606},{"feature":"off_success_rate_exp","loading":0.18536146264587472},{"feature":"def_success_rate_allowed_s2d","loading":0.18287323331596952}]},{"component":2,"explained_variance":0.19491660500629185,"top_loadings":[{"feature":"off_turnovers_s2d","loading":-0.24748882156854826},{"feature":"def_rush_yds_s2d","loading":-0.24631075629246119},{"feature":"def_total_yds_s2d",