{"season":1999,"week":5,"generated_at":"2025-11-07T00:04:32.317Z","feature_hash":"806b4bde884543847756b5ecde465abb892f915a","logistic":{"weights":[0.16466872819011827,0.2748924896445522,0.11931178657734753,0.3038359784678042,-0.30743621674743615,-0.08234101325827496,-0.016815776249204554,0.049519926541297984,-0.04453994310040019,0.024912770712639174,1.433665901505764,-1.3827518240843475,0,0,0,0,0.5693940203675734,-0.3448249435739683,-0.6053314953779998,0.4599589743535069,-0.6065365390386342,-0.259643471260472,0,0,0,0,0,0,0,0,0,0,0,0,0,0,0,0,0,0,-0.042049050770357095,-0.042049050770357095,0.05164476264265568,0.05164476264265568,-0.2428290153337313,-0.2428290153337313,-0.4583087400326727,0,0,0,0,0,0,0,0,0,0,0,0,0,0,0,0,0,0,-0.015317548810292597,-0.007772889716737941,-0.015317548810292597,-0.12032183471727728,-0.05877062717507088,-0.05820208627343576,-0.05877062717507088,-0.13729942562118216,-0.06922601579933164,-0.061739786870789445,-0.06922601579933164,-0.11375998312292235,-0.11578763098453143,-0.12488799408319406,-0.11578763098453143,-0.41214088372235735,0,0,0,0,0.052597697550606656,-0.052597697550606684,0.052597697550606864,-0.052597697550606656,0,0,0],"bias":0.186060087986984,"scaler":{"mu":[62.08620689655172,738.1724137931035,233.98275862068965,504.1896551724138,4.189655172413793,62.275862068965516,744.8103448275862,240.0344827586207,504.7758620689655,2.7758620689655173,1.1206896551724137,1.1724137931034482,1,0,0,0,-30.877224894321245,-21.11939160518465,-0.17866594737590125,-0.21407728197817733,1449.914181898446,0.00038906800007068874,0,0,0,0,0,0,0,0,0,0,0,0,0,0,0,0,0,0,232.48275862068968,232.48275862068968,237.1925287356322,237.1925287356322,-4.709770114942529,-4.709770114942529,2.20746022797456,0,0,0,0,0,0,0,0,0,0,0,0,0,0,0,0,0,0,0.786414268539986,0.7879913697378897,0.786414268539986,0.7501856756516547,0.5993913485045304,0.5995017214192507,0.5993913485045304,0.5796117137574501,0.15297401567931163,0.1543726662839344,0.15297401567931163,0.13945683063995298,3.5168444070778047,3.397501287331914,3.5168444070778047,3.485934368519418,0,0,0,0,0.1896551724137931,0.8103448275862069,65.94827586206897,4.051724137931035,0,0,0],"sd":[34.05436043919649,385.51622971923274,135.33247582557436,273.50423667503117,2.706676907407668,35.243876016559675,418.6535666377414,147.74394970017664,294.4597064586344,2.141890105106782,0.9299163144939173,1.0527129325843965,1,1,1,1,357.1810525912428,367.77468754258075,3.6968111543258306,2.5972839550652522,1.569200912930059,2.072736945332539,1,1,1,1,1,1,1,1,1,1,1,1,1,1,1,1,1,1,164.16892958839213,164.16892958839213,166.0028441157712,166.0028441157712,69.40789232912691,69.40789232912691,2.6540098400342065,1,1,1,1,1,1,1,1,1,1,1,1,1,1,1,1,1,1,0.15378552761429393,0.15377883213927426,0.15378552761429393,0.21142313268153923,0.12205570485853473,0.12222535762620663,0.12205570485853473,0.16174272693843345,0.0823306056376163,0.08038694678580535,0.0823306056376163,0.09126840719430263,2.691426677490387,2.7017325244773915,2.691426677490387,2.9187499633152907,1,1,1,1,0.39202817244489885,0.3920281724448989,1.9601408622244951,1.9601408622244962,1,1,1]},"features":["off_1st_down_s2d","off_total_yds_s2d","off_rush_yds_s2d","off_pass_yds_s2d","off_turnovers_s2d","def_1st_down_s2d","def_total_yds_s2d","def_rush_yds_s2d","def_pass_yds_s2d","def_turnovers_s2d","wins_s2d","losses_s2d","home","sim_winrate_same_loc_s2d","sim_pointdiff_same_loc_s2d","sim_count_same_loc_s2d","off_total_yds_s2d_minus_opp","def_total_yds_s2d_minus_opp","off_turnovers_s2d_minus_opp","def_turnovers_s2d_minus_opp","elo_pre","elo_diff","rest_days","rest_diff","off_third_down_att_s2d","off_third_down_conv_s2d","off_third_down_pct_s2d","off_red_zone_att_s2d","off_red_zone_td_s2d","off_red_zone_td_pct_s2d","off_dropbacks_s2d","off_sacks_taken_s2d","off_sack_rate_s2d","off_pass_att_s2d","off_rush_att_s2d","off_neutral_pass_rate_s2d","off_third_down_pct_s2d_minus_opp","off_red_zone_td_pct_s2d_minus_opp","off_sack_rate_s2d_minus_opp","off_neutral_pass_rate_s2d_minus_opp","off_yds_for_3g","off_yds_for_5g","def_yds_against_3g","def_yds_against_5g","net_yds_3g","net_yds_5g","qb_ypa_3g","qb_sack_rate_3g","qb_qbr","off_epa_per_play_s2d","off_epa_per_play_w3","off_epa_per_play_w5","off_epa_per_play_exp","off_success_rate_s2d","off_success_rate_w3","off_success_rate_w5","off_success_rate_exp","def_epa_per_play_allowed_s2d","def_epa_per_play_allowed_w3","def_epa_per_play_allowed_w5","def_epa_per_play_allowed_exp","def_success_rate_allowed_s2d","def_success_rate_allowed_w3","def_success_rate_allowed_w5","def_success_rate_allowed_exp","rb_rush_share_s2d","rb_rush_share_w3","rb_rush_share_w5","rb_rush_share_exp","wr_target_share_s2d","wr_target_share_w3","wr_target_share_w5","wr_target_share_exp","te_target_share_s2d","te_target_share_w3","te_target_share_w5","te_target_share_exp","qb_aypa_s2d","qb_aypa_w3","qb_aypa_w5","qb_aypa_exp","qb_sack_rate_s2d","qb_sack_rate_w3","qb_sack_rate_w5","qb_sack_rate_exp","roof_dome","roof_outdoor","weather_temp_f","weather_wind_mph","weather_precip_pct","weather_impact_score","weather_extreme_flag"]},"decision_tree":{"params":{"depth":6,"minSamples":8},"alpha":6},"bt":{"coefficients":[0.09059384744290283,-0.07778030845337139,0.008275808648559228,-0.0025477952459690054,0.007335668706963944,-0.0022714180216259878,-0.001664455289479917,-0.0019426978504394547,-0.0012983186931574148,0.0006787451206725449],"intercept":0.053641150590553965,"scaler":{"mu":[-1.418965517241378,-7.5137931034482754,0.5258620689655168,0,-0.019006847331692323,0,0,0,0,0],"sd":[43.33713250899578,339.801940511333,10.994552888696944,1,0.17803375418339293,1,1,1,1,1]},"features":["diff_total_yards","diff_turnovers","diff_penalty_yards","diff_possession_seconds","diff_r_ratio","diff_elo_pre","diff_inj_out","diff_inj_skill_out","diff_inj_practice_dnp","diff_inj_out_trend"],"hyperparams":{"steps":1200,"learningRate":0.001,"l2":0.00001}},"ann":{"seeds":[1],"architecture":[92,128,64,32,1],"committee_size":1,"max_epochs":15,"dropout":0.5},"ensemble":{"weights":{"logistic":0.9,"tree":0,"bt":0,"ann":0.09999999999999998},"calibration":{"type":"platt","beta":0.1553480215612085,"source":"platt"},"calibration_beta":0.1553480215612085,"calibration_hash":"efbf020ec38eb2257e476e323369afcd575c85ac640114af228547200cb17a28","oof_variance":{"ann":{"mean":0.5536892862674053,"var":0.010348706456413547}}},"pca":[{"component":1,"explained_variance":0.2673166882714873,"top_loadings":[{"feature":"off_total_yds_s2d","loading":-0.26512655921585104},{"feature":"def_total_yds_s2d","loading":-0.2621533376072564},{"feature":"off_1st_down_s2d","loading":-0.2608071344278784},{"feature":"off_pass_yds_s2d","loading":-0.2602922866958715},{"feature":"def_pass_yds_s2d","loading":-0.25691565413018275},{"feature":"def_1st_down_s2d","loading":-0.2550254482137321},{"feature":"def_yds_against_3g","loading":-0.2342988574907582},{"feature":"def_yds_against_5g","loading":-0.2342988574907582},{"feature":"def_rush_yds_s2d","loading":-0.23080553731415088},{"feature":"off_rush_yds_s2d","loading":-0.22920993747395157}]},{"component":2,"explained_variance":0.13870730640340986,"top_loadings":[{"feature":"qb_aypa_s2d","loading":-0.2696915148739217},{"feature":"qb_aypa_w5","loading":-0.2696915148739217},{"feature":"qb_aypa_w3","loading":-0.2689195802871202},{"feature":"qb_aypa_exp","loading":-0.26168910839682513},{"feature":"te_target_share_w3","loading":-0.2421079561668397},{"feature":"te_target_share_s2d","loading":-0.2381841946358895},{"feature":"te_target_share_w5","loading":-0.2381841946358895},{"feature":"elo_pre","loading":-0.22914624674360512},{"feature":"rb_rush_share_s2d","loading":-0.22546156122099417},{"feature":"rb_rush_share_w5","loading":-0.22546156122099417}]},{"component":3,"explained_variance":0.11414601869229958,"top_loadings":[{"feature":"te_target_share_exp","loading":-0.28064460701173627},{"feature":"te_target_share_s2d","loading":-0.27837192211825273},{"feature":"te_target_share_w5",