{"season":2006,"week":6,"generated_at":"2025-11-07T00:17:25.943Z","feature_hash":"05f11de34ced739198cd6b24fbd3c92af055920b","logistic":{"weights":[-0.531120407196592,-0.3482370993136838,-0.4559321625655087,-0.2563477447120212,1.0628903607778424,0.7693991165742686,0.04296174366964554,0.3475004695989556,-0.14750163898911664,-0.7768381357668098,3.119817886698059,-3.034287788454874,0,0,0,0,0.9211753231413529,-0.6639551981707,-0.9623721149903446,0.6457565837036403,-3.47700330750001,0.16482728517060488,0,0,0,0,0,0,0,0,0,0,0,0,0,0,0,0,0,0,0.22068241001658478,0.4609651678336624,0.5703686726655597,0.45182036712688994,-0.37721041633638125,0.0625494422467052,-1.6066056199576924,0,0,0.8311241520223851,0.7147962432449576,0.7558007693810926,-0.24614232592301205,-0.0677878466575592,0.12804516903034588,-0.020683517678538644,-0.3005220607972618,-1.277626036320678,-0.2878767322072965,-0.011783771900422168,0.12221245194748072,-0.666236179589971,-0.4413336618329645,0.5214040223630287,-0.12190417942165808,-0.15362655547927864,-0.09469510298765739,0.12663623873298924,0.16828542750970985,0.06224823545895497,-0.4219009014585558,-0.23826177016777295,0.24670574611248042,0.24917607749137682,0.185977067247437,-0.27024324986509773,0.033627666047259176,0.06278460943221999,0.37002590362201054,-0.10835128900109414,-0.11362103974969275,0,0,0,0,-0.08666890636304374,-0.09474155629733161,-0.08666890636304271,0.08666890636304368,0,0,0],"bias":0.755935697990786,"scaler":{"mu":[77.1891891891892,913,296.0135135135135,616.9864864864865,3.72972972972973,74.79729729729729,889.3648648648649,286.4594594594595,602.9054054054054,2.9054054054054053,1.5405405405405406,1.1486486486486487,1,0,0,0,64.17887338932397,12.844017762906603,-0.490840505125327,0.3503513079246191,1450.2527706792555,0.4718791179665109,0,0,0,0,0,0,0,0,0,0,0,0,0,0,0,0,0,0,261.8445945945946,261.1790540540541,259.27927927927936,258.579954954955,2.5653153153153134,2.599099099099098,6.754737429924212,0,0,-0.040806221109434326,-0.041046628966623255,-0.040806221109434326,-0.04849878571074673,0.43331266244445427,0.43527512328402956,0.43331266244445427,0.43189896093365177,-0.04299393987243277,-0.03972460832518382,-0.04299393987243277,-0.05005597381174078,0.43142824970897253,0.4330882082111767,0.43142824970897253,0.43110873313847037,0.8664231770943011,0.8627361321283414,0.8664231770943011,0.8717510002885797,0.020233943621040397,0.016104814491911267,0.020233943621040397,0.00303509154315606,0.015511479221156642,0.01063159934127676,0.015511479221156642,0.0023267218831734965,8.558968589007524,8.528648514235329,8.558968589007524,8.548839923717582,0,0,0,0,0.1891891891891892,0.7297297297297297,65.94594594594595,4.054054054054054,0,0,0],"sd":[43.39718376579344,510.8496102810731,182.21923929359465,365.711542407151,2.6472693595645147,42.62722760438378,515.0331286726972,185.89819861514655,352.8919966818927,2.422690702721225,1.3273545035468837,1.086557077174335,1,1,1,1,441.0424286893579,510.813048189467,4.0638665882382945,2.7113044220022093,1.8996581280823317,2.521267013239816,1,1,1,1,1,1,1,1,1,1,1,1,1,1,1,1,1,1,145.36399980996518,144.73222120976519,146.92047579315948,146.39663053082455,71.15845796049119,71.11830550263943,3.915490321963645,1,1,0.11010722104864315,0.11133614653275838,0.11010722104864315,0.12052248733805011,0.03916042837431059,0.04080213661861932,0.03916042837431059,0.04171663501227847,0.11266699338548745,0.11185204664952429,0.11266699338548745,0.12086076032312101,0.043624394206510264,0.043758353360170955,0.043624394206510264,0.044636349768015164,0.0746097852591226,0.07930816021121526,0.0746097852591226,0.08188701901760347,0.0890600217293856,0.08258363366955654,0.0890600217293856,0.013359003259407838,0.07142953355471911,0.05888611467406817,0.07142953355471911,0.010714430033207864,1.6443930747170596,1.7019779012537986,1.6443930747170596,1.7570198718901515,1,1,1,1,0.3916588309780928,0.4440993709501348,1.9582941548904653,1.958294154890464,1,1,1]},"features":["off_1st_down_s2d","off_total_yds_s2d","off_rush_yds_s2d","off_pass_yds_s2d","off_turnovers_s2d","def_1st_down_s2d","def_total_yds_s2d","def_rush_yds_s2d","def_pass_yds_s2d","def_turnovers_s2d","wins_s2d","losses_s2d","home","sim_winrate_same_loc_s2d","sim_pointdiff_same_loc_s2d","sim_count_same_loc_s2d","off_total_yds_s2d_minus_opp","def_total_yds_s2d_minus_opp","off_turnovers_s2d_minus_opp","def_turnovers_s2d_minus_opp","elo_pre","elo_diff","rest_days","rest_diff","off_third_down_att_s2d","off_third_down_conv_s2d","off_third_down_pct_s2d","off_red_zone_att_s2d","off_red_zone_td_s2d","off_red_zone_td_pct_s2d","off_dropbacks_s2d","off_sacks_taken_s2d","off_sack_rate_s2d","off_pass_att_s2d","off_rush_att_s2d","off_neutral_pass_rate_s2d","off_third_down_pct_s2d_minus_opp","off_red_zone_td_pct_s2d_minus_opp","off_sack_rate_s2d_minus_opp","off_neutral_pass_rate_s2d_minus_opp","off_yds_for_3g","off_yds_for_5g","def_yds_against_3g","def_yds_against_5g","net_yds_3g","net_yds_5g","qb_ypa_3g","qb_sack_rate_3g","qb_qbr","off_epa_per_play_s2d","off_epa_per_play_w3","off_epa_per_play_w5","off_epa_per_play_exp","off_success_rate_s2d","off_success_rate_w3","off_success_rate_w5","off_success_rate_exp","def_epa_per_play_allowed_s2d","def_epa_per_play_allowed_w3","def_epa_per_play_allowed_w5","def_epa_per_play_allowed_exp","def_success_rate_allowed_s2d","def_success_rate_allowed_w3","def_success_rate_allowed_w5","def_success_rate_allowed_exp","rb_rush_share_s2d","rb_rush_share_w3","rb_rush_share_w5","rb_rush_share_exp","wr_target_share_s2d","wr_target_share_w3","wr_target_share_w5","wr_target_share_exp","te_target_share_s2d","te_target_share_w3","te_target_share_w5","te_target_share_exp","qb_aypa_s2d","qb_aypa_w3","qb_aypa_w5","qb_aypa_exp","qb_sack_rate_s2d","qb_sack_rate_w3","qb_sack_rate_w5","qb_sack_rate_exp","roof_dome","roof_outdoor","weather_temp_f","weather_wind_mph","weather_precip_pct","weather_impact_score","weather_extreme_flag"]},"decision_tree":{"params":{"depth":6,"minSamples":8},"alpha":6},"bt":{"coefficients":[0.1990128116892172,-0.1294071047040942,-0.035209918666582005,-0.003417584662987925,-0.08058795077287277,0.001787792738803413,0.0035336103777648784,-0.0027883775493948884,-0.004072601849130692,-0.0009162729936534658],"intercept":0.0842557565031878,"scaler":{"mu":[3.879371902862613,-63.113247636181065,-0.671894192954564,0,0.0026325683954547922,0,0,0,0,0],"sd":[47.23836233666017,564.8049113521802,13.652360691198579,1,0.10483830088760171,1,1,1,1,1]},"features":["diff_total_yards","diff_turnovers","diff_penalty_yards","diff_possession_seconds","diff_r_ratio","diff_elo_pre","diff_inj_out","diff_inj_skill_out","diff_inj_practice_dnp","diff_inj_out_trend"],"hyperparams":{"steps":1200,"learningRate":0.001,"l2":0.00001}},"ann":{"seeds":[1],"architecture":[92,128,64,32,1],"committee_size":1,"max_epochs":15,"dropout":0.5},"ensemble":{"weights":{"logistic":0.9,"tree":0,"bt":0,"ann":0.09999999999999998},"calibration":{"type":"platt","beta":0.4384103826204719,"source":"platt"},"calibration_beta":0.4384103826204719,"calibration_hash":"6d4f1cc2489ec243cefc9d091295c181dc28861dd497788493fb66d66aca2655","oof_variance":{"ann":{"mean":0.4896243741291035,"var":0.02370726818609313}}},"pca":[{"component":1,"explained_variance":0.23756509857504948,"top_loadings":[{"feature":"off_1st_down_s2d","loading":-0.23675318048040006},{"feature":"off_total_yds_s2d","loading":-0.23542253634463883},{"feature":"off_pass_yds_s2d","loading":-0.23245910512897394},{"feature":"def_1st_down_s2d","loading":-0.21382500121998257},{"feature":"def_total_yds_s2d","loading":-0.2098121460171745},{"feature":"off_yds_for_3g","loading":-0.20942975849549264},{"feature":"off_yds_for_5g","loading":-0.20844701293340123},{"feature":"def_pass_yds_s2d","loading":-0.20837233320168747},{"feature":"off_rush_yds_s2d","loading":-0.19346218981266833},{"feature":"wins_s2d","loading":-0.19226546442549466}]},{"component":2,"explained_variance":0.16334824660568323,"top_loadings":[{"feature":"def_epa_per_play_allowed_w3",