{"season":2012,"week":21,"generated_at":"2025-11-07T00:29:40.758Z","feature_hash":"bdc8bc30dd43cc95fc5cd1c563c02d53c81db871","logistic":{"weights":[-0.5224575076278337,-0.7754076168157821,-0.8205868157857553,-0.6457933447371266,1.35479311958964,0.9366304633202351,0.09928574137314301,0.28831233781649823,-0.05523154975811944,-0.899806497464897,3.04561328845291,-2.764853908408388,0,0,0,0,0.7903700123117374,-0.7976439446843765,-1.0968383457142103,0.47228036888385905,-3.6230685869728396,0.3992485429893439,0,0,0,0,0,0,0,0,0,0,0,0,0,0,0,0,0,0,-0.08271298969126092,-0.1804442824865327,0.1296914227617707,0.19276857816376464,-0.10829208438586205,-0.4427441965224079,0.036473422601238085,0,0,1.503619642939581,1.012934226447686,-0.28215937974814104,-0.572347072753669,0.5752592567446225,-0.034287314261076736,-0.5394797051733774,0.15114400462560315,-1.690449546802977,-0.7144465768548282,0.03859386130082585,0.483911442979854,-0.3048065432648282,0.41461317491228833,0.2764457112893333,0.1735063456432174,-0.3940927119628208,0.01604679650313834,-0.6492821340912335,0.7132472749498582,-0.36598928007306697,0.380244452511066,0.0071201681463808906,-0.1451823905981808,0.4362177188138483,0.07048719850893576,-0.16980303562143106,-0.13509112699473827,0.37134767660385276,-0.4518476144833593,0.29008768125739104,-0.21531739847507514,0,0,0,0,0.03052440021693096,-0.2133045860465117,0.030524400216932746,-0.03052440021693058,0,0,0],"bias":0.7330256294969765,"scaler":{"mu":[155.0641509433962,1841.377358490566,581.1698113207547,1260.2075471698113,7.1358490566037736,152.1622641509434,1808.656603773585,572.2679245283019,1236.3886792452831,5.6716981132075475,2.6754716981132076,2.3433962264150945,1,0,0,0,32.271698045630316,28.705674085044294,0.2052650600656967,0.07106982323784723,1450.2917604148083,-0.0664271504652016,0,0,0,0,0,0,0,0,0,0,0,0,0,0,0,0,0,0,341.5308176100628,341.52855345911956,340.28113207547165,341.8391194968553,1.2496855345911928,-0.31056603773584995,8.097547105734211,0,0,0.0225039256720489,0.012581819836751563,0.017058521561481143,0.01751071090740378,0.443843936463428,0.44195444027597786,0.44336105473987414,0.4430935304486171,0.018310834390395332,0.008359300195342315,0.01361794814573718,0.013306076353738499,0.4432935188672401,0.4413809040865361,0.443003989828683,0.44220895232783997,0.8450682910110688,0.8449321687186732,0.8438920583853128,0.8398424741143607,0.6002430386648453,0.6054497153608087,0.6036896613857965,0.6060728310584761,0.22129984988862667,0.21793590420885559,0.21927600853032006,0.21860314524175564,8.484570220997899,8.587001131291876,8.586398907082412,8.544474645629265,0,0,0,0,0.15849056603773584,0.7320754716981132,65.79245283018868,4.2075471698113205,0,0,0],"sd":[94.31676674075533,1101.553568896102,358.1272639744861,788.7755248626096,5.151702204112507,88.4691615099287,1063.8965756070772,355.0298630934379,731.7948495026683,4.093454386520599,2.013249102151099,1.969341373855282,1,1,1,1,1175.0481802940226,1157.6395116294582,6.574877907212851,4.958232501393875,4.627786460378239,5.944568318298634,1,1,1,1,1,1,1,1,1,1,1,1,1,1,1,1,1,1,101.18557164840104,98.42621487082856,102.24755947007407,98.01221690451196,75.88370519246925,63.25285235233946,2.4505108758463043,1,1,0.0704921740790723,0.09830108522834125,0.08352888307118965,0.08723094410259587,0.0337898991419525,0.040547007027324576,0.03563746438903396,0.039152499996746706,0.0701306394810818,0.08758511107532611,0.07784618285925778,0.0826373667901904,0.02816468896729848,0.03640645626916891,0.03223022202051815,0.033461058947000855,0.08022073842797962,0.0980706219182683,0.09370713641546824,0.08527444487967778,0.07408490745161754,0.0823585707911417,0.07741354382969043,0.08014055031722601,0.05464308671856491,0.06097400332136836,0.056229438113715925,0.058578870655770936,0.9815159070039355,1.2756946716492081,1.131606204968418,1.028643243819189,1,1,1,1,0.36520036488861046,0.4428780593302162,1.8260018244430523,1.8260018244430523,1,1,1]},"features":["off_1st_down_s2d","off_total_yds_s2d","off_rush_yds_s2d","off_pass_yds_s2d","off_turnovers_s2d","def_1st_down_s2d","def_total_yds_s2d","def_rush_yds_s2d","def_pass_yds_s2d","def_turnovers_s2d","wins_s2d","losses_s2d","home","sim_winrate_same_loc_s2d","sim_pointdiff_same_loc_s2d","sim_count_same_loc_s2d","off_total_yds_s2d_minus_opp","def_total_yds_s2d_minus_opp","off_turnovers_s2d_minus_opp","def_turnovers_s2d_minus_opp","elo_pre","elo_diff","rest_days","rest_diff","off_third_down_att_s2d","off_third_down_conv_s2d","off_third_down_pct_s2d","off_red_zone_att_s2d","off_red_zone_td_s2d","off_red_zone_td_pct_s2d","off_dropbacks_s2d","off_sacks_taken_s2d","off_sack_rate_s2d","off_pass_att_s2d","off_rush_att_s2d","off_neutral_pass_rate_s2d","off_third_down_pct_s2d_minus_opp","off_red_zone_td_pct_s2d_minus_opp","off_sack_rate_s2d_minus_opp","off_neutral_pass_rate_s2d_minus_opp","off_yds_for_3g","off_yds_for_5g","def_yds_against_3g","def_yds_against_5g","net_yds_3g","net_yds_5g","qb_ypa_3g","qb_sack_rate_3g","qb_qbr","off_epa_per_play_s2d","off_epa_per_play_w3","off_epa_per_play_w5","off_epa_per_play_exp","off_success_rate_s2d","off_success_rate_w3","off_success_rate_w5","off_success_rate_exp","def_epa_per_play_allowed_s2d","def_epa_per_play_allowed_w3","def_epa_per_play_allowed_w5","def_epa_per_play_allowed_exp","def_success_rate_allowed_s2d","def_success_rate_allowed_w3","def_success_rate_allowed_w5","def_success_rate_allowed_exp","rb_rush_share_s2d","rb_rush_share_w3","rb_rush_share_w5","rb_rush_share_exp","wr_target_share_s2d","wr_target_share_w3","wr_target_share_w5","wr_target_share_exp","te_target_share_s2d","te_target_share_w3","te_target_share_w5","te_target_share_exp","qb_aypa_s2d","qb_aypa_w3","qb_aypa_w5","qb_aypa_exp","qb_sack_rate_s2d","qb_sack_rate_w3","qb_sack_rate_w5","qb_sack_rate_exp","roof_dome","roof_outdoor","weather_temp_f","weather_wind_mph","weather_precip_pct","weather_impact_score","weather_extreme_flag"]},"decision_tree":{"params":{"depth":6,"minSamples":14},"alpha":2},"bt":{"coefficients":[0.11948647585597258,-0.2521687096997834,0.17499549288329616,-0.000030266389306139742,0.005355000200710245,0.00016137739459545235,0.0036553100035379145,0.004300604869392044,-0.0018919675095567488,-0.0016214645671324033],"intercept":0.16585638935437585,"scaler":{"mu":[0.4714842803670977,-13.910386802950478,0.00730021194154604,0,0.0007105076869355205,0,0,0,0,0],"sd":[55.011923707277596,482.9217965237509,14.143199127766858,1,0.09199866130083659,1,1,1,1,1]},"features":["diff_total_yards","diff_turnovers","diff_penalty_yards","diff_possession_seconds","diff_r_ratio","diff_elo_pre","diff_inj_out","diff_inj_skill_out","diff_inj_practice_dnp","diff_inj_out_trend"],"hyperparams":{"steps":1200,"learningRate":0.001,"l2":0.00001}},"ann":{"seeds":[1],"architecture":[92,128,64,32,1],"committee_size":1,"max_epochs":15,"dropout":0.5},"ensemble":{"weights":{"logistic":0.9,"tree":0,"bt":0,"ann":0.09999999999999998},"calibration":{"type":"platt","beta":0.06345023102346184,"source":"platt"},"calibration_beta":0.06345023102346184,"calibration_hash":"bb69d58b8b1930544b1c49743469653145023ecd20ecfaec25407ad8bd3373b9","oof_variance":{"ann":{"mean":0.5106704878677767,"var":0.0224725811812554}}},"pca":[{"component":1,"explained_variance":0.1941034203350796,"top_loadings":[{"feature":"def_total_yds_s2d","loading":0.27797899973363016},{"feature":"def_1st_down_s2d","loading":0.2756384605017191},{"feature":"def_pass_yds_s2d","loading":0.27348053740996775},{"feature":"def_rush_yds_s2d","loading":0.2692991974207285},{"feature":"off_total_yds_s2d","loading":0.2689354226656956},{"feature":"off_pass_yds_s2d","loading":0.2663161817186682},{"feature":"off_1st_down_s2d","loading":0.26308451915585085},{"feature":"off_turnovers_s2d","loading":0.24240318086297077},{"feature":"off_rush_yds_s2d","loading":0.24064933696745908},{"feature":"losses_s2d","loading":0.22163050072995663}]},{"component":2,"explained_variance":0.16701145643002188,"top_loadings":[{"feature":"off_success_rate_s2d",